name __tbegin__ ___tend___ _____mean____ ______se_____ _np_
ABMF 2014-01-02 2017-11-01   -0.37610942    0.03544555  781
ABMF 2017-11-03 2024-10-02    0.12463452    0.02055978 2387
ABMF 2024-10-03 2025-08-14    0.17046605    0.05841819  293
ABMF 2025-08-15 2025-12-30    0.61579972    0.09216492  134
ABPO 2014-01-02 2018-09-21   -0.29898563    0.03189567  678
ABPO 2018-09-22 2020-04-06    0.10502913    0.04172428  542
ABPO 2020-04-07 2021-04-06   -0.22753310    0.04956226  326
ABPO 2021-04-07 2021-11-16   -0.40429828    0.06068877  154
ABPO 2021-11-17 2023-12-27   -0.36173530    0.03946117  608
ABPO 2023-12-28 2025-05-04    0.41150567    0.06036244  231
ADE1 1999-03-18 2000-05-01    0.24346491    0.03442835  344
ADE1 2000-05-02 2004-12-03    0.67584292    0.01584653 1564
ADE1 2004-12-04 2006-01-02    0.31020463    0.03281405  382
ADE1 2006-01-03 2010-09-14    0.51688401    0.01609154 1540
ADIS 2008-03-14 2010-01-11    0.13073377    0.04264756  356
ADIS 2010-01-23 2012-04-14    0.24460917    0.03212236  617
ADIS 2012-04-15 2013-01-25    0.54909905    0.05026399  255
ADIS 2013-01-26 2015-09-23    0.36754668    0.02974740  752
ADIS 2015-09-25 2016-10-12    0.17649334    0.05421684  232
ADIS 2016-10-13 2019-10-29    0.52587782    0.02966114  737
ADIS 2019-10-30 2025-12-30    0.21150848    0.02118256 1440
AIRA 2003-02-20 2005-06-23   -0.00691534    0.02570700  835
AIRA 2005-06-24 2005-11-23    0.00323552    0.08694337  125
AIRA 2005-11-24 2008-09-11   -0.12810388    0.02325732  988
AIRA 2008-09-12 2010-02-06   -0.36368900    0.03218793  464
AIRA 2010-02-07 2011-04-26   -0.68711162    0.03655260  407
AIRA 2011-04-27 2011-10-26   -1.67186544    0.08002892  167
AIRA 2011-10-27 2012-07-05   -0.57330689    0.04328654  232
AIRA 2012-07-06 2013-12-30   -1.29634979    0.03420280  493
AIRA 2023-01-08 2025-12-30   -0.26497309    0.02433860  950
ALBH 1994-01-06 1995-06-28    0.38926181    0.03293331  352
ALBH 1995-06-29 1997-01-30    0.19271318    0.02594353  526
ALBH 1997-01-31 1997-11-07    0.03550362    0.03893757  258
ALBH 1997-11-08 1998-06-22   -0.13467106    0.05024947  121
ALBH 1998-06-23 2000-06-29    0.25925821    0.02272107  657
ALBH 2000-06-30 2002-06-19    0.13545689    0.02256909  670
ALBH 2002-06-20 2004-05-29    0.22402709    0.02381663  557
ALBH 2004-05-30 2010-03-03    0.16575887    0.01324962 1984
ALBH 2010-03-04 2010-10-07   -0.14530653    0.04508203  210
ALBH 2010-10-08 2014-06-01    0.03164387    0.01639981 1200
ALBH 2014-06-02 2016-04-05    0.21680068    0.02326130  641
ALBH 2016-04-06 2025-12-30    0.67065117    0.01011520 3460
ALGO 1994-01-06 1994-08-25    0.56198580    0.04681076  146
ALGO 1994-08-26 1996-01-22    0.09014761    0.02437109  307
ALGO 1996-01-24 1997-01-24    0.02046680    0.02637751  307
ALGO 1997-01-25 1998-01-08    0.12434196    0.03121112  262
ALGO 1998-01-09 1998-11-29   -0.11992186    0.03466984  253
ALGO 1998-11-30 2000-08-31   -0.13320273    0.01798203  585
ALGO 2000-09-01 2002-04-21   -0.30597371    0.01745049  563
ALGO 2002-04-22 2006-11-30   -0.05124541    0.01170343 1529
ALGO 2006-12-01 2008-04-17    0.00235329    0.01869217  463
ALGO 2008-04-18 2025-12-30   -0.04190866    0.00589689 5545
ALIC 1995-02-21 1998-02-28    0.13912690    0.03435913  319
ALIC 1998-03-01 1999-04-01   -1.06538397    0.04984390  194
ALIC 1999-04-02 2000-01-12   -1.41289756    0.03504835  241
ALIC 2000-01-13 2000-06-13   -0.39102789    0.05464756  145
ALIC 2000-06-14 2001-07-17   -0.65106420    0.04192282  242
ALIC 2001-07-18 2002-09-25   -0.71142809    0.02773960  406
ALIC 2002-09-26 2006-04-20   -0.42621061    0.01778880 1176
ALIC 2006-04-21 2010-10-22   -0.22747194    0.01465206 1547
ALIC 2010-10-23 2011-06-07   -1.43678008    0.05079228  204
ALIC 2011-06-08 2018-06-26   -0.34313434    0.01191157 2442
ALIC 2018-06-27 2021-09-12   -0.04341200    0.01765238 1043
ALIC 2021-09-13 2023-07-26   -0.61085605    0.02394349  651
ALIC 2023-07-27 2024-01-10   -0.19168600    0.04756427  160
ALIC 2024-01-11 2025-12-30   -0.77721480    0.02274578  663
ALRT 2002-11-20 2003-05-14    0.43173152    0.01149184  139
ALRT 2003-05-15 2004-12-09    0.51870531    0.00776500  475
ALRT 2004-12-11 2006-04-08    0.58823184    0.00835258  370
ALRT 2006-04-09 2006-11-10    0.47642868    0.01649089  189
ALRT 2006-11-11 2007-09-28    0.32192802    0.01220621  231
ALRT 2007-09-29 2009-03-30    0.69724437    0.00940609  307
ALRT 2009-03-31 2010-11-18    0.52348198    0.00743986  547
ALRT 2010-11-19 2014-11-19    0.43442757    0.00520682 1105
ALRT 2014-11-20 2015-03-31    0.28945940    0.01171911  127
ALRT 2015-04-01 2015-10-07    0.47503405    0.01650671  169
ALRT 2015-10-08 2017-02-12    0.37689625    0.00719417  478
ALRT 2017-02-13 2017-08-11    0.59046116    0.01329807  175
ALRT 2017-08-12 2018-01-19    0.36415252    0.01290327  155
ALRT 2018-01-20 2025-12-14    0.57994823    0.00829398  383
AMC2 1998-10-22 2000-10-12   -0.36564485    0.03335692  303
AMC2 2000-10-14 2001-09-09   -0.70350255    0.02118628  308
AMC2 2001-09-10 2002-06-19   -0.82807618    0.02135478  267
AMC2 2002-06-20 2003-02-03   -0.32110537    0.02615175  207
AMC2 2003-02-04 2007-11-08   -0.43579403    0.01012391 1540
AMC2 2007-11-09 2010-02-17   -0.68306231    0.01465473  683
AMC2 2010-02-18 2010-12-12   -0.89812578    0.02768689  271
AMC2 2010-12-13 2012-11-08   -0.62755852    0.01539727  662
AMC2 2012-11-09 2015-07-10   -0.71711705    0.01268221  893
AMC2 2015-07-11 2016-12-25   -0.61650668    0.01782003  441
AMC2 2016-12-26 2018-04-03   -0.50245614    0.02152565  329
ANKR 1995-06-26 1997-04-22    0.51244215    0.02114774  497
ANKR 1997-04-23 1997-11-30    0.61502152    0.04592518  171
ANKR 1997-12-01 1998-08-16    0.96324978    0.03415718  204
ANKR 1998-08-17 1999-07-12    0.46672914    0.03035877  201
ANKR 1999-07-13 2001-04-22    0.16299429    0.03269908  143
ANKR 2001-04-23 2002-08-22   -0.07633391    0.02666349  326
ANKR 2002-08-23 2002-12-28   -0.34705057    0.04372248  120
ANKR 2002-12-29 2003-12-12   -0.71264819    0.04496311  165
ANKR 2003-12-13 2006-10-27   -0.03993565    0.01919787  644
ANKR 2006-10-28 2007-11-25    0.25365498    0.03361890  198
ANKR 2007-11-26 2014-04-19   -0.23381344    0.01073175 2007
ANKR 2014-04-20 2017-09-17   -0.22522971    0.01513077 1074
ANKR 2017-09-18 2019-09-02   -0.69575283    0.01893655  645
ANKR 2019-09-04 2020-11-04   -1.18235972    0.02652913  379
ANKR 2020-11-05 2021-12-23   -0.75361916    0.02854491  220
ANTC 2002-07-02 2003-10-15    0.72025523    0.04983859  251
ANTC 2003-10-16 2004-05-04    0.14468542    0.07804873  147
ANTC 2004-05-05 2007-09-28    0.28264666    0.02384509 1060
ANTC 2007-09-29 2008-11-30    0.16456803    0.04519639  260
ANTC 2008-12-01 2009-04-27    0.53110226    0.08653499  133
ANTC 2009-04-28 2011-07-20    0.02725063    0.02857941  741
ANTC 2011-07-21 2012-07-29    0.12876819    0.04593681  318
ANTC 2012-07-30 2013-04-23   -0.08912777    0.05436828  237
ANTC 2013-04-24 2013-09-07   -0.42022311    0.06050423  121
ANTC 2013-09-08 2021-02-03    0.09027299    0.03154560  586
ANTC 2021-02-06 2021-07-11    0.58054685    0.06676246  141
ANTC 2021-07-12 2025-12-30    0.23897357    0.02431520 1063
AOML 1997-11-21 1998-06-04   -0.25251678    0.07948363  178
AOML 1998-06-05 2000-06-27   -0.89745301    0.04990929  527
AOML 2000-06-28 2004-04-03   -0.47806194    0.03308270 1288
AREG 2017-01-30 2018-04-04    1.56396524    0.06170419  206
AREG 2018-04-05 2018-10-03    1.10357922    0.05343619  149
AREG 2018-10-04 2019-11-15    1.27630739    0.03921404  386
AREG 2019-11-16 2022-02-04    0.74209018    0.03461358  407
AREG 2022-02-05 2023-02-20    0.75190914    0.04278542  299
AREG 2023-02-21 2025-12-30    0.96965369    0.02442240  922
AREQ 1994-04-18 1998-02-26    1.38102695    0.04174567  534
AREQ 1998-02-28 2001-08-09    0.99325011    0.02993560  914
AREQ 2001-08-10 2003-09-21    2.00759077    0.04784737  376
AREQ 2003-09-22 2004-07-28    1.15277095    0.07381276  142
AREQ 2004-07-29 2009-03-29    1.34686769    0.02396075 1525
AREQ 2009-03-30 2010-03-04    1.00664740    0.05226522  315
AREQ 2010-03-05 2010-11-25    0.79422162    0.05499447  250
AREQ 2010-11-26 2014-02-01    1.43219729    0.02792276 1133
AREQ 2014-02-02 2019-11-15    1.31580387    0.02119939 1854
AREQ 2019-11-16 2020-09-09    0.81071009    0.05609466  254
AREQ 2020-09-10 2021-04-22    2.18929302    0.07151889  222
AREQ 2021-04-23 2021-11-08    0.65858233    0.05884236  199
AREQ 2021-11-09 2022-04-20    2.45720917    0.08843467  159
AREQ 2022-04-21 2025-12-30    0.93306364    0.02594202 1255
AREV 2011-11-08 2013-04-25    1.54861700    0.05090964  312
AREV 2013-04-26 2013-12-22    1.18285868    0.07942749  137
AREV 2013-12-23 2015-01-04    1.78635690    0.08955907  135
AREV 2015-01-05 2017-09-11    1.27001997    0.03709437  570
ARTU 1999-08-09 2000-01-05    0.10652347    0.03083553  140
ARTU 2000-01-06 2002-04-13    0.29481985    0.01251337  752
ARTU 2002-04-14 2002-10-02    0.63036190    0.05120286  142
ARTU 2002-10-03 2003-12-11    0.22309808    0.01764161  407
ARTU 2003-12-12 2004-08-29    0.53526851    0.02231457  249
ARTU 2004-08-31 2005-01-07    0.06730299    0.03175392  121
ARTU 2005-01-08 2006-01-12    0.36726543    0.01908797  354
ARTU 2006-01-13 2008-11-03    0.49602118    0.01345589  824
ARTU 2008-11-04 2009-12-24    0.26377838    0.01751972  398
ARTU 2009-12-25 2010-12-04    0.44011326    0.02587467  263
ARTU 2010-12-05 2012-04-09    0.22654443    0.01784715  322
ARTU 2012-04-10 2013-01-27   -0.17808763    0.02464007  254
ARTU 2013-01-28 2017-01-04    0.02000042    0.01097047 1223
ARTU 2017-01-05 2019-01-11    0.11405874    0.01384709  672
ARTU 2019-01-12 2021-01-09    0.15758261    0.01469689  646
ARTU 2021-01-10 2022-04-27    0.08728244    0.02496288  258
ASC1 1996-05-02 1999-11-13   -0.53025685    0.03860185  537
ASC1 1999-11-14 2003-12-27   -0.57339850    0.03037648  879
ASC1 2003-12-28 2007-09-03   -0.47313278    0.05422694  319
ASCG 2017-01-30 2020-03-05   -0.95701896    0.02193217 1122
ASCG 2020-03-06 2023-05-14   -1.33301713    0.02277681 1058
ASCG 2023-05-15 2023-12-12   -0.90792021    0.04920524  212
ASCG 2023-12-13 2024-11-23   -1.05437634    0.04238891  310
ASCG 2024-11-24 2025-12-30   -1.23765290    0.03636223  401
ASPA 2001-08-13 2018-04-10   -0.45243472    0.01679464 5383
ASPA 2018-04-11 2018-10-12    0.06995076    0.09299988  182
ASPA 2018-10-13 2019-08-23   -0.76889282    0.07750155  257
ASPA 2019-08-24 2022-10-22   -1.18778390    0.04381413  793
ASPA 2022-10-23 2024-04-21    0.16231935    0.05272723  543
ASPA 2024-04-22 2024-08-31   -0.46376269    0.11235895  128
ASPA 2024-09-01 2025-12-30   -0.62775906    0.07625497  257
AUCK 1995-09-21 1997-12-16   -0.02923536    0.02450022  649
AUCK 1997-12-17 1998-09-28    0.14924594    0.04481630  162
AUCK 1998-09-29 2000-08-27   -0.22695390    0.02537889  612
AUCK 2000-08-28 2001-05-01   -0.55723322    0.04356696  236
AUCK 2001-05-02 2001-11-07   -0.21129539    0.04382306  164
AUCK 2001-11-08 2005-11-30    0.12683941    0.01664435 1426
AUCK 2005-12-01 2006-05-06   -0.48076615    0.06116032  145
AUCK 2006-05-07 2016-07-22   -0.05735106    0.01046360 3600
AUCK 2016-07-24 2021-03-23    0.23155698    0.01572687 1588
AUCK 2021-03-24 2024-07-09    0.45513152    0.01828407 1185
AUCK 2024-07-10 2025-12-30    0.21338919    0.02661005  532
AZGB 2014-01-02 2015-03-03    0.11025386    0.02817618  251
AZGB 2015-03-04 2015-09-24   -0.38046520    0.04101420  187
AZGB 2015-09-25 2016-11-02    0.08014293    0.02763817  318
AZGB 2016-11-03 2024-08-09    0.48515470    0.01007291 2272
AZGB 2024-08-10 2025-12-30   -0.01781127    0.02415900  427
BADG 2005-04-01 2008-02-16   -0.10777105    0.01250129  785
BADG 2008-02-17 2008-07-25   -0.20687004    0.03295748  136
BADG 2008-07-26 2010-01-27   -0.24963881    0.01391489  457
BADG 2010-01-28 2011-09-08    0.02379986    0.01655555  444
BADG 2011-09-09 2012-03-28   -0.15620131    0.01803228  166
BADG 2012-03-29 2013-01-24   -0.65313598    0.02325065  124
BADG 2013-01-25 2017-01-23   -0.06261070    0.00846600 1362
BADG 2017-01-24 2017-08-31    0.43222531    0.02403366  210
BADG 2017-09-01 2018-01-11   -0.18230239    0.02555529  133
BADG 2018-01-12 2019-03-18    0.07702651    0.01426523  405
BADG 2019-03-19 2021-01-16   -0.11354246    0.01323279  634
BADG 2021-01-17 2021-10-25   -0.20361846    0.05112755  151
BADG 2021-10-26 2023-01-24   -0.13584972    0.01390167  436
BADG 2023-01-25 2025-12-30    0.02075399    0.01030484 1003
BAKE 2003-03-05 2004-01-26    0.16033831    0.01528434  222
BAKE 2004-01-27 2004-12-22    0.08157527    0.01657750  239
BAKE 2004-12-23 2005-12-13    0.29749773    0.01803417  211
BAKE 2005-12-14 2006-12-03    0.46256772    0.02350548  164
BAKE 2006-12-04 2010-03-08    0.39432049    0.01459162  153
BAKE 2010-03-09 2011-11-29    0.54155802    0.00923383  535
BAKE 2011-12-01 2012-12-08    0.50734989    0.01283950  270
BAKE 2012-12-09 2015-04-18    0.43226462    0.00708398  680
BAKE 2015-04-19 2015-12-15    0.25994638    0.01828736  224
BAKE 2015-12-16 2017-02-15    0.41207339    0.00925493  405
BAKE 2017-02-16 2018-12-08    0.33705703    0.00977459  516
BAKE 2018-12-09 2020-02-20    0.38267545    0.00908143  414
BAKE 2020-02-21 2021-09-03    0.27210283    0.01095257  426
BAKE 2021-09-04 2025-12-30    0.28516753    0.00536416 1380
BAKO 1994-08-06 1999-07-27    0.01174441    0.06781393  401
BAKO 1999-08-02 2000-08-10   -1.19201968    0.08601448  239
BAKO 2000-08-11 2001-08-16   -2.06262358    0.08782529  234
BAKO 2001-08-18 2003-03-17   -0.13558929    0.07326669  329
BAKO 2003-03-20 2004-02-01    0.46922950    0.09741236  190
BAKO 2004-02-02 2006-05-17   -0.88620620    0.05041774  673
BAKO 2006-05-18 2007-01-16    0.80808472    0.09504184  211
BAKO 2007-01-17 2009-02-09    0.06525279    0.05280348  641
BAKO 2009-02-10 2015-09-16    0.79262039    0.02822977 2224
BAKO 2015-09-17 2020-06-25    0.65573771    0.03702257 1292
BAKO 2020-06-26 2021-04-01    0.20212506    0.08131333  259
BAKO 2021-04-02 2022-11-19   -0.57435083    0.06686199  415
BAKO 2022-11-20 2025-12-28   -0.11568876    0.05615464  546
BAN2 2002-12-09 2004-01-18    0.85790238    0.06517962  280
BAN2 2004-01-20 2007-08-24    2.62695409    0.10027109  129
BAN2 2007-08-25 2010-09-15    1.22629292    0.03716607  853
BAN2 2010-09-16 2011-05-12    0.37834144    0.08342640  169
BAN2 2011-05-13 2011-09-22    1.21103734    0.09189998  132
BAN2 2011-09-23 2012-04-05    0.51144053    0.08367464  149
BAN2 2012-04-06 2013-01-14    1.12586410    0.09226280  134
BARH 1998-10-03 2002-03-08    0.37159573    0.01537700  977
BARH 2002-03-09 2004-04-15    0.48989997    0.01926601  599
BARH 2004-04-16 2005-03-17    0.34237986    0.02954570  294
BARH 2005-03-18 2007-05-08    0.58187424    0.02269448  535
BARH 2007-05-19 2014-01-10    0.20277569    0.01060898 2144
BARH 2014-01-11 2015-09-30    0.12305202    0.02109769  553
BARH 2015-10-01 2018-08-10    0.19433052    0.01547434  986
BARH 2018-08-11 2022-10-13    0.23188749    0.01359596 1253
BARH 2022-10-14 2025-12-30    0.10349393    0.01526192 1036
BDOS 2004-06-12 2009-03-25   -0.43068688    0.03515237 1039
BDOS 2009-03-26 2013-12-09   -0.16502411    0.03249997 1234
BHR1 1996-06-24 1998-03-09    3.02361273    0.07927812  170
BHR1 1998-03-10 2006-04-29    2.52898678    0.02618354 1231
BHR1 2006-04-30 2008-07-26    3.95007295    0.05639890  292
BILI 1999-09-05 2000-04-04   -0.05475757    0.01641294  149
BILI 2000-04-05 2001-01-22    0.13635972    0.01665917  247
BILI 2001-01-27 2001-12-14    0.05257119    0.01777376  247
BILI 2001-12-15 2002-07-18    0.00144775    0.02116038  149
BILI 2002-07-21 2004-12-24    0.15050784    0.00956192  575
BILI 2004-12-25 2005-12-22    0.32823859    0.01753606  252
BILI 2005-12-23 2006-10-19    0.05110876    0.03283316  130
BILI 2006-10-20 2007-11-07    0.30972449    0.01809200  246
BILI 2007-11-08 2008-11-17    0.14902698    0.02524177  143
BISK 2014-01-02 2014-10-24    0.16193433    0.05394794  139
BISK 2014-10-25 2017-01-18    0.29899601    0.02275019  383
BISK 2017-01-19 2018-10-29    0.50161954    0.02294566  383
BISK 2019-01-09 2020-12-26    0.65746220    0.01708498  686
BJCO 2009-04-03 2014-12-24    0.90807852    0.03015830 1718
BJCO 2014-12-25 2017-03-15    1.16338418    0.05200760  572
BJCO 2017-03-16 2017-08-15    0.34481440    0.10872439  147
BJCO 2017-08-16 2022-06-25    0.88621081    0.07433262  280
BJFS 1999-10-22 2000-07-19    0.71281942    0.02494133  255
BJFS 2000-07-20 2001-08-05    1.11755788    0.05491238  145
BJFS 2001-08-06 2003-03-21    0.98385779    0.02186914  365
BJFS 2003-03-22 2004-01-10    1.22259335    0.03939656  205
BJFS 2004-01-11 2007-01-04    0.86427756    0.01448586  974
BJFS 2007-01-05 2008-01-19    0.62823259    0.02263702  351
BJFS 2008-01-20 2010-05-11    0.36084658    0.01596674  764
BJFS 2010-05-12 2010-10-22   -0.40525225    0.08599243  137
BJFS 2010-10-23 2013-02-22    0.15550856    0.01463258  779
BJFS 2013-02-23 2015-01-01    0.33079209    0.01899762  597
BJFS 2015-01-02 2018-03-09    0.11322662    0.01492377  918
BJFS 2018-03-12 2019-12-27    0.20456658    0.01938351  580
BJFS 2019-12-28 2025-12-30    0.33086895    0.01061172 1752
BJNM 2014-01-02 2014-12-30    0.63201042    0.03133240  270
BJNM 2015-01-02 2015-12-04    0.41302386    0.03475377  219
BJNM 2015-12-05 2018-03-11    0.58574860    0.02142307  427
BJNM 2018-03-12 2020-07-04    0.70687072    0.02097705  400
BNDY 2008-01-05 2022-09-10   -0.06882399    0.01518233 4104
BNDY 2022-09-11 2025-12-30    0.09017694    0.02867312 1161
BOAV 2014-01-02 2014-12-01    0.34411933    0.05761457  311
BOAV 2014-12-02 2015-06-02    0.32533927    0.07443946  171
BOAV 2015-06-03 2020-02-21    0.71273247    0.04075095  609
BOAV 2020-02-22 2022-12-01    0.09580630    0.03640148  813
BOAV 2022-12-02 2023-09-27   -0.77541994    0.06022622  264
BOAV 2023-09-28 2025-12-30   -0.47238952    0.05574265  342
BOGO 2014-01-02 2014-05-11    0.07248966    0.02933238  130
BOGO 2014-05-12 2014-10-17   -0.08985700    0.04517073  158
BOGO 2014-10-18 2016-02-16    0.07469843    0.01740860  482
BOGO 2016-02-17 2016-12-11    0.03089942    0.02616338  285
BOGO 2016-12-12 2020-12-13    0.40291760    0.01164252 1234
BOGO 2020-12-14 2024-02-24    0.25623957    0.01185948 1096
BOGO 2024-02-25 2025-12-30    0.45118978    0.01641394  635
BOGT 1994-11-05 1996-11-15    0.28080480    0.05908382  138
BOGT 1996-11-19 2003-12-28   -0.80057260    0.04131260  313
BOGT 2003-12-29 2008-01-28   -0.50943533    0.02659448  779
BOGT 2008-01-29 2008-11-15   -0.98457879    0.04492461  258
BOGT 2008-11-16 2014-06-29   -0.61613062    0.01713897 1902
BOGT 2014-06-30 2015-10-28   -0.97624167    0.03387621  457
BOGT 2015-10-29 2019-04-27   -0.46908610    0.02245628 1103
BOGT 2019-04-28 2019-09-27    0.08518910    0.05469612  151
BOGT 2019-09-28 2025-12-30   -0.75886631    0.01590391 2165
BOR1 1994-09-29 1996-04-21    0.46616462    0.01826449  553
BOR1 1996-04-22 1998-02-04    0.58024518    0.01900022  627
BOR1 1998-02-05 1999-02-16    0.69940152    0.02401544  362
BOR1 1999-02-17 2000-04-21    0.30427149    0.02289057  352
BOR1 2000-04-22 2003-05-26    0.36824672    0.01418305 1059
BOR1 2003-05-27 2006-11-06    0.19271397    0.01353866 1204
BOR1 2006-11-07 2009-02-10    0.30338424    0.01574929  797
BOR1 2009-02-11 2011-01-03    0.06081901    0.01823866  648
BOR1 2011-01-04 2011-11-25    0.28856037    0.02625437  316
BOR1 2011-11-26 2016-07-22    0.03853069    0.01106860 1624
BOR1 2016-07-23 2017-02-02    0.54001072    0.03393680  189
BOR1 2017-02-03 2020-11-04    0.38884068    0.01281985 1305
BOR1 2020-11-05 2022-04-25    0.22260433    0.01912665  482
BOR1 2022-04-26 2024-04-29    0.48738503    0.01703547  706
BOR1 2024-04-30 2024-11-04    0.94733161    0.04599444  181
BOR1 2024-11-05 2025-12-30    0.54186691    0.02545712  336
BRAZ 1995-04-21 1997-06-06    0.12479398    0.07410156  147
BRAZ 1997-06-07 2001-10-06   -0.30274133    0.03782642  437
BRAZ 2001-10-09 2003-06-05   -0.52241303    0.03758975  499
BRAZ 2003-06-06 2003-10-21    0.04810319    0.05518682  137
BRAZ 2003-10-22 2005-10-20   -0.90226078    0.03096678  659
BRAZ 2005-10-21 2009-11-20   -0.36682424    0.02213910 1309
BRAZ 2009-11-21 2017-09-27   -0.10947470    0.01588356 2340
BRAZ 2017-09-28 2025-12-30   -0.59514382    0.01512519 2789
BREW 2001-11-17 2002-09-26    0.53074308    0.05330848  173
BREW 2002-09-27 2003-02-19   -0.02946625    0.03607701  145
BREW 2003-02-20 2003-10-27    0.44059529    0.03990083  248
BREW 2003-10-31 2004-03-07   -0.08494000    0.03578613  129
BREW 2004-03-08 2004-12-17    0.08722530    0.03937680  244
BREW 2004-12-18 2009-06-04   -0.11106168    0.01411143 1409
BREW 2009-06-05 2010-05-04   -0.10024793    0.02993773  256
BREW 2010-05-05 2010-10-21   -0.75865748    0.06045199  150
BREW 2010-10-22 2023-04-24   -0.10062571    0.01420582 1242
BREW 2023-04-25 2025-12-30   -0.01306051    0.01820604  881
BRFT 2005-09-18 2006-03-18   -1.59550958    0.08411060  177
BRFT 2006-03-19 2006-10-22   -0.93358994    0.07864543  211
BRFT 2006-10-23 2009-02-11   -0.43222720    0.04877557  537
BRFT 2009-02-12 2009-07-25    1.09746188    0.10548027  159
BRFT 2009-07-26 2010-08-04   -0.78817839    0.06808992  266
BRFT 2010-08-05 2012-03-05   -0.08694552    0.05349569  441
BRFT 2012-03-06 2013-08-17   -0.64572044    0.05478176  482
BRFT 2013-08-18 2020-06-27   -0.36348449    0.03126929 1319
BRFT 2020-06-28 2025-08-25   -1.03500830    0.03275265 1247
BRMU 1994-01-06 1994-11-20   -0.25768072    0.08439944  144
BRMU 1994-11-21 1996-07-30   -0.35095570    0.03601425  547
BRMU 1996-07-31 1997-12-16   -0.27885668    0.04164334  457
BRMU 1997-12-17 2000-09-07   -0.61188123    0.03085419  817
BRMU 2000-09-08 2006-11-08   -0.38663737    0.01947928 2021
BRMU 2006-11-09 2010-06-07   -0.18629081    0.02521163 1165
BRMU 2010-06-08 2020-09-13    0.11358473    0.01487560 3433
BRST 2014-01-02 2014-07-19   -0.39503109    0.03558673  195
BRST 2014-07-20 2016-10-01   -0.25207503    0.01976031  757
BRST 2016-10-02 2017-03-13    0.14825758    0.04068314  157
BRST 2017-03-14 2017-11-25    0.69727524    0.05501159  138
BRST 2017-11-26 2020-03-15    0.13458062    0.01947625  701
BRST 2020-03-16 2021-05-07    0.33963304    0.02586876  410
BRST 2021-05-08 2021-10-07    0.59186668    0.05686153  134
BRST 2021-10-08 2023-01-07    0.33204578    0.02597616  427
BRST 2023-01-08 2024-03-24    0.13006029    0.03343309  275
BRST 2024-03-25 2024-10-30    0.48712358    0.04148653  204
BRST 2024-10-31 2025-12-30    0.26738195    0.02662353  406
BRUS 1994-04-27 1997-05-14    0.19517730    0.01563870 1072
BRUS 1997-05-15 1998-12-01    0.46588214    0.02353842  548
BRUS 1998-12-02 2003-12-26    0.25517103    0.01240728 1721
BRUS 2003-12-27 2004-11-19    0.02291608    0.02876864  328
BRUS 2004-11-20 2006-08-29    0.32039329    0.02069499  596
BRUS 2006-08-30 2008-09-05    0.51298955    0.01916223  718
BRUS 2008-09-06 2012-02-13    0.35292462    0.01541003 1129
BRUX 2012-02-11 2015-10-07    0.40014335    0.01496327 1252
BRUX 2015-10-08 2016-09-18    0.19590965    0.02906679  310
BRUX 2016-09-19 2022-11-27    0.54003879    0.01127093 2118
BRUX 2022-11-28 2024-09-18    0.28707087    0.02045713  637
BRUX 2024-09-19 2025-12-30    0.43875140    0.02505046  435
BSHM 2000-11-20 2007-03-23    0.04309404    0.03575726  344
BSHM 2007-03-24 2010-03-09   -0.13795076    0.02919884  508
BSHM 2010-03-10 2011-02-02    0.05814169    0.03935563  320
BSHM 2011-02-03 2017-09-13   -0.11561526    0.01420314 2281
BSHM 2017-09-14 2018-10-09    0.48481820    0.04388847  254
BSHM 2018-10-10 2025-12-30    0.15455485    0.01597654 1846
BUE2 2005-10-21 2006-03-31   -0.05288281    0.08713798  154
BUE2 2006-04-01 2007-09-03    0.33162463    0.04034475  342
BUE2 2007-09-04 2009-07-15    0.15549940    0.03206558  628
BUE2 2009-07-16 2010-08-19    0.41363889    0.03967811  363
CAGL 1996-03-05 1997-10-01   -1.09950537    0.05043851  274
CAGL 1997-10-02 1999-02-26   -0.27365618    0.03105085  385
CAGL 1999-02-27 1999-07-30   -0.88941995    0.05798647  150
CAGL 1999-07-31 2000-04-28   -0.10723908    0.04654141  152
CAGL 2000-04-29 2001-11-01   -0.49002207    0.03588856  400
CAGL 2001-11-02 2002-07-14   -0.01477308    0.03893631  250
CAGL 2002-07-15 2003-01-11    0.35590450    0.05876547  169
CAGL 2003-01-12 2007-05-13   -0.02338740    0.01817040 1407
CAGL 2007-05-14 2007-11-15    0.33394336    0.06515508  176
CAGL 2007-11-16 2011-02-04    0.24911697    0.01998033 1102
CAGL 2011-02-05 2012-11-11   -0.11540253    0.02836136  604
CAGL 2012-11-12 2013-09-19    0.05450239    0.03886291  290
CAGS 2014-01-02 2015-01-12   -0.20633971    0.02220881  333
CAGS 2015-01-13 2015-12-26   -0.27797441    0.02494957  306
CAGS 2015-12-27 2016-11-04   -0.22529584    0.02668425  253
CAGS 2016-11-05 2018-09-08   -0.39685679    0.01659180  586
CAGS 2018-09-09 2019-01-30   -0.71876792    0.03053700  135
CAGS 2019-01-31 2021-05-23   -0.24842384    0.01437208  756
CAGS 2021-05-24 2021-11-01    0.26261591    0.05760946  144
CAGS 2021-11-02 2022-05-18   -0.22379469    0.02389496  195
CAGS 2022-05-19 2022-10-04    0.18736483    0.06758718  126
CAGS 2022-10-05 2024-11-09   -0.16177508    0.01908615  557
CAGS 2024-11-10 2025-12-30   -0.45472076    0.02468960  264
CAGZ 2002-06-05 2003-01-11    1.27250808    0.06288100  136
CAGZ 2003-01-12 2003-10-15    0.65718616    0.04614147  224
CAGZ 2003-10-16 2007-05-13    0.95391085    0.01974485 1094
CAGZ 2007-05-14 2008-11-26    1.20546275    0.03368672  451
CAGZ 2008-11-27 2011-03-13    1.03816467    0.02329826  775
CAGZ 2011-03-14 2013-09-14    0.88220061    0.02384345  845
CALL 2009-07-08 2010-07-26    0.06372194    0.11985267  149
CALL 2010-07-27 2011-02-11   -1.20516240    0.13029197  179
CALL 2011-02-12 2013-05-16    0.11996003    0.06602702  531
CALL 2013-05-17 2014-10-08    0.97956153    0.06896269  496
CALL 2014-10-09 2018-04-26    0.01462178    0.07922432  383
CARR 1994-06-09 1995-01-05    0.14038837    0.06795537  160
CARR 1995-01-07 1996-02-08   -0.43880981    0.04249187  329
CARR 1996-02-09 1998-04-27   -0.29376656    0.02749301  730
CARR 1998-04-28 2000-05-19   -0.50646724    0.04910541  191
CARR 2000-05-20 2001-03-18   -0.25910827    0.07418438  156
CARR 2001-03-19 2003-04-22   -0.27977203    0.02939655  679
CAS1 1994-07-23 1996-04-12    0.06126649    0.01581368  241
CAS1 1996-04-13 1997-02-27   -0.18342274    0.02257687  126
CAS1 1997-02-28 1999-08-19   -0.27232691    0.01215997  428
CAS1 1999-08-20 2000-06-12   -0.02839756    0.02235367  130
CAS1 2000-06-13 2002-06-19    0.15274634    0.00931863  718
CAS1 2002-06-20 2003-02-21    0.29158115    0.01598245  243
CAS1 2003-02-22 2003-08-06   -0.05477291    0.01997404  153
CAS1 2003-08-07 2005-04-04    0.18312104    0.01024556  596
CAS1 2005-04-05 2005-10-27    0.49354315    0.01998938  141
CAS1 2005-10-28 2007-07-23    0.21776605    0.01010778  623
CAS1 2007-07-24 2009-12-29    0.32004648    0.00853323  839
CAS1 2009-12-30 2011-11-26    0.09445346    0.00976057  651
CAS1 2011-11-27 2013-12-27   -0.12541016    0.00921711  736
CAS1 2013-12-28 2016-08-09    0.01331562    0.00816145  942
CAS1 2016-08-10 2024-07-19    0.12602285    0.00476967 2738
CAS1 2024-07-20 2025-12-29    0.08771785    0.01174140  449
CCJ2 2014-01-02 2015-02-26   -0.23970685    0.03989975  406
CCJ2 2015-02-27 2017-11-08    0.03178251    0.02889155  901
CCJ2 2017-11-09 2021-02-12   -0.19779295    0.02521255 1098
CCJ2 2021-02-13 2023-06-30   -0.39341994    0.03101953  781
CCJ2 2023-07-01 2024-06-19    0.15375390    0.04793881  297
CCJ2 2024-06-20 2025-12-30   -0.10048411    0.04071417  451
CCJM 2001-02-28 2002-02-02   -0.03103398    0.05388446  322
CCJM 2002-02-03 2006-09-22    0.33362926    0.02322317 1629
CCJM 2006-09-23 2011-03-07    0.07690838    0.02307477 1569
CEDU 1994-05-17 1999-04-03   -0.36635916    0.03566564  331
CEDU 1999-04-04 2000-01-30   -0.73255091    0.03778078  270
CEDU 2000-01-31 2001-06-23   -0.62104514    0.03282235  421
CEDU 2001-06-24 2002-11-17   -0.43007773    0.02866356  457
CEDU 2002-11-18 2005-05-05   -0.34714890    0.02327749  823
CEDU 2005-05-06 2006-05-09   -0.85966032    0.03643886  314
CEDU 2006-05-10 2008-05-08   -0.57862489    0.02578509  630
CEDU 2008-05-09 2011-07-24   -0.29377046    0.01941846 1075
CEDU 2011-07-25 2014-06-07   -0.74419999    0.02153012  959
CEDU 2014-06-08 2016-05-22   -0.45848793    0.02904623  545
CEDU 2016-05-23 2020-04-08   -0.23442860    0.01896277 1183
CEDU 2020-04-09 2025-12-30   -0.52956058    0.01454108 1930
CFAG 1995-11-13 1999-06-03    2.38932496    0.08609456  131
CFAG 1999-06-04 2000-05-02    2.70480895    0.08188166  225
CFAG 2000-05-03 2001-02-19    3.06930965    0.11361291  146
CFAG 2001-02-20 2007-07-03    1.61324764    0.02440029 1540
CFAG 2007-07-04 2010-05-15    1.09347000    0.02992739  986
CFAG 2010-05-16 2010-12-13    0.64995116    0.07044450  155
CGGN 2011-09-16 2012-11-06    0.85403430    0.08164614  124
CGGN 2012-11-07 2013-11-26    1.09947349    0.06751164  201
CGGN 2013-11-27 2016-07-11    0.93167453    0.07043598  160
CHAN 2004-12-12 2005-04-23    0.23393467    0.01657380  122
CHAN 2005-04-24 2005-12-02    0.65325996    0.03669959  183
CHAN 2005-12-03 2006-12-18    0.42264965    0.03263631  205
CHAN 2006-12-19 2007-11-05    0.25392500    0.02552017  248
CHAN 2008-01-01 2009-11-03    0.06531019    0.01186539  587
CHAN 2009-11-04 2012-11-10    0.01090423    0.01090327  789
CHAN 2012-11-11 2025-12-30    0.10476971    0.02589479  216
CHAT 1995-10-07 1996-08-24   -0.09944215    0.03883065  253
CHAT 1996-08-25 1998-11-12   -0.41000124    0.02319423  687
CHAT 1998-11-13 1999-06-12   -0.69027679    0.05024967  167
CHAT 1999-06-13 2001-11-26   -0.46145294    0.02105637  823
CHAT 2001-11-29 2003-01-05   -0.07062990    0.03181810  371
CHAT 2003-01-06 2003-12-31    0.24726975    0.03249613  354
CHAT 2004-01-01 2004-06-17   -0.13528533    0.05206020  158
CHAT 2004-06-18 2012-03-05    0.26599692    0.01176312 2713
CHPG 2017-01-30 2023-02-10   -0.44079974    0.02550481 1704
CHPG 2023-02-11 2025-12-30   -0.71514656    0.03573528  860
CHPI 2003-05-11 2004-04-30    0.36854773    0.06678015  273
CHPI 2004-05-01 2005-11-25   -0.32434021    0.05816668  319
CHPI 2005-11-26 2009-10-25    0.12855322    0.02904939 1364
CHPI 2009-10-26 2010-09-26   -0.00545336    0.05898470  329
CHPI 2010-09-27 2016-10-22    0.17829374    0.02532553 1768
CHPI 2016-10-23 2017-08-06   -0.38630433    0.07451163  224
CHPI 2017-08-07 2018-09-06    0.18665484    0.07781261  146
CHPI 2018-09-07 2025-12-30   -0.23820582    0.02620051 1705
CHTI 2007-12-12 2011-08-25    0.06267057    0.01521477 1262
CHTI 2011-08-26 2016-04-04   -0.09572332    0.01357610 1595
CHTI 2016-04-05 2019-03-16    0.03867442    0.01704047  994
CHTI 2019-03-17 2023-01-14    0.12354677    0.01464530 1342
CHTI 2023-01-15 2025-12-30   -0.22470855    0.01660047 1057
CHUM 1997-10-14 1999-06-06    0.18537030    0.05359425  158
CHUM 1999-06-07 2004-02-17   -0.00137567    0.02607192  663
CHUM 2004-02-18 2005-01-23    0.57218531    0.04548290  309
CHUM 2005-01-24 2006-03-23    0.12966538    0.03918306  373
CHUM 2006-03-24 2008-06-27    0.41099289    0.03008025  705
CHUM 2008-06-28 2012-10-05    0.09206479    0.02231120 1181
CHUM 2012-10-06 2013-03-16   -0.23431867    0.04885063  151
CHUM 2013-03-17 2025-12-30    0.11581199    0.04298510  331
CHUR 1994-04-15 1995-07-31    0.19408780    0.01698256  338
CHUR 1995-08-01 1997-01-10   -0.14152619    0.02301873  173
CHUR 1997-01-11 1999-11-29    0.14897179    0.01047862  756
CHUR 1999-11-30 2001-12-02    0.10665935    0.01216704  566
CHUR 2001-12-03 2004-01-26    0.19609591    0.01055953  642
CHUR 2004-01-27 2005-11-14    0.27676121    0.01426276  448
CHUR 2005-11-15 2007-11-25    0.33497833    0.01185738  569
CHUR 2007-11-26 2011-01-15    0.24678471    0.00945176  877
CHUR 2011-01-16 2012-04-29    0.39287545    0.01158956  435
CHUR 2012-04-30 2016-12-11    0.16730073    0.00692055 1530
CHUR 2016-12-12 2023-04-02    0.02062783    0.00552262 2082
CHUR 2023-04-03 2025-12-30    0.25932488    0.01013141  798
CIC1 1999-03-28 1999-10-24    0.35708638    0.06321713  192
CIC1 1999-10-25 2002-12-17    0.06321071    0.02746138  650
CIC1 2002-12-18 2004-03-31    0.51562465    0.03503680  420
CIC1 2004-04-01 2004-10-26   -0.26200291    0.06761470  177
CIC1 2004-10-27 2005-04-21    0.52879430    0.04949571  164
CIC1 2005-04-22 2007-07-20    0.31419063    0.04229686  293
CIC1 2007-07-21 2009-12-13    0.42859794    0.03239128  535
CICE 1995-03-29 1996-06-12    0.23573380    0.04323632  279
CICE 1996-06-13 1999-02-07    0.11227929    0.02760915  693
CKIS 2017-01-30 2020-12-13   -0.30766564    0.03899728  818
CKIS 2020-12-14 2021-06-11   -0.82224846    0.10702923  153
CKIS 2021-06-12 2025-12-30   -0.62004429    0.03003917 1383
CNMR 2003-08-08 2004-01-06   -0.16896061    0.11156273  146
CNMR 2004-01-07 2008-02-29   -0.76563273    0.04075982 1025
CNMR 2008-03-01 2009-03-18   -1.70301918    0.06745530  379
CNMR 2009-03-19 2010-06-08   -1.26449127    0.06737552  385
CNMR 2010-06-09 2010-11-01   -1.90766486    0.10678661  145
CNMR 2010-11-02 2012-06-04   -0.92118668    0.05778611  519
CNMR 2012-06-05 2014-02-01   -1.15120674    0.05497571  572
CNMR 2014-02-02 2016-05-21   -0.97378181    0.05087817  667
CNMR 2016-05-22 2017-03-22   -0.25859386    0.07916129  276
CNMR 2017-03-23 2019-07-27   -0.91627464    0.05477861  567
CNMR 2019-07-28 2023-08-17   -0.78028292    0.03969661 1087
COCO 1996-06-16 1998-08-23   -0.24459077    0.06209209  295
COCO 1998-08-24 1999-06-30   -0.74098387    0.08232547  148
COCO 1999-07-01 2000-08-23   -0.08912629    0.07388015  225
COCO 2000-08-24 2001-01-05   -1.48903196    0.07912132  127
COCO 2001-01-06 2002-05-20   -0.90579622    0.05007506  438
COCO 2002-05-21 2003-01-26   -1.37506596    0.06829482  184
COCO 2003-01-27 2006-08-24   -0.60689860    0.02913297 1251
COCO 2006-08-25 2007-03-03   -1.02112639    0.06895484  190
COCO 2007-03-04 2010-10-26   -0.38082767    0.02918630 1204
COCO 2010-10-27 2012-06-07   -0.58364418    0.04474155  544
COCO 2012-06-08 2014-01-26   -1.06056876    0.04124841  575
COCO 2014-01-27 2016-01-13   -0.67002605    0.03854102  692
COCO 2016-01-14 2021-11-26   -0.18142326    0.02621626 1476
COCO 2021-11-27 2025-12-30   -0.78811488    0.02652883 1458
CONZ 2002-05-16 2003-03-02   -0.86650717    0.06172305  152
CONZ 2003-03-03 2004-05-08   -0.53134038    0.03591868  404
CONZ 2004-05-09 2007-03-26   -0.40561005    0.02339172  944
CONZ 2007-03-27 2007-12-24   -0.17310991    0.04171648  260
CONZ 2007-12-26 2009-05-10   -0.44960511    0.03561525  412
CONZ 2009-05-11 2011-07-04   -0.53836469    0.02638341  719
CONZ 2011-07-05 2015-04-05   -0.18542901    0.02163624 1072
CORD 1999-08-04 2001-05-25    2.02736915    0.06546532  172
CORD 2001-05-26 2005-08-20    1.96240612    0.03734160  489
CORD 2005-08-21 2014-10-13    1.23330923    0.04353169  352
CORD 2014-10-14 2015-05-31    0.72129207    0.07489643  200
CORD 2015-06-01 2018-06-10    1.25145548    0.02756219  994
CORD 2018-06-11 2021-03-23    0.98499112    0.02685043  993
CORD 2021-03-24 2022-11-05    0.64285554    0.03335617  575
CORD 2022-11-06 2023-06-13    1.26178356    0.07074295  214
CORD 2023-06-14 2025-12-30    0.70398040    0.02733095  916
COYQ 1999-01-17 2000-08-18    0.58720307    0.02803508  364
COYQ 2000-08-19 2009-07-15    0.63062591    0.01242976 1786
COYQ 2009-07-16 2018-10-31    0.56011718    0.01617177 1128
CPVG 2017-03-04 2019-01-25    0.16797366    0.04401681  231
CPVG 2019-01-29 2020-01-23   -0.03080265    0.04156163  288
CPVG 2020-01-24 2021-09-12   -0.30831760    0.02866348  555
CPVG 2021-09-13 2023-07-29   -0.69242579    0.02686024  610
CPVG 2023-07-30 2025-05-24   -0.86065329    0.02701880  630
CPVG 2025-05-25 2025-12-30   -1.23946826    0.05136577  219
CPXF 2007-07-25 2009-01-12    0.22364880    0.02774326  307
CPXF 2009-01-13 2010-03-03    0.40283453    0.02435973  320
CPXF 2010-03-04 2012-01-21    0.20973799    0.01874793  645
CPXF 2012-01-22 2013-07-16    0.24635468    0.02088300  489
CPXF 2013-07-17 2015-06-26    0.08164925    0.01869995  595
CPXF 2015-06-27 2016-04-05    0.24771475    0.02913286  255
CPXF 2016-04-06 2017-03-10    0.33436301    0.02706325  322
CPXF 2017-03-11 2021-02-24    0.51363230    0.01420597 1136
CPXF 2021-04-11 2025-12-30   -0.07954509    0.01448323 1066
CRAO 2000-04-28 2006-04-21   -0.37137345    0.01584021 1913
CRAO 2006-04-22 2008-02-25   -0.17455464    0.02812945  632
CRAO 2008-02-26 2013-12-30   -0.10723133    0.01710411 1671
CRAR 1999-01-03 2002-01-10    0.49187606    0.00840039  448
CRAR 2002-01-11 2005-04-04    0.17963290    0.00531411 1036
CRAR 2005-04-05 2006-08-11    0.23064400    0.00877372  380
CRAR 2006-08-12 2007-04-20    0.04827502    0.01835831  140
CRAR 2007-04-21 2008-06-06    0.29766637    0.00851703  405
CRAR 2008-06-07 2010-08-27    0.23118149    0.00700086  627
CRAR 2010-08-28 2011-03-03    0.04731976    0.01454037  188
CRAR 2011-03-04 2012-08-10    0.08800642    0.00857599  390
CRAR 2012-08-11 2013-05-27   -0.22986903    0.01174380  246
CRAR 2013-05-28 2022-05-30   -0.34674128    0.00538252 1027
CRAR 2022-05-31 2022-10-31   -0.61975642    0.01219379  150
CRAR 2022-11-01 2023-09-04   -0.42299838    0.01036625  289
CRO1 1995-10-14 1996-09-25    0.06470106    0.07179051  318
CRO1 1996-09-26 1998-01-09    0.30756648    0.06619674  382
CRO1 1998-01-10 1999-07-08    0.62304336    0.06201578  421
CRO1 1999-07-10 2000-04-26   -0.41193150    0.08817327  212
CRO1 2000-04-27 2002-07-16    0.11880395    0.05368035  565
CRO1 2002-07-17 2003-01-18    0.75933594    0.09983170  179
CRO1 2003-01-19 2005-11-26    0.54396405    0.04535277  820
CRO1 2005-11-27 2012-05-27   -0.20107955    0.02679842 2302
CRO1 2012-05-28 2013-03-19    0.50361984    0.07530776  292
CRO1 2013-03-20 2015-11-30    0.11444839    0.04317376  889
CRO1 2015-12-01 2024-04-10   -0.52672339    0.02469861 2702
CRO1 2024-04-11 2025-12-30   -1.19728803    0.05220420  622
CTWN 2008-07-03 2010-02-27   -0.92727326    0.03545923  408
CTWN 2010-02-28 2010-12-22   -0.71451763    0.03871389  282
CTWN 2010-12-25 2011-11-18   -0.21373104    0.03806211  311
CTWN 2011-11-19 2012-10-09    1.48799348    0.03920708  299
CTWN 2012-10-12 2013-08-26   -0.48882719    0.04594158  208
DAEJ 1999-03-20 2000-09-18    0.67005340    0.02463812  476
DAEJ 2000-09-19 2005-04-08    0.54118061    0.01543344  913
DAEJ 2005-04-09 2005-11-11   -0.26427750    0.05912511  191
DAEJ 2005-11-12 2007-01-07    0.12994840    0.02916257  312
DAEJ 2007-01-08 2007-09-23   -0.16360495    0.03910151  220
DAEJ 2007-09-24 2008-03-28    0.29316925    0.02799633  182
DAEJ 2008-03-29 2008-09-02   -0.38108056    0.07505993  141
DAEJ 2008-09-03 2009-03-20    0.23101002    0.02826748  196
DAEJ 2009-03-21 2009-10-06   -0.37662343    0.06189847  184
DAEJ 2009-10-07 2011-06-08    0.08120966    0.01897349  567
DAEJ 2011-06-09 2014-02-25    0.24570398    0.01590716  901
DAEJ 2014-02-26 2017-01-27   -0.02684668    0.01556929  985
DAEJ 2017-01-28 2018-11-23    0.25469154    0.02452938  468
DAEJ 2018-11-24 2019-12-26    0.05731574    0.02389464  372
DAEJ 2019-12-27 2021-06-30    0.35639399    0.02058804  518
DAEJ 2021-07-01 2025-12-30    0.15353203    0.01254746 1452
DAKA 2002-03-23 2002-10-28    0.34920891    0.09286405  137
DAKA 2002-10-29 2004-02-25    0.17847920    0.05081991  292
DAKA 2004-02-26 2006-03-26   -0.15802544    0.04764534  302
DAKA 2006-03-27 2007-06-07    0.44890853    0.06416690  180
DARW 1995-05-28 1998-06-26   -0.51427777    0.06398038  267
DARW 1998-06-27 2001-03-23   -0.88757908    0.04293633  606
DARW 2001-04-16 2002-03-10   -1.07730793    0.08128571  192
DARW 2002-03-11 2005-12-26   -0.86841130    0.03110271 1192
DARW 2005-12-27 2006-07-19    0.33433773    0.07834062  200
DARW 2006-07-20 2008-08-09   -0.59394780    0.04275151  618
DARW 2008-08-10 2010-03-23   -0.86940728    0.05032673  518
DARW 2010-03-24 2010-11-01   -0.41897663    0.07143482  194
DARW 2010-11-02 2011-09-09   -0.69829964    0.06690465  264
DARW 2011-09-10 2012-03-28    0.43976943    0.09430989  191
DARW 2012-03-29 2013-08-04   -0.20684394    0.05669533  361
DARW 2013-08-05 2016-08-12   -0.64092883    0.03388317 1016
DARW 2016-08-13 2018-05-09   -0.12817106    0.04835252  582
DARW 2018-05-10 2020-10-28    0.24262052    0.03557829  872
DARW 2020-10-29 2025-12-30   -0.27058286    0.02576772 1784
DAV1 1994-07-29 1998-02-13   -0.25135215    0.00945460  410
DAV1 1998-02-15 1999-07-23   -0.89959093    0.01399139  205
DAV1 1999-07-24 2000-06-18   -0.11137265    0.01340859  211
DAV1 2000-06-19 2001-11-17    0.17301310    0.00865483  456
DAV1 2001-11-18 2002-12-27    0.25760598    0.00993567  381
DAV1 2002-12-28 2005-01-06    0.10843834    0.00721106  714
DAV1 2005-01-07 2006-07-27    0.02397655    0.00907048  446
DAV1 2006-07-28 2007-07-27   -0.14246010    0.01195902  276
DAV1 2007-07-30 2009-12-26    0.12799723    0.00674434  805
DAV1 2009-12-27 2011-02-18   -0.07949534    0.00987203  397
DAV1 2011-02-22 2012-10-16    0.21101324    0.00783783  580
DAV1 2012-10-17 2016-08-14    0.04488621    0.00525195 1366
DAV1 2016-08-15 2020-04-08    0.17848857    0.00536255 1283
DAV1 2020-04-09 2021-07-21    0.07354237    0.00895360  460
DAV1 2021-07-22 2022-03-14    0.20970498    0.01261035  233
DAV1 2022-03-15 2025-12-30    0.08326358    0.00543024 1226
DAVR 1999-11-03 2000-08-09   -0.08147916    0.01427494  185
DAVR 2000-08-10 2001-06-17    0.20935769    0.01315349  179
DAVR 2001-06-18 2002-08-21    0.14990434    0.01396976  191
DAVR 2002-08-22 2003-11-08    0.06623962    0.01178336  245
DAVR 2003-11-09 2005-03-03   -0.04846137    0.00940585  433
DAVR 2005-03-07 2008-12-30    0.01949155    0.00951434  404
DGAR 1996-05-12 1998-11-15   -0.42410594    0.07026686  340
DGAR 1998-11-16 2000-10-18   -0.81315221    0.07224581  320
DGAR 2000-10-19 2005-08-19   -0.53654939    0.04945885  702
DGAR 2005-08-20 2009-08-14   -0.15848554    0.03755882 1235
DGAR 2009-08-15 2017-03-11   -0.40168601    0.02660138 2430
DGAR 2017-03-12 2019-05-19   -0.12316013    0.05420843  573
DGAR 2019-05-20 2022-07-09   -0.53710224    0.03950232 1096
DGAR 2022-07-10 2023-04-12   -1.10857927    0.07904750  271
DGAR 2023-04-13 2025-06-01   -0.81783469    0.04766997  763
DGAR 2025-06-02 2025-12-30   -0.58318316    0.09208480  205
DGAV 2009-09-24 2010-10-12   -0.14193437    0.06416898  358
DGAV 2010-10-13 2011-08-09   -0.74289075    0.07218363  285
DGAV 2011-08-10 2012-01-22    0.27760419    0.10168323  149
DGAV 2012-01-23 2017-01-29   -0.38947509    0.03135127 1507
DRAG 2000-02-08 2001-10-12    1.33132345    0.05058092  232
DRAG 2001-10-13 2007-01-06    1.69585808    0.02099814 1461
DRAG 2007-01-08 2008-12-05    2.32702078    0.03185235  651
DRAG 2008-12-07 2010-01-15    1.75824024    0.04645730  306
DRAG 2010-01-16 2012-08-19    1.86548914    0.03417482  557
DRAG 2012-08-21 2013-06-11    1.78442771    0.04839840  245
DRAG 2013-06-12 2013-12-26    1.85363114    0.06784411  175
DRAO 1994-01-06 1994-06-09    0.12447767    0.03907251  130
DRAO 1994-06-10 1996-02-07   -0.15218808    0.02297202  466
DRAO 1996-02-08 1996-09-04    0.42988532    0.03693667  200
DRAO 1996-09-05 1997-03-17   -0.03741226    0.03112501  185
DRAO 1997-03-18 1998-10-08    0.18590687    0.02685675  320
DRAO 1998-10-09 1999-05-22    0.35217859    0.02963306  191
DRAO 1999-05-23 2000-03-04    0.00004521    0.02980823  259
DRAO 2000-03-05 2000-10-16    0.55633899    0.04017966  217
DRAO 2000-10-17 2001-03-16   -0.28980076    0.03250756  148
DRAO 2001-03-19 2003-05-27    0.35605781    0.01753558  782
DRAO 2003-05-28 2004-03-09    0.21684736    0.03123216  184
DRAO 2004-03-10 2011-12-24    0.17360604    0.00943321 2705
DRAO 2011-12-25 2016-04-16    0.08878157    0.01242776 1463
DRAO 2016-04-17 2016-10-05   -0.31336432    0.05913302  120
DRAO 2016-10-06 2019-02-09    0.23286189    0.01636526  826
DRAO 2019-02-10 2019-10-04   -0.06762551    0.03579306  231
DRAO 2019-10-05 2021-11-29    0.32839062    0.01772393  728
DRAO 2021-11-30 2025-12-30    0.12396814    0.01276048 1401
DUBO 1996-10-22 1998-02-13    0.73106211    0.01721300  381
DUBO 1998-02-14 1998-10-04    1.38901578    0.06032997  127
DUBO 1998-10-05 1999-08-15    0.78011534    0.01998442  293
DUBO 1999-10-05 2000-03-26    0.21392879    0.02178412  169
DUBO 2000-03-27 2000-10-17    0.80822393    0.04991288  161
DUBO 2000-10-18 2003-01-17    0.39061568    0.01402744  643
DUBO 2003-01-18 2004-01-01    0.54610293    0.02645683  268
DUBO 2004-01-02 2008-11-28    0.38077604    0.00945449 1562
DUBO 2008-11-29 2012-03-09    0.12753765    0.01051549 1079
DUBO 2012-03-10 2019-01-06   -0.08129389    0.00776324 2248
DUBO 2019-01-07 2022-12-31   -0.26923573    0.00980116 1338
DUBO 2023-01-01 2023-09-21   -0.08661613    0.02329200  255
DUBO 2023-09-22 2025-12-30   -0.26096414    0.01625817  531
DUM1 1998-01-04 1999-03-02    0.33770547    0.01489595  324
DUM1 1999-03-03 1999-08-11   -0.00237813    0.02200946  143
DUM1 1999-08-12 2000-02-23    0.28560801    0.01968340  183
DUM1 2000-02-24 2002-02-02    0.48480437    0.01021575  668
DUM1 2002-02-03 2002-08-07    0.34959720    0.02200039  146
DUM1 2002-08-08 2004-05-25    0.57280375    0.01087865  601
DUM1 2004-05-26 2004-11-04    0.25827307    0.02141023  128
DUM1 2004-11-05 2005-03-20    0.43466666    0.02655933  130
DUM1 2005-03-21 2005-09-27    0.75578544    0.01898328  182
DUM1 2005-09-28 2006-09-15    0.46536644    0.01434912  347
DUM1 2006-09-16 2007-07-23    0.56987273    0.01570964  300
DUM1 2007-07-24 2009-04-29    0.69550196    0.01227310  483
DUM1 2009-04-30 2010-08-06    0.50880890    0.01267619  430
DUM1 2010-08-07 2011-08-09    0.40443969    0.01734277  265
DUM1 2011-08-10 2012-06-05    0.29111346    0.01579233  289
DUM1 2012-06-06 2013-06-07    0.04908200    0.01615800  281
DUM1 2013-06-08 2013-12-30   -0.18141054    0.02125348  134
EIL1 1999-03-06 2000-03-28    0.26862598    0.01587045  370
EIL1 2000-03-29 2001-02-08   -0.09327242    0.02219596  222
EIL1 2001-02-09 2004-08-05    0.05652513    0.01451394  613
EIL1 2004-08-06 2005-09-17    0.37503562    0.02174276  225
EIL1 2005-09-18 2006-05-15    0.10457400    0.01761717  240
EIL1 2006-05-17 2007-01-11    0.32085532    0.02485584  231
EIL1 2007-01-12 2010-07-19    0.16756410    0.00950225 1099
EISL 1994-05-04 2000-02-23   -0.92097549    0.03518045  898
EISL 2000-03-16 2002-07-26   -1.07427617    0.04864635  401
EISL 2002-07-27 2004-12-12   -0.73881981    0.04460534  498
EPRT 1998-10-03 2000-09-05    0.44877664    0.02211087  476
EPRT 2000-09-06 2001-11-05    0.73778741    0.02598002  384
EPRT 2001-11-06 2003-10-13    0.23859153    0.01881380  671
EPRT 2003-10-14 2004-04-21    0.34385890    0.03165946  140
EPRT 2004-04-22 2010-03-06    0.16722890    0.01247715 1489
EPRT 2010-03-07 2018-01-31    0.08571367    0.02194807  578
EPRT 2018-02-01 2018-10-02    0.74906833    0.05649820  134
EPRT 2018-10-03 2019-03-21    0.24429081    0.04039176  120
ETAD 2007-11-27 2008-10-29    0.13134190    0.04984204  212
ETAD 2008-10-30 2010-01-19   -0.11563635    0.05267278  193
ETAD 2010-01-20 2013-10-02    0.19222956    0.04465149  283
FAA1 2006-10-18 2014-03-04    0.96669315    0.02867812 1851
FAA1 2014-03-05 2016-06-07    0.26085338    0.08069931  239
FAA1 2016-06-08 2017-11-17    1.04778126    0.05481800  498
FAA1 2017-11-18 2019-08-04    1.77615666    0.06263844  390
FAA1 2019-08-05 2021-07-21    2.40231695    0.04658926  697
FAA1 2021-07-22 2024-01-20    1.83510002    0.04285440  820
FAA1 2024-01-21 2024-11-02    1.05187492    0.08084345  238
FAA1 2024-11-03 2025-12-30    1.71639804    0.06128647  401
FAIR 1994-01-06 1994-10-05    1.55404675    0.02584065  181
FAIR 1994-10-06 1996-04-23    1.17271391    0.01517607  362
FAIR 1996-04-24 1998-01-28    0.58398253    0.01298480  599
FAIR 1998-01-29 2000-03-28    0.32252020    0.01240390  587
FAIR 2000-03-29 2007-05-04    0.67773599    0.00643307 2364
FAIR 2007-05-05 2015-01-04    0.54518765    0.00605542 2699
FAIR 2015-01-05 2015-11-24    0.40033606    0.02121248  268
FAIR 2015-11-25 2017-02-23    0.35052418    0.01464504  411
FAIR 2017-02-24 2017-10-21    0.48053949    0.02852070  205
FAIR 2017-10-22 2018-03-03    1.45662310    0.02220358  133
FAIR 2018-03-04 2021-01-23    1.25628355    0.00988490 1024
FAIR 2021-01-24 2021-12-24    0.96516848    0.01774218  325
FAIR 2021-12-25 2022-12-18    0.86343957    0.01807390  320
FAIR 2022-12-19 2024-12-12    1.17190739    0.01295577  610
FAIR 2024-12-13 2025-12-30    1.49477056    0.02730136  214
FAIV 2009-12-13 2012-02-09   -0.02633294    0.01949661  234
FAIV 2012-02-10 2012-10-11    0.19889278    0.02380781  200
FAIV 2012-10-12 2013-08-09    0.12130362    0.01715953  234
FAIV 2013-08-10 2015-04-27    0.08499865    0.01456734  347
FAIV 2015-04-28 2015-11-24   -0.21851918    0.02761129  147
FAIV 2015-11-25 2017-10-05    0.00146195    0.01282792  521
FALE 1996-11-15 1997-10-23   -0.18967737    0.09418315  245
FALE 1997-10-24 1998-03-29    0.21219969    0.12140411  137
FALE 1998-03-30 1999-04-27   -0.37778177    0.08182164  328
FALE 1999-04-28 2001-08-17   -0.21901227    0.05846747  661
FALE 2001-08-18 2007-01-14    0.36879751    0.04146078 1304
FALE 2007-01-15 2008-11-03    0.66898727    0.06881597  451
FALE 2008-11-04 2017-12-27    0.13132807    0.03201444 2201
FLIN 1996-06-06 1996-12-02    0.97094083    0.03589865  168
FLIN 1996-12-03 1997-11-03    0.67642974    0.02130270  256
FLIN 1997-11-04 1999-09-26    0.87546600    0.01378535  580
FLIN 1999-09-27 2008-05-30    0.46585503    0.00643417 2645
FLIN 2008-05-31 2011-05-30    0.27604636    0.01040774  994
FLIN 2011-05-31 2012-01-15   -0.18154390    0.02593254  207
FLIN 2012-01-16 2012-10-13    0.12582722    0.03230338  190
FLIN 2012-10-14 2013-11-23   -0.09371999    0.02012669  295
FLIN 2013-11-24 2015-03-09   -0.36860419    0.01598656  376
FLIN 2015-03-24 2017-03-31    0.07305773    0.01300164  658
FLIN 2017-04-01 2022-06-08   -0.13500185    0.00861620 1619
FLIN 2022-06-09 2024-01-30   -0.04595563    0.01976944  318
FLIN 2024-01-31 2025-12-30   -0.09874966    0.01361753  633
FLRS 2008-07-15 2018-01-13   -0.03837430    0.01485327 3000
FLRS 2018-01-14 2019-02-19    0.12908511    0.05254419  261
FLRS 2019-02-20 2020-06-30    0.23240029    0.03816018  445
FLRS 2020-07-01 2025-12-30   -0.21261294    0.01901856 1854
FORT 1994-01-12 1995-09-09   -0.11954191    0.10821292  208
FORT 1995-09-10 1997-10-03   -1.10146916    0.06660758  512
FORT 1997-10-04 1999-04-04   -2.37305578    0.10726895  198
FORT 1999-04-18 2006-04-08   -2.87002953    0.04484520 1160
FRDN 2014-01-02 2015-09-30    0.12015717    0.01844590  588
FRDN 2015-10-01 2022-12-05    0.24606224    0.00893441 2440
FRDN 2022-12-07 2025-12-30    0.15059588    0.01404977  985
FTNA 2017-01-30 2019-02-10   -0.36727916    0.05833889  627
FTNA 2019-02-11 2022-10-25   -1.03050106    0.04279418 1142
FTNA 2022-10-26 2023-08-13   -0.66428218    0.09185956  266
FUNC 2014-01-02 2015-04-05    0.95472605    0.05365321  200
FUNC 2015-04-06 2017-06-15    0.42893548    0.02928280  667
FUNC 2017-06-16 2018-02-23    0.79204112    0.05472093  217
FUNC 2018-02-24 2022-01-14    0.67823170    0.02123475 1298
FUNC 2022-01-15 2025-12-30    0.52001153    0.02164242 1257
GALA 1996-02-04 2000-08-29    0.55661150    0.06108146  347
GALA 2000-08-30 2002-11-08    0.82486810    0.04934969  497
GANP 2003-10-14 2005-03-17    0.48681182    0.01641465  503
GANP 2005-03-18 2007-05-21    0.39900035    0.01423715  762
GANP 2007-05-22 2008-02-21    0.30515229    0.02584255  238
GANP 2008-02-22 2009-04-03    0.19419859    0.01932565  392
GANP 2009-04-04 2010-04-24    0.04403066    0.02040583  371
GANP 2010-04-25 2011-01-12   -0.09116383    0.02891660  246
GANP 2011-01-13 2012-02-23    0.16617867    0.01876705  397
GANP 2012-02-24 2014-07-05    0.03955991    0.01384060  817
GANP 2014-07-06 2017-01-20    0.29760109    0.01617527  645
GANP 2017-01-21 2018-04-13    0.59210657    0.01771833  435
GANP 2018-04-14 2020-11-27    0.88536127    0.01538565  791
GANP 2020-11-28 2024-02-01    0.76370617    0.01218824 1049
GANP 2024-02-02 2025-12-30    0.67581321    0.01576083  659
GLPS 2003-01-08 2003-07-08   -0.03996841    0.07405818  172
GLPS 2003-07-09 2006-10-16   -0.13742441    0.03375826  762
GLPS 2006-10-17 2007-05-30    0.18438941    0.08382842  139
GLPS 2007-05-31 2010-08-17    0.10739838    0.03098162  891
GLPS 2010-08-18 2013-08-08    0.40506179    0.04387481  451
GLPS 2013-08-09 2015-01-05   -0.18191313    0.04351198  459
GLPS 2015-01-06 2015-06-20    0.16609423    0.09035169  125
GLPS 2015-06-21 2016-12-02   -0.45772249    0.05297039  290
GLPS 2016-12-03 2018-03-22    0.33485828    0.04380644  453
GLPS 2018-03-23 2020-02-29   -0.04391952    0.03722437  618
GLPS 2020-03-01 2022-07-12   -0.58077419    0.03514445  718
GLPS 2022-07-13 2023-01-27   -1.04791739    0.06310823  199
GLPS 2023-01-28 2025-03-01   -1.58018896    0.04137019  478
GLPS 2025-03-02 2025-12-30   -1.51394234    0.05746889  249
GLSV 1998-03-22 1998-09-05    0.73095410    0.05142180  136
GLSV 1998-09-06 1999-11-06    1.04970683    0.05128697  153
GLSV 1999-11-07 2000-11-24    0.46452221    0.02403288  362
GLSV 2000-11-25 2001-06-15    0.54337531    0.02855619  190
GLSV 2001-06-16 2002-06-30    0.42871371    0.02491491  307
GLSV 2002-07-01 2005-03-17    0.48744822    0.01473628  893
GLSV 2005-03-18 2005-11-16    0.86442184    0.03581141  238
GLSV 2005-11-17 2008-02-10    0.52454021    0.01736487  677
GLSV 2008-02-11 2009-12-02    0.10935174    0.01895987  623
GLSV 2009-12-03 2013-04-09    0.36495532    0.01289232 1149
GLSV 2013-04-10 2013-09-21   -0.09355253    0.05156591  148
GLSV 2013-09-22 2018-08-05    0.29146728    0.01086998 1706
GLSV 2018-08-06 2020-01-01    0.48643478    0.02074691  495
GLSV 2020-01-02 2020-06-11    0.33481617    0.03828461  123
GLSV 2020-06-12 2020-11-14    0.90839585    0.05086909  150
GLSV 2020-11-15 2025-12-29    0.29580865    0.01351883 1181
GMAS 2003-04-13 2010-04-17   -0.61789635    0.04517986  344
GMAS 2010-04-18 2011-12-09   -0.63725560    0.06344836  207
GMAS 2011-12-10 2012-05-07    0.14286217    0.06376996  142
GMAS 2012-05-08 2012-11-17   -0.96542486    0.06885396  184
GMAS 2012-11-18 2013-03-31    0.28080887    0.07279907  120
GMSD 2003-12-21 2007-07-05   -0.00334076    0.03075895  978
GMSD 2007-07-06 2019-11-22    0.01721590    0.01544891 3960
GMSD 2019-11-23 2025-12-30    0.37593611    0.03664568  640
GODE 1994-01-06 1995-04-09    0.47783436    0.04070487  134
GODE 1995-04-10 1995-11-02    0.66235928    0.05345359  161
GODE 1995-11-03 1996-06-05    0.73037590    0.03399836  208
GODE 1996-06-06 1997-05-23    0.89672941    0.03281860  230
GODE 1997-05-24 1997-10-03    1.08822015    0.07207417  121
GODE 1997-10-04 1998-05-31    0.83034704    0.04214729  142
GODE 1998-06-02 2003-09-14    0.34305905    0.04332298  138
GODE 2003-09-19 2014-05-14    0.71627311    0.04434763  122
GODE 2014-05-15 2014-10-22    0.56327123    0.06156401  145
GODE 2014-10-23 2015-04-29    0.72992987    0.03412741  189
GODE 2015-04-30 2022-01-01    1.10968033    0.01186575 2144
GODE 2022-01-02 2025-12-30    0.94771424    0.01483611 1389
GODZ 1999-05-05 2000-12-12    0.18825419    0.04868059  181
GODZ 2000-12-13 2004-02-03    0.45117297    0.02129840  728
GODZ 2004-02-04 2007-11-25    0.76165725    0.01738256 1219
GODZ 2007-11-26 2008-10-24    0.61474623    0.04011861  245
GODZ 2008-10-25 2009-03-02    0.19737218    0.04229830  126
GODZ 2009-03-03 2014-01-02    0.60357077    0.01539822 1552
GODZ 2014-01-03 2015-08-14    0.66849993    0.02551971  540
GODZ 2015-08-15 2017-05-16    0.85186715    0.02427764  465
GODZ 2017-05-17 2017-10-16    1.74854592    0.07487260  140
GODZ 2017-10-17 2018-04-26    0.94621032    0.03814333  171
GODZ 2018-04-27 2018-10-16    2.03004208    0.06837112  163
GODZ 2018-10-17 2019-04-09    0.87458939    0.03771988  169
GODZ 2019-04-10 2019-10-10    1.90474473    0.07243526  125
GODZ 2019-10-11 2020-05-16    1.00656303    0.03507431  213
GODZ 2020-05-17 2020-10-20    1.69015212    0.07270092  143
GODZ 2020-10-21 2021-05-20    0.81547960    0.03960141  163
GODZ 2021-05-21 2021-10-15    1.89910085    0.07567772  138
GODZ 2021-10-16 2022-04-29    0.75341822    0.03657470  183
GODZ 2022-04-30 2022-09-17    1.69273317    0.07797217  137
GODZ 2022-09-18 2023-05-14    0.76232655    0.03416767  235
GODZ 2023-05-15 2024-02-01    1.32831855    0.06778822  156
GOL2 1999-03-10 2018-07-15    0.51925204    0.02144137  502
GOL2 2018-07-16 2020-04-20    0.33069573    0.01930364  543
GOL2 2020-04-21 2022-07-30    0.48107036    0.01790518  736
GOL2 2022-08-02 2024-07-11    0.28028003    0.01877954  578
GOL2 2024-07-12 2025-12-30    0.53956488    0.02390577  378
GOLD 1994-01-06 1995-10-10    0.77445079    0.03213629  372
GOLD 1995-10-11 1996-05-26    0.18471613    0.03444920  189
GOLD 1996-05-27 1997-05-09    0.55613602    0.03106939  295
GOLD 1997-05-10 1998-01-12    0.35428024    0.04325281  153
GOLD 1998-01-13 1998-07-18    0.30748321    0.04466595  152
GOLD 1998-07-19 2000-10-06    0.79059962    0.07534991  128
GOLD 2000-10-07 2001-03-20    0.15994745    0.03708733  153
GOLD 2001-03-21 2002-04-01    0.34653137    0.02863679  354
GOLD 2002-04-02 2002-11-18    0.76689648    0.04288264  222
GOLD 2002-11-19 2007-08-04    0.38634704    0.01323084 1613
GOLD 2007-08-05 2016-06-27    0.25351820    0.00973745 2977
GOLD 2016-06-30 2017-01-12    0.74011667    0.04129994  177
GOLD 2017-01-13 2022-07-30    0.43166103    0.01366330 1569
GOLD 2022-08-02 2023-05-17    0.29349705    0.03079291  261
GOLD 2023-05-18 2024-04-21    0.22734448    0.03012218  312
GOLD 2024-04-22 2025-12-30    0.50137622    0.02310624  582
GOPE 1995-09-17 1998-02-09   -1.08616224    0.01632726  626
GOPE 1998-02-10 1999-01-26   -0.98140151    0.02621735  276
GOPE 1999-01-27 1999-11-02   -1.08796730    0.02675311  258
GOPE 1999-11-08 2000-09-08   -0.92054194    0.02259055  290
GOPE 2000-09-09 2001-10-04   -0.21868778    0.02135734  357
GOPE 2001-10-05 2006-08-30    0.30199363    0.00955839 1694
GOPE 2006-08-31 2009-03-05    0.70187316    0.01322154  870
GOPE 2009-03-10 2010-02-18    0.45223242    0.02422569  299
GOPE 2010-02-19 2014-04-21    0.26638329    0.01030494 1449
GOPE 2014-04-23 2014-10-04    0.12282378    0.04285504  160
GOPE 2014-10-05 2015-10-31    0.46087252    0.02059689  376
GOPE 2015-11-01 2016-07-30    0.24698151    0.02297684  261
GOPE 2016-07-31 2018-04-08    0.46793718    0.01577885  590
GOPE 2018-04-09 2018-09-03    0.93798526    0.04420852  142
GOPE 2018-09-04 2019-03-19    0.32035222    0.02515235  196
GOPE 2019-03-20 2020-12-23    0.57442373    0.01658872  623
GOPE 2020-12-24 2024-06-19    0.35243265    0.01108512 1229
GOPE 2024-06-20 2025-12-30    0.42558465    0.01827649  468
GOUG 1998-01-16 2003-08-11    0.04897168    0.02111124 1335
GOUG 2003-08-12 2004-12-19   -0.39677168    0.04488557  294
GOUG 2004-12-20 2008-09-17    0.07737748    0.04149582  365
GRAS 1995-02-23 1997-02-11   -0.08901289    0.02493242  439
GRAS 1997-02-15 1999-04-14    0.09565519    0.02169037  664
GRAS 1999-04-15 1999-11-22   -0.35654419    0.05818111  146
GRAS 1999-11-25 2001-05-10   -0.14109721    0.03040930  317
GRAS 2001-05-11 2003-09-11    0.14166839    0.02207382  717
GRAS 2003-09-12 2008-02-06    0.26451488    0.01495183 1378
GRAS 2008-02-07 2011-10-03    0.15515724    0.01614824 1228
GRAS 2011-10-04 2016-07-31   -0.06625405    0.01333940 1703
GRAS 2016-08-01 2020-03-31    0.20238717    0.01517439 1278
GRAS 2020-04-01 2024-05-09    0.29873852    0.01494493 1354
GRAS 2024-05-10 2024-11-27   -0.02173121    0.05133663  196
GRAS 2024-11-28 2025-12-30    0.27525114    0.02840636  375
GRAZ 1994-01-06 1995-02-07    0.69181450    0.02574270  340
GRAZ 1995-02-08 1995-12-11    0.42326724    0.03074542  284
GRAZ 1995-12-12 1996-06-27    0.56064005    0.03375455  161
GRAZ 1996-06-28 1996-12-23    0.22135949    0.04266290  174
GRAZ 1996-12-24 1999-01-25    0.32771978    0.01780241  695
GRAZ 1999-01-26 2001-03-20    0.07172380    0.01765348  690
GRAZ 2001-03-21 2002-02-09    0.63877963    0.02990889  285
GRAZ 2002-02-10 2003-08-06    0.30721009    0.02170701  504
GRAZ 2003-08-07 2004-11-14    0.17888638    0.02795687  305
GRAZ 2004-11-15 2006-02-15    0.25431505    0.02492486  354
GRAZ 2006-02-16 2006-11-06    0.07588681    0.03509126  238
GRAZ 2006-11-07 2007-04-14    0.38671115    0.03060128  152
GRAZ 2007-04-15 2008-11-04    0.28803109    0.02252923  543
GRAZ 2008-11-05 2012-12-18    0.17579860    0.01242411 1442
GRAZ 2012-12-19 2014-11-19    0.00760335    0.01905594  653
GRAZ 2014-11-20 2016-07-24    0.12419094    0.02081563  506
GRAZ 2016-07-26 2025-12-30    0.40325912    0.00842356 3236
GUAM 1995-02-03 1996-06-02   -1.38889881    0.08885026  188
GUAM 1996-06-03 1997-02-07   -0.10869035    0.10538026  122
GUAM 1997-02-08 1998-07-03   -0.87569965    0.08006147  229
GUAM 1998-07-04 2003-05-13   -1.30572588    0.03726824 1037
GUAM 2003-05-14 2010-06-18   -0.78127005    0.02433844 2436
GUAM 2010-06-19 2017-09-26   -0.34320761    0.02534110 2212
GUAM 2017-09-27 2020-02-11    0.57200214    0.05142776  567
GUAM 2020-02-12 2022-03-19    0.03133395    0.05049788  551
GUAM 2022-03-20 2025-12-30   -0.43396935    0.03528370 1162
GUAO 2002-06-16 2003-02-06   -0.17600097    0.02862539  124
GUAO 2003-02-07 2003-10-31   -0.79824169    0.04336810  187
GUAO 2003-11-01 2005-10-12   -0.41020109    0.01571030  647
GUAO 2005-10-13 2006-11-20   -0.18290023    0.04135585  192
GUAO 2006-11-21 2008-07-08   -0.28383393    0.01681702  422
GUAO 2008-07-09 2008-12-11   -1.12990957    0.04131491  146
GUAO 2008-12-12 2011-01-02   -0.79974235    0.02028255  417
GUAO 2011-01-03 2012-04-02   -0.18979703    0.02245281  269
GUAO 2012-04-03 2012-10-28   -0.64872516    0.05041648  169
GUAO 2012-10-29 2013-03-21   -0.49513776    0.02576139  132
GUAO 2013-03-22 2013-12-30   -0.29171663    0.03758995  220
GUAT 2000-07-29 2001-03-05   -1.09719583    0.06750297  209
GUAT 2001-03-06 2002-12-08   -0.59896544    0.04515152  494
GUAT 2002-12-09 2004-10-23   -0.41388782    0.04160007  570
GUAT 2004-10-24 2005-09-02   -0.67392185    0.08453029  149
GUAT 2005-09-03 2006-01-14    0.00054693    0.08592579  127
GUAT 2006-01-15 2009-11-12   -0.39975407    0.02865700 1238
GUAT 2009-11-13 2010-07-19   -0.01185181    0.06608742  241
GUAT 2010-07-20 2018-09-19   -0.31235400    0.02070593 2337
GUAT 2018-09-20 2023-09-09   -0.47294751    0.03110098 1033
GUAT 2023-09-10 2025-02-12   -0.88470465    0.05316533  346
GUUG 2003-08-29 2005-04-11   -0.23325265    0.04722738  545
GUUG 2005-04-12 2005-12-30    0.30860386    0.07113331  229
GUUG 2005-12-31 2008-06-15   -0.17901193    0.04160205  668
GUUG 2008-06-16 2008-11-02   -0.75853317    0.08685137  135
GUUG 2008-11-03 2017-09-26   -0.13631118    0.01993477 2983
GUUG 2017-09-27 2019-06-07    0.39241236    0.04519362  596
GUUG 2019-06-08 2020-04-30    0.99586215    0.06214767  302
GUUG 2020-05-01 2024-09-20    0.44772792    0.02837510 1442
HARB 2000-08-12 2001-08-17    0.49913945    0.03573005  307
HARB 2001-08-18 2003-05-20    0.42848488    0.02685091  574
HARB 2003-05-21 2004-09-22    0.41207883    0.02756219  331
HARB 2004-09-23 2005-12-26    0.93903760    0.02996158  426
HARB 2005-12-27 2006-09-13    0.35742565    0.03393223  257
HARB 2006-09-14 2007-02-26    1.02877886    0.06956387  163
HARB 2007-02-27 2009-05-06    0.58796291    0.04008126  433
HARB 2009-05-07 2010-05-06    0.39017451    0.04946152  253
HARB 2010-05-07 2011-04-07    0.03934200    0.03208745  331
HARB 2011-04-08 2011-12-20   -0.09446584    0.03497270  212
HARB 2011-12-21 2013-07-05    0.13268516    0.02575746  545
HARB 2013-07-06 2022-03-10   -0.00254505    0.01072245 2948
HARB 2022-03-11 2023-07-20   -0.31959858    0.02552757  475
HARB 2023-07-21 2025-12-30   -0.09271724    0.02032021  830
HERS 1994-01-22 1999-03-09    0.48732515    0.02793026  369
HERS 1999-03-10 2000-04-21    1.57054984    0.02902869  343
HERS 2000-04-22 2000-12-16    1.15819853    0.04195397  214
HERS 2000-12-17 2001-05-11    1.49010593    0.03816207  135
HERS 2001-05-12 2001-12-21    0.64063362    0.05289119  122
HERS 2001-12-22 2004-07-28    0.32543595    0.01711222  928
HERS 2004-07-29 2005-04-22    0.60234545    0.03237121  235
HERS 2005-04-23 2006-03-26    0.49700209    0.03060829  319
HERS 2006-03-27 2006-12-13    0.25122968    0.03683461  247
HERS 2006-12-14 2010-08-28    0.53030763    0.01470103 1259
HERS 2010-08-29 2011-05-30    0.04569790    0.03015224  271
HERS 2011-05-31 2016-07-23   -0.17456898    0.01276594 1783
HERS 2016-07-24 2025-12-30    0.18375571    0.00927248 3275
HERT 2003-03-20 2004-07-28    0.16422883    0.02428448  478
HERT 2004-07-29 2005-04-22    0.45949047    0.03204727  232
HERT 2005-04-23 2007-01-30    0.30222114    0.02257928  582
HERT 2007-01-31 2011-05-30    0.40494350    0.01342289 1494
HERT 2011-05-31 2012-01-03    0.18903769    0.04257862  213
HERT 2012-01-04 2016-09-05    0.24490078    0.01319061 1614
HERT 2016-09-06 2022-05-13    0.53989219    0.01158383 2011
HERT 2022-05-14 2025-12-30    0.44061742    0.01550418 1188
HLFX 2002-12-21 2005-03-07    0.00955593    0.01783960  732
HLFX 2005-03-08 2006-01-14   -0.08288766    0.03396631  269
HLFX 2006-01-15 2008-11-30    0.00876669    0.01641617  969
HLFX 2008-12-01 2013-04-22    0.04248893    0.01253280 1514
HLFX 2013-04-23 2017-02-24    0.00575469    0.01397810 1280
HLFX 2017-02-25 2021-08-06    0.13235526    0.01309748 1499
HLFX 2021-08-07 2025-12-30    0.21451675    0.01309186 1457
HNLC 1997-06-20 1999-12-02   -0.44734822    0.04072956  788
HNLC 1999-12-03 2000-09-13   -0.79700643    0.06914997  254
HNLC 2000-09-14 2001-03-30   -0.47628313    0.08497291  183
HNLC 2001-03-31 2001-12-20    0.25945737    0.09460631  162
HNLC 2001-12-21 2003-09-08    0.01918818    0.04677268  572
HNLC 2003-09-09 2004-01-20   -0.45780378    0.10795797  124
HNLC 2004-01-21 2005-11-11    0.21104482    0.05553190  399
HNLC 2005-11-12 2018-02-27   -0.01480440    0.02060816 3006
HNLC 2018-02-28 2025-12-20    0.23466481    0.03671528  961
HNPT 1995-12-21 1997-04-26    0.25777746    0.03576739  350
HNPT 1997-04-27 1998-01-04    1.05676210    0.05040352  229
HNPT 1998-01-05 1998-10-08    0.71569073    0.04510172  244
HNPT 1998-10-09 2000-02-21    1.13538261    0.03703893  329
HNPT 2000-02-22 2000-10-29   -0.26779731    0.08037743  148
HNPT 2000-10-30 2002-04-18    0.12926792    0.02916979  448
HNPT 2002-04-19 2002-09-05    0.90989617    0.08893893  120
HNPT 2002-09-06 2007-04-12    0.32052663    0.01703228 1514
HNPT 2007-04-13 2008-01-10    0.76905868    0.04673506  259
HNPT 2008-01-11 2015-04-03    0.36519297    0.01335295 2438
HNPT 2015-04-04 2015-08-14   -0.03078747    0.07875726  126
HNPT 2015-08-15 2019-04-29    0.62746590    0.01939977 1135
HNPT 2019-04-30 2019-10-13    1.39262323    0.08266723  137
HNPT 2019-10-14 2022-04-30    0.64676738    0.02545834  599
HNPT 2022-05-01 2025-12-30    0.38868445    0.04171202  257
HOB2 1995-12-02 1998-03-01    0.04094695    0.03403056  270
HOB2 1998-03-02 1998-08-12   -0.15696359    0.04409729  148
HOB2 1998-08-13 1999-09-01   -0.47698713    0.03821814  204
HOB2 1999-09-02 2000-10-25   -0.00051863    0.03114752  317
HOB2 2000-10-26 2002-05-15   -0.24555295    0.02516153  527
HOB2 2002-05-16 2004-12-03    0.30629719    0.01809765  902
HOB2 2004-12-04 2017-11-25    0.37709337    0.00830274 4472
HOB2 2017-11-26 2021-05-10    0.56841038    0.01605969 1227
HOB2 2021-05-11 2022-01-23    0.30746765    0.03460131  233
HOB2 2022-01-24 2024-05-19    0.47801658    0.01948603  827
HOB2 2024-05-20 2025-12-30    0.33713267    0.02277659  568
HOFN 1997-06-30 2000-04-28   -0.53073433    0.03024360  224
HOFN 2000-04-29 2002-03-20    0.44636634    0.03402613  160
HOFN 2002-03-21 2004-07-04    0.42947746    0.01684542  772
HOFN 2004-07-05 2006-11-01    0.59317396    0.02306178  504
HOFN 2006-11-02 2011-09-14    0.39242656    0.01305877 1270
HOFN 2011-09-15 2012-02-09   -0.00989531    0.03703960  143
HOFN 2012-02-10 2013-05-02    0.50421725    0.02169522  430
HOFN 2013-05-03 2015-04-20    0.06848719    0.01783182  678
HOFN 2015-04-21 2016-12-30    0.26405655    0.01944039  600
HOFN 2016-12-31 2019-05-17    0.38778267    0.01605808  799
HOFN 2019-05-18 2019-12-01    0.81111595    0.03760533  194
HOFN 2019-12-02 2023-03-30    0.40308439    0.01349512 1152
HOFN 2023-03-31 2023-12-11    0.56700170    0.03316549  232
HOFN 2023-12-12 2025-12-30    0.26823249    0.01701524  737
HOLB 1994-01-06 1996-07-24    0.27523457    0.01788841  723
HOLB 1996-07-25 2001-03-19    0.18984455    0.01210423 1557
HOLB 2001-03-20 2001-12-18    0.55582574    0.03083404  266
HOLB 2001-12-25 2002-10-21   -0.33150053    0.02968255  261
HOLB 2002-10-22 2005-11-20    0.03695137    0.01493865  974
HOLB 2005-11-21 2007-02-06    0.22122672    0.02988866  273
HOLB 2007-02-07 2012-05-26   -0.16769854    0.01333680 1188
HOLB 2012-05-27 2023-04-23   -0.29985998    0.01778966  693
HOLB 2023-04-24 2025-12-30    0.06488100    0.01651775  842
HOLM 2001-09-02 2002-09-07    0.25567515    0.01420009  286
HOLM 2002-09-08 2003-12-04    0.51268142    0.01194235  398
HOLM 2003-12-05 2005-02-22    0.45221397    0.01155535  354
HOLM 2005-02-23 2006-01-17    0.60696985    0.01397206  301
HOLM 2006-01-18 2006-12-19    0.45008331    0.01342522  308
HOLM 2006-12-20 2008-02-17    0.62814704    0.01428944  283
HOLM 2008-02-18 2010-11-09    0.50843690    0.00798434  888
HOLM 2010-11-10 2012-11-22    0.26905941    0.01221843  448
HOLM 2012-11-23 2014-12-29    0.31599328    0.00869572  653
HOLM 2014-12-30 2017-06-26    0.14241799    0.01322160  430
HOLM 2017-06-27 2025-12-30    0.35583713    0.01940408  320
HRAO 1996-09-28 1998-07-26    0.58570153    0.04239295  205
HRAO 1998-07-27 2000-06-19    0.29894832    0.02832894  514
HRAO 2000-06-20 2001-08-17    0.53032078    0.02983821  402
HRAO 2001-08-18 2003-04-23    0.39279278    0.02966443  576
HRAO 2003-04-24 2004-01-04    0.03563716    0.03702610  235
HRAO 2004-01-05 2004-09-22    0.46147465    0.03948186  162
HRAO 2004-09-23 2005-03-24    0.98385060    0.07653169  168
HRAO 2005-03-25 2005-12-26    1.31706403    0.06237406  133
HRAO 2005-12-27 2007-06-14    0.37641903    0.03106894  398
HRAO 2007-06-15 2010-05-06    0.15146671    0.02710753  666
HRAO 2010-05-07 2013-07-05   -0.16780449    0.02027356  990
HRAO 2013-07-06 2014-04-03   -0.39651168    0.04352017  266
HRAO 2014-04-04 2022-03-10   -0.12160714    0.01301048 2431
HRAO 2022-03-11 2023-07-20   -0.40798657    0.02753346  485
HRAO 2023-07-21 2025-12-30   -0.10453891    0.02176572  872
HRM1 1999-03-26 2004-07-31    0.31149253    0.01166879 1896
HRM1 2004-08-01 2005-04-28    0.59914057    0.03006870  242
HRM1 2005-04-29 2010-11-02    0.45993253    0.01170673 1928
HYDE 2002-10-30 2003-06-22    1.92536820    0.08292250  168
HYDE 2003-06-23 2005-01-02   -0.06369882    0.08641530  179
HYDE 2005-01-03 2005-06-14    1.20194953    0.09769891  122
HYDE 2005-06-15 2005-11-05   -0.54111665    0.10755005  126
HYDE 2005-11-06 2009-09-26    0.90751779    0.03034731 1360
HYDE 2009-09-27 2012-03-13    0.45596181    0.04032797  726
HYDE 2012-03-14 2014-12-08    0.24924527    0.04294470  713
HYDE 2014-12-09 2015-09-17    0.54680514    0.06868610  253
HYDE 2015-09-18 2019-01-09    1.16995649    0.04201907  725
HYDE 2019-01-10 2019-05-29    0.35253363    0.09686700  127
HYDE 2019-05-30 2020-08-10    1.35315755    0.06489045  281
HYDE 2020-08-11 2023-07-19   -0.20228490    0.03788345  906
HYDE 2023-07-20 2024-02-07    0.52412035    0.08154672  173
HYDE 2024-02-08 2025-08-12   -0.20240586    0.08952094  171
IDDR 2008-04-06 2009-05-09    0.40301291    0.02654018  129
IDDR 2009-05-10 2011-02-13    0.23822957    0.01487641  542
IDDR 2011-02-14 2014-12-10    0.29723463    0.00987160 1185
IDDR 2014-12-11 2025-12-30    0.14998868    0.00717971 2245
IISC 1998-01-02 2003-01-04   -0.35756336    0.05043830  440
IISC 2003-01-05 2004-01-12   -0.10916463    0.06734933  267
IISC 2004-01-13 2004-11-16   -1.20095891    0.08256893  176
IISC 2004-11-17 2005-04-03    0.08353683    0.08622071  128
IISC 2005-04-04 2006-07-28   -0.47321209    0.06053926  313
IISC 2006-07-29 2008-01-02    0.45527668    0.04902192  475
IISC 2008-01-03 2010-07-05    0.09917550    0.04118163  664
IISC 2010-07-06 2011-02-15   -0.72348817    0.06893123  221
IISC 2011-02-16 2018-03-13   -0.17028118    0.02259349 2164
IISC 2018-03-14 2020-03-02    0.53691978    0.04065583  670
IISC 2020-03-03 2021-12-02   -0.65883157    0.04364115  616
IISC 2021-12-03 2023-12-28   -1.48254355    0.04072153  677
IISC 2023-12-29 2024-09-17   -0.65265418    0.07393480  210
IISC 2024-09-18 2025-12-30   -0.95867174    0.06031212  324
ILHA 2008-02-07 2009-05-05    0.59919951    0.06295735  387
ILHA 2009-05-06 2010-02-21    0.40289947    0.12663395  124
ILHA 2010-02-22 2013-06-09    0.41453813    0.05156805  469
IMPZ 1998-02-19 2003-06-24    0.58961411    0.06991536  372
IMPZ 2003-06-25 2012-08-27   -0.83134428    0.03321267 1472
IMPZ 2012-08-28 2018-12-10   -0.60703443    0.04591646  794
IMPZ 2018-12-11 2024-04-26   -0.87393220    0.05813943  487
IMPZ 2024-04-27 2025-12-30   -1.51499845    0.09882251  195
INEG 1999-12-01 2006-07-04   -0.20991424    0.03628870  373
INEG 2006-07-05 2012-11-24   -0.08726408    0.02150502 1270
INEG 2012-11-25 2013-07-30    0.48562649    0.04683576  234
INEG 2013-07-31 2014-10-09    0.08765189    0.04585249  283
INEG 2014-10-12 2015-10-03   -0.12494387    0.04542735  283
INEG 2015-10-04 2022-09-30   -0.32382699    0.01730345 1929
INEG 2022-10-01 2025-12-22   -0.65426078    0.02283721 1102
INVK 2001-07-25 2003-03-03    0.44021611    0.00971596  557
INVK 2003-03-04 2003-08-18    0.66487563    0.02347861  155
INVK 2003-08-19 2004-12-22    0.01694766    0.01099782  458
INVK 2004-12-23 2005-11-19   -0.06944704    0.01673455  258
INVK 2005-11-20 2006-05-30   -0.21189728    0.01459033  192
INVK 2006-05-31 2007-03-07    0.20260878    0.01465026  268
INVK 2007-03-08 2007-10-13   -0.08280390    0.02126492  210
INVK 2007-10-14 2009-12-24   -0.09901781    0.00916887  675
INVK 2009-12-25 2011-05-31    0.05636117    0.01026248  489
INVK 2011-06-01 2015-11-26   -0.11095135    0.00641061 1466
INVK 2015-11-27 2017-01-11   -0.17541758    0.01891341  202
INVK 2017-01-12 2020-01-31   -0.05800717    0.00835667  898
INVK 2020-02-01 2023-11-24   -0.12333813    0.00703232 1247
INVK 2023-11-25 2025-12-30   -0.03130519    0.01034951  606
IQAL 2009-09-27 2011-01-04    0.46918310    0.01301420  302
IQAL 2011-01-05 2011-12-15    0.53883205    0.01915941  207
IQAL 2011-12-16 2017-03-07    0.44456577    0.00561849 1413
IQAL 2017-03-08 2021-01-21    0.41055757    0.00569912 1266
IQAL 2021-01-22 2021-06-07    0.30092335    0.01472266  126
IQAL 2021-06-08 2021-11-18    0.60433744    0.02523092  148
IQAL 2021-11-19 2023-04-09    0.42857992    0.00832045  467
IQAL 2023-04-10 2024-04-02    0.31319715    0.01173786  231
IQAL 2024-04-03 2024-09-15    0.53486672    0.02436775  152
IQAL 2024-09-16 2025-12-30    0.36491690    0.01572970  259
IQUI 2009-07-05 2015-06-03    0.13940288    0.03618467 1499
IQUI 2015-06-04 2017-12-01   -0.34153852    0.07271495  393
IRKJ 2001-08-03 2002-01-20    0.46309557    0.02188339  148
IRKJ 2002-01-21 2002-09-29    1.06285258    0.04748719  138
IRKJ 2002-09-30 2004-02-05    0.49718088    0.01949278  202
IRKJ 2004-02-06 2004-11-18    0.77357708    0.02071978  269
IRKJ 2004-11-19 2007-04-20    0.59978922    0.01216277  601
IRKJ 2007-04-21 2007-11-08    0.85772608    0.03477901  182
IRKJ 2007-11-09 2009-09-25    0.51312301    0.01112064  641
IRKJ 2009-09-26 2011-06-19    0.43538562    0.01114025  580
IRKJ 2011-06-20 2011-11-10    0.95878479    0.04038414  130
IRKJ 2011-11-11 2013-11-26    0.48691797    0.01068316  701
IRKJ 2013-11-27 2014-12-09    0.54844662    0.01512574  349
IRKJ 2014-12-10 2016-12-31    0.06671366    0.01059558  701
IRKJ 2017-01-01 2017-06-21    0.20561798    0.01953269  171
IRKJ 2017-06-22 2018-01-01   -0.00774430    0.02422896  182
IRKJ 2018-01-02 2019-03-08    0.21293653    0.01289589  409
IRKJ 2019-03-09 2025-01-31    0.06962981    0.00688512 1796
IRKJ 2025-02-01 2025-12-30   -0.03758120    0.02144671  268
IRKT 1995-09-23 1998-02-11    0.01310692    0.01227831  724
IRKT 1998-02-12 1998-12-23   -0.31913706    0.02402203  265
IRKT 1998-12-24 1999-12-26   -0.07051961    0.02115682  296
IRKT 1999-12-30 2001-01-23    0.12372780    0.02335825  258
IRKT 2001-01-24 2001-07-20   -0.11582014    0.02638052  156
IRKT 2001-07-21 2002-01-10   -0.93993745    0.02817367  149
IRKT 2002-01-11 2002-11-08   -0.48732394    0.02556752  249
IRKT 2002-11-09 2003-06-24   -0.23072870    0.02010547  181
IRKT 2003-06-25 2005-10-22   -0.46431906    0.01278176  699
IRKT 2005-10-23 2009-11-11   -0.26300476    0.01023683 1183
IRKT 2009-11-14 2011-01-08   -0.46042874    0.01657822  370
IRKT 2011-01-09 2014-01-21   -0.38358924    0.01170618  849
ISBA 2009-01-02 2009-10-26   -0.31148372    0.05303323  221
ISBA 2009-10-27 2012-04-07    0.30576309    0.02667405  738
ISBA 2012-04-08 2014-03-03    0.50947478    0.03163151  561
ISBA 2014-03-05 2015-10-28    0.89163134    0.05418770  202
ISBA 2015-10-29 2016-04-01    0.25300532    0.05370840  156
ISBA 2016-04-02 2016-11-16    1.92242690    0.07698624  137
ISBA 2016-11-17 2017-11-03    1.32092505    0.05461086  231
ISBA 2017-11-04 2018-04-05    0.47486546    0.05506936  147
ISBA 2018-04-06 2018-10-08    1.25102305    0.06444457  181
ISBA 2018-10-09 2019-03-22    0.14044344    0.05966778  123
ISBA 2019-03-23 2020-12-04    0.87944964    0.06423974  160
ISBA 2020-12-05 2023-07-11    0.25118301    0.02982855  640
ISPA 2004-02-15 2025-12-25   -0.46869569    0.01311912 4198
JAB1 1997-08-12 2000-04-18   -0.75200443    0.09466994  191
JAB1 2000-04-19 2000-08-25   -1.35002970    0.09433038  126
JAB1 2000-08-26 2008-10-13   -0.56804430    0.03043288 1686
JOG2 2014-01-02 2014-05-14    0.47830626    0.12444306  124
JOG2 2014-05-15 2017-12-23    0.73591761    0.05270195  672
JOG2 2017-12-24 2021-02-27    1.16357629    0.04913758  781
JOG2 2021-02-28 2025-12-30    0.24688131    0.03963993 1209
JOZ2 2002-10-25 2003-12-29   -0.39852121    0.02252536  330
JOZ2 2003-12-30 2004-11-25   -0.62949138    0.02663565  239
JOZ2 2004-11-26 2006-10-06   -0.44077182    0.01976718  502
JOZ2 2006-10-07 2007-12-04   -0.29529048    0.02107219  368
JOZ2 2007-12-05 2009-02-10    0.54787857    0.02799863  218
JOZ2 2009-02-11 2012-04-26    0.35779993    0.01218557 1063
JOZ2 2012-04-27 2014-05-11    0.25648786    0.01579182  644
JOZ2 2014-05-12 2014-09-16    0.10081269    0.05535018  124
JOZ2 2014-09-17 2016-11-13    0.32249312    0.01511721  738
JOZ2 2016-11-14 2018-04-10    0.51417496    0.01716571  499
JOZ2 2018-04-11 2018-11-23    0.95545509    0.03586421  213
JOZ2 2018-11-24 2020-12-23    0.53153042    0.01551592  704
JOZ2 2020-12-24 2024-02-23    0.33122480    0.01255986  983
JOZ2 2024-02-24 2024-11-12    0.75347123    0.02900128  256
JOZ2 2024-11-13 2025-12-30    0.46985585    0.02044388  389
JOZE 1994-01-06 1994-12-23    0.66730839    0.02574448  321
JOZE 1994-12-26 1996-02-03   -0.17515470    0.02543227  330
JOZE 1996-02-04 1997-12-18   -0.06590008    0.01879819  629
JOZE 1997-12-19 1999-11-17    0.20289826    0.01744637  690
JOZE 1999-11-18 2000-04-30   -0.17146361    0.03158956  141
JOZE 2000-05-01 2002-11-22    0.19241214    0.01568820  911
JOZE 2002-11-23 2005-12-16   -0.01968270    0.01480806  985
JOZE 2005-12-17 2006-11-05    0.10564269    0.03276673  232
JOZE 2006-11-06 2009-02-12    0.30167873    0.01757765  655
JOZE 2009-02-13 2012-04-26    0.05931402    0.01339110 1126
JOZE 2012-04-27 2016-11-30   -0.04519940    0.01184465 1537
JOZE 2016-12-01 2020-12-23    0.22839021    0.01219212 1347
JOZE 2020-12-24 2025-12-30    0.08099458    0.01200849 1459
JPLM 1994-01-06 1998-03-23   -0.05231596    0.02011839 1282
JPLM 1998-03-24 2003-05-08   -0.31199591    0.01787463 1648
JPLM 2003-05-09 2005-01-13   -0.05221509    0.03226523  504
JPLM 2005-01-14 2005-10-31    0.16270107    0.04562222  275
JPLM 2005-11-01 2006-03-31   -0.23768005    0.05097052  151
JPLM 2006-04-01 2007-10-04   -0.19514112    0.03486151  483
JPLM 2007-10-05 2009-01-08   -0.62247897    0.03346730  448
JPLM 2009-01-09 2010-01-23   -0.86190350    0.04526890  284
JPLM 2010-01-24 2011-01-04   -0.06456409    0.04031486  325
JPLM 2011-01-05 2011-10-12   -0.19614447    0.05103430  231
JPLM 2011-10-13 2012-03-06   -0.76485329    0.05393559  140
JPLM 2012-03-07 2023-01-04   -0.40188041    0.02938157  615
JPLM 2023-01-05 2023-06-12    0.13059699    0.05104418  159
JPLM 2023-06-13 2024-09-28   -0.59323306    0.03560789  468
JPLM 2024-09-29 2025-12-30   -0.10524337    0.03384272  447
JPLV 2007-09-27 2009-03-15    0.12355366    0.03457951  320
JPLV 2009-03-22 2010-02-13    0.24302807    0.04595591  239
JPLV 2010-02-14 2012-07-08    0.28645593    0.02783663  544
KARR 1994-07-30 1998-06-13   -1.69947627    0.04450310  371
KARR 1998-06-14 1999-07-06   -1.11392278    0.08549343  133
KARR 1999-07-07 2001-01-08   -1.40796251    0.04158478  447
KARR 2001-01-09 2002-09-14   -1.26306304    0.05112202  307
KARR 2002-09-15 2009-12-25   -0.76499395    0.01800015 2470
KARR 2009-12-26 2016-07-02   -0.57486887    0.01961799 2028
KARR 2016-07-03 2021-04-07   -0.26412320    0.02362611 1477
KARR 2021-04-08 2024-09-06   -0.78075322    0.02891710  907
KARR 2024-09-07 2025-11-05   -0.91039939    0.04671715  354
KAT1 2011-06-08 2013-03-15   -0.24162532    0.05270859  462
KAT1 2013-03-16 2016-03-31   -0.44692602    0.03502818  938
KAT1 2016-04-01 2017-10-03   -0.82773257    0.05283274  244
KAT1 2017-10-04 2025-12-30   -0.24089604    0.07480603  232
KELY 1995-07-24 2000-01-08   -0.28987086    0.01379775  580
KELY 2000-01-12 2001-04-07   -0.36481526    0.02512537  182
KELY 2001-04-10 2003-04-19    0.45882284    0.01766715  351
KELY 2003-04-24 2008-03-09    0.62807187    0.01404691  547
KELY 2008-03-16 2008-12-30    0.40483220    0.02964503  148
KELY 2008-12-31 2010-01-04    0.74554861    0.03118987  130
KELY 2010-01-07 2012-12-22    0.57384092    0.01107968  929
KELY 2012-12-23 2013-04-30    0.78783181    0.02381013  127
KELY 2013-05-01 2016-05-04    0.52497329    0.01034427 1024
KELY 2016-05-05 2017-02-08    0.55826298    0.02224146  254
KELY 2017-02-09 2017-10-04    0.82984832    0.02467505  214
KELY 2017-10-05 2018-05-29    0.53112891    0.02244948  169
KERG 1994-11-18 1999-07-03    0.34197472    0.01742512 1043
KERG 1999-07-04 2006-04-23    0.66944634    0.01239521 2077
KERG 2006-04-24 2011-10-22    0.59048546    0.01373722 1652
KERG 2011-10-23 2013-08-18    0.25676488    0.02297158  606
KERG 2013-08-19 2014-04-03   -0.01420594    0.03859609  212
KERG 2014-04-04 2022-05-24    0.42445337    0.01060955 2799
KERG 2022-05-25 2025-12-30    0.32496097    0.01551064 1289
KGNI 2001-10-09 2002-05-20   -0.04531938    0.05009619  137
KGNI 2002-05-22 2006-03-31    0.02468130    0.02101898 1115
KGNI 2006-04-01 2011-07-19   -0.36791558    0.01877616 1618
KGNI 2011-07-20 2012-08-03   -0.64796983    0.03964499  324
KGNI 2012-08-04 2013-12-12   -0.44952127    0.06632628  154
KHAJ 2001-07-20 2003-01-10    0.68042493    0.01622037  307
KHAJ 2003-01-11 2004-12-04    0.73124150    0.01338314  382
KHAJ 2004-12-05 2005-05-16    0.48114367    0.01543129  160
KHAJ 2005-05-17 2005-11-01    1.16863128    0.05018334  150
KHAJ 2005-11-02 2007-01-04    0.55019015    0.01521335  296
KHAJ 2007-01-05 2009-03-28    0.68787568    0.00986907  678
KHAJ 2009-03-29 2011-01-24    0.77004585    0.01235044  475
KHAJ 2011-01-25 2012-02-26    0.88214542    0.02352135  258
KHAR 2003-12-15 2005-07-28    0.55053690    0.01982780  502
KHAR 2005-07-29 2008-02-04    0.62569228    0.01728592  612
KHAR 2008-02-05 2009-12-31    0.52178381    0.02013850  475
KHAR 2010-01-01 2013-03-08    0.75263466    0.01340415 1107
KHAR 2013-03-09 2013-11-09    0.60262902    0.03613103  227
KHAR 2013-11-10 2014-07-02    0.72879651    0.02848097  213
KIR0 1999-03-02 2006-01-12    0.12525683    0.00620736 2333
KIR0 2006-01-13 2006-10-26    0.26350128    0.01852101  272
KIR0 2006-10-27 2010-12-25    0.13437979    0.00829123 1310
KIR0 2010-12-26 2012-10-23    0.20055402    0.01286572  576
KIR0 2012-10-24 2015-11-16    0.12571020    0.00959129  955
KIR0 2015-11-17 2017-12-03    0.28196452    0.01256367  592
KIR0 2017-12-04 2019-02-20    0.34146534    0.01548437  354
KIR0 2019-02-21 2019-11-28    0.30411990    0.02032232  256
KIR0 2019-11-29 2020-08-13    0.10326092    0.01760346  247
KIR0 2020-08-14 2021-01-12    0.33310782    0.02538587  142
KIR0 2021-01-13 2022-09-18    0.21545950    0.01231512  573
KIR0 2022-09-19 2025-12-30    0.16625448    0.00910758 1037
KIRI 2017-01-30 2020-07-13   -0.08101969    0.03471832  940
KIRI 2020-07-14 2023-06-02   -0.55043087    0.03646704  842
KIRI 2023-06-03 2024-11-04   -0.06765171    0.04730168  496
KIRI 2024-11-05 2025-12-29   -0.52350285    0.05976677  309
KIRU 1994-01-06 1996-11-20    0.45908679    0.01193683  749
KIRU 1996-11-21 1998-02-08    0.63459898    0.01539276  392
KIRU 1998-02-09 1998-12-26    0.91260905    0.02266644  249
KIRU 1998-12-27 2000-01-29    0.76499684    0.02107952  267
KIRU 2000-01-30 2001-02-12    0.63107986    0.01766059  307
KIRU 2001-02-15 2002-02-16    0.40340978    0.01943372  299
KIRU 2002-02-17 2004-01-10    0.68590830    0.01326114  626
KIRU 2004-01-11 2005-12-12    0.78207324    0.01447587  558
KIRU 2005-12-13 2007-01-07    0.82067280    0.01739379  327
KIRU 2007-01-10 2007-11-11    0.81533823    0.02055544  276
KIRU 2007-11-12 2010-12-07    0.86843721    0.00976824 1042
KIRU 2010-12-08 2013-02-18    0.67064458    0.01111138  735
KIRU 2013-02-20 2020-04-09    0.07461840    0.00840069 1400
KIRU 2020-04-10 2022-12-05    0.26327135    0.01080926  919
KIRU 2022-12-06 2025-12-30    0.02507697    0.00952506 1079
KIT3 1994-10-04 1995-05-08   -0.04110822    0.05910159  131
KIT3 1995-05-14 1996-04-28    0.26289321    0.04892166  180
KIT3 1996-04-29 1996-11-07    2.40359050    0.07653688  168
KIT3 1996-11-08 1997-05-13    0.33250611    0.05408251  131
KIT3 1997-05-14 1998-06-15    0.05084919    0.05007436  186
KIT3 1998-06-16 2000-09-14    3.34480341    0.10176171  132
KIT3 2000-09-25 2001-04-24    0.12299027    0.04895320  175
KIT3 2001-04-25 2003-06-07    0.36856220    0.03742163  346
KIT3 2003-06-08 2006-03-24    0.24021060    0.02547203  821
KIT3 2006-03-25 2008-04-04    1.19144012    0.03462675  525
KIT3 2008-04-05 2009-12-22    0.15982967    0.03332749  563
KIT3 2009-12-23 2010-11-06   -1.35154771    0.07200450  193
KIT3 2010-11-07 2012-05-25   -0.15864463    0.03110244  530
KIT3 2012-05-26 2017-10-19   -0.13248473    0.01954321 1547
KIT3 2017-10-20 2020-11-08    0.35931457    0.02672232  851
KIT3 2020-11-09 2025-04-17   -0.02907232    0.01958102 1464
KIT3 2025-04-18 2025-12-30   -0.72705506    0.08204250  175
KOKB 1996-01-18 1997-03-18   -1.82188197    0.06342644  183
KOKB 1997-03-19 1998-10-29   -2.05118466    0.04686738  323
KOKB 1998-10-30 2000-05-04   -1.82497849    0.05352491  250
KOKB 2000-05-05 2000-09-16   -2.23526190    0.07219169  135
KOKB 2000-09-17 2001-07-22   -1.83392524    0.04912703  287
KOKB 2001-07-23 2002-07-28   -0.83779372    0.07166231  128
KOKB 2002-07-29 2004-07-09   -0.41306180    0.03347846  618
KOKB 2004-07-10 2004-11-29   -0.55334979    0.07808525  135
KOKB 2004-11-30 2014-09-12   -0.17558998    0.01426461 3443
KOKB 2014-09-13 2016-04-11   -0.62213029    0.03507833  575
KOKB 2016-04-12 2017-11-20   -0.34936799    0.03507295  581
KOKB 2017-11-21 2021-07-09   -0.10004014    0.02369295 1241
KOKB 2021-07-10 2025-12-30    0.10422433    0.02192629 1464
KOKV 2008-10-04 2010-12-02   -0.13762472    0.04017670  411
KOKV 2010-12-03 2014-05-08   -0.04581776    0.02422262 1104
KOKV 2014-05-09 2017-11-20   -0.37141669    0.02268709 1280
KOKV 2017-11-21 2021-07-09   -0.12327994    0.02247872 1275
KOKV 2021-07-10 2025-12-30    0.11456738    0.02111244 1467
KOSG 1994-06-14 1996-12-20    0.00779899    0.01692505  835
KOSG 1996-12-21 1999-04-03    0.21919973    0.01620659  795
KOSG 1999-04-04 2000-10-27    0.02057541    0.02210333  527
KOSG 2000-10-29 2001-11-05    0.18793906    0.02682587  313
KOSG 2001-11-06 2009-11-01    0.01494249    0.00952953 2495
KOSG 2009-11-02 2011-01-14   -0.15411901    0.02265134  411
KOSG 2011-01-15 2011-09-20    0.08868741    0.03323671  198
KOSG 2011-09-21 2013-04-26    0.51251238    0.02671189  346
KOSG 2013-04-27 2014-11-25    0.24949371    0.02996174  204
KOU1 2002-02-01 2005-01-13    0.42733830    0.05398682  564
KOU1 2005-01-14 2005-09-27   -0.01919362    0.08233662  215
KOU1 2005-09-28 2006-09-13    0.31235557    0.07083956  321
KOUC 1996-04-28 1999-01-28   -0.16360254    0.04839836  742
KOUC 1999-01-29 2010-11-18   -0.36491018    0.02491787 2762
KOUC 2010-11-19 2012-02-07   -0.08551582    0.06687505  413
KOUC 2012-02-08 2017-01-11   -0.27868031    0.03545739 1366
KOUC 2017-01-12 2020-08-15    0.38748133    0.04307315  952
KOUC 2020-08-16 2025-12-27    0.03511941    0.04403334  849
KOUG 2017-01-30 2018-01-05    0.54394293    0.05791732  336
KOUG 2018-01-06 2020-07-03    1.51513168    0.03704182  835
KOUG 2020-07-04 2021-08-04    1.03168465    0.05291814  395
KOUG 2021-08-05 2021-12-21    1.70408021    0.08856601  139
KOUG 2021-12-22 2023-08-27    1.48115198    0.04404243  580
KOUG 2023-08-28 2024-07-26    1.11647486    0.06708309  249
KOUG 2024-07-27 2025-12-30    1.72574394    0.04647006  514
KOUR 1994-01-06 1999-05-27   -0.00747738    0.04859276  635
KOUR 1999-06-26 2001-06-01   -0.64908326    0.06111798  407
KOUR 2001-06-02 2002-06-22    0.21195722    0.08505700  208
KOUR 2002-06-23 2004-10-06    0.51686109    0.04849080  641
KOUR 2004-10-07 2005-09-27   -0.52769650    0.06570228  349
KOUR 2005-09-28 2006-08-03    0.15748646    0.08082516  230
KOUR 2006-08-04 2009-11-11   -0.69076804    0.03819499 1026
KOUR 2009-11-12 2010-04-06    0.73657163    0.10248862  146
KOUR 2010-04-07 2013-01-14    0.08678907    0.04828386  646
KOUR 2013-01-15 2018-01-05    0.51132095    0.02936040 1745
KOUR 2018-01-06 2023-08-27    1.45740711    0.02805349 1907
KOUR 2023-08-28 2024-07-18    0.98353574    0.07964077  241
KOUR 2024-07-19 2025-12-30    1.66785610    0.05352582  523
KRGG 2017-02-11 2018-04-23    0.81598607    0.03065240  280
KRGG 2018-04-24 2022-05-24    0.65443915    0.01371255 1360
KRGG 2022-05-25 2025-12-30    0.44364835    0.01395740 1292
KSMV 2001-10-09 2002-05-10    0.11801039    0.04155721  191
KSMV 2002-05-11 2005-03-10    0.47038480    0.02353511  839
KSMV 2005-03-11 2006-05-11    0.63055384    0.03676816  354
KSMV 2006-05-12 2010-02-24    0.15088980    0.02071795 1181
KSMV 2010-02-25 2013-12-12    0.31833675    0.02535317  823
KSTU 1997-09-01 2000-02-07    0.39889444    0.02188340  366
KSTU 2000-02-08 2001-02-15   -0.01214367    0.02607805  176
KSTU 2001-02-16 2002-03-09    0.20018043    0.02577063  192
KSTU 2002-03-10 2004-09-19    0.25450664    0.01675257  539
KUNM 1998-10-10 1999-11-02    1.21565125    0.05196397  201
KUNM 1999-11-04 2001-07-03    0.55297987    0.04805445  222
KUNM 2001-07-05 2002-12-07    0.79921941    0.06513729  171
KUNM 2002-12-08 2005-03-12    1.10286208    0.03836821  434
KUNM 2005-03-13 2006-03-16    0.61981816    0.05010849  241
KUNM 2006-03-17 2008-01-28    0.38943770    0.03075775  643
KUNM 2008-01-29 2009-01-06    0.21313352    0.04495179  312
KUNM 2009-01-07 2010-03-24    0.44101614    0.04247030  317
KUNM 2010-03-25 2010-12-16    0.09584331    0.05865724  205
KUNM 2010-12-17 2013-01-30    0.11039187    0.03154516  614
KWJ1 1996-03-18 1999-04-01   -0.04585692    0.04775033  653
KWJ1 1999-04-02 2001-09-25   -0.57338647    0.06656622  315
KWJ1 2001-09-26 2002-07-22   -0.17694084    0.08262856  207
LAE1 2001-01-02 2002-01-12   -0.53746331    0.10283481  344
LAE1 2002-01-14 2002-07-03   -1.16541075    0.14872450  147
LAE1 2002-07-04 2003-08-17   -1.28303427    0.14513979  167
LAE1 2003-08-18 2005-04-26   -0.53798387    0.08104827  552
LAE1 2005-04-27 2009-04-16   -0.14505575    0.09757784  384
LAE1 2009-05-15 2023-10-08    0.80685980    0.11494700  266
LAMA 1994-12-23 1997-02-08    0.73606454    0.02387855  415
LAMA 1997-02-09 1998-10-09    0.68318411    0.02029835  530
LAMA 1998-10-10 1999-11-12    0.47199606    0.02273521  385
LAMA 1999-11-13 2000-04-28    0.12725681    0.02824295  166
LAMA 2000-04-29 2000-10-22    0.96131721    0.04987455  156
LAMA 2000-10-23 2001-04-02   -0.07090655    0.02889659  160
LAMA 2001-04-03 2006-01-03   -0.24329186    0.01113132 1631
LAMA 2006-01-04 2006-07-04   -0.15276475    0.03438722  151
LAMA 2006-07-05 2007-01-14   -0.47593921    0.03553693  179
LAMA 2007-01-15 2007-11-18   -0.24097189    0.02738414  286
LAMA 2007-11-19 2012-04-26    0.28073073    0.01121932 1511
LAMA 2012-04-27 2014-03-07    0.18435078    0.01745763  660
LAMA 2014-03-08 2014-09-02   -0.05168568    0.04042835  171
LAMA 2014-09-03 2017-09-16    0.19975869    0.01435978  930
LAMA 2017-09-17 2020-02-23    0.36258697    0.01498901  825
LAMA 2020-02-24 2024-02-28    0.18791510    0.01544627  870
LAMA 2024-02-29 2025-04-17    0.29435536    0.02209148  400
LAMA 2025-04-18 2025-08-28    0.68123539    0.05321817  133
LAMA 2025-08-29 2025-12-30    0.13855219    0.04097960  122
LAUT 2017-02-05 2019-12-03    0.13709922    0.04389742  987
LAUT 2019-12-04 2025-12-30   -0.26530075    0.02970435 2171
LHAS 1995-05-20 1996-01-29    1.09026631    0.05369463  164
LHAS 1996-02-02 1997-12-22    0.81665986    0.05782236  148
LHAS 1997-12-23 1999-02-04    1.06374726    0.04789074  179
LHAS 1999-02-05 2001-01-06    0.67036723    0.03561649  326
LHAS 2001-01-07 2002-01-18   -0.21450407    0.04641187  215
LHAS 2002-01-19 2004-07-01    0.59711434    0.02560161  718
LHAS 2004-07-02 2005-10-10    0.07150824    0.04328234  290
LHAS 2005-10-11 2007-01-27    0.18283242    0.05106384  200
LHAZ 1999-09-25 2000-10-17   -0.80353818    0.03841759  274
LHAZ 2000-10-18 2002-01-13   -1.37590927    0.03847815  285
LHAZ 2002-01-14 2005-10-10   -0.62466289    0.01978224 1084
LHAZ 2005-10-11 2006-11-21   -0.90329035    0.04237199  250
LHAZ 2006-11-22 2008-02-04   -0.28644159    0.03337442  349
LHAZ 2008-02-05 2008-07-29   -1.14120045    0.05313065  167
LHAZ 2008-07-30 2009-08-25    0.17706694    0.03983602  250
LHAZ 2009-08-26 2010-05-15   -0.17208136    0.04026517  191
LHAZ 2010-05-16 2011-12-02   -0.57941227    0.02893935  481
LHAZ 2011-12-03 2014-02-26   -0.29826766    0.02195372  769
LHAZ 2014-02-27 2015-12-09   -0.68495088    0.02571088  636
LHAZ 2015-12-10 2018-09-01    0.37791822    0.01992611  975
LHAZ 2018-09-02 2019-03-17    1.40347944    0.03999397  195
LHAZ 2019-03-18 2020-05-22    0.41449231    0.03411567  342
LHAZ 2020-05-23 2023-08-22    0.70543754    0.02835150  502
LMMF 2008-11-13 2009-09-20   -0.54475669    0.06627287  307
LMMF 2009-09-21 2010-05-21   -1.18112027    0.07739655  230
LMMF 2010-05-22 2013-04-27   -0.88799618    0.03674311 1032
LMMF 2013-04-28 2019-04-14   -1.07415743    0.02554923 2133
LMMF 2019-04-15 2021-01-30   -1.23580243    0.05049284  569
LMMF 2021-01-31 2025-12-30   -1.57287229    0.02831004 1734
LPAL 2001-06-28 2001-12-19   -0.23220531    0.03552233  161
LPAL 2001-12-20 2003-02-01   -0.17559998    0.01849796  378
LPAL 2003-02-02 2004-02-18   -0.03869939    0.01866675  372
LPAL 2004-02-19 2005-04-23   -0.14752661    0.01870911  376
LPAL 2005-04-24 2008-06-30    0.13333813    0.01113180 1086
LPAL 2008-07-11 2010-12-04   -0.27287258    0.01318017  835
LPAL 2010-12-06 2012-03-29   -0.21067913    0.01711862  415
LPAL 2012-03-30 2018-02-27   -0.31193674    0.00814111 2045
LPAL 2018-03-01 2021-01-06   -0.28744781    0.01161568 1013
LPAL 2021-01-08 2022-04-04   -0.46693414    0.02230977  287
LPAL 2022-04-07 2022-12-31    0.47920776    0.02441946  263
LPAL 2023-01-01 2025-12-30    0.32785865    0.01182974  991
LPGS 1995-07-05 2001-02-23   -0.44659658    0.02577089 1122
LPGS 2001-02-24 2001-08-08   -0.18288195    0.06760098  137
LPGS 2001-08-09 2002-04-04   -0.54317392    0.09600380  132
LPGS 2002-04-05 2003-11-15    0.33341461    0.03801411  484
LPGS 2003-11-16 2006-03-30    0.15250320    0.03301598  727
LPGS 2006-04-01 2007-09-06    0.41356188    0.03866194  444
LPGS 2007-09-07 2013-01-03    0.19990003    0.02159955 1668
LPGS 2013-01-04 2018-05-01   -0.10840546    0.02128205 1704
LPGS 2018-05-02 2022-03-27    0.04447825    0.02436862 1290
LPGS 2022-03-28 2022-12-24   -0.31386223    0.04984427  265
LPGS 2022-12-25 2025-12-30   -0.66781639    0.02673058 1061
M0SE 2014-01-03 2016-08-21    0.05131676    0.01902895  924
M0SE 2016-08-22 2020-03-08    0.48686914    0.01658650 1227
M0SE 2020-03-09 2021-07-03    0.65991640    0.02827866  430
M0SE 2021-07-04 2022-03-11    0.20101912    0.04043018  156
M0SE 2022-03-12 2025-12-30    0.37941938    0.01824423 1029
MAC1 1995-07-01 2000-05-24    0.65297084    0.01275646 1215
MAC1 2000-05-25 2003-05-14    0.57424670    0.01406611  991
MAC1 2003-05-15 2007-06-25    0.73230007    0.01176791 1421
MAC1 2007-06-26 2009-03-25    0.86761452    0.01961860  502
MAC1 2009-03-26 2011-12-25    0.79579309    0.01462253  900
MAC1 2011-12-26 2016-04-30    0.55889452    0.01148864 1509
MAC1 2016-05-01 2023-05-08    0.70695774    0.00911734 2366
MAC1 2023-05-09 2025-12-30    0.48179005    0.01464698  897
MAD2 1997-10-31 1999-01-18    0.21228221    0.05184085  142
MAD2 1999-01-21 1999-12-20    0.41613504    0.03849320  273
MAD2 1999-12-23 2000-11-05   -0.80518903    0.04195590  239
MAD2 2000-11-07 2002-11-23   -0.25438950    0.02719923  546
MAD2 2002-11-24 2003-05-29    0.27336978    0.03931603  165
MAD2 2003-05-30 2003-10-21   -0.40281500    0.06954223  137
MAD2 2003-11-01 2005-03-09    0.34900302    0.03222187  213
MAD2 2005-03-10 2006-05-27    0.46461255    0.03652086  187
MAD2 2006-05-28 2008-02-18    0.34033515    0.02515897  542
MAD2 2008-02-19 2023-12-30    0.06113417    0.01190756 2421
MAD2 2024-01-01 2025-12-30   -0.06908318    0.02319615  669
MADR 1996-09-27 2004-09-22   -0.08185552    0.05517187  155
MADR 2004-09-23 2023-11-18    0.16032241    0.03074498  310
MADR 2023-11-19 2025-12-30    0.04369322    0.02175156  655
MAG0 1997-11-15 1998-12-14    0.54232989    0.01217391  319
MAG0 1998-12-15 1999-10-02    0.32586193    0.01660909  177
MAG0 1999-10-03 2002-09-19    0.43753438    0.00779452  872
MAG0 2002-09-20 2006-02-08    0.33294190    0.00661365 1121
MAG0 2006-02-09 2013-01-26    0.19256726    0.01022006  473
MAG0 2013-01-27 2015-01-07    0.06493016    0.01023974  571
MAG0 2015-01-08 2016-12-15    0.11282844    0.01022674  550
MAG0 2016-12-16 2017-10-17    0.24050680    0.01442125  279
MAG0 2017-10-18 2018-10-29    0.29941235    0.03272254  148
MAG0 2018-10-30 2020-01-22    0.19533338    0.01306357  308
MAG0 2020-01-23 2022-04-28   -0.07303372    0.02383623  208
MAJU 2017-01-30 2020-05-23   -0.12040522    0.02820330 1153
MAJU 2020-05-24 2025-12-30   -0.35020203    0.04151731  504
MAL2 2008-07-12 2011-10-30   -0.44315010    0.03960974  796
MAL2 2011-10-31 2012-03-19    0.47617555    0.09759349  134
MAL2 2012-03-20 2013-04-03   -0.15436749    0.05919215  353
MAL2 2013-04-05 2015-01-02   -0.66752591    0.04495481  607
MAL2 2015-01-03 2017-02-10   -0.78320357    0.04444939  609
MAL2 2017-02-11 2020-12-10   -0.49227192    0.03551435  984
MAL2 2020-12-11 2024-11-10   -1.01937978    0.03096252 1320
MAL2 2024-11-11 2025-04-02   -1.58812918    0.09593214  141
MAL2 2025-04-03 2025-12-30   -1.17335984    0.07546305  210
MALD 1999-08-13 2000-07-14   -0.66610365    0.08462261  199
MALD 2000-07-16 2000-12-19    0.05311909    0.10133635  134
MALD 2000-12-20 2002-02-04    0.85458318    0.07248617  272
MALD 2002-02-06 2006-06-11    0.81560054    0.04750470  625
MALI 1995-12-26 1997-03-13   -0.42639273    0.09951412  186
MALI 1997-03-14 1998-07-05    0.55939010    0.10361016  187
MALI 1998-07-06 2004-12-08   -0.24908700    0.03747864 1264
MALI 2004-12-14 2006-02-04   -0.32408978    0.07750603  309
MALI 2006-02-05 2008-09-10   -0.70717323    0.04609144  860
MANA 2000-05-14 2001-04-11   -0.67884975    0.07290533  310
MANA 2001-04-12 2002-01-11   -0.06500944    0.10069581  177
MANA 2002-01-12 2002-07-03   -1.79251689    0.09922171  160
MANA 2002-07-04 2003-03-14   -0.88633931    0.08448447  229
MANA 2003-03-15 2004-02-25   -0.07191308    0.08160065  260
MANA 2004-02-26 2005-03-20   -0.55057692    0.08060136  256
MANA 2005-03-21 2016-04-14   -0.08157267    0.02268250 3276
MANA 2016-04-15 2020-03-05    0.06492539    0.03546452 1349
MANA 2020-03-06 2020-12-04    0.72762487    0.09883013  195
MANA 2020-12-05 2025-10-23   -0.52934248    0.03303558 1550
MAS1 1999-08-17 2001-12-13   -0.40460192    0.03361227  706
MAS1 2001-12-14 2003-04-29   -0.03944585    0.03954299  470
MAS1 2003-04-30 2004-01-31   -0.58161082    0.05606684  261
MAS1 2004-02-01 2004-06-05    0.41131451    0.07519773  123
MAS1 2004-06-06 2005-05-02   -0.10781570    0.05115319  299
MAS1 2005-05-03 2006-05-24   -0.36698928    0.04602137  368
MAS1 2006-05-25 2009-07-23    0.03113171    0.02655238 1119
MAS1 2009-07-24 2011-04-17   -0.12610548    0.03590587  597
MAS1 2011-04-18 2012-05-20    0.35904162    0.04452753  394
MAS1 2012-05-21 2014-08-10   -0.26431389    0.03173343  791
MAS1 2014-08-11 2017-11-17   -0.11337273    0.02673632 1124
MAS1 2017-11-18 2020-11-28    0.21263894    0.02751309 1031
MAS1 2020-11-29 2023-01-02   -0.19016572    0.03213984  751
MAS1 2023-01-03 2024-12-02   -0.00201173    0.03963287  538
MAS1 2024-12-03 2025-12-30   -0.00897064    0.04447782  389
MAT1 2001-05-19 2001-11-16   -0.65234627    0.07463167  128
MAT1 2001-11-17 2006-03-30   -0.21218523    0.01686544 1369
MAT1 2006-03-31 2009-07-03   -0.12913707    0.02213625  836
MAT1 2009-07-04 2010-12-25    0.18672780    0.02912949  524
MAT1 2010-12-26 2012-06-30    0.51454766    0.02596175  536
MAT1 2012-07-01 2015-03-29    0.12902198    0.02006133  973
MAT1 2015-03-30 2018-05-22    0.44854082    0.01959963 1061
MAT1 2018-05-23 2018-10-15    1.00053646    0.07474390  145
MAT1 2018-10-16 2021-10-29    0.45265545    0.01919145 1084
MAT1 2021-10-30 2023-03-18    0.29659535    0.02757133  450
MAT1 2023-03-19 2024-02-24    0.41281220    0.03512828  336
MAT1 2024-02-25 2024-08-23    0.54552197    0.05560859  161
MAT1 2024-08-24 2025-12-30    0.29256553    0.02986005  458
MATE 1994-01-06 1994-09-01    0.30593011    0.04557520  194
MATE 1994-09-02 1995-05-29   -0.37940419    0.04405766  147
MATE 1995-05-30 1996-04-13   -0.19447050    0.04133616  175
MATE 1996-04-24 1998-01-18   -0.54364920    0.03412349  452
MATE 1998-01-19 1998-09-30   -0.83448713    0.06405596  157
MATE 1998-10-01 1999-03-01   -0.15730433    0.04697075  141
MATE 1999-03-03 1999-12-02   -0.64145685    0.04534031  251
MATE 1999-12-03 2001-11-16   -0.17486010    0.03103160  479
MATE 2001-11-17 2003-02-05    0.05488051    0.03518529  334
MATE 2003-02-06 2012-06-30    0.21607126    0.01171701 2960
MATE 2012-07-01 2015-03-25   -0.08545196    0.02042935  964
MATE 2015-03-26 2018-04-17    0.27011693    0.01948779 1068
MATE 2018-04-18 2018-10-15    0.84395679    0.06058771  180
MATE 2018-10-16 2021-10-29    0.41611000    0.01943676 1085
MATE 2021-10-30 2025-12-30    0.34475681    0.01684320 1424
MAUI 1999-01-02 1999-06-17    0.38397151    0.02807914  150
MAUI 1999-06-18 2000-01-13    0.35480989    0.02866886  165
MAUI 2000-01-14 2000-07-19    0.26950363    0.03012805  137
MAUI 2000-07-20 2001-03-23    0.46563372    0.02947028  121
MAUI 2001-03-24 2002-07-07    0.28683301    0.01840801  371
MAUI 2002-07-08 2003-04-01    0.44114231    0.02215196  250
MAUI 2003-04-02 2003-10-22    0.35815512    0.02708379  190
MAUI 2003-10-23 2008-01-05    0.43024775    0.01079115 1092
MAUI 2008-01-07 2008-10-04    0.34487903    0.02697724  188
MAUI 2008-10-05 2012-04-03    0.38871233    0.01082095 1057
MAUI 2012-04-04 2025-12-20    0.13117735    0.01029862 1196
MAW1 1994-01-16 1997-02-24    0.42117239    0.01393262  183
MAW1 1997-02-25 1998-08-16    0.59167205    0.00938037  394
MAW1 1998-08-17 2000-06-19    0.67685206    0.01219785  264
MAW1 2000-06-20 2000-11-11    0.95138159    0.01483111  144
MAW1 2000-11-12 2003-07-26    0.82024047    0.00654481  855
MAW1 2003-07-27 2005-04-04    0.78174575    0.00855908  534
MAW1 2005-04-05 2006-06-27    0.98120163    0.01018409  359
MAW1 2006-06-28 2006-12-23    0.49193493    0.01441511  167
MAW1 2006-12-24 2009-10-17    0.68193462    0.00705858  765
MAW1 2009-10-18 2012-02-05    0.62622998    0.00718484  746
MAW1 2012-02-06 2012-10-24    0.73582636    0.01188316  236
MAW1 2012-10-25 2013-10-19    0.58165058    0.01054108  335
MAW1 2013-10-20 2014-03-18    0.38110015    0.01957872  132
MAW1 2014-03-19 2017-01-10    0.59155665    0.00596883 1013
MAW1 2017-01-11 2018-08-16    0.75279848    0.00812284  550
MAW1 2018-08-17 2022-09-20    0.65572674    0.00500974 1464
MAW1 2022-09-21 2024-07-18    0.51792792    0.00758973  655
MAW1 2024-07-19 2025-12-30    0.49497039    0.00899258  449
MBAR 2001-07-18 2002-06-07   -0.75249890    0.09678955  125
MBAR 2002-06-08 2004-10-07    0.21982129    0.08375318  134
MBAR 2004-10-08 2007-01-06   -0.14628716    0.03775554  770
MBAR 2007-01-07 2011-06-06   -0.51928606    0.03361607  952
MBAR 2011-06-07 2014-02-08   -0.45513494    0.04387697  558
MBAR 2014-02-09 2016-04-13   -0.76585948    0.04815737  521
MBAR 2016-04-14 2016-09-26   -1.15783868    0.08170082  142
MBAR 2016-09-27 2025-12-30   -0.07816509    0.04513882  524
MCIL 2002-12-12 2003-08-01   -0.07806866    0.06861391  139
MCIL 2003-08-02 2012-08-02   -0.64806594    0.01675311 2497
MCIL 2012-08-03 2019-06-24   -0.34695989    0.02012092 1830
MCIL 2019-06-26 2021-09-30   -0.91890368    0.05837779  231
MCIL 2021-10-01 2025-11-05   -0.51263527    0.03306851  665
MCM4 1995-01-29 1996-06-24   -0.09713273    0.01053512  322
MCM4 1996-06-25 1997-10-26   -0.28984776    0.01179927  248
MCM4 1997-10-27 1998-08-29   -0.01408111    0.01236178  223
MCM4 1998-08-30 1999-07-28    0.62653254    0.01477442  141
MCM4 1999-07-29 2000-09-22    0.93899478    0.01030723  330
MCM4 2000-09-23 2001-10-09    0.90833715    0.01052097  327
MCM4 2001-10-10 2002-03-12    0.27087328    0.02004813  126
MCM4 2002-03-13 2002-10-28    0.64019515    0.01164029  215
MCM4 2002-10-29 2003-08-08    0.37528814    0.01183350  270
MCM4 2003-08-09 2004-06-27    0.30247367    0.01371503  218
MCM4 2004-06-28 2005-04-04    0.17574275    0.01625686  180
MCM4 2005-04-05 2005-10-20    0.72805759    0.01484657  128
MCM4 2005-10-21 2006-05-17    0.20773880    0.01473127  203
MCM4 2006-05-19 2007-05-25   -0.04729902    0.00988122  364
MCM4 2007-05-26 2009-10-23    0.18661388    0.00632730  857
MCM4 2009-10-24 2012-07-05    0.05781989    0.00624705  907
MCM4 2012-07-06 2016-07-18   -0.20953855    0.00499665 1421
MCM4 2016-07-19 2018-07-23   -0.09937147    0.00697126  728
MCM4 2018-07-24 2020-03-16    0.06469696    0.00798689  581
MCM4 2020-03-17 2020-10-13   -0.21037487    0.01172588  211
MCM4 2020-10-14 2022-04-03   -0.08634122    0.00855923  532
MCM4 2022-04-04 2025-12-30   -0.26859234    0.00508787 1346
MDO1 1994-01-06 1994-09-26    1.33146527    0.08721314  124
MDO1 1994-09-29 1995-05-23    0.47874006    0.03332672  177
MDO1 1995-05-26 1998-01-30    0.72644558    0.01677666  920
MDO1 1998-01-31 1998-12-26    0.91344986    0.03860904  249
MDO1 1998-12-27 2001-11-27    0.68852322    0.01803700  882
MDO1 2001-11-28 2002-10-20    0.78640340    0.04597023  200
MDO1 2002-10-21 2005-06-27    1.00814321    0.01610382  915
MDO1 2005-06-28 2006-02-06    0.67563300    0.03405468  218
MDO1 2006-02-07 2006-09-30    0.97747461    0.03981998  230
MDO1 2006-10-01 2011-03-23    0.53482818    0.01271324 1476
MDO1 2011-03-24 2012-04-19    0.91264831    0.02575936  378
MDO1 2012-04-20 2012-10-21    0.28642115    0.06108944  180
MDO1 2012-10-22 2013-02-24    1.16681268    0.03445693  125
MDO1 2013-02-25 2013-08-30    0.38106279    0.04590440  186
MDO1 2013-08-31 2022-06-07    0.31676884    0.01284363 1615
MDO1 2022-06-08 2025-12-30    0.11289001    0.01458036 1216
MDVJ 2001-07-29 2005-04-25    0.78975923    0.01120482 1101
MDVJ 2005-04-26 2005-09-19    1.17356450    0.05119628  137
MDVJ 2005-09-20 2009-01-21    0.79019303    0.01149936 1055
MDVJ 2009-01-22 2010-10-07    1.02236538    0.01640753  596
MDVJ 2010-10-08 2011-11-13    0.92606713    0.02604717  274
MDVJ 2011-11-14 2013-05-07    0.75271006    0.01724884  463
MDVJ 2013-05-08 2016-11-10    0.56904008    0.01147056 1229
MDVJ 2016-11-14 2018-10-30    0.49627143    0.01501865  663
MDVJ 2018-10-31 2024-04-19    0.30704771    0.01254186 1089
MDVO 1995-03-07 1996-06-13    1.13242305    0.03018236  145
MDVO 1996-06-14 1998-09-30    0.15370812    0.02498909  434
MDVO 1998-10-01 2000-11-01    0.27890203    0.01949165  510
MDVO 2000-11-02 2001-12-18    0.18573352    0.02063267  354
MDVO 2001-12-19 2003-01-15    0.20295942    0.03603176  189
MEDI 1996-03-05 1996-10-11    0.42770549    0.06127657  180
MEDI 1996-10-15 1997-05-05    0.81148958    0.03708969  190
MEDI 1997-05-07 1997-09-22    0.11696985    0.08422696  129
MEDI 1997-09-23 1999-03-27    0.53177404    0.02752485  334
MEDI 1999-03-28 1999-10-12   -0.24970329    0.06222788  173
MEDI 1999-10-13 2000-03-18    0.67706164    0.04148136  142
MEDI 2000-03-24 2000-11-15    0.14756724    0.05712229  196
MEDI 2000-11-16 2001-04-17    0.49141486    0.04222385  127
MEDI 2001-04-18 2001-11-17    0.01891703    0.05884699  190
MEDI 2001-11-18 2002-10-18    0.14470949    0.04391394  240
MEDI 2002-10-19 2003-06-06    0.47460580    0.03616015  221
MEDI 2003-06-08 2004-03-25    0.69661049    0.03922625  167
MEDI 2004-03-26 2004-09-11   -0.12825241    0.06557713  155
MEDI 2004-09-12 2006-10-05    0.56255599    0.02327313  691
MEDI 2006-10-06 2009-09-09    0.91576146    0.02121852  846
MEDI 2009-09-10 2012-02-25    0.77102710    0.02023916  854
MEDI 2012-02-26 2012-09-07    1.29680866    0.05409764  188
MEDI 2012-09-08 2016-02-03    0.59996366    0.01793025 1137
MEDI 2016-02-04 2016-10-14    0.29304265    0.04421688  235
MEDI 2016-10-15 2025-12-30    0.84905746    0.01108532 3089
METS 1994-01-06 1997-12-08    0.23078330    0.01095843 1189
METS 1997-12-09 1998-12-30    0.36272552    0.01988910  326
METS 1998-12-31 2001-06-01    0.18752647    0.01263891  786
METS 2001-06-02 2002-11-02    0.02162420    0.01840817  485
METS 2002-11-03 2005-02-01    0.13298988    0.01303683  745
METS 2005-02-02 2008-09-27    0.28442398    0.01072965 1177
METS 2008-09-28 2009-04-23    0.42254619    0.02522246  130
METS 2009-04-24 2010-05-11    0.28131024    0.01945266  355
METS 2010-05-12 2011-04-23   -0.03799564    0.02099523  263
METS 2011-04-24 2014-02-22    0.06785576    0.01239827  897
METS 2014-02-23 2016-05-24    0.10364356    0.01302934  781
METS 2016-05-25 2018-05-06    0.35093413    0.01401058  684
METS 2018-05-07 2018-12-02    0.67856563    0.03582395  189
METS 2018-12-03 2019-04-27    0.13289765    0.02399610  146
METS 2019-04-28 2021-01-09    0.42946568    0.01596496  591
METS 2021-01-10 2024-06-24    0.29000079    0.01109773 1068
METZ 1998-11-25 2001-06-06    0.23577252    0.01661771  421
METZ 2001-06-07 2005-11-28    0.16850749    0.01047624 1229
METZ 2005-11-29 2007-12-31    0.28216669    0.01412306  669
METZ 2008-01-01 2008-12-11    0.22246132    0.02748319  218
METZ 2008-12-12 2011-05-05    0.33136492    0.01623647  535
METZ 2011-05-06 2012-05-09    0.19987601    0.02539297  143
MGUE 2014-01-02 2014-06-09    0.88633879    0.05999836  158
MGUE 2014-06-10 2015-03-17    0.80056046    0.03962007  258
MGUE 2015-03-18 2016-07-08    0.58505919    0.03669270  321
MGUE 2016-07-09 2017-03-21    0.81008336    0.04267815  242
MGUE 2017-03-22 2022-07-23    0.66353037    0.01450653 1847
MGUE 2022-07-24 2023-08-19    0.89464515    0.03905134  267
MGUE 2023-08-20 2025-12-30    0.69650948    0.02328074  722
MIZU 2002-03-10 2005-12-02    0.66977561    0.01564801 1227
MIZU 2005-12-03 2006-06-05    0.75398194    0.03487568  126
MIZU 2006-06-06 2010-01-19    0.43753390    0.01526671 1229
MIZU 2010-01-20 2017-01-10    0.54133492    0.01095976 2341
MIZU 2017-01-11 2020-12-11    0.67062160    0.01467635 1332
MIZU 2020-12-12 2021-09-25    0.74590711    0.03442640  247
MIZU 2021-09-26 2024-06-14    0.48727988    0.01644083  952
MIZU 2024-06-15 2024-10-27    0.97286233    0.08414672  129
MIZU 2024-10-28 2025-12-30    0.38749205    0.02577015  417
MKEA 1996-09-28 1997-06-24    0.36653651    0.02550621  198
MKEA 1997-06-25 1998-03-21    0.42921267    0.02416008  240
MKEA 1998-03-22 1998-08-08    0.17371966    0.03414064  128
MKEA 1998-08-09 2000-06-27    0.22716582    0.02035749  361
MKEA 2000-06-28 2002-04-30    0.43409713    0.01501631  626
MKEA 2002-05-01 2004-09-25    0.48875156    0.01404054  724
MKEA 2004-09-27 2005-11-07    0.59511070    0.01975361  370
MKEA 2005-11-08 2010-01-15    0.38944093    0.00982409 1449
MKEA 2010-01-16 2012-03-20    0.24645890    0.01393166  713
MKEA 2012-03-21 2014-10-16    0.34469759    0.01296072  872
MKEA 2014-10-17 2019-02-19   -0.63780932    0.01025528 1339
MKEA 2019-02-20 2019-10-10   -0.91587716    0.03874766  121
MKEA 2019-10-11 2024-03-07    0.29179170    0.00985336 1435
MKEA 2024-03-08 2025-12-30    0.16611826    0.01519496  637
MNLS 2014-01-04 2016-04-28   -0.37665072    0.01497412  494
MNLS 2016-04-29 2016-11-17   -0.01553037    0.04530585  171
MNLS 2016-11-19 2018-10-25   -0.19244305    0.01790979  547
MNLS 2018-10-26 2019-04-20   -0.32239760    0.02350020  173
MNLS 2019-04-21 2021-01-15   -0.42284583    0.01822423  515
MNLS 2021-01-16 2023-10-17   -0.14204048    0.01888570  481
MNLS 2023-10-18 2024-10-18   -0.31280788    0.02136188  333
MNLS 2024-10-19 2025-12-30   -0.42721677    0.02023745  307
MOBJ 2005-12-16 2007-01-18    0.17975428    0.02821223  277
MOBJ 2007-01-19 2008-03-28    1.38109600    0.02633762  267
MOBJ 2008-03-29 2008-10-03    1.62993270    0.04263988  184
MOBJ 2008-10-04 2010-04-05    1.21560545    0.02744416  171
MOBJ 2010-04-06 2012-03-25    1.01988428    0.02034749  356
MOBJ 2012-03-26 2012-09-27    1.27056395    0.04421746  172
MOBJ 2012-09-28 2014-02-03    0.53699912    0.01959784  466
MOBJ 2014-02-04 2017-01-19    0.69647278    0.01425356  975
MOBJ 2017-01-20 2018-02-02    0.56692946    0.02612477  299
MOBJ 2018-02-03 2021-01-04    0.47727009    0.01515902  899
MOBJ 2021-01-06 2022-06-03    0.24736214    0.02928861  262
MOBK 2014-01-02 2017-01-19    0.63837218    0.01367324 1072
MOBK 2017-01-20 2018-02-02    0.50532901    0.02898106  268
MOBK 2018-02-03 2018-09-07    0.39491133    0.04240134  163
MOBK 2018-09-08 2019-01-26    0.48418901    0.03557707  131
MOBK 2019-01-27 2019-08-30    0.39194287    0.03502620  198
MOBK 2019-08-31 2021-01-04    0.43748132    0.02104029  459
MOBK 2021-01-06 2022-04-28    0.04826314    0.03688956  187
MOBS 2003-05-02 2006-01-25    0.49329144    0.01703140  949
MOBS 2006-01-26 2007-11-28    0.69065731    0.02110580  590
MOBS 2007-11-29 2017-11-21    0.62642319    0.00905219 3425
MOBS 2017-11-22 2022-03-13    0.81388895    0.01434615 1402
MOBS 2022-03-14 2025-12-30    0.58737811    0.01427138 1364
MONP 1995-08-03 1996-09-06    0.30727912    0.03605459  157
MONP 1996-09-07 1997-09-29    0.18881534    0.02105774  363
MONP 1997-10-01 1998-07-16    0.02585226    0.02481961  218
MONP 1998-07-17 2000-01-14    0.13624253    0.01831979  436
MONP 2000-01-15 2001-06-16   -0.15859123    0.01731175  488
MONP 2001-06-17 2001-11-24   -0.37641803    0.04241889  137
MONP 2001-11-25 2002-06-09   -0.05043610    0.02493787  193
MONP 2002-06-10 2004-06-13    0.03806253    0.01516143  669
MONP 2004-06-14 2004-10-28   -0.30544486    0.05275959  123
MONP 2004-10-29 2007-02-19    0.01096237    0.01381687  750
MONP 2007-02-20 2007-11-12    0.19621214    0.02706400  252
MONP 2007-11-13 2009-03-02    0.02532189    0.01809178  441
MONP 2009-03-03 2015-06-14    0.15061520    0.00854665 2102
MONP 2015-06-15 2016-12-07    0.10252662    0.01867976  484
MONP 2016-12-08 2025-12-30    0.39578750    0.00765862 2625
MORP 2014-01-07 2014-06-22   -0.28395532    0.03559984  159
MORP 2014-06-23 2016-07-11   -0.18836976    0.02037939  571
MORP 2016-07-12 2017-05-28    0.13859380    0.03249732  181
MORP 2017-06-04 2017-10-25   -0.54096771    0.05683994  127
MORP 2017-10-26 2025-05-16    0.06549367    0.01077024 2053
MORP 2025-05-17 2025-12-30    0.17003707    0.04857895  145
MQZG 2000-01-08 2005-01-08    0.22407847    0.02134746  992
MQZG 2005-01-09 2013-04-29    0.67485665    0.01323411 2556
MQZG 2013-04-30 2016-06-08    0.41083821    0.02130361 1011
MQZG 2016-06-09 2017-12-02    0.52643628    0.02879558  502
MQZG 2017-12-05 2022-11-21    0.66117989    0.01591842 1735
MQZG 2022-11-22 2024-02-06    0.21383400    0.03284090  436
MQZG 2024-02-07 2025-12-30   -0.01770248    0.02518147  689
MRO1 2017-01-30 2021-04-29    0.11935364    0.01629893 1212
MRO1 2021-04-30 2024-06-11   -0.18902764    0.01743093 1082
MRO1 2024-06-12 2025-12-30   -0.31705466    0.03053216  359
MSKU 2001-05-25 2002-06-16    0.72710968    0.08254661  319
MSKU 2002-06-17 2006-12-09    0.37030371    0.06371856  543
MTKA 1998-10-27 2002-05-20    0.48024178    0.02193157 1017
MTKA 2002-05-21 2002-10-07    0.61667848    0.10834559  125
MTKA 2002-10-08 2003-02-23    0.52397457    0.04844904  123
MTKA 2003-02-24 2003-11-20    0.50182474    0.06074473  242
MTKA 2003-11-21 2006-03-31    0.48768980    0.02424735  759
MTKA 2006-04-01 2008-08-03    0.09730433    0.02781302  735
MTKA 2008-08-04 2009-02-13    0.08436987    0.04781276  184
MTKA 2009-02-14 2011-04-14    0.29894056    0.02687390  672
MTKA 2011-04-15 2011-11-01   -0.68655169    0.08058975  187
MTKA 2011-11-02 2015-04-12    0.12495171    0.03780485  257
MTKA 2015-04-13 2023-03-04    0.34928835    0.01526201 2067
MTKA 2023-03-05 2025-07-13    0.06315584    0.02550556  831
NAIN 2003-01-02 2005-03-08    0.23432445    0.01308324  595
NAIN 2005-03-09 2008-03-19    0.33840054    0.01085699  868
NAIN 2008-03-20 2025-12-29    0.23949744    0.00653741 2413
NANO 1995-05-16 1998-01-11    0.29413387    0.02190129  773
NANO 1998-01-12 1998-11-09    0.17729112    0.04276765  240
NANO 1998-11-11 1999-03-25    0.65881206    0.04312197  135
NANO 1999-03-26 2003-12-27    0.39585077    0.01538443 1575
NANO 2003-12-28 2005-12-20    0.11336845    0.02254359  710
NANO 2005-12-21 2011-12-24    0.17002300    0.01309999 2100
NANO 2011-12-25 2012-05-14    0.22691575    0.04546097  123
NANO 2012-05-15 2016-10-14    0.15963631    0.01536716 1585
NANO 2016-10-15 2018-07-16    0.38948553    0.02399436  590
NANO 2018-07-17 2020-03-27    0.18402234    0.02426399  571
NANO 2020-03-28 2021-10-14    0.45192376    0.02696089  553
NANO 2021-10-15 2025-12-30    0.33456063    0.01564199 1469
NAUR 2017-01-30 2018-03-06    0.17643053    0.06646260  353
NAUR 2018-03-07 2023-07-25    0.74403010    0.05092519  634
NAUR 2023-07-26 2024-07-03   -0.23061157    0.06859597  338
NAUR 2024-07-04 2025-12-30   -0.72798557    0.05720645  512
NICO 1997-05-15 1998-03-25    0.27652253    0.04653825  190
NICO 1998-03-26 1999-01-08   -0.47406071    0.08094453  136
NICO 1999-01-12 2000-05-22    0.14498806    0.04041638  260
NICO 2000-05-23 2001-06-24   -0.16142843    0.03915020  328
NICO 2001-06-25 2002-04-18   -0.20706718    0.04352711  207
NICO 2002-04-19 2002-11-04   -1.23408077    0.06544766  182
NICO 2002-11-05 2003-05-14   -0.11597007    0.04374670  183
NICO 2003-05-15 2003-10-25   -1.29554907    0.07645587  149
NICO 2003-10-26 2007-06-20   -0.20418022    0.02408983  782
NICO 2007-06-21 2008-11-22    0.26566615    0.03632183  385
NICO 2008-11-23 2016-03-31    0.13200973    0.01345298 2625
NICO 2016-04-01 2020-03-31    0.26966341    0.01869474 1367
NICO 2020-04-01 2023-07-09    0.53430385    0.02081369 1141
NICO 2023-07-10 2024-05-20    0.50362803    0.04260022  197
NICO 2024-05-21 2024-10-10    2.12276826    0.08348010  132
NICO 2024-10-11 2025-04-26    0.96721298    0.04739536  144
NICO 2025-04-27 2025-12-30    0.59416884    0.06092134  175
NIST 2014-01-02 2014-10-13    0.09775103    0.06516797  126
NIST 2014-10-14 2015-10-09   -0.28584928    0.05966513  147
NIST 2015-10-10 2016-10-09    0.35494907    0.03839670  218
NIST 2016-10-10 2017-10-03    0.47962110    0.04673090  178
NIST 2017-10-04 2022-03-25    0.58345139    0.01328360 1287
NIST 2022-03-26 2025-12-30    0.53572305    0.01413730 1140
NIUM 2017-01-30 2020-11-19   -0.02945021    0.03054872 1343
NIUM 2020-11-20 2023-09-08   -0.24766012    0.06009889  376
NIUM 2023-09-09 2025-12-30   -0.47094521    0.04576965  603
NKLG 2000-03-31 2003-09-27    0.87127417    0.04080486 1044
NKLG 2003-09-28 2004-08-06    1.88445368    0.11578075  158
NKLG 2004-08-07 2007-10-15    1.04691002    0.03924297 1091
NKLG 2007-10-16 2010-08-31    1.53576668    0.04437604  906
NKLG 2010-09-01 2013-08-09    0.92381741    0.04238051  945
NKLG 2013-08-10 2016-12-25    1.02555496    0.03748479 1196
NKLG 2016-12-26 2018-05-07    0.46517510    0.06155316  491
NKLG 2018-05-08 2020-06-09    0.99315296    0.04784229  751
NKLG 2020-06-10 2021-06-11    0.47734259    0.07934342  290
NKLG 2021-06-13 2023-06-07    0.23227645    0.05657342  568
NKLG 2023-06-08 2024-06-28    0.10635164    0.07436262  319
NKLG 2024-06-29 2025-12-30   -0.30360535    0.06581913  394
NLIB 1994-01-06 1994-10-16    0.48474341    0.04925928  179
NLIB 1994-10-17 1999-05-09   -0.00092815    0.01395855 1459
NLIB 1999-05-10 2002-01-03   -0.42764505    0.01940646  873
NLIB 2002-01-04 2002-05-24   -0.76137540    0.04170677  129
NLIB 2002-05-27 2002-10-29   -2.45193512    0.07606388  144
NLIB 2002-10-30 2009-07-26    0.18164128    0.01186195 2145
NLIB 2009-07-27 2017-04-08   -0.11631761    0.02057377  652
NLIB 2017-04-09 2019-07-13   -0.38058808    0.02978315  344
NLIB 2019-07-14 2020-04-26   -0.63615890    0.03148034  209
NLIB 2020-04-27 2020-10-19   -1.82261162    0.07228045  159
NLIB 2020-10-20 2021-05-09   -0.60944996    0.03212506  200
NLIB 2021-05-10 2022-10-14   -2.24188607    0.05665783  288
NLIB 2022-10-15 2023-05-17   -0.91502184    0.03171445  211
NLIB 2023-05-18 2023-09-28   -3.11699470    0.09310317  127
NLIB 2023-09-29 2024-05-06   -0.87859494    0.03234448  192
NLIB 2024-05-07 2024-10-12   -2.71994443    0.07900330  149
NLIB 2024-10-13 2025-05-08   -0.90441822    0.03188102  206
NLIB 2025-05-09 2025-12-30   -2.51867924    0.06714965  168
NNOR 2002-07-06 2004-10-19    0.44933650    0.02130165  780
NNOR 2004-10-20 2005-10-17    0.61415543    0.03833481  268
NNOR 2005-10-18 2006-10-17    0.22093425    0.03318695  341
NNOR 2006-10-18 2007-11-13    0.56754373    0.03115120  375
NNOR 2007-11-14 2008-05-05    0.96897948    0.05524378  171
NNOR 2008-05-06 2010-01-28    0.33842447    0.02376807  625
NNOR 2010-01-29 2012-12-08    0.75823160    0.01960924  960
NNOR 2012-12-09 2017-03-01   -0.32522672    0.03147529  391
NNOR 2017-03-02 2017-11-10   -0.05405847    0.03626692  250
NNOR 2017-11-11 2021-11-19    0.11155357    0.01665390 1351
NNOR 2021-11-20 2022-05-15   -0.27574040    0.05563452  169
NNOR 2022-05-17 2022-11-14    0.03619557    0.04063876  176
NNOR 2022-11-15 2025-12-30   -0.24558369    0.01831151 1108
NOT1 2000-09-16 2001-11-30    0.19168938    0.04703052  308
NOT1 2001-12-01 2004-05-24    0.37061552    0.02630088  856
NOT1 2004-05-25 2004-11-28    0.79533623    0.07814242  169
NOT1 2004-11-29 2008-06-24    0.41422354    0.02290241 1156
NOT1 2008-06-25 2016-06-19    0.30921014    0.01509950 2760
NOT1 2016-06-20 2017-12-21    0.65178410    0.03868589  476
NOT1 2017-12-22 2021-09-29    0.87560712    0.02943317  780
NOT1 2021-09-30 2025-12-30    0.67922503    0.02257126 1287
NOTO 1995-09-27 1996-05-15    0.03617139    0.05258854  216
NOTO 1996-05-16 1996-11-04    0.64230996    0.09327662  169
NOTO 1996-11-05 1997-10-27    0.54910935    0.05657533  267
NOTO 1997-10-28 1998-02-27    0.14933390    0.06672650  123
NOTO 1998-02-28 2000-09-05    0.25109025    0.03147624  803
NOUM 1998-01-02 1999-11-19    0.04791390    0.05254250  544
NOUM 1999-11-20 2004-06-20   -0.45505992    0.03242028 1514
NOUM 2004-06-21 2007-03-20   -0.38084088    0.04220170  831
NOVM 2006-11-08 2007-11-30    1.22616454    0.01984799  309
NOVM 2007-12-01 2009-11-23    1.15306540    0.01581372  572
NOVM 2009-11-24 2011-03-05    0.85032021    0.01576530  420
NOVM 2011-03-06 2011-12-30    0.66033628    0.02392015  273
NOVM 2011-12-31 2012-10-03    2.75746033    0.04303942  157
NOVM 2012-10-04 2013-11-06    2.17524602    0.01842057  360
NOVM 2013-11-07 2015-12-01    2.40136992    0.01384193  631
NOVM 2015-12-02 2017-01-19    2.31638644    0.01706062  377
NOVM 2017-01-20 2017-09-06    1.89129556    0.02542278  210
NOVM 2017-09-07 2018-03-05    2.47428771    0.02181009  180
NOVM 2018-03-06 2018-11-06    2.31753201    0.02960729  218
NOVM 2018-11-07 2019-12-18    2.61116238    0.01757106  365
NOVM 2019-12-19 2023-01-30    2.11367113    0.01257026  794
NOVM 2023-01-31 2023-10-18    2.52097150    0.03213497  153
NOVM 2023-10-19 2025-12-30    2.58357307    0.01629837  546
NRC1 1994-06-12 1995-02-14    0.22444049    0.04063525  162
NRC1 1995-02-15 1998-01-06    0.34529136    0.02168546  486
NRC1 1998-01-07 2000-02-08    0.18740688    0.01827391  634
NRC1 2000-02-09 2000-11-01    0.09008770    0.06174988  153
NRC1 2000-11-02 2002-04-12    0.04449312    0.01845879  486
NRC1 2002-04-13 2004-03-28    0.20559447    0.01749379  633
NRC1 2004-03-29 2008-03-26    0.35864739    0.01224744 1343
NRC1 2008-03-27 2009-02-01    0.09745852    0.03278560  212
NRC1 2009-02-02 2009-06-19    0.48137868    0.03652943  127
NRC1 2009-06-21 2013-01-28    0.22788370    0.01332183 1122
NRC1 2013-01-29 2016-11-04    0.11441889    0.01274216 1270
NRC1 2016-11-05 2022-11-21    0.19400960    0.00983023 2066
NRC1 2022-11-22 2025-12-30    0.31105588    0.01349261 1076
NRIL 2000-09-19 2002-05-16   -0.35730510    0.00952264  478
NRIL 2002-05-17 2002-10-31   -0.56515789    0.03431340  124
NRIL 2002-11-01 2003-12-28   -0.23777007    0.01133659  386
NRIL 2003-12-29 2004-10-08   -0.42854477    0.01508483  248
NRIL 2004-10-09 2006-11-07   -0.27025068    0.00877900  670
NRIL 2006-11-08 2007-12-05   -0.34592319    0.02147352  204
NRIL 2007-12-06 2008-11-17   -0.41638290    0.01572764  275
NRIL 2008-11-18 2010-09-06   -0.33853764    0.01013854  481
NRIL 2010-09-07 2011-04-27   -0.50377746    0.01413609  194
NRIL 2011-04-28 2012-09-04   -0.24534628    0.01210794  439
NRIL 2012-09-05 2014-03-17   -0.41224607    0.00947287  497
NRIL 2014-03-18 2015-12-20   -0.27427026    0.01031858  527
NRIL 2015-12-21 2020-03-01   -0.31642375    0.00642112 1160
NRIL 2020-03-02 2021-03-04   -0.44309505    0.01250849  348
NRIL 2021-03-05 2022-04-28   -0.67603229    0.02489666  136
NRMD 2006-05-21 2006-11-26   -0.15144310    0.07488935  169
NRMD 2006-11-27 2007-05-30   -0.63099856    0.09997575  179
NRMD 2007-05-31 2010-08-04   -0.30916329    0.03335891 1102
NRMD 2010-08-05 2011-06-08    0.61723527    0.06991041  275
NRMD 2011-06-09 2016-08-23    0.11524748    0.02798917 1532
NRMD 2016-08-24 2017-10-29    0.51496700    0.05380715  403
NRMD 2017-10-30 2020-10-15    1.32214963    0.04136780  701
NRMD 2020-10-16 2023-12-17    1.08621406    0.07073057  200
NRMD 2023-12-18 2025-12-27    1.54278661    0.05314651  406
NSSP 1998-01-06 1998-11-02    0.24454589    0.05199626  205
NSSP 1998-11-03 2000-12-23   -0.18834190    0.03740665  179
NSSP 2000-12-24 2005-04-06   -0.29299514    0.01945845  578
NSSP 2005-04-07 2005-10-15    0.13163287    0.06301439  176
NSSP 2005-11-24 2007-08-30   -0.23208655    0.03129545  253
NSSP 2007-08-31 2008-04-27    0.05910454    0.03515834  127
NSSP 2008-04-28 2008-10-28    0.04356203    0.06554254  166
NSSP 2008-10-29 2009-06-29   -0.14488018    0.03163531  199
NSSP 2009-06-30 2010-07-08   -0.02103591    0.02890919  244
NTUS 1997-08-31 2003-02-20   -0.65171473    0.03887918  794
NTUS 2003-02-21 2003-12-19   -0.90278958    0.08437198  172
NTUS 2003-12-21 2004-05-11   -1.60943054    0.09317079  140
NTUS 2004-05-12 2006-05-11   -1.30611208    0.04219615  691
NTUS 2006-05-12 2009-11-08    0.27028210    0.03786973  875
NTUS 2009-11-10 2011-03-26    0.46280645    0.05166535  450
NTUS 2011-03-27 2012-12-21   -0.20756856    0.04483085  626
NTUS 2012-12-22 2013-06-26    0.68054012    0.08191200  187
NTUS 2013-06-27 2014-01-09   -0.17825714    0.07830358  196
NTUS 2014-01-10 2018-09-03    0.38213840    0.05355108  449
NTUS 2018-09-04 2021-07-12    1.08576269    0.03509986  996
NTUS 2021-07-13 2023-01-20   -0.58161254    0.06163193  316
NTUS 2023-01-21 2023-12-30   -0.00183703    0.06097480  334
NTUS 2024-01-01 2025-12-30    0.13053770    0.04437733  637
NURK 2008-12-06 2010-07-06   -0.63685741    0.05551064  284
NURK 2010-07-07 2012-01-03    0.10972972    0.05071705  365
NURK 2012-01-04 2012-06-11    0.27046902    0.08115632  135
NURK 2012-06-12 2013-06-22   -0.18353516    0.04938075  346
NURK 2013-06-23 2015-05-05   -0.38635591    0.04153710  513
NVSK 2000-07-14 2005-01-06   -0.66554945    0.01240693  961
NVSK 2005-01-07 2006-02-09   -0.58825428    0.02101490  347
NVSK 2006-02-11 2006-11-02   -0.14579207    0.03668973  183
NVSK 2006-11-03 2007-11-16    0.06851097    0.02636545  272
NVSK 2007-11-17 2008-11-22    0.15409278    0.03110988  254
NVSK 2008-11-23 2010-11-26   -0.44614220    0.01666113  620
NVSK 2010-11-30 2012-04-20   -0.91572617    0.01845345  405
NVSK 2012-04-21 2013-03-02   -1.97267519    0.02319499  305
NVSK 2013-03-03 2023-03-15   -1.01755797    0.02181340  350
NVSK 2023-03-18 2023-11-05   -1.87338834    0.04153516  154
NVSK 2023-11-07 2024-03-30   -1.33417245    0.02632014  130
NVSK 2024-03-31 2024-10-30   -1.84021909    0.03940317  193
NVSK 2024-10-31 2025-03-16   -1.24710214    0.02582182  133
NVSK 2025-03-17 2025-12-30   -1.86544935    0.03297101  232
NYA1 1998-03-14 1998-12-11    0.39491109    0.02131615  147
NYA1 1998-12-12 2003-10-07    0.19847596    0.00655595 1422
NYA1 2003-10-08 2004-03-01    0.35833941    0.01849566  144
NYA1 2004-03-02 2005-03-21    0.20004247    0.01270712  355
NYA1 2005-03-22 2006-01-28    0.21416548    0.01805433  226
NYA1 2006-01-29 2009-01-01    0.19880701    0.00799886  979
NYA1 2009-01-02 2010-02-05   -0.04401797    0.01699632  252
NYA1 2010-02-06 2011-02-09    0.01948172    0.01367395  331
NYA1 2011-02-10 2012-02-19   -0.14133523    0.01296828  356
NYA1 2012-02-20 2013-05-16    0.09235543    0.01314641  347
NYA1 2013-05-17 2017-03-23   -0.01645506    0.00664749 1363
NYA1 2017-03-24 2019-06-29    0.23600854    0.00859581  799
NYA1 2019-06-30 2019-12-21    0.37130454    0.02172844  165
NYA1 2019-12-22 2020-04-20    0.05829069    0.01847972  121
NYA1 2020-04-21 2022-11-30    0.27932973    0.00885721  833
NYA1 2022-12-01 2023-05-22    0.14424794    0.01593752  173
NYA1 2023-05-23 2025-12-28    0.27754141    0.00836648  895
NYAL 1994-01-06 2001-06-22    0.37443966    0.00600503 1792
NYAL 2001-06-23 2003-10-07    0.42320378    0.00932917  728
NYAL 2003-10-08 2004-03-01    0.57301389    0.01869896  145
NYAL 2004-03-02 2005-03-21    0.40246872    0.01284542  365
NYAL 2005-03-22 2006-01-28    0.54893765    0.01525547  292
NYAL 2006-01-29 2007-04-09    0.42477972    0.01302481  362
NYAL 2007-04-10 2007-11-16    0.26236833    0.02006629  215
NYAL 2007-11-17 2008-12-28    0.44914177    0.01233880  400
NYAL 2008-12-29 2010-02-07    0.37437059    0.01700749  205
NYAL 2010-02-08 2011-02-17    0.30117733    0.01334151  352
NYAL 2011-02-18 2012-02-11    0.19972294    0.01608474  283
NYAL 2012-02-12 2013-02-10    0.43596448    0.01329172  352
NYAL 2013-02-11 2017-08-19    0.35299280    0.01157173  487
NYAL 2017-08-20 2019-03-16    0.45349249    0.01065208  506
NYAL 2019-03-17 2019-12-21    0.56813433    0.02217559  172
NYAL 2019-12-22 2020-06-09    0.25439783    0.01667945  169
NYAL 2020-06-10 2025-12-27    0.44493529    0.00593110 1828
OHI2 2002-02-16 2002-09-16    0.51879718    0.02780808  168
OHI2 2002-09-17 2004-08-22    0.46582039    0.01675346  503
OHI2 2004-08-25 2005-04-08    0.35903784    0.03105778  160
OHI2 2005-04-09 2005-10-01    0.84879958    0.03131341  126
OHI2 2005-10-02 2006-09-22    0.66377189    0.02324133  255
OHI2 2006-09-23 2008-03-29    0.32079026    0.01805316  456
OHI2 2008-03-30 2008-09-17    0.57489724    0.02986545  142
OHI2 2008-09-21 2009-03-17    0.28322714    0.03142196  151
OHI2 2009-03-18 2009-08-23    0.58172837    0.02959622  147
OHI2 2009-08-24 2011-04-02    0.30880374    0.01571240  567
OHI2 2011-04-03 2012-06-25    0.41412214    0.01922067  360
OHI2 2012-06-26 2013-08-12    0.34144371    0.01980581  349
OHI2 2013-08-13 2019-06-26    0.15713023    0.00821623 2034
OHI2 2019-06-27 2020-07-25    0.24525026    0.02134728  311
OHI2 2020-07-26 2022-08-16    0.03019840    0.01462789  632
OHI2 2022-08-17 2023-07-08   -0.16753325    0.02285082  276
OHI3 2003-02-08 2003-07-02   -0.05928051    0.03380031  122
OHI3 2003-07-03 2004-08-22   -0.27442409    0.02038797  310
OHI3 2004-08-23 2005-04-08   -0.16301318    0.02572815  212
OHI3 2005-04-09 2005-11-02    0.17459308    0.02735703  154
OHI3 2005-11-03 2006-10-06    0.10348665    0.02326761  232
OHI3 2006-10-07 2007-06-20   -0.22557527    0.02528981  222
OHI3 2007-06-21 2010-01-24   -0.28983102    0.01499749  593
OHI3 2010-01-27 2013-08-12    0.19267998    0.01130415 1037
OHI3 2013-08-13 2016-05-01    0.12005375    0.01213997  899
OHI3 2016-05-03 2019-06-26    0.18291436    0.01145664 1003
OHI3 2019-06-27 2020-07-25    0.22594799    0.01872172  366
OHI3 2020-07-26 2023-06-19    0.00896655    0.01651155  467
OHIG 1995-03-14 1999-01-19    0.63136435    0.01836563  698
OHIG 1999-01-20 2000-10-07    0.11386031    0.03427522  211
OHIG 2000-10-08 2002-02-19    0.61519150    0.02908522  275
ONSA 1994-01-06 1997-11-14    0.64695530    0.01400997 1101
ONSA 1997-11-15 1998-11-06    0.80253403    0.03309131  236
ONSA 1998-11-07 2000-12-01    0.23059836    0.01856935  616
ONSA 2000-12-02 2002-01-30    0.37624262    0.02170043  399
ONSA 2002-01-31 2007-03-13    0.31097355    0.01093628 1647
ONSA 2007-03-14 2011-11-25    0.49498100    0.01110856 1667
ONSA 2011-11-26 2018-02-01    0.43953674    0.00956496 2134
ONSA 2018-02-02 2022-01-27    0.56545552    0.01185752 1414
ONSA 2022-01-28 2025-12-30    0.62809158    0.01268225 1302
OPMT 2014-01-02 2016-11-26    0.09027950    0.01681018 1007
OPMT 2016-11-27 2019-09-10    0.32258126    0.01886288  852
OPMT 2019-09-11 2025-03-22    0.51709749    0.01223239 1880
OPMT 2025-03-23 2025-11-29    1.03370918    0.04850990  149
OS0G 1998-10-24 2001-01-12    0.26833047    0.01816989  628
OS0G 2001-01-13 2001-12-05    0.40223552    0.02681185  315
OS0G 2001-12-06 2003-08-18    0.20577876    0.02241292  388
OSN1 1999-09-18 2000-06-14    0.68694679    0.02695845  266
OSN1 2000-06-15 2003-02-19    0.35906231    0.01748061  621
OSN1 2003-02-20 2003-11-04    0.36922818    0.04560581  234
OSN1 2003-11-05 2005-06-17    0.18638936    0.02055452  384
OSN1 2005-06-18 2009-07-20    0.21853575    0.01332128 1314
OUS2 2000-05-07 2003-02-24    0.39177007    0.02547883  626
OUS2 2003-02-25 2003-07-25    0.71202594    0.05239076  141
OUS2 2003-07-26 2006-05-06    0.49274543    0.02141289  915
OUS2 2006-05-07 2008-05-17    0.70758477    0.02539244  659
OUS2 2008-05-18 2013-01-25    0.59430999    0.01628402 1558
OUS2 2013-01-26 2013-11-12    0.48382514    0.03684095  276
OUS2 2013-11-13 2017-10-18    0.77188241    0.03607055  305
OUS2 2017-10-19 2018-10-17    0.88866229    0.03413349  357
OUS2 2018-10-18 2019-03-19    1.04087447    0.06541506  141
OUS2 2019-03-20 2021-03-02    0.85339052    0.02473440  674
OUS2 2021-03-03 2024-07-14    0.51925696    0.01877591 1170
OUS2 2024-07-15 2025-12-30    0.35078505    0.03074665  450
PADO 2014-01-02 2014-09-04    0.33269803    0.04129520  242
PADO 2014-09-05 2015-12-06    0.55970521    0.03137952  437
PADO 2015-12-07 2016-05-29    0.30581280    0.04987878  120
PADO 2016-05-30 2017-05-26    0.78398292    0.03597042  245
PADO 2017-05-27 2017-12-06    1.18981344    0.06635165  181
PADO 2017-12-07 2018-08-15    0.53281805    0.03844395  234
PADO 2018-08-16 2020-01-07    0.87794872    0.02918635  480
PADO 2020-01-08 2020-12-23    1.09230065    0.05147795  238
PADO 2020-12-27 2023-01-24    0.63513242    0.02337563  713
PADO 2023-01-25 2025-04-29    0.72057798    0.02273915  773
PALM 1998-01-20 2000-03-17    0.15118835    0.01667717  413
PALM 2000-03-18 2000-12-11    0.07003535    0.02918021  129
PALM 2000-12-12 2001-06-27    0.25936293    0.02587122  181
PALM 2001-06-28 2002-07-22    0.39737449    0.01762445  361
PALM 2002-07-23 2003-10-31    0.47701376    0.01580051  452
PALM 2003-11-01 2005-04-08    0.28123918    0.01510810  505
PALM 2005-04-09 2006-08-25    0.59879433    0.01508748  490
PALM 2006-08-26 2008-04-09    0.21018150    0.01487104  529
PALM 2008-04-10 2008-10-01    0.56583440    0.02491737  175
PALM 2008-10-02 2009-12-26    0.34714389    0.01596642  437
PALM 2009-12-27 2011-12-20    0.14510053    0.01268736  707
PALM 2011-12-21 2012-08-13    0.29370604    0.02496182  188
PALM 2012-08-14 2013-12-23    0.04467910    0.01561530  459
PALM 2013-12-24 2023-07-16    0.28733599    0.02392272  202
PALM 2023-07-17 2025-12-30    0.15718849    0.01975160  268
PALV 2009-12-13 2011-12-20    0.12686248    0.01256836  670
PALV 2011-12-21 2012-08-13    0.30074496    0.02456062  188
PALV 2012-08-14 2016-02-17    0.09098764    0.00946039 1144
PALV 2016-02-18 2017-01-12    0.24715673    0.01820838  309
PALV 2017-01-13 2017-09-10    0.36700158    0.02448009  179
PARC 1999-03-22 2000-08-18    0.88611103    0.02677523  364
PARC 2000-08-19 2001-05-04    1.05892590    0.03434381  233
PARC 2001-05-05 2004-02-04    1.26201431    0.02125651  573
PARC 2004-02-05 2005-03-22    0.95911174    0.04448465  138
PARC 2005-03-23 2006-08-01    1.21978653    0.03613672  195
PARC 2006-08-02 2007-06-26    1.09760598    0.03343498  252
PARC 2007-06-27 2009-05-24    0.99909380    0.02100809  603
PARC 2009-05-25 2022-11-19    0.84400503    0.01007699 2550
PARC 2022-11-20 2025-12-28    0.67350715    0.01752361  853
PARK 2006-07-19 2009-09-15    0.75022072    0.01996668 1077
PARK 2009-09-16 2017-07-01    0.64843722    0.01373717 2437
PARK 2017-07-02 2017-12-15    0.37732520    0.04690715  165
PARK 2017-12-16 2022-08-07    0.61037646    0.01658877 1598
PARK 2022-08-08 2023-11-23    0.73629809    0.03240014  429
PARK 2023-11-24 2025-12-30    0.60681833    0.02501588  699
PBRI 2011-04-11 2014-08-26   -0.60102963    0.03776605 1105
PBRI 2014-08-27 2016-12-02   -0.95006295    0.05179043  591
PBRI 2016-12-03 2018-04-05   -0.65351440    0.07457486  293
PBRI 2018-04-06 2020-04-23   -0.20072473    0.07457019  286
PDEL 2000-04-18 2008-01-27   -0.35124084    0.01594137 2582
PDEL 2008-01-28 2009-04-07   -0.07469497    0.03853749  410
PDEL 2009-04-11 2017-07-18    0.11409313    0.01508419 2818
PDEL 2017-07-19 2021-09-15    0.23565802    0.02183519 1364
PDEL 2021-09-16 2025-12-30   -0.13916971    0.02077084 1512
PENC 1996-05-03 1997-01-01    0.62338692    0.03681248  231
PENC 1997-01-03 1999-11-07    0.63357083    0.01567519  948
PENC 1999-11-08 2000-05-15    0.19070429    0.02932531  182
PENC 2000-05-16 2002-02-08    0.36622044    0.02016981  578
PENC 2002-02-09 2003-02-05    0.09591394    0.02596141  336
PENC 2003-02-06 2003-07-16    0.34135587    0.03904103  145
PENC 2003-07-17 2003-12-01    0.05736925    0.05059225  133
PENC 2003-12-02 2009-01-12    0.32424179    0.02159174  481
PENC 2009-01-13 2010-05-29    0.17739859    0.02058446  483
PENC 2010-05-30 2013-01-21    0.11773866    0.01623272  810
PENC 2013-01-22 2013-11-06   -0.10836636    0.03030819  278
PENC 2013-11-07 2014-04-19    0.03442613    0.03005073  161
PENC 2014-04-20 2014-10-02   -0.33817402    0.05236529  162
PENC 2014-10-03 2016-04-17   -0.02671519    0.01883758  550
PENC 2016-04-18 2018-03-21    0.13241852    0.01826397  678
PENC 2018-03-22 2018-11-16    0.52211010    0.03800045  232
PENC 2018-11-17 2020-07-09    0.14378235    0.01868191  583
PENC 2020-07-10 2023-08-03    0.03467802    0.01494558  918
PENC 2023-08-04 2025-12-30    2.63512872    0.01736451  719
PERT 1994-01-06 1996-12-18    0.47977661    0.02752247  468
PERT 1996-12-19 1997-09-30    1.01022026    0.04094497  220
PERT 1997-10-01 1998-06-04    0.59055457    0.04186423  225
PERT 1998-06-05 1999-09-18    0.95172888    0.03992013  225
PERT 1999-09-19 2002-06-01    0.43556105    0.02477998  601
PERT 2002-06-02 2003-04-11    0.65946250    0.03822860  243
PERT 2003-04-12 2005-07-11    0.95668001    0.02189999  741
PERT 2005-07-12 2006-11-20    0.68637854    0.02696771  468
PERT 2006-11-21 2007-12-05    0.98906070    0.03573352  257
PERT 2007-12-06 2008-05-27    1.07980565    0.05285421  156
PERT 2008-05-28 2011-12-31    0.95875553    0.01725842 1157
PERT 2012-10-24 2015-04-05    0.42500889    0.02081198  856
PERT 2015-04-06 2018-07-19    0.52547753    0.01759172 1146
PERT 2018-07-20 2021-10-14    0.78628849    0.01787475 1108
PERT 2021-10-15 2025-12-30    0.40223534    0.01550721 1480
PETP 1999-07-12 2002-02-08    0.27174421    0.01214569  649
PETP 2002-02-09 2003-11-22    0.39095202    0.01397736  584
PETP 2003-11-23 2004-03-28    0.60981613    0.02110179  125
PETP 2004-03-29 2005-01-26    0.47509958    0.02033378  285
PETP 2005-01-27 2007-01-20    0.54963976    0.01256634  636
PETP 2007-01-21 2008-01-15    0.45762276    0.02084543  278
PETP 2008-01-16 2008-12-26    0.15120375    0.02652927  187
PETP 2008-12-27 2010-07-22    0.34802964    0.02003874  301
PFA2 2014-01-02 2014-09-05   -0.48622730    0.03816034  195
PFA2 2014-09-06 2016-11-21   -0.38029785    0.01921989  720
PFA2 2016-11-23 2018-05-25   -0.30012572    0.02400732  429
PFA2 2018-05-27 2019-01-04    0.00367541    0.04049025  215
PFA2 2019-01-05 2019-12-25   -0.17459751    0.04449513  178
PFA2 2019-12-26 2020-12-30   -0.08506069    0.03964272  224
PIE1 1994-01-06 1994-10-13    0.36947295    0.04887975  152
PIE1 1994-10-14 1996-12-31   -0.10532774    0.01520306  630
PIE1 1997-01-01 1999-09-10    0.10469050    0.01214636  912
PIE1 1999-09-15 2002-11-07    0.18440835    0.01817961  664
PIE1 2002-11-08 2005-05-30    0.07399609    0.01175621  851
PIE1 2005-05-31 2013-02-02   -0.04962312    0.00739518 2431
PIE1 2013-02-03 2015-03-16   -0.01197035    0.01523447  557
PIE1 2015-03-17 2015-09-04   -0.42843203    0.03667134  165
PIE1 2015-09-05 2022-04-15    0.04198440    0.00755683 2228
PIE1 2022-04-16 2025-12-30    0.12701761    0.01049950 1231
PIMO 1999-03-23 2000-12-26   -0.37135029    0.11498787  129
PIMO 2000-12-27 2013-04-06    0.15851666    0.02299113 3371
PIMO 2013-04-07 2015-10-13    0.51568569    0.04523787  852
PIMO 2015-10-14 2018-02-26    0.93644236    0.04567413  860
PIMO 2018-02-27 2018-07-07    0.02696530    0.12211895  130
PIMO 2018-07-08 2020-10-30    0.88946391    0.04606780  819
PIMO 2020-11-01 2024-04-23    0.55255172    0.04407039  963
PIMO 2024-04-24 2024-12-27    1.05495512    0.08496493  241
PIMO 2024-12-28 2025-12-30    0.66522150    0.08650093  230
POHN 2017-04-22 2017-11-16   -1.49164252    0.08269180  192
POHN 2017-11-17 2019-03-29   -0.29659782    0.07345893  297
POHN 2019-03-30 2022-09-08   -0.75185251    0.05215881  531
POHN 2022-09-09 2023-09-01    0.51146197    0.06548112  338
POHN 2023-09-02 2025-01-05    0.13390417    0.05695038  449
POHN 2025-01-06 2025-05-15   -1.17863808    0.11327332  128
POHN 2025-05-16 2025-12-30    0.41720051    0.07748161  224
POL2 1995-05-26 1997-08-05    0.41862735    0.02833638  578
POL2 1997-08-06 1998-06-26    0.13125772    0.03659784  237
POL2 1998-06-27 1998-11-11    1.85687394    0.07691098  131
POL2 1998-11-12 1999-12-15    0.27661192    0.03338088  315
POL2 1999-12-16 2000-09-19    2.21342549    0.09295954  128
POL2 2000-09-20 2001-04-27   -0.10694979    0.03898544  170
POL2 2001-04-28 2006-04-25    0.52988009    0.01738732 1360
POL2 2006-04-26 2008-10-10    1.11524587    0.02315297  839
POL2 2008-10-11 2012-05-29    0.44292259    0.01750858 1252
POL2 2012-05-30 2013-09-21    0.34620590    0.03372849  380
POL2 2013-09-22 2015-05-24    0.26169375    0.02504845  555
POL2 2015-05-25 2017-09-12    0.21635946    0.02582831  671
POL2 2017-09-13 2021-09-04    0.40576025    0.01794404 1284
POL2 2021-09-05 2025-12-30    0.68127704    0.01678650 1433
POLV 2001-06-20 2005-05-26    0.31360509    0.01291066 1315
POLV 2005-05-27 2005-11-05    0.74026342    0.05315689  155
POLV 2005-11-06 2007-03-10    0.22648963    0.02008620  469
POLV 2007-03-11 2008-02-26    0.43416637    0.02648672  326
POLV 2008-02-27 2008-12-03    0.07664299    0.03247569  270
POLV 2008-12-04 2012-11-10    0.25064776    0.01273457 1360
POLV 2012-11-11 2017-03-06    0.12098641    0.01186699 1485
POLV 2017-03-07 2018-06-11    0.02467686    0.02263241  441
POLV 2018-06-12 2018-10-30    0.51648512    0.06273116  120
POLV 2018-10-31 2019-05-30    0.19810297    0.02791516  208
POLV 2019-05-31 2020-02-01    0.42229500    0.03373558  208
POLV 2020-02-02 2020-06-10    0.07401688    0.03822069  122
POLV 2020-06-11 2025-08-17    0.19568097    0.01308880 1223
POTS 1994-10-30 1995-11-17    0.56008453    0.02498881  295
POTS 1995-11-18 1996-04-19    0.99158387    0.02893252  142
POTS 1996-04-20 1999-04-02    1.00524990    0.01348241 1002
POTS 1999-04-03 2002-08-14    0.53940826    0.01319137 1025
POTS 2002-08-15 2006-04-03    0.49999648    0.01179922 1245
POTS 2006-04-04 2006-08-31    0.13283812    0.04404967  145
POTS 2006-09-01 2007-12-13    0.54338502    0.02087541  429
POTS 2007-12-14 2009-06-29    0.58885020    0.02220046  387
POTS 2009-06-30 2014-04-01    0.27921516    0.01090480 1519
POTS 2014-04-02 2014-10-04    0.05660165    0.04014126  176
POTS 2014-10-05 2016-01-01    0.46892247    0.02027767  436
POTS 2016-01-02 2017-10-16    0.55948068    0.01887650  555
POTS 2017-10-17 2019-12-17    0.77598300    0.01678494  660
POTS 2019-12-18 2021-10-08    0.92003060    0.01676339  636
POTS 2021-10-09 2025-12-30    0.65116248    0.01109577 1423
POVE 2008-07-02 2009-06-01   -0.72525457    0.07694951  221
POVE 2009-06-02 2009-11-15    0.29441119    0.08492041  167
POVE 2009-11-16 2010-05-09   -0.29858186    0.08648317  173
POVE 2010-05-10 2011-06-15   -0.05432878    0.07809952  214
POVE 2011-06-16 2012-08-21    0.11015223    0.05912880  353
POVE 2012-08-22 2015-04-13   -0.06980776    0.04077920  773
POVE 2015-04-14 2016-07-23    0.67035920    0.05486028  419
POVE 2016-07-24 2016-12-26    0.51018729    0.09599918  144
POVE 2016-12-27 2020-07-25   -0.16164389    0.03443181 1058
POVE 2020-07-26 2021-08-05   -0.67915803    0.07783890  213
POVE 2021-08-06 2024-08-31   -0.78650534    0.03419183 1065
POVE 2024-09-01 2025-12-30   -0.62823311    0.05990377  351
PRDS 2017-01-30 2018-04-08    0.02873497    0.01640688  420
PRDS 2018-04-09 2018-12-10   -0.07229833    0.03183044  202
PRDS 2018-12-11 2021-01-04   -0.00177068    0.01480396  637
PRDS 2021-01-05 2022-06-18    0.07247291    0.01631066  465
PRDS 2022-06-19 2023-09-13   -0.27541720    0.04989288  125
PRDS 2023-09-14 2025-12-30    0.09138368    0.02857683  135
PRE1 1999-03-14 2000-06-19    0.29537760    0.04735189  290
PRE1 2000-06-20 2003-09-27    0.14560796    0.02306150  912
PRE1 2003-09-28 2004-04-28   -0.88984990    0.08521315  144
PRE1 2004-04-29 2005-03-25    0.34675783    0.03675071  325
PRE1 2005-03-26 2005-09-24    0.78997247    0.04115582  168
PRE1 2005-09-25 2007-06-04    0.45453293    0.02950731  606
PRE1 2007-06-05 2009-06-09    0.30610914    0.02933421  607
PRE1 2009-06-10 2010-12-09   -0.00763735    0.02760975  528
PTAG 2011-01-26 2011-06-24   -0.12549162    0.09806890  150
PTAG 2011-06-25 2013-12-15    0.05538616    0.04291501  780
PTAG 2013-12-16 2017-03-15    0.61211968    0.05297823  518
PTAG 2017-03-16 2018-06-18   -0.01937017    0.05856544  428
PTAG 2018-06-19 2019-08-16    0.47301096    0.05930372  396
PTAG 2019-08-17 2021-05-07    0.07382474    0.05575411  464
PTAG 2021-05-08 2022-11-05   -0.62934398    0.05622681  445
PTAG 2022-11-06 2025-12-30    0.40668365    0.04420576  757
PTBB 2014-01-02 2014-06-28   -0.11880901    0.02950665  178
PTBB 2014-06-29 2016-11-15    0.07245690    0.01596855  748
PTBB 2016-11-16 2018-02-05    0.21493986    0.02030338  428
PTBB 2018-02-06 2019-04-02    0.48589911    0.02069337  410
PTBB 2019-04-03 2022-04-12    0.31528156    0.01323801 1072
PTBB 2022-04-13 2025-12-30    0.28042596    0.01221264 1319
PTVL 2017-02-14 2020-02-02   -0.60206590    0.05558478  521
PTVL 2020-02-03 2021-09-15   -1.14217479    0.08763845  188
PTVL 2021-09-16 2023-03-02   -0.16894824    0.08643178  254
PTVL 2023-03-27 2025-12-09   -0.66639912    0.04345165  840
PVEP 1998-01-14 1998-12-25   -0.30508778    0.05094823  237
PVEP 1998-12-26 1999-06-12   -0.13062923    0.06134925  148
PVEP 1999-06-13 2000-08-05   -0.10908847    0.05137136  231
QAQ1 2001-10-16 2004-01-25    0.15505626    0.01326436  656
QAQ1 2004-01-26 2008-04-13   -0.08541675    0.00890977 1420
QAQ1 2008-04-14 2009-01-19   -0.15337123    0.02333762  262
QAQ1 2009-01-21 2009-12-29   -0.08870204    0.02017164  310
QAQ1 2009-12-30 2010-05-15   -0.27785823    0.02528209  122
QAQ1 2010-05-16 2011-02-03   -0.08706962    0.02332121  255
QAQ1 2011-02-04 2012-03-24   -0.29193711    0.01640329  390
QAQ1 2012-03-25 2016-01-17   -0.22456198    0.00978081 1227
QAQ1 2016-01-18 2017-01-28   -0.13562673    0.01816114  324
QAQ1 2017-01-29 2021-09-30    0.08725147    0.00877825 1503
QAQ1 2021-10-01 2025-01-10   -0.00011825    0.00989658 1148
QAQ1 2025-01-11 2025-12-30    0.09063857    0.02152284  285
QUI2 2005-10-21 2006-11-09   -0.34400492    0.03845719  380
QUI2 2006-11-10 2009-08-01   -0.46336980    0.02571004  844
QUIN 1994-01-06 1995-12-21   -0.69713240    0.02381323  570
QUIN 1995-12-22 1997-04-05   -0.24024796    0.02607382  393
QUIN 1997-04-06 1998-04-11   -0.84193377    0.04079804  166
QUIN 1998-04-12 2000-01-21   -1.17081240    0.04771172  152
QUIN 2000-02-11 2001-11-12   -0.95770906    0.05350063  177
QUIN 2001-11-13 2010-12-05   -0.48481383    0.01085779 2695
QUIN 2010-12-06 2012-05-08    0.01317030    0.02527602  398
QUIN 2012-05-09 2012-11-16   -0.58930272    0.05177055  185
QUIN 2012-11-17 2016-08-21   -0.10122003    0.01563808 1255
QUIN 2016-08-22 2021-05-24    0.07050231    0.01343728 1621
QUIN 2021-05-25 2022-08-10    0.30444612    0.02806541  432
QUIN 2022-08-11 2025-12-30   -0.11139574    0.01583700 1203
RABT 2000-05-18 2003-02-13    0.42731489    0.02863732  810
RABT 2003-02-14 2003-10-13    1.04146092    0.05496314  238
RABT 2003-10-14 2004-07-07    0.62045651    0.06541338  135
RABT 2004-07-08 2004-11-05   -0.08363029    0.09420124  120
RABT 2004-11-06 2008-06-21    0.42080266    0.02314589 1075
RABT 2008-06-22 2011-03-20    0.60333390    0.02626198  876
RABT 2011-03-21 2015-04-09    0.50868165    0.02224437 1235
RABT 2015-04-10 2022-06-17    0.82540048    0.01917443 1720
RABT 2022-06-18 2025-04-15    1.14357141    0.02803711  775
RAMO 1998-06-12 1998-12-20   -0.26525730    0.05766239  176
RAMO 1998-12-21 2001-07-01    0.43094171    0.02746605  440
RAMO 2001-07-02 2002-07-04    0.15833208    0.03506574  330
RAMO 2002-07-05 2003-06-13    0.46154104    0.03832223  254
RAMO 2003-06-14 2004-02-18    0.69452770    0.04656507  171
RAMO 2004-02-19 2007-01-04    0.33782275    0.02048105  986
RAMO 2007-01-05 2008-06-23    0.66958107    0.02681077  507
RAMO 2008-06-24 2012-06-12    0.38979843    0.01843548 1194
RAMO 2012-06-13 2012-11-09    1.15438028    0.07245041  142
RAMO 2012-11-10 2013-05-25    0.47511232    0.04001608  185
RAMO 2013-05-26 2015-01-11    0.16383706    0.02841753  555
RAMO 2015-01-12 2017-04-03    0.37960668    0.02234242  763
RAMO 2017-04-04 2019-06-20    0.75213017    0.02332304  750
RAMO 2019-06-21 2025-12-29    0.49019549    0.01469260 1944
RBAY 2000-10-11 2003-09-23    0.21512884    0.04827121  388
RBAY 2003-09-24 2005-03-23   -0.43370503    0.09390238  174
RBAY 2005-03-24 2007-04-05    0.55659879    0.05046083  455
RBAY 2008-05-20 2014-06-23   -0.07131214    0.02826136 1157
RBAY 2014-06-24 2025-11-17   -0.44822988    0.02256109 1741
RCMN 2007-03-21 2008-01-05   -0.57238443    0.05292803  277
RCMN 2008-01-06 2009-08-13   -0.38946505    0.04076042  496
RCMN 2009-08-14 2010-07-15   -0.29812257    0.06274733  231
RCMN 2010-07-16 2012-10-17   -0.42519689    0.03840570  532
RCMN 2012-10-18 2013-07-13    0.20186524    0.07987611  161
RCMN 2013-07-14 2015-12-11   -0.33334039    0.05719008  280
RCMN 2015-12-12 2016-10-17   -0.74101839    0.05509403  275
RECF 2008-07-03 2015-11-09   -0.25290698    0.02634131 1903
RECF 2015-11-10 2018-02-21    0.12325200    0.04529527  630
RESO 2014-01-02 2015-02-05    0.41495570    0.00989526  295
RESO 2015-02-06 2015-10-22    0.32162207    0.02372625  131
RESO 2015-10-23 2016-04-25    0.37957957    0.01005224  166
RESO 2016-04-26 2016-11-26    0.25653292    0.01601957  176
RESO 2016-11-27 2025-12-29    0.51175389    0.00938340  307
REUN 1998-12-17 2003-06-12   -0.38816202    0.04016008  645
REUN 2003-06-13 2009-09-29    0.09027714    0.02261825 1838
REUN 2009-09-30 2011-06-08   -0.42457880    0.04637464  480
REUN 2011-06-09 2015-12-23   -0.21021420    0.02433051 1591
REUN 2015-12-24 2017-04-26   -0.01005204    0.04819812  460
REUN 2017-04-27 2020-01-01   -0.23911473    0.03898765  588
REUN 2020-01-02 2020-06-18    0.50864987    0.09167282  165
REUN 2020-06-19 2023-09-28    0.02567199    0.02942282 1104
REUN 2023-09-29 2024-03-25    0.53541764    0.08284344  176
REUN 2024-03-26 2025-12-30    0.01609825    0.03884062  586
REYK 1996-01-13 1996-09-12    0.37252266    0.02569829  227
REYK 1996-09-14 1997-12-05    0.61287472    0.01899636  422
REYK 1997-12-06 1999-09-26    0.91734346    0.01686634  536
REYK 1999-09-27 2000-06-17    0.66539431    0.02417723  230
REYK 2000-06-18 2003-03-25    0.55267222    0.01299229  881
REYK 2003-03-26 2008-03-26    0.31587743    0.00963928 1608
REYK 2008-03-27 2010-05-10    0.53925114    0.01405887  758
REYK 2010-05-11 2013-06-24    0.57909349    0.01179771 1088
REYK 2013-06-25 2015-03-17    0.25792739    0.01579370  610
REYK 2015-03-18 2016-05-15    0.42029615    0.01920697  398
REYK 2016-05-16 2019-05-13    0.65991311    0.01214887 1019
REYK 2019-05-15 2020-04-16    0.45415476    0.02981590  134
REYK 2020-04-17 2020-09-03    1.07897808    0.03705687  137
REYK 2020-09-04 2021-06-24    0.69490787    0.02195667  291
REYK 2021-06-28 2022-04-06    0.54086748    0.02485938  223
REYK 2022-04-07 2023-12-14    0.64292490    0.01778592  498
REYK 2023-12-15 2024-11-13    0.76784261    0.02580223  251
REYK 2024-11-14 2025-03-24    0.37998295    0.03091626  128
REYK 2025-03-25 2025-12-30    0.94063936    0.03142926  179
REYZ 1998-09-15 2000-06-19    0.25885845    0.01978315  381
REYZ 2000-06-20 2000-11-24    0.12707853    0.03968183  129
REYZ 2000-11-25 2007-09-18    0.35259447    0.00923258 1851
RGDG 2017-01-30 2021-05-21    0.57213426    0.01188172 1384
RGDG 2021-05-22 2023-06-20    0.50887833    0.01654079  702
RGDG 2023-06-21 2025-12-30    0.36987452    0.01429933  917
RIGA 1999-03-02 2004-12-17    0.40805025    0.01083073 1813
RIGA 2004-12-18 2005-11-22    0.23102390    0.02523337  317
RIGA 2005-11-23 2012-10-06    0.43496626    0.00907362 2353
RIGA 2012-10-07 2022-12-03    0.23975907    0.02092440  443
RIGA 2022-12-04 2024-07-18    0.12746760    0.01805272  558
RIGA 2024-07-19 2025-02-07    0.21184128    0.03255943  171
RIGA 2025-02-08 2025-12-30    0.14782509    0.02677240  314
RIO2 2007-03-16 2009-11-07    0.76849378    0.01490911  881
RIO2 2009-11-08 2012-12-01    0.61798266    0.01365362 1086
RIO2 2012-12-02 2016-11-24    0.38814289    0.01252489 1284
RIO2 2016-11-25 2017-06-17    0.29803617    0.03706114  168
RIO2 2017-06-18 2023-05-11    0.56204862    0.00996723 2044
RIO2 2023-05-12 2025-12-30    0.37877077    0.01437058  956
RIOG 1999-03-02 2000-10-02    0.39324325    0.02356776  430
RIOG 2000-10-03 2001-06-15    0.48205275    0.03468361  231
RIOG 2001-06-16 2005-02-10    0.81241873    0.01476141 1133
RIOG 2005-02-11 2006-09-14    0.97107450    0.02121018  550
RIOG 2006-09-15 2007-02-28    0.91304251    0.04482068  134
RIOP 1996-06-11 2015-11-09   -0.52432361    0.01415444 2539
RIOP 2015-11-10 2016-12-08   -0.63965379    0.03731560  373
RIOP 2016-12-09 2018-04-11   -0.79877001    0.03399920  461
RIOP 2018-04-12 2021-12-31   -0.64773917    0.02084867 1179
RIOP 2022-01-01 2023-06-01   -0.46300910    0.03239612  501
RIOP 2023-06-02 2025-12-30   -1.07284370    0.05215977  176
ROSA 2007-01-02 2008-10-26    0.12329698    0.05277909  455
ROSA 2008-10-28 2010-06-07    0.45713941    0.05520952  516
ROSA 2010-06-08 2010-12-07    0.85894088    0.08318947  162
ROSA 2010-12-08 2011-05-02    0.11565185    0.13520238  122
ROSA 2011-05-03 2013-08-11    0.50323345    0.04296267  712
ROTH 2010-02-08 2010-12-10    0.35338170    0.01901571  246
ROTH 2010-12-11 2014-07-27    0.21571974    0.00885343 1158
ROTH 2014-07-28 2015-12-02    0.26989719    0.02093443  199
ROTH 2015-12-03 2016-09-26    0.49017826    0.02164679  201
ROTH 2016-09-29 2019-09-03    0.29336439    0.01044382  826
ROTH 2019-09-04 2020-06-12    0.22849831    0.01888247  267
ROTH 2020-06-13 2022-10-08    0.19324514    0.02146411  164
ROTH 2022-10-09 2025-05-09    0.18739592    0.01237690  591
ROTH 2025-05-10 2025-12-30    0.26752779    0.02242546  166
SALU 2008-07-03 2012-01-15   -0.23705893    0.03314731 1038
SALU 2012-01-16 2013-06-21   -0.64351703    0.05047560  473
SALU 2013-06-22 2015-01-08   -0.01181025    0.04750857  480
SALU 2015-01-09 2021-05-24   -0.53674929    0.02453470 1926
SALU 2021-05-25 2021-12-11   -1.10323235    0.07603167  173
SALU 2021-12-12 2022-06-10    0.12103242    0.09349807  157
SALU 2022-06-11 2025-06-03   -1.30305506    0.03636548  839
SAMO 2017-01-30 2018-06-11    0.36477209    0.07399828  369
SAMO 2018-06-12 2019-07-29    0.06680977    0.08615176  281
SAMO 2019-07-30 2021-10-18   -0.28156581    0.07639553  350
SAMO 2021-10-19 2024-01-30    0.20624369    0.05335574  716
SAMO 2024-01-31 2025-12-30    0.44123355    0.05946619  564
SANT 1996-07-19 1998-05-04    0.38435026    0.07529576  276
SANT 1998-05-07 1999-09-09    0.90820671    0.06674586  252
SANT 1999-09-10 2000-10-09   -0.05803958    0.08141834  184
SANT 2000-10-10 2001-09-09    1.05654743    0.07548642  237
SANT 2001-09-10 2002-10-01    0.23823086    0.06088887  382
SANT 2002-10-03 2005-02-01    1.34935513    0.04170048  828
SANT 2005-02-02 2005-08-21    0.60409672    0.08219261  188
SANT 2005-08-22 2008-01-19    1.33849343    0.04337633  749
SANT 2008-01-20 2011-05-28    0.98192759    0.03520079 1138
SANT 2011-05-29 2016-05-29    0.94336615    0.03906040  955
SANT 2016-05-30 2017-11-22    0.45466409    0.06530318  317
SANT 2017-11-23 2025-12-30    1.08174905    0.02342874 2613
SAVO 2007-09-07 2011-12-21   -0.49310987    0.03497173 1161
SAVO 2011-12-22 2013-08-02   -0.80272365    0.05280635  544
SAVO 2013-08-03 2018-01-30   -0.34830604    0.03243444 1357
SAVO 2018-02-02 2020-11-27   -0.23392027    0.03895844  929
SAVO 2020-11-28 2022-12-11   -0.79503001    0.04486517  714
SAVO 2022-12-12 2025-07-09   -0.65351583    0.04409022  753
SCH2 1997-09-02 1999-03-03   -0.08329508    0.01261789  378
SCH2 1999-03-04 2001-11-24   -0.14639680    0.01304199  728
SCH2 2001-12-02 2005-01-28   -0.13090492    0.00981059  867
SCH2 2005-01-29 2006-11-08    0.08405557    0.01364324  539
SCH2 2006-11-09 2009-12-20   -0.04712594    0.01003686  840
SCH2 2009-12-21 2012-02-17    0.08993942    0.01093536  618
SCH2 2012-02-18 2017-05-02   -0.13033629    0.00648518 1695
SCH2 2017-05-03 2021-12-20   -0.24417707    0.00709148 1523
SCH2 2021-12-21 2025-12-30   -0.01055434    0.00763415 1321
SCOR 2004-09-12 2006-08-08    0.36277086    0.01197629  519
SCOR 2006-08-09 2007-08-06    0.43489312    0.01513215  321
SCOR 2007-08-07 2010-04-12    0.36773005    0.00970221  833
SCOR 2010-04-13 2010-10-18    0.17183337    0.02612429  180
SCOR 2010-10-19 2011-04-17    0.43628461    0.01801643  173
SCOR 2011-04-18 2014-05-31    0.38166713    0.00874572  971
SCOR 2014-06-01 2017-02-01    0.45418054    0.00981058  810
SCOR 2017-02-02 2018-05-07    0.51101957    0.01795890  174
SCOR 2018-05-08 2019-04-11    0.45314191    0.01668642  229
SCOR 2019-04-12 2019-11-09    0.78039349    0.02378888  201
SCOR 2019-11-10 2021-11-06    0.51856229    0.01047690  706
SCOR 2021-11-07 2022-11-02    0.36093951    0.01488067  352
SCOR 2022-11-03 2024-05-27    0.27647834    0.01148922  526
SCOR 2024-05-28 2025-12-30    0.18147893    0.01566005  260
SCRZ 2017-01-30 2019-06-02    0.25579587    0.04907920  631
SCRZ 2019-06-03 2020-03-02    0.65563639    0.08262253  230
SCRZ 2020-03-04 2021-08-13   -0.57002130    0.05330207  516
SCRZ 2021-08-14 2024-05-27   -0.46065322    0.04492399  800
SCRZ 2024-05-28 2025-12-30   -0.90607598    0.05527571  499
SCTB 2016-09-19 2017-04-19   -0.23635801    0.01342170  198
SCTB 2017-04-20 2018-06-26   -0.15213936    0.01123240  265
SCTB 2018-06-27 2019-07-10   -0.24421483    0.01083937  281
SCTB 2019-07-11 2022-07-23   -0.22022080    0.00643574  800
SCTB 2022-07-24 2024-10-14   -0.40493724    0.00780657  581
SCTB 2024-10-16 2025-12-30   -0.44723731    0.01083634  259
SCUB 1999-01-02 2000-06-05   -1.40388087    0.08402438  291
SCUB 2000-06-06 2002-03-09   -1.03362981    0.07569336  375
SCUB 2002-03-10 2005-05-09   -0.83068875    0.04962295  881
SCUB 2005-05-10 2011-05-23   -0.35881913    0.03341401 1935
SCUB 2011-05-24 2018-06-21   -0.11178464    0.04387814 1094
SCUB 2018-07-25 2025-09-23   -0.83556114    0.03685159 1603
SELE 1997-05-09 1998-08-20    0.03404281    0.04394235  264
SELE 1998-08-25 1999-05-30   -0.23592084    0.04656914  184
SELE 1999-05-31 1999-12-28    0.70393672    0.07170639  177
SELE 1999-12-29 2000-09-19    0.69087646    0.07562123  165
SELE 2000-09-20 2004-03-17   -0.16338480    0.02208887 1044
SELE 2004-03-18 2006-04-26   -0.09226213    0.03028980  525
SELE 2006-04-27 2008-08-16    0.42764301    0.02902278  756
SELE 2008-08-17 2009-11-04   -0.33398763    0.03978333  409
SELE 2009-11-05 2010-04-05   -1.21356467    0.04940246  145
SELE 2010-04-06 2011-02-04   -0.42199733    0.04767577  284
SELE 2011-02-05 2011-11-17   -0.81864044    0.05125797  264
SELE 2011-11-18 2013-02-19   -0.57637998    0.03837739  318
SEY1 1995-10-21 2008-10-09   -0.97627670    0.03658015 1460
SEY1 2008-10-10 2009-09-01   -1.87670021    0.07797172  313
SEY1 2009-09-02 2012-11-28   -1.17730773    0.04778196  875
SEY1 2012-11-29 2016-03-02   -1.48997027    0.05781830  586
SEYG 2017-01-30 2017-09-27    0.36648910    0.09478880  154
SEYG 2017-09-28 2018-03-12    0.22910780    0.12348742  120
SEYG 2018-03-13 2019-05-27    0.35211301    0.07159509  313
SEYG 2019-05-28 2020-02-11    0.94824438    0.10568065  152
SEYG 2020-02-12 2024-09-21    0.34228467    0.03153410 1548
SEYG 2024-09-22 2025-11-23   -0.28559986    0.06107252  422
SFER 1996-03-27 1997-02-18   -0.53738819    0.05108197  229
SFER 1997-02-19 1998-09-25   -0.13023156    0.05935848  187
SFER 1998-09-26 1999-08-27    0.34476603    0.04516777  240
SFER 1999-08-30 2002-12-08    0.04354865    0.02616840  855
SFER 2002-12-09 2004-04-09    0.34666476    0.03323362  457
SFER 2004-04-10 2005-02-12    0.01414373    0.04627692  281
SFER 2005-02-13 2015-02-28    0.25118829    0.01281232 3377
SFER 2015-03-01 2019-01-30    0.60386710    0.02270512 1102
SFER 2019-01-31 2025-12-30    0.84045707    0.01690744 1977
SHAO 1995-01-25 1998-03-28    0.63255966    0.02362437  841
SHAO 1998-03-29 1999-01-03    1.26558080    0.05338784  253
SHAO 1999-01-04 2002-12-16    0.86610217    0.02732448  709
SHAO 2002-12-20 2006-03-14    0.29674856    0.02948404  532
SHAO 2006-03-15 2010-05-12   -0.06170176    0.02254466  968
SHAO 2010-05-13 2010-10-25   -1.02110866    0.09604052  156
SHAO 2010-10-26 2013-01-05   -0.09978738    0.02541879  762
SHAO 2013-01-06 2018-10-04    0.21922613    0.01876543 1400
SHAO 2018-10-05 2019-03-19    0.08846275    0.04397837  162
SHAO 2020-12-07 2023-09-17    0.67644079    0.03669976  415
SIMO 2001-08-10 2007-02-22   -0.17365567    0.02881109  728
SIMO 2007-02-23 2008-12-30    0.21056572    0.04221626  282
SIO3 1994-01-06 1994-05-21    1.30549878    0.05685790  125
SIO3 1994-05-22 1995-10-07    0.95788365    0.04028392  390
SIO3 1995-10-08 1997-08-08    0.75008186    0.02857680  617
SIO3 1997-08-09 1998-11-08    0.42938930    0.04232591  309
SIO3 1998-11-11 1999-11-06    0.99932990    0.05938867  182
SIO3 1999-11-07 2005-08-04    0.30812774    0.01751559 1679
SIO3 2005-08-05 2007-06-13    0.16731720    0.02915438  576
SIO3 2007-06-14 2012-03-08    0.24912689    0.01856404 1493
SMST 2009-01-31 2012-03-06    0.66380744    0.02973268  798
SMST 2012-03-08 2020-02-14   -0.79775445    0.01980624 1595
SMST 2020-02-15 2023-07-09    0.67953235    0.02700381  943
SMST 2023-07-10 2025-12-30    0.43818004    0.04478835  353
SOFI 1997-06-10 2001-12-06   -0.23235834    0.01624065  874
SOFI 2001-12-07 2003-02-22   -0.50253174    0.02504191  316
SOFI 2003-02-23 2005-03-08   -0.27870294    0.01730760  656
SOFI 2005-03-09 2009-06-24   -0.13851845    0.01227765 1348
SOFI 2009-06-25 2014-05-18   -0.48976765    0.01254305 1276
SOFI 2014-05-19 2014-10-03   -1.30511496    0.05887358  136
SOFI 2014-10-04 2016-11-24   -0.65585122    0.01930608  612
SOFI 2016-11-25 2017-11-04   -0.48862288    0.02449786  332
SOFI 2017-11-05 2018-03-25   -0.63605263    0.02997574  139
SOFI 2018-03-26 2020-03-06   -0.44915834    0.01700660  700
SOFI 2020-03-07 2020-12-30   -0.42165811    0.03405132  246
SOFI 2020-12-31 2022-12-15   -0.67381088    0.01805106  651
SOFI 2022-12-16 2025-01-10   -0.33742459    0.01656814  676
SOFI 2025-01-11 2025-12-30   -0.29611739    0.02826140  261
SOL1 1995-05-05 1995-12-30    0.01535946    0.05792507  183
SOL1 1995-12-31 1997-12-21    0.22528064    0.02957647  618
SOL1 1997-12-22 1999-12-12   -0.03949669    0.02929184  617
SOL1 1999-12-13 2000-11-10   -0.77820900    0.06682894  195
SOL1 2000-11-11 2002-05-07   -0.05785841    0.02921518  487
SOL1 2002-05-08 2002-09-30    0.72634037    0.09570103  129
SOL1 2002-10-01 2003-09-28    0.07890911    0.03943909  330
SOL1 2003-09-29 2007-07-26    0.32825252    0.02132217 1009
SOLA 2004-03-07 2013-12-30    0.13329262    0.02261425  512
SPT0 2014-01-02 2014-11-11    0.11464393    0.04005787  193
SPT0 2014-11-12 2016-08-05    0.11211177    0.01697584  573
SPT0 2016-08-06 2020-10-05    0.76791581    0.01097658 1453
SPT0 2020-10-06 2022-01-25    0.27528904    0.01872794  462
SPT0 2022-01-26 2023-02-23    0.15766875    0.02050411  382
SPT0 2023-02-24 2025-12-30    0.35810683    0.01330586 1010
SSIA 2000-09-29 2012-04-30   -0.00311176    0.02272917 2264
SSIA 2012-05-01 2013-02-19   -0.37060708    0.06241728  293
SSIA 2013-02-20 2013-07-30    0.40241594    0.09124932  158
SSIA 2013-07-31 2015-03-27   -0.29784775    0.04525061  565
SSIA 2015-03-28 2020-11-08    0.18505621    0.02869993 1461
SSIA 2020-11-09 2022-10-22   -0.11425643    0.04976583  496
SSIA 2022-10-23 2024-06-17   -0.88202586    0.05007548  449
SSIA 2024-06-18 2025-12-30   -0.41918132    0.04665839  546
STHL 2011-08-27 2012-07-24   -0.22748057    0.03106532  303
STHL 2012-07-25 2012-12-17    0.39213572    0.04373200  129
STHL 2012-12-18 2015-09-13   -0.27379082    0.01743523  957
STHL 2015-09-15 2016-06-16   -0.41812891    0.04042360  215
STHL 2016-06-17 2017-11-25   -0.00099892    0.02642388  404
STHL 2017-11-26 2018-07-14   -0.64832925    0.04739079  146
STHL 2018-07-15 2020-03-12    0.01142423    0.02608599  399
STHL 2020-03-13 2021-04-23   -0.51067655    0.03295992  305
STHL 2021-04-24 2023-05-29   -0.53951221    0.01959859  754
STHL 2023-05-30 2025-12-30   -0.28348782    0.01725882  931
STJO 1994-01-06 1994-09-02    0.39058197    0.03640890  190
STJO 1994-09-03 1995-09-08    0.13776416    0.03088540  292
STJO 1995-09-10 1996-08-04   -0.16169324    0.02892551  294
STJO 1996-08-05 1997-05-05    0.14713434    0.03064835  243
STJO 1997-05-06 1999-01-19    0.03597681    0.02302547  546
STJO 1999-01-20 2000-02-29   -0.21334605    0.03334459  253
STJO 2000-03-01 2002-02-02   -0.05908715    0.02173152  605
STJO 2002-02-03 2010-06-29    0.10943293    0.00970440 2743
STJO 2010-06-30 2023-03-02    0.02296203    0.00792276 4210
STJO 2023-03-04 2025-12-29    0.45374775    0.01775297  882
STK2 2014-01-02 2015-04-24    0.19548390    0.01497257  438
STK2 2015-04-25 2018-08-29    0.24219255    0.01106676 1063
STK2 2018-08-30 2021-06-05    0.13002929    0.01117783  910
STK2 2021-06-06 2024-07-13   -0.00577384    0.01142477  846
STK2 2024-07-14 2025-04-07   -0.11310019    0.02136171  166
STK2 2025-04-08 2025-12-30    0.01215878    0.03128398  240
STR1 1998-06-16 1999-05-20    1.95542114    0.05546746  162
STR1 1999-05-21 2000-01-29   -0.00770582    0.04042461  198
STR1 2000-01-30 2002-10-13    0.28371179    0.01894232  931
STR1 2002-10-14 2005-02-23    0.60692783    0.02765011  529
STR1 2005-02-24 2022-12-11    0.75323765    0.01096295 2866
STR1 2022-12-12 2024-05-11    0.30018121    0.02764472  510
STR1 2024-05-12 2025-12-27    0.46503850    0.02430013  544
STR2 2000-02-23 2001-05-29    0.10052540    0.03255607  318
STR2 2001-05-30 2002-04-21   -0.25718225    0.03633010  260
STR2 2002-04-22 2002-10-03   -0.02285135    0.04175565  142
STR2 2002-10-04 2012-06-10    0.41828709    0.01154824 2595
STR2 2012-06-11 2014-03-06    0.57364808    0.02360301  613
STR2 2014-03-07 2017-02-25    0.66782225    0.01803063 1056
STR2 2017-02-26 2020-12-09    0.40156362    0.01594018 1312
STR2 2020-12-10 2025-12-30    0.19834181    0.01388514 1790
SUNM 1999-01-15 2000-07-30    0.76633776    0.04699853  327
SUNM 2000-08-03 2002-01-18    2.30782851    0.06553939  161
SUNM 2002-01-19 2003-03-19    1.16924340    0.06477001  167
SUNM 2003-03-20 2006-06-13    1.60488046    0.08053308  164
SUNM 2006-06-15 2007-01-12    1.09963768    0.06569457  147
SUNM 2007-01-13 2008-09-19    1.45313260    0.03941791  489
SUNM 2008-09-20 2010-05-09    1.24391593    0.04381930  407
SUTH 1998-04-16 1999-07-12   -0.09217303    0.03437188  214
SUTH 1999-07-13 2001-05-02    0.19210156    0.04040535  182
SUTH 2001-05-03 2002-02-23   -0.04978431    0.04000751  143
SUTH 2002-02-28 2002-08-11    0.53161353    0.03237395  160
SUTH 2002-08-12 2003-04-20    1.00338843    0.06089907  130
SUTH 2003-04-21 2006-04-17    0.54021521    0.01518981  951
SUTH 2006-04-18 2007-06-16    0.32696868    0.02236730  412
SUTH 2007-06-17 2011-12-17    0.25810472    0.01181084 1450
SUTH 2011-12-18 2013-07-03    0.43800760    0.02051856  544
SUTH 2013-07-04 2017-07-06    0.22092343    0.01253183 1290
SUTH 2017-07-07 2021-04-03    0.36287133    0.01288632 1259
SUTH 2021-04-04 2025-12-29    0.19074566    0.01130557 1622
SUTM 2002-03-08 2002-08-11    0.35368789    0.03272865  146
SUTM 2002-08-12 2003-12-24    0.32116717    0.02607162  236
SUTM 2003-12-25 2005-04-10    0.59934346    0.02359414  380
SUTM 2005-04-11 2006-04-17    0.70505228    0.02571846  320
SUTM 2006-04-18 2009-10-23    0.39115116    0.01242350 1219
SUTM 2009-10-24 2013-05-22    0.47562805    0.01382995 1136
SUTM 2013-05-23 2016-08-16    0.35121970    0.01446331  961
SUTM 2016-08-17 2018-07-31    0.42226629    0.01728502  682
SUTM 2018-08-01 2021-07-10    0.47896536    0.01408118 1022
SUTM 2021-07-11 2025-12-29    0.23854314    0.01104722 1576
SUTV 2009-12-13 2011-12-17    0.26392877    0.01794137  618
SUTV 2011-12-18 2012-07-04    0.40767302    0.03679013  193
SUTV 2012-07-05 2013-07-03    0.35899203    0.02453961  349
SUTV 2013-07-04 2015-04-09    0.08818743    0.01854252  605
SUTV 2015-04-10 2017-10-29    0.21855823    0.01462923  872
SUWN 1997-12-01 1999-02-24    0.10234493    0.02130421  396
SUWN 1999-02-25 2000-05-20    0.30813803    0.03031174  328
SUWN 2000-05-21 2001-06-04    0.21613755    0.02929445  182
SUWN 2001-06-06 2003-03-30   -0.06612926    0.02015565  459
SUWN 2003-03-31 2003-12-04    0.06572559    0.04702514  218
SUWN 2003-12-05 2004-04-28   -0.20056948    0.02999242  143
SUWN 2004-04-29 2009-07-20   -0.12282072    0.01242203 1494
SUWN 2009-07-21 2010-05-28   -0.31657717    0.02641391  271
SUWN 2010-05-29 2011-03-20   -0.15494109    0.02933427  179
SUWN 2011-03-21 2011-11-09   -0.01595281    0.05037727  217
SUWN 2011-11-10 2013-02-23   -0.09150437    0.02574575  344
SUWN 2013-02-24 2014-06-17    0.07364985    0.02452284  416
SUWN 2014-06-18 2016-02-12   -0.35321647    0.02011310  491
SUWN 2016-02-13 2016-07-30   -0.26365225    0.04740592  152
SUWN 2016-07-31 2017-04-23   -0.57077093    0.02792399  239
SUWN 2017-04-24 2018-02-07   -0.29660383    0.03454515  186
SUWN 2018-02-08 2018-12-01   -0.81411104    0.04233744  147
SUWN 2018-12-02 2019-12-10   -1.05101022    0.02548640  345
SUWN 2020-01-15 2021-02-23   -0.21230850    0.03188526  221
SUWN 2021-02-24 2021-10-13   -0.00456813    0.04701022  216
SUWN 2021-10-14 2025-12-30   -0.30336112    0.01353307 1266
SVTL 2004-12-03 2005-10-11   -0.02019026    0.02205121  285
SVTL 2005-10-12 2008-12-13    0.10332852    0.01147309 1087
SVTL 2008-12-14 2011-04-23    0.36348369    0.01430562  656
SVTL 2011-04-24 2011-10-23    0.28667750    0.04626057  165
SVTL 2011-10-24 2013-02-12    0.31011782    0.02507698  275
SVTL 2013-02-13 2022-11-28    0.20699591    0.03458830  197
SVTL 2022-11-29 2023-05-09   -0.00663152    0.02400140  155
SVTL 2023-05-10 2024-10-10    0.16534989    0.01915373  485
SVTL 2024-10-11 2025-04-19   -0.15090293    0.02261748  188
SVTL 2025-04-20 2025-12-30    0.16908084    0.03062312  240
SYDN 2004-05-07 2008-08-29   -0.30783013    0.01762815 1496
SYDN 2008-08-30 2012-09-26   -0.17281814    0.01845150 1391
SYDN 2012-09-27 2014-08-14   -0.36736305    0.02725853  670
SYDN 2014-08-15 2015-04-28   -0.31770583    0.04989337  235
SYDN 2015-04-29 2015-09-11    0.23351456    0.05021375  134
SYDN 2015-09-12 2016-05-16   -0.71442363    0.05458917  211
SYDN 2016-05-18 2017-02-23   -0.07525915    0.04151586  257
SYDN 2017-02-24 2020-12-11   -0.44892907    0.01860371 1338
SYDN 2020-12-12 2025-12-30   -0.77474669    0.01840936 1426
SYOG 1995-07-24 1997-02-22    0.70488907    0.01317488  266
SYOG 1997-02-26 1999-07-20    0.93463347    0.00835412  660
SYOG 1999-07-21 2000-08-13    1.46133394    0.01457954  237
SYOG 2000-08-14 2000-12-30    1.73539645    0.01771876  138
SYOG 2000-12-31 2001-11-23    1.59374655    0.01293789  250
SYOG 2001-11-26 2003-05-11    1.71721572    0.01083045  412
SYOG 2003-05-12 2003-10-31    1.44605129    0.01516935  167
SYOG 2003-11-01 2004-04-05    1.75096336    0.02080922  152
SYOG 2004-04-06 2004-10-30    1.40108175    0.01400485  203
SYOG 2004-10-31 2005-07-12    1.59992447    0.01493962  251
SYOG 2005-07-13 2006-06-25    1.65458852    0.01436405  262
SYOG 2006-06-26 2007-01-19    1.09425050    0.01508577  193
SYOG 2007-01-20 2007-10-30    0.61237060    0.01261145  278
SYOG 2007-10-31 2009-06-23    0.75304898    0.00928486  593
SYOG 2009-06-24 2012-03-31    0.66369858    0.00758839  865
SYOG 2012-04-01 2012-09-20    0.96916576    0.01554102  171
SYOG 2012-09-21 2014-01-08    0.68411623    0.01023655  452
SYOG 2014-01-09 2020-07-25    0.13860094    0.00489686 1989
SYOG 2020-07-26 2021-12-08    0.23386784    0.00979232  473
SYOG 2021-12-09 2024-10-26    0.12075993    0.00692314 1000
SYOG 2024-10-27 2025-12-30   -0.07291906    0.01172048  334
TABL 1995-10-21 1996-12-18   -0.33781870    0.02372269  244
TABL 1996-12-19 1997-05-09   -0.01325169    0.02726608  137
TABL 1997-05-10 2001-05-22   -0.21651871    0.00971792 1344
TABL 2001-05-23 2002-09-06   -0.15253286    0.01833050  435
TABL 2002-09-07 2004-05-25    0.06345533    0.01410054  599
TABL 2004-05-26 2004-11-27   -0.16982715    0.03162620  175
TABL 2004-11-28 2005-05-11    0.12074121    0.02563777  155
TABL 2005-05-12 2006-01-25   -0.12809162    0.02424358  246
TABL 2006-01-26 2012-02-11    0.07643040    0.00778479 2113
TABL 2012-02-12 2013-11-11   -0.05186942    0.01488783  593
TABL 2013-11-12 2014-07-09   -0.40062921    0.02275721  221
TABL 2014-07-10 2016-12-13   -0.56986172    0.01289926  783
TABL 2016-12-14 2021-08-22   -0.35759190    0.00939080 1479
TABL 2021-08-23 2025-12-30   -0.18236948    0.01518066  564
TABV 2009-12-14 2010-09-03    0.10502307    0.02369328  195
TABV 2010-09-04 2011-01-09   -0.11473568    0.02827182  128
TABV 2011-01-10 2011-10-18    0.09501617    0.02073723  270
TABV 2011-10-19 2013-11-11   -0.09396241    0.01244324  668
TABV 2013-11-12 2014-07-27   -0.39171675    0.02616795  161
TABV 2014-07-29 2015-06-19   -0.52305338    0.01807694  306
TABV 2015-06-27 2017-01-13   -0.41894574    0.01578706  422
TABV 2017-01-14 2019-02-01   -0.21439237    0.01237615  708
TABV 2019-02-02 2020-04-26   -0.27193226    0.01583461  390
TABV 2020-04-27 2024-11-14   -0.16075038    0.00850529 1542
TAH1 2000-08-26 2001-04-22   -0.75131447    0.08790869  220
TAH1 2001-04-23 2002-05-29   -0.04294919    0.07088391  362
TAH1 2002-05-30 2003-09-01    0.37330480    0.06268055  454
TAH1 2003-09-02 2006-04-13   -0.17945242    0.04472560  880
TAH1 2006-04-14 2012-10-31    0.35056740    0.02847535 2202
TAH1 2012-11-01 2013-12-16    0.01586429    0.08055836  280
TASH 2002-03-07 2004-06-14    0.45487342    0.04824331  186
TASH 2004-06-15 2005-04-18    0.42068178    0.04079397  173
TASH 2005-04-19 2005-10-09    1.59491129    0.07947320  137
TASH 2005-10-10 2006-06-15    0.35996170    0.04180124  195
TASH 2006-06-16 2008-04-23    0.91275290    0.02741140  451
TASH 2008-04-24 2009-12-13    0.70410636    0.02995243  474
TASH 2009-12-14 2011-01-05    0.45714414    0.03604808  241
TASH 2011-01-06 2017-10-24    0.21208409    0.01407025 2102
TASH 2017-10-25 2021-05-14    0.41897805    0.02072944  933
TASH 2021-05-15 2025-12-30    0.50348990    0.01650090 1505
TCMS 2002-09-08 2006-06-10   -0.66669880    0.04356321  791
TCMS 2006-06-11 2008-08-22   -1.03110672    0.05373281  584
TCMS 2008-08-24 2012-01-18   -0.54380964    0.04580364  751
TCMS 2012-01-19 2013-12-30    0.40227742    0.12119188  144
TEHN 2017-01-30 2022-03-25   -0.84597779    0.03853899  198
THTG 2017-01-30 2017-11-17    0.98775621    0.06820378  274
THTG 2017-11-18 2018-05-20    2.78405390    0.09846499  138
THTG 2018-05-21 2019-08-03    1.65301848    0.05478004  436
THTG 2019-08-04 2021-05-13    2.28458173    0.04452557  644
THTG 2021-05-14 2024-01-20    1.68292140    0.03659936  958
THTG 2024-01-21 2024-11-03    0.97429183    0.06676126  287
THTG 2024-11-04 2025-12-30    1.77052356    0.05722864  398
THTI 1998-11-23 2001-04-22   -0.84659239    0.05437422  560
THTI 2001-04-23 2003-09-01    0.30170342    0.04569716  800
THTI 2003-09-02 2006-04-13   -0.15282031    0.04434309  844
THTI 2006-04-14 2009-02-19    0.48166754    0.04364457  862
THTI 2009-02-20 2010-10-09    0.68778448    0.05544782  541
THTI 2010-10-10 2012-03-05    0.17103210    0.05706113  507
THTI 2012-03-06 2014-12-10    0.54632458    0.04103066  987
THTI 2014-12-11 2016-03-11    0.27507550    0.06650085  373
THTI 2016-03-12 2017-11-17    1.04097108    0.05721855  500
THTI 2017-11-18 2019-08-03    1.69952843    0.06176698  440
THTI 2019-08-04 2021-07-28    2.28457750    0.04815829  716
THTI 2021-07-29 2024-01-20    1.86271059    0.04566576  793
THTI 2024-01-21 2025-07-06    1.33526329    0.07752275  277
THU1 1995-05-04 1996-08-18   -0.06381180    0.01461597  353
THU1 1996-08-19 1997-06-04   -0.30430525    0.01704192  224
THU1 1997-06-05 1997-12-22   -0.47126932    0.03157442  124
THU1 1997-12-23 1999-01-04   -0.26146385    0.02407201  202
THU1 1999-01-06 1999-08-16   -0.40092245    0.01725642  187
THU1 1999-08-17 2000-03-24   -0.22221431    0.01649168  202
THU1 2000-04-01 2000-11-08   -0.35132026    0.02217371  204
THU1 2000-11-09 2003-01-12    0.00148971    0.01454732  207
THU2 1998-11-20 2000-03-31    0.28222476    0.01063791  378
THU2 2000-04-01 2004-04-20    0.22628238    0.00673676 1063
THU2 2004-04-21 2005-12-08    0.26058355    0.01133389  497
THU2 2005-12-09 2007-07-15    0.14486282    0.01027709  474
THU2 2007-07-16 2009-07-15    0.22955308    0.00854326  653
THU2 2009-07-16 2010-02-01    0.15159540    0.01775781  148
THU2 2010-02-02 2011-02-09    0.07571316    0.01191056  345
THU2 2011-02-10 2012-11-13    0.18510957    0.00950492  593
THU2 2012-11-14 2017-01-16    0.13639447    0.00599242 1281
THU2 2017-01-17 2020-01-02    0.07802070    0.00784058  904
THU2 2020-01-03 2022-12-02    0.11038566    0.00785682  903
THU2 2022-12-03 2024-09-16    0.04230026    0.00900455  606
THU2 2024-09-17 2025-12-30    0.22821481    0.01495665  271
THU3 2001-09-02 2004-04-23    0.24822034    0.00685076  905
THU3 2004-04-24 2004-12-14    0.37227757    0.01976331  207
THU3 2004-12-15 2006-02-24    0.36629153    0.01205392  324
THU3 2006-02-25 2007-07-15    0.17741172    0.00976205  476
THU3 2007-07-16 2010-02-01    0.26832617    0.00752371  784
THU3 2010-02-02 2014-12-26    0.21719669    0.00571597 1550
THU3 2014-12-27 2017-11-23    0.17411227    0.00727704  934
THU3 2017-11-24 2019-01-24    0.06158132    0.01136227  358
TID1 1998-01-02 1999-05-20    0.28903357    0.03172575  387
TID1 1999-05-21 2002-04-21    0.49910961    0.02299120  729
TID1 2002-04-22 2009-06-17    0.72572763    0.01253925 2436
TID1 2009-06-18 2014-09-23    0.36272539    0.01463418 1771
TID1 2014-09-24 2016-04-27    0.58064189    0.02843271  517
TID1 2016-04-28 2019-07-06    0.89268735    0.01818281 1142
TID1 2019-07-07 2023-11-01    0.78879660    0.01600575 1485
TID1 2023-11-02 2025-12-30    0.55220487    0.02343720  695
TIDB 1996-06-28 1998-02-28    0.62586952    0.02885540  496
TIDB 1998-03-03 1999-05-20    0.24236310    0.03224818  396
TIDB 1999-05-21 2002-04-21    0.46583268    0.02625956  614
TIDB 2002-04-22 2009-06-17    0.71557215    0.01288752 2420
TIDB 2009-06-18 2016-02-05    0.60645655    0.01353793 2238
TIDB 2016-02-06 2019-07-06    0.91239412    0.01839863 1207
TIDB 2019-07-07 2023-10-14    0.81516856    0.01641425 1496
TIDB 2023-10-15 2025-12-30    0.61427694    0.02291153  799
TITZ 2001-10-26 2003-03-08    0.18743937    0.02356786  378
TITZ 2003-03-09 2007-04-13    0.31939412    0.01299615 1296
TITZ 2007-04-14 2008-02-29    0.45161645    0.02866222  305
TITZ 2008-03-01 2011-02-18    0.08608699    0.01479386 1026
TITZ 2011-02-19 2012-03-17    0.31833185    0.02365868  383
TITZ 2012-03-18 2013-12-30    0.18711704    0.02013024  619
TIXG 2010-10-22 2011-12-26    0.41308538    0.01491480  238
TIXG 2011-12-27 2014-01-20    0.51539797    0.00755560  645
TIXG 2014-01-21 2014-12-05    0.39251316    0.01211047  286
TIXG 2014-12-06 2015-07-10    0.53287889    0.01888049  130
TIXG 2015-07-14 2017-01-15    0.42543229    0.01054848  321
TIXG 2017-01-16 2018-09-15    0.48152517    0.00921941  493
TIXG 2018-09-16 2019-03-31    0.67043477    0.01284247  132
TIXG 2019-04-02 2020-01-10    0.41519584    0.01373862  266
TIXG 2020-01-11 2021-01-07    0.31277071    0.01318553  271
TIXG 2021-01-08 2021-05-25    0.08947835    0.01451830  131
TIXG 2021-05-27 2022-06-03    0.37677301    0.01314715  189
TIXI 2002-03-20 2006-10-22    0.28930078    0.00548991 1456
TIXI 2006-10-23 2007-03-10    0.14839253    0.01363404  134
TIXI 2007-03-11 2007-12-06    0.21724491    0.01895091  195
TIXI 2007-12-07 2008-11-20   -0.16807400    0.02371415  162
TIXI 2008-11-21 2009-11-30   -0.06681668    0.01244132  279
TIXI 2009-12-01 2010-10-19   -0.20643833    0.02702282  161
TIXI 2010-10-28 2015-11-18    0.47867964    0.00531474 1544
TIXI 2015-11-19 2017-02-07    0.41657494    0.00943110  405
TIXI 2017-02-08 2018-05-29    0.46246538    0.00972473  431
TIXI 2018-05-30 2019-03-31    0.62212842    0.01170675  274
TIXI 2019-04-01 2020-12-25    0.42256277    0.01095656  497
TIXI 2020-12-26 2022-04-28    0.12455285    0.01400526  150
TIXJ 2005-12-25 2006-09-03    0.41445898    0.02220365  139
TIXJ 2006-09-04 2007-12-29    0.28503755    0.01645231  241
TIXJ 2007-12-30 2010-10-19    0.69140267    0.01926190  284
TLSE 2001-01-06 2003-03-12    0.25291525    0.03146995  490
TLSE 2003-03-13 2004-06-05    0.32823680    0.03173099  407
TLSE 2004-06-06 2004-11-02   -0.03563430    0.08049529  133
TLSE 2004-11-04 2005-10-31    0.18043169    0.06475019  179
TLSE 2005-11-01 2006-11-07    0.55895611    0.03415687  362
TLSE 2006-11-08 2007-04-23    0.64185062    0.04140444  165
TLSE 2007-04-24 2009-05-17    0.57963056    0.02437379  685
TLSE 2009-05-18 2011-05-08    0.33080458    0.02474366  687
TLSE 2011-05-09 2019-02-18    0.26186224    0.01242380 2759
TLSE 2019-02-19 2023-07-08    0.59513531    0.01632398 1568
TLSE 2023-07-09 2025-12-30    0.50093550    0.02282858  817
TN22 2008-01-09 2009-06-08    0.25895872    0.03384686  449
TN22 2009-06-09 2011-04-27    0.06623719    0.03110014  459
TN22 2011-04-28 2011-11-10    0.81675075    0.07023235  189
TN22 2011-11-11 2012-09-04    0.17892149    0.04119913  292
TN22 2012-09-05 2015-04-05    0.38911561    0.02383214  763
TN22 2015-04-06 2023-09-08    0.60007372    0.01540378 2097
TN22 2023-09-09 2025-12-30    0.37866383    0.02785251  647
TNML 2002-06-25 2003-01-20   -0.65481144    0.11649396  120
TNML 2003-01-21 2004-02-10   -0.40321717    0.07357974  321
TNML 2004-02-11 2007-01-14   -0.61745139    0.04882258  705
TNML 2007-01-16 2008-11-01   -0.90945908    0.06434420  432
TNML 2008-11-02 2012-06-17   -0.51029605    0.04422619  827
TNML 2012-07-02 2018-03-10   -0.16080301    0.09694859  160
TNML 2018-03-11 2023-12-25   -0.47833385    0.07008842  306
TONG 2017-02-18 2018-10-15   -0.29474447    0.05326682  493
TONG 2018-10-16 2019-07-28   -0.62858310    0.08180450  266
TONG 2019-07-29 2021-08-28   -0.27396431    0.05297428  511
TONG 2021-08-29 2024-11-06    0.08317248    0.04957750  639
TOUL 1997-02-25 1998-12-12    0.19316924    0.03033326  510
TOUL 1998-12-13 2000-12-30    0.05937982    0.02654397  578
TOW2 1995-05-30 1996-06-27   -0.65358664    0.06636870  233
TOW2 1996-07-04 1999-04-28   -0.44549419    0.03800571  688
TOW2 1999-04-29 2000-02-02   -1.12188983    0.06808964  217
TOW2 2000-02-03 2010-02-15   -0.55785131    0.01740345 3417
TOW2 2010-02-16 2014-09-27   -0.28675675    0.02519638 1563
TOW2 2014-09-28 2016-07-15   -0.57823435    0.04088195  649
TOW2 2016-07-16 2018-08-06   -0.36334537    0.03792846  695
TOW2 2018-08-07 2019-10-31    0.01865163    0.04705330  434
TOW2 2019-11-01 2021-06-30   -0.56390025    0.04315286  604
TOW2 2021-07-01 2025-12-30   -0.41841348    0.02708782 1361
TRAB 1999-12-12 2001-02-08    1.28005581    0.05416244  297
TRAB 2001-02-09 2002-09-15    0.56787742    0.05143622  274
TRAB 2002-09-16 2003-12-27    0.42080313    0.04295418  384
TRAB 2003-12-28 2004-09-19    1.44943988    0.09847635  164
TRAB 2004-09-20 2007-11-27    0.72455483    0.03964060  455
TRO1 1998-03-14 1999-03-30    0.44783051    0.01968095  295
TRO1 1999-03-31 1999-08-14    0.04285042    0.03442836  124
TRO1 1999-08-15 2001-11-19    0.25442911    0.01260850  765
TRO1 2001-11-20 2002-05-24    0.36064337    0.02228189  178
TRO1 2002-05-25 2004-04-20    0.31526252    0.01397648  581
TRO1 2004-04-21 2006-01-08    0.39067329    0.01556266  528
TRO1 2006-01-09 2007-02-20    0.30934209    0.01828741  353
TRO1 2007-02-21 2008-05-07    0.38366653    0.01751699  374
TRO1 2008-05-08 2009-10-22    0.27485580    0.02617963  301
TRO1 2009-10-23 2013-05-08    0.36767424    0.00956643 1242
TRO1 2013-05-09 2014-05-26    0.33393376    0.01840728  345
TRO1 2014-05-27 2021-12-12    0.48064806    0.00685757 2510
TRO1 2021-12-13 2023-11-04    0.35855848    0.01346829  661
TRO1 2023-11-05 2025-12-30    0.39622058    0.01282389  714
TROM 1994-01-06 1994-11-01    0.63741430    0.03655464  163
TROM 1994-11-02 1996-08-27    0.29168306    0.01501179  555
TROM 1996-08-28 1998-06-09    0.13424668    0.02869352  141
TROM 1998-06-10 2002-01-03    0.17892220    0.01434645  732
TROM 2002-01-04 2002-05-24    0.22411405    0.02581806  130
TROM 2002-05-25 2006-01-08    0.15504595    0.01111301 1089
TROM 2006-01-09 2009-05-05    0.13769400    0.01190761  960
TSEA 1999-06-29 2002-06-14    0.10988015    0.01446452  600
TSEA 2002-06-15 2004-06-18    0.28971178    0.02162002  277
TSEA 2004-06-19 2005-03-05   -0.12636193    0.02516770  161
TSEA 2005-03-06 2006-05-02    0.10058083    0.02088291  292
TSEA 2006-05-22 2006-12-13    0.19149174    0.03223624  163
TSEA 2006-12-16 2009-01-26    0.03590357    0.01434177  625
TSEA 2009-01-27 2010-01-12    0.33492586    0.02458005  253
TSEA 2010-01-13 2010-09-09   -0.01306400    0.02398891  224
TSEA 2010-09-10 2013-12-03    0.08747192    0.01048926 1110
TSEA 2013-12-04 2015-03-30    0.13233802    0.01658838  406
TSEA 2015-03-31 2016-08-26    0.01031283    0.02022321  382
TSEA 2016-08-27 2023-07-13    0.20297414    0.00750096 2214
TSKB 1994-01-08 1995-07-08    0.73314346    0.04794660  142
TSKB 1995-07-24 1997-03-13    0.91861105    0.04073240  173
TSKB 1997-03-14 1998-01-11    0.17523944    0.04400295  268
TSKB 1998-01-12 1998-10-10    0.53997517    0.04129154  256
TSKB 1998-10-13 2004-12-25    0.93112310    0.01469735 1830
TSKB 2004-12-26 2010-02-24    0.76379759    0.01437965 1834
TSKB 2010-02-25 2014-05-30    0.68951489    0.01644931 1486
TSKB 2014-05-31 2019-07-04    0.52297182    0.01523163 1656
TSKB 2019-07-05 2022-06-07    0.69738055    0.01977758  962
TSKB 2022-06-08 2023-05-21    0.63999975    0.03683799  232
TSKB 2023-05-22 2025-12-30    0.34468215    0.02342215  755
TUVA 2017-01-30 2021-11-16    0.29225739    0.04797855  614
TUVA 2021-11-17 2025-12-30   -0.29015233    0.04264607  795
TWTF 2001-11-10 2006-06-07   -0.99669947    0.03044720 1374
TWTF 2006-06-09 2008-11-01   -1.38450762    0.04089857  810
TWTF 2008-11-02 2009-04-26   -0.89637798    0.07530386  165
TWTF 2009-04-27 2012-01-17   -0.89426845    0.03971370  871
TWTF 2012-01-18 2013-06-16   -1.27539019    0.06245151  320
TWTF 2013-07-02 2013-11-08   -0.19574312    0.12517703  121
TWTF 2013-11-09 2014-07-03   -1.03600289    0.06934114  222
TWTF 2014-07-04 2020-05-29   -0.82987025    0.02569431 1877
TWTF 2020-05-30 2022-05-26   -1.11963294    0.04399128  638
TWTF 2022-05-27 2024-03-22   -0.91363387    0.04593246  564
TWTF 2024-03-23 2025-12-30   -0.69886142    0.05018296  534
TXES 2003-11-25 2008-06-21   -0.01878590    0.03935031  238
TXES 2008-06-22 2010-05-26   -0.42284832    0.03188257  443
TXES 2010-05-27 2011-05-23   -0.67675151    0.05030609  235
TXES 2011-05-24 2012-10-21   -0.43077481    0.03664563  395
TXES 2012-10-22 2013-07-02   -0.25430421    0.06685579  137
TXES 2013-07-03 2015-08-29   -0.48800713    0.06810305  171
TXES 2015-08-30 2019-10-11   -0.12868692    0.01928500 1336
TXES 2019-10-12 2021-03-06   -0.61011519    0.03073295  456
TXES 2021-03-07 2023-09-30   -0.02545988    0.03514699  460
TXES 2023-10-01 2025-12-30    0.20474603    0.02588004  731
UFPR 2007-09-06 2022-08-07   -0.10330305    0.01155199 4723
UFPR 2022-08-08 2023-08-20   -0.35527317    0.04187649  349
UFPR 2023-08-21 2025-12-30   -0.26255336    0.02799630  828
ULAB 2001-01-02 2001-10-28    0.07830465    0.01477133  235
ULAB 2001-10-29 2003-02-14   -0.03236006    0.01147527  239
ULAB 2003-02-15 2003-11-10    0.19642871    0.02096940  158
ULAB 2003-11-12 2010-03-31    0.03261836    0.00522525 1499
ULAB 2010-04-01 2010-12-09   -0.19004227    0.02023771  217
ULAB 2010-12-10 2011-08-04    0.00914046    0.01306136  217
ULAB 2011-08-08 2013-12-27    0.10700003    0.00757540  712
ULAB 2013-12-28 2016-11-26   -0.03210601    0.00706011  817
ULAB 2016-11-27 2018-04-19    0.20364614    0.00873282  426
ULAB 2018-04-20 2020-11-23    0.32488088    0.01018759  707
ULAB 2020-11-24 2022-12-23    0.18913096    0.00921394  601
ULAB 2022-12-26 2023-12-16    0.08759215    0.01261161  310
ULAB 2023-12-17 2025-12-30    0.12374231    0.00941955  566
UNB3 2014-01-02 2017-08-25    0.02838150    0.01465923  925
UNB3 2017-08-26 2022-12-06    0.16936127    0.01069210 1688
UNB3 2022-12-07 2025-12-30    0.07910568    0.01354142 1015
UNBJ 2006-08-20 2013-01-30    0.23572584    0.00947917 2226
UNBJ 2013-01-31 2017-01-19    0.04656719    0.01237022 1318
UNBJ 2017-01-20 2022-12-06    0.21625547    0.01011242 1980
UNBJ 2022-12-07 2025-12-30    0.09840024    0.01417848  983
UNBN 2014-01-02 2017-09-10    0.09628985    0.02852230  238
UNBN 2017-09-14 2022-02-11    0.19788982    0.01192631 1289
UNSA 2000-01-02 2000-06-11    3.05630246    0.11570919  148
UNSA 2000-06-12 2004-05-12    3.77544961    0.04230483 1055
UNSA 2004-05-13 2005-04-04    2.61377643    0.11188313  173
UNSA 2005-04-05 2006-03-06    3.12902509    0.08362385  262
UNSA 2006-03-07 2007-07-03    3.19110661    0.06645212  411
UNSA 2007-07-04 2011-02-08    2.59943269    0.04249793 1039
UNSA 2011-02-09 2014-10-19    2.04823917    0.03996579 1157
UNSA 2014-10-20 2016-05-09    3.70096849    0.07863542  301
UNSA 2016-05-10 2018-03-27    3.00165077    0.06243479  498
UNSA 2018-03-28 2018-10-02    3.10089007    0.09448471  181
UNSA 2018-10-03 2019-07-14    3.27544935    0.08612875  261
UNSA 2019-07-15 2020-03-17    2.30242609    0.09235106  227
UNSA 2020-03-18 2025-12-30    1.70968343    0.02985350 2067
UNTR 2014-03-25 2016-03-31    0.04992340    0.02810963  529
UNTR 2016-04-01 2020-11-19    0.41260374    0.02283355 1000
URUM 1998-11-02 1999-05-06    0.39739366    0.03150906  131
URUM 1999-05-09 2000-05-12   -0.01519577    0.03140499  130
URUM 2000-05-13 2000-09-25    0.86845263    0.07415254  125
URUM 2000-09-26 2001-06-02    0.07665497    0.03191930  140
URUM 2001-06-03 2004-12-25    0.40523699    0.01285279 1199
URUM 2004-12-26 2006-08-08   -0.26113815    0.03272682  273
URUM 2006-08-11 2007-07-02    0.08234543    0.02382104  303
URUM 2007-07-03 2008-05-12   -0.54722198    0.02434123  239
URUM 2008-05-13 2009-12-30   -0.48146339    0.02121656  383
URUM 2009-12-31 2010-11-08   -1.01775801    0.04849690  187
URUM 2010-11-09 2011-11-05   -0.70908354    0.02352863  330
URUM 2011-11-06 2017-10-31   -0.42504475    0.00991049 1854
URUM 2017-11-02 2019-12-17    0.17808664    0.01636403  696
URUM 2019-12-18 2020-11-29    0.97972009    0.03772603  229
URUM 2020-11-30 2022-11-07    0.20903703    0.01758335  650
URUM 2022-11-08 2025-12-30   -0.12856025    0.01290139 1102
URUS 2014-01-02 2016-02-29    0.08044944    0.02659241  629
URUS 2016-03-01 2020-10-12    0.19154701    0.03463149  359
USN3 2004-07-15 2005-07-07    0.30692732    0.03276951  353
USN3 2005-07-08 2007-11-25    0.41705397    0.02206035  813
USN3 2007-11-26 2008-10-20    0.29377128    0.03505725  308
USN3 2008-10-21 2011-09-07    0.22794668    0.02042443  914
USN3 2011-09-08 2013-12-30    0.12690225    0.02721159  556
USNA 1995-05-05 1997-12-30    0.47255542    0.02420184  790
USNA 1998-01-06 1999-02-07    0.26906327    0.03265332  373
USNA 1999-02-08 2000-11-10    0.03611584    0.03077257  543
USNA 2000-11-11 2002-01-28    0.37177920    0.03040859  387
USNA 2002-01-29 2003-10-17    0.47031758    0.03609937  356
USNA 2003-10-18 2005-11-29    0.81196565    0.02500757  684
USNO 1997-05-02 1998-01-05    0.47239639    0.04755380  242
USNO 1998-01-06 1998-09-29    0.28335552    0.04173940  255
USNO 1998-09-30 1999-10-05   -0.07209088    0.03518051  326
USNO 1999-10-06 2000-08-31   -0.34425242    0.04054305  247
USNO 2000-09-01 2002-04-21   -0.12560507    0.02514400  565
USNO 2002-04-22 2008-10-20    0.04275281    0.01419995 2041
USNO 2008-10-21 2011-01-19   -0.02512698    0.02528113  627
USNO 2011-01-20 2012-12-07    0.36983708    0.02589503  633
USNO 2012-12-08 2013-12-30    0.10412508    0.03421254  325
USNO 2013-12-31 2015-03-18   -0.04245742    0.04120870  189
USUD 1994-01-08 1998-01-12    0.01979295    0.01872998  795
USUD 1998-01-13 1999-05-08    0.53945436    0.02560924  417
USUD 1999-05-09 1999-10-24    0.86103251    0.08466616  125
USUD 1999-10-25 2000-10-04    1.60483038    0.07790778  146
USUD 2000-10-19 2002-03-07    0.15695517    0.02323670  469
USUD 2002-03-08 2002-12-29    0.34134835    0.03886165  267
USUD 2002-12-30 2014-12-20    0.03247003    0.00889554 3860
USUD 2014-12-21 2018-12-23    0.28586452    0.01525233 1343
USUD 2018-12-24 2022-02-17    0.00002434    0.01610735 1096
USUD 2022-02-18 2024-12-27   -0.12141268    0.01800783  996
USUD 2024-12-28 2025-12-30   -0.10339874    0.04052841  267
VACO 2005-03-11 2006-11-06    0.52254045    0.01942888  561
VACO 2006-11-07 2007-10-12    0.69270613    0.02549515  292
VACO 2007-10-14 2014-07-04    0.34649239    0.01509617  825
VACO 2014-07-05 2015-06-25    0.36332001    0.02661513  225
VACO 2015-06-26 2017-02-12    0.25240295    0.02061199  442
VACO 2017-02-13 2021-12-12    0.54239882    0.01444796 1020
VALD 2003-03-05 2005-03-19   -0.45694131    0.01517515  592
VALD 2005-03-20 2006-01-03   -0.20390849    0.02766914  257
VALD 2006-01-04 2007-11-19   -0.05016845    0.01608760  603
VALD 2007-11-20 2009-11-01   -0.17998977    0.01529429  607
VALD 2009-11-02 2012-02-11    0.16596991    0.01309904  721
VALD 2012-02-12 2017-01-17    0.04393828    0.00985588 1511
VALD 2017-01-18 2025-12-30    0.13063774    0.00706848 2827
VENE 1996-08-16 1997-09-06   -5.69123177    0.09583348  120
VENE 1997-10-01 1998-10-28   -3.26953353    0.06847645  185
VENE 1998-10-30 2000-12-03   -7.29883450    0.05673569  211
VENE 2000-12-04 2004-11-28    0.62692219    0.01808156 1335
VENE 2004-11-29 2007-07-24    0.57540256    0.02256943  726
VESL 1998-01-16 2000-10-11    0.25852473    0.01060446  295
VESL 2000-10-12 2003-05-25    0.41086333    0.00978436  401
VESL 2003-05-26 2003-10-22    0.62847606    0.01428214  137
VESL 2003-10-23 2005-01-01    0.38839181    0.01026896  323
VESL 2005-01-02 2005-07-21    0.57233460    0.01509422  158
VESL 2005-07-22 2006-07-26    0.62873614    0.01414062  186
VESL 2006-07-27 2007-12-22    0.25244569    0.00986726  331
VESL 2007-12-23 2009-04-17    0.29139756    0.01000852  336
VESL 2009-04-18 2009-12-16    0.23392459    0.01371681  158
VESL 2009-12-17 2012-12-19    0.31303872    0.00586792  987
VIL0 1997-10-31 1999-03-13    0.10775217    0.01406182  458
VIL0 1999-03-14 2010-11-13    0.04388579    0.00514888 4011
VIL0 2010-11-14 2011-10-31    0.16884541    0.01826953  317
VIL0 2011-11-01 2013-12-13    0.09593790    0.01183005  747
VIL0 2013-12-14 2023-11-09   -0.20188869    0.01709286  356
VIL0 2023-11-10 2025-12-30   -0.31364584    0.01370339  627
VILL 1994-11-24 1997-04-20    0.13505521    0.02145417  683
VILL 1997-04-21 1998-01-08   -0.49741390    0.04089906  255
VILL 1998-01-09 2000-03-19    0.00588866    0.02283167  641
VILL 2000-03-20 2001-03-01   -0.32851149    0.03996642  206
VILL 2001-03-02 2006-05-27   -0.05089289    0.01396290 1637
VILL 2006-05-28 2012-03-12    0.22004471    0.01309318 1869
VILL 2012-03-13 2016-05-13    0.09664564    0.01504619 1464
VILL 2016-05-14 2017-07-05    0.27556233    0.02904162  408
VILL 2017-07-06 2019-12-10    0.34408071    0.02048965  788
VILL 2019-12-11 2021-06-26   -0.00751290    0.02348863  543
VILL 2021-06-27 2022-02-11    0.33800700    0.04008845  223
VILL 2022-02-12 2025-12-30    0.09037882    0.01556149 1387
VIS0 1999-03-02 2000-04-19    0.16078195    0.02076650  376
VIS0 2000-04-20 2007-04-23    0.10715007    0.00841551 2370
VIS0 2007-04-24 2008-01-05    0.39457589    0.02994187  242
VIS0 2008-01-06 2011-11-03    0.19223092    0.01213799 1187
VIS0 2011-11-04 2023-05-14    0.12662993    0.01321459  871
VIS0 2023-05-15 2024-12-28    0.39894221    0.01792177  576
VIS0 2024-12-29 2025-12-30    0.48990403    0.02367771  318
VNDP 2022-11-28 2025-12-30   -0.12680957    0.02135211  884
VOIM 2017-01-30 2017-10-01    0.15003703    0.05999447  238
VOIM 2017-10-02 2018-07-06   -0.10010760    0.07351288  236
VOIM 2018-07-07 2021-01-08    0.32948109    0.03333804  881
VOIM 2021-01-09 2023-04-11    0.13076558    0.03892937  685
VOIM 2023-04-12 2025-12-30   -0.52212929    0.03753132  640
VTSP 2007-12-01 2009-01-24   -0.09295922    0.03526494  237
VTSP 2009-01-25 2011-05-18    0.12646592    0.01641158  795
VTSP 2011-05-19 2015-10-18   -0.02428253    0.01357755 1242
VTSP 2015-10-19 2018-12-21    0.18302469    0.01425431 1099
VTSP 2018-12-22 2022-10-25    0.10137436    0.01769302  751
VTSP 2022-10-26 2024-02-27    0.28083863    0.02022660  461
VTSP 2024-02-28 2025-12-30    0.14811446    0.02052770  580
WARK 2017-01-30 2017-08-23    0.05347301    0.04515705  186
WARK 2017-08-24 2019-09-15   -0.07333202    0.02322989  705
WARK 2019-09-16 2022-11-01    0.22513069    0.01851481 1124
WARK 2022-11-03 2025-12-30    0.01003266    0.01870808 1118
WDC1 1999-03-26 1999-10-17    0.74244603    0.05696645  194
WDC1 1999-10-18 2000-08-31    0.48954691    0.03393900  302
WDC1 2000-09-01 2002-04-21    0.76176255    0.02394000  570
WDC1 2002-04-22 2002-10-09    1.37379507    0.07176441  150
WDC1 2002-10-10 2003-04-01    0.70708463    0.03789486  172
WDC1 2003-04-02 2006-07-16    0.90290366    0.01835118 1132
WDC3 2006-08-18 2008-01-10    0.53252297    0.02854379  492
WDC3 2008-01-11 2010-06-05    0.31750591    0.02054833  835
WEL1 1999-03-15 2003-01-05   -0.34280689    0.02422829  766
WEL1 2003-01-06 2009-01-12   -0.08109336    0.01581978 1886
WES2 1994-01-06 1996-01-01   -0.08381874    0.02560223  526
WES2 1996-01-02 1997-01-26   -0.39306818    0.03076118  330
WES2 1997-01-27 1997-11-07   -0.14997785    0.03893541  246
WES2 1997-11-08 2000-08-31   -0.61262433    0.01846531  894
WES2 2000-09-01 2001-02-09   -1.23511884    0.04078902  152
WES2 2001-02-10 2008-01-06   -0.56865737    0.01262134 1949
WES2 2008-01-07 2021-06-18   -0.38829098    0.01034074 2818
WES2 2021-06-19 2022-04-02   -0.10333160    0.03593283  168
WGTN 2005-03-24 2012-07-25    0.03593889    0.01285159 2238
WGTN 2012-07-26 2016-08-01   -0.08286170    0.01608998 1441
WGTN 2016-08-02 2020-02-12    0.38135551    0.01769661 1178
WGTN 2020-02-15 2020-08-19    0.74511204    0.04395198  169
WGTN 2020-08-21 2023-06-25    0.40401993    0.01935065 1026
WGTN 2023-06-26 2025-12-30    0.25126402    0.01997820  904
WHIT 1995-06-11 1997-01-11    0.44510796    0.01951353  182
WHIT 1997-01-12 1998-04-21    0.39706205    0.01204598  387
WHIT 1998-04-22 1998-11-13    0.18621714    0.02334863  179
WHIT 1998-11-15 1999-06-27    0.05378212    0.01679239  180
WHIT 1999-06-28 2000-07-23    0.60797481    0.01542557  232
WHIT 2000-07-24 2001-11-21    0.18676293    0.01186934  463
WHIT 2001-11-22 2002-10-14    0.16971841    0.01593067  254
WHIT 2002-10-15 2005-11-06    0.30169487    0.00787588  999
WHIT 2005-11-07 2006-09-30    0.38294061    0.01752509  232
WHIT 2006-10-01 2008-04-07    0.29199646    0.01128218  434
WHIT 2008-04-08 2008-11-22    0.32757038    0.02460241  156
WHIT 2008-11-23 2015-04-17    0.04386561    0.00541857 2015
WHIT 2015-04-18 2017-01-12   -0.06063337    0.01027065  626
WHIT 2017-01-13 2019-10-22    0.08875822    0.00829614  863
WHIT 2019-10-23 2023-05-03    0.04421175    0.00695586 1194
WHIT 2023-05-04 2023-11-07    0.28980292    0.02371950  177
WHIT 2023-11-08 2025-12-30    0.11427204    0.00900758  743
WILL 1994-01-06 1994-06-19   -0.25835459    0.02920122  139
WILL 1994-06-20 1996-02-13    0.36880959    0.01723381  502
WILL 1996-02-14 1996-07-16    0.54331146    0.03025555  151
WILL 1996-07-17 1997-01-09    0.21554977    0.03026496  170
WILL 1997-01-10 2002-10-16    0.36114976    0.00830637 2017
WILL 2002-10-17 2004-06-20    0.43913443    0.01892523  372
WILL 2004-06-21 2006-05-19    0.14490508    0.01451161  614
WILL 2006-05-20 2017-05-03    0.18281904    0.00613140 3604
WILL 2017-05-04 2018-01-16    0.44361862    0.02616643  249
WILL 2018-01-17 2021-11-01    0.37377901    0.01083855 1177
WILL 2021-11-02 2022-10-11    0.09481879    0.02368275  269
WILL 2022-10-12 2023-04-29   -0.04646884    0.02240007  192
WILL 2023-04-30 2023-11-02    0.38238245    0.03766990  181
WILL 2023-11-03 2025-12-30    0.05464267    0.01327504  732
WIND 2003-06-25 2007-06-04    0.63813565    0.05905885  123
WIND 2007-06-05 2009-09-20    0.22660101    0.01958568  749
WIND 2009-09-21 2010-05-06   -0.04745446    0.05751183  215
WIND 2010-05-07 2013-07-03    0.31004302    0.01816550  856
WIND 2013-07-04 2014-12-11   -0.02574614    0.03766253  185
WIND 2014-12-12 2015-05-17    0.49759481    0.07400135  147
WIND 2015-05-18 2018-06-03    0.13215554    0.02268874  686
WIND 2018-06-04 2020-06-29    0.47666786    0.02016383  719
WIND 2020-06-30 2022-07-16    0.08096493    0.02088751  592
WIND 2022-07-17 2024-09-26   -0.08817130    0.02110302  657
WIND 2024-09-27 2025-12-30   -0.32235645    0.02872187  397
WROC 1997-01-03 1999-06-29    0.50271657    0.01391029  887
WROC 1999-06-30 2001-01-22    0.21829436    0.03080536  245
WROC 2001-01-26 2002-02-16   -0.25184231    0.02166488  355
WROC 2002-02-17 2002-08-21   -0.47792827    0.03740240  144
WROC 2002-08-22 2003-05-16   -0.27764420    0.02527250  223
WROC 2003-05-17 2005-08-03   -0.39436736    0.01588264  728
WROC 2005-08-04 2006-02-28   -0.15871468    0.02945955  188
WROC 2006-03-01 2006-11-14   -0.33894131    0.03028435  248
WROC 2006-11-15 2007-04-06   -0.05103771    0.03045735  122
WROC 2007-04-10 2010-05-09    0.42286986    0.01291950 1072
WROC 2010-05-10 2012-04-26    0.36853330    0.01656810  614
WROC 2012-04-27 2013-01-05    0.37829084    0.03171455  238
WROC 2013-01-06 2013-10-30    0.02942282    0.02581463  283
WROC 2013-10-31 2023-02-10    0.27589454    0.03192689  122
WROC 2023-02-11 2024-05-24    0.45093930    0.03020731  165
WROC 2024-05-25 2025-12-30    0.61241692    0.01947823  467
WSRT 1997-06-27 1999-04-02    0.19547160    0.01879078  633
WSRT 1999-04-03 1999-12-30   -0.06768925    0.03389096  242
WSRT 1999-12-31 2004-05-13    0.21611775    0.01189827 1537
WSRT 2004-05-14 2005-04-03    0.25140684    0.02996687  207
WSRT 2005-04-13 2005-12-18   -0.03311092    0.03452066  241
WSRT 2005-12-19 2006-11-04   -0.15687767    0.03755165  217
WSRT 2006-11-05 2010-03-23    0.16191193    0.01356755 1144
WSRT 2010-03-24 2010-09-28   -0.08924644    0.04146433  169
WSRT 2010-09-29 2012-01-02    0.20419798    0.02229009  445
WSRT 2012-01-03 2017-02-02    0.05438000    0.01117593 1778
WSRT 2017-02-03 2022-09-02    0.76723244    0.01101565 1875
WSRT 2022-09-03 2025-12-30    0.58137596    0.01404194 1145
WTZA 1997-11-26 1998-10-11    0.56806861    0.02621884  186
WTZA 1998-10-12 2001-11-22    0.46584064    0.01342700 1027
WTZA 2001-11-23 2004-12-06    0.41068624    0.01339771  993
WTZA 2004-12-07 2006-11-24    0.45566121    0.01640457  660
WTZA 2006-11-25 2009-07-26    0.59454942    0.01375914  881
WTZA 2009-07-27 2023-05-11    0.44543986    0.01069983 1579
WTZA 2023-05-12 2025-05-17    0.61051110    0.01742502  609
WTZL 2016-06-18 2021-01-05    0.62280015    0.01558771  667
WTZL 2021-01-06 2023-11-02    0.44774849    0.01372660  895
WTZL 2023-11-03 2024-10-02    0.63211785    0.02279321  290
WTZR 1995-09-08 1996-12-01    0.41592127    0.02857396  269
WTZR 1996-12-02 1998-10-22    0.42990698    0.02015785  492
WTZR 1998-10-23 2001-11-22    0.29630486    0.01342923  981
WTZR 2001-11-23 2006-11-06    0.23773899    0.00993350 1704
WTZR 2006-11-07 2009-02-06    0.41104626    0.01459689  774
WTZR 2009-02-07 2011-06-13    0.16293399    0.01416182  804
WTZR 2011-06-14 2014-07-01   -0.00142856    0.01312589 1002
WTZR 2014-07-02 2016-12-10    0.09379540    0.01490092  769
WTZR 2016-12-11 2018-04-08    0.20501818    0.01786427  448
WTZR 2018-04-09 2021-01-05    0.35427965    0.01423104  845
WTZR 2021-01-06 2023-12-10    0.25182792    0.01338006  975
WTZR 2023-12-11 2025-12-30    0.45224687    0.01574675  693
WTZZ 1999-02-06 2003-11-05    0.07575912    0.01089744 1544
WTZZ 2003-11-07 2004-12-06    0.23593058    0.02256610  350
WTZZ 2004-12-07 2006-11-24    0.32805488    0.01614690  686
WTZZ 2006-11-25 2009-08-09    0.46514830    0.01348749  942
WTZZ 2009-08-10 2010-12-24    0.30439915    0.01999284  450
WTZZ 2010-12-25 2011-06-05    0.38489256    0.03197705  129
WTZZ 2011-06-06 2014-07-01    0.15618743    0.01329461 1043
WTZZ 2014-07-02 2016-01-26    0.17689173    0.01902133  453
WTZZ 2016-01-27 2018-01-22    0.24867129    0.01626020  670
WTZZ 2018-01-23 2021-01-06    0.46755669    0.01337482 1030
WTZZ 2021-01-07 2022-12-18    0.30450394    0.01824864  588
WTZZ 2022-12-20 2025-12-30    0.49569834    0.01437919  892
WUHN 1996-01-25 1998-07-15    1.54725253    0.03783272  524
WUHN 1998-07-16 1998-11-24    2.79095258    0.09277899  128
WUHN 1998-11-25 1999-12-26    1.64080802    0.04509504  317
WUHN 1999-12-27 2002-01-01    1.07448045    0.03590627  556
WUHN 2002-01-02 2004-08-31    1.40188730    0.02883799  872
WUHN 2004-09-01 2006-10-22    1.06270558    0.03221248  648
WUHN 2006-10-23 2007-05-06    0.11939006    0.04978381  180
WUHN 2007-05-07 2007-12-29   -0.86899861    0.06282491  229
WUHN 2007-12-30 2009-02-06   -0.52193200    0.04278120  325
WUHN 2009-02-07 2011-05-23    0.06106328    0.02946563  746
WUHN 2011-05-24 2016-03-17   -0.73241935    0.02477011 1108
WUHN 2016-03-18 2016-08-16    0.17773692    0.10956270  125
WUHN 2016-08-17 2022-03-23    1.24129623    0.04860554  203
WUHN 2022-03-24 2022-10-25    1.72350823    0.08146026  202
WUHN 2022-10-26 2024-07-01    0.97876736    0.03209109  575
WUHN 2024-07-02 2024-12-03    1.49268719    0.08430246  147
WUHN 2024-12-04 2025-12-30    2.19964250    0.04434447  343
XIAN 1996-05-21 1997-11-07    1.40063037    0.09640440  157
XIAN 1997-11-11 1998-11-30    2.46018611    0.08873920  137
XIAN 1998-12-01 2007-02-20    0.57202343    0.04802957  241
XIAN 2007-03-03 2008-01-01    0.18574870    0.06573702  157
XIAN 2008-01-02 2010-12-22    0.09384735    0.02784071  603
XIAN 2010-12-23 2011-11-22   -0.32154076    0.04802583  176
XMIS 2005-06-30 2009-11-21   -0.24784598    0.02989974 1351
XMIS 2009-11-22 2014-07-22   -0.10402820    0.02964173 1456
XMIS 2014-07-23 2015-12-30   -0.42321955    0.04706973  510
XMIS 2015-12-31 2016-12-03    0.22601333    0.06251568  308
XMIS 2016-12-04 2019-04-27   -0.14549516    0.04695749  586
XMIS 2019-04-28 2022-08-13   -0.56057651    0.03326172 1127
XMIS 2022-08-14 2025-12-30   -0.82055648    0.03313094 1092
YAKT 2001-03-05 2001-11-20   -0.08594179    0.02020619  227
YAKT 2001-11-21 2002-04-18    0.09419521    0.01481097  128
YAKT 2002-04-19 2004-11-06   -0.54348629    0.01023367  738
YAKT 2004-11-07 2005-11-04   -0.44182087    0.01349449  298
YAKT 2005-11-14 2006-11-19   -0.28896521    0.02221731  225
YAKT 2006-11-21 2008-01-17   -0.11818935    0.01379217  312
YAKT 2008-01-18 2009-11-23   -0.50432472    0.01066257  571
YAKT 2009-11-24 2010-04-18   -0.13957633    0.01427323  144
YAKT 2010-04-19 2014-02-11   -0.53315342    0.00670448 1180
YAKT 2014-02-12 2015-10-31   -0.52228656    0.01142615  531
YAKT 2015-11-01 2017-01-28   -0.81252843    0.01465648  304
YAKT 2017-01-29 2018-03-19   -0.73464465    0.01231967  333
YAKT 2018-03-20 2018-11-23   -0.13353983    0.02308247  229
YAKT 2018-11-24 2022-05-09   -0.80608585    0.00762312  980
YAKZ 1997-11-16 1998-12-10    0.29675722    0.00906339  309
YAKZ 1998-12-11 2001-06-21    0.45073386    0.00910087  453
YAR1 1994-01-06 1995-10-25   -0.02987571    0.04999183  232
YAR1 1995-10-26 1996-06-04    0.09178581    0.09161032  120
YAR1 1996-06-09 1996-12-29   -0.26309369    0.06006777  141
YAR1 1996-12-31 1999-04-30   -0.81643019    0.03779126  493
YAR1 1999-05-01 2002-05-11   -1.07827990    0.02902559  780
YAR2 1999-04-22 2006-11-20   -0.72749549    0.01681583 1530
YAR2 2006-11-21 2011-02-10   -0.28618959    0.01759701 1451
YAR2 2011-02-12 2012-01-16   -0.46730418    0.03667111  316
YAR2 2012-01-17 2014-11-20   -0.18193194    0.02115079  972
YAR2 2014-11-21 2017-12-07    0.10005492    0.02077967 1008
YAR2 2017-12-08 2020-09-29    0.22385335    0.02162530  956
YAR2 2020-09-30 2022-11-06   -0.06108443    0.02411790  747
YAR2 2022-11-07 2025-12-30   -0.32623104    0.01996764 1112
YAR3 2007-07-11 2012-01-16    0.12559778    0.01659859 1462
YAR3 2012-01-17 2012-12-03    0.23266054    0.03555056  310
YAR3 2012-12-04 2015-02-14    0.05825415    0.02331225  781
YAR3 2015-02-15 2017-03-06    0.16637715    0.02398713  714
YAR3 2017-03-07 2020-11-08    0.34170336    0.01760422 1295
YAR3 2020-11-09 2023-01-01    0.13111641    0.02378327  738
YAR3 2023-01-02 2024-12-19   -0.07629943    0.02410642  705
YAR3 2024-12-20 2025-12-30   -0.17383326    0.03381060  360
YARR 1998-11-09 2000-10-17   -0.60441319    0.03329037  382
YARR 2000-10-18 2003-05-12   -0.54070376    0.02691586  604
YARR 2003-05-13 2004-09-14   -0.18012926    0.03879784  287
YARR 2004-09-15 2006-11-20   -0.45574802    0.02628402  646
YARR 2006-11-21 2011-02-10   -0.04318510    0.03007770  534
YARR 2011-02-12 2015-02-14   -0.22325579    0.01811632 1356
YARR 2015-02-15 2017-12-07    0.01873583    0.02108973  984
YARR 2017-12-08 2021-06-19    0.18263015    0.01929610 1245
YARR 2021-06-20 2024-07-12   -0.08081784    0.02026382 1090
YARR 2024-07-13 2025-12-30   -0.25086568    0.02834030  529
YCBA 2011-05-26 2015-01-07    0.96739441    0.04013346 1015
YCBA 2015-01-08 2016-03-21    1.33648950    0.10070776  190
YCBA 2016-03-22 2019-06-29    0.47617047    0.04923689  703
YEBE 2000-10-01 2001-02-11   -0.15570303    0.04040174  125
YEBE 2001-02-12 2004-12-07    0.11633534    0.01430304 1276
YEBE 2004-12-08 2006-05-24    0.46634721    0.03331186  167
YEBE 2006-05-25 2008-02-19    0.29713794    0.02143037  557
YEBE 2008-02-20 2012-03-25    0.14025391    0.01326713 1429
YEBE 2012-03-26 2022-12-22    0.02961009    0.02027746  652
YEBE 2022-12-23 2025-12-30    0.60283259    0.01523859 1081
YELL 1994-01-06 1996-08-15    0.45864052    0.01224140  719
YELL 1996-08-16 1997-05-19    0.07743839    0.01795990  191
YELL 1997-05-20 1998-01-30   -0.29324350    0.02151495  235
YELL 1998-01-31 2000-02-03   -0.04430632    0.01169457  676
YELL 2000-02-04 2000-08-08    0.11061601    0.02998309  141
YELL 2000-08-09 2001-03-17    0.17744242    0.02061795  120
YELL 2001-03-18 2002-04-02   -0.21501335    0.01599234  354
YELL 2002-04-03 2004-11-29   -0.05493309    0.01064717  907
YELL 2004-11-30 2006-01-24    0.06398555    0.01890276  306
YELL 2006-01-25 2009-11-05   -0.05442264    0.00894348 1265
YELL 2009-11-06 2012-07-08    0.06874344    0.01282011  674
YELL 2012-07-09 2012-12-18   -0.28576113    0.02844895  152
YELL 2012-12-19 2015-04-19    0.07421611    0.01038130  747
YELL 2015-04-20 2016-01-13   -0.21916733    0.02232994  252
YELL 2016-01-14 2023-12-26    0.01103556    0.00583888 2701
YELL 2023-12-27 2025-03-09   -0.16570800    0.01376311  417
YELL 2025-03-10 2025-12-30    0.06613717    0.02124368  262
YIBL 2003-07-14 2006-03-19    0.36809480    0.05963690  299
YIBL 2006-03-21 2010-05-18    0.65116996    0.03425383  954
YIBL 2010-05-19 2012-07-06    0.58371090    0.06109283  297
YIBL 2012-07-07 2014-08-05    0.40127690    0.04605272  545
YIBL 2014-08-06 2023-11-28    0.94889924    0.06394369  247
YKRO 1999-07-19 2009-01-04    2.20275191    0.10547838  135
YKRO 2009-01-05 2009-09-12    1.98686624    0.09550128  201
YKRO 2009-09-13 2014-12-11    1.72339001    0.04834192  745
YKRO 2014-12-12 2015-09-09    2.29666924    0.09132923  227
YKRO 2015-09-10 2016-12-13    1.59203379    0.08863070  227
YKRO 2016-12-14 2023-07-04    0.74417677    0.04585002  861
YKRO 2023-07-05 2024-08-23    0.04613923    0.06706969  380
YKRO 2024-08-24 2025-01-05    0.87276996    0.10683819  133
YKRO 2025-01-06 2025-12-30    0.22210911    0.07265409  337
YSSK 1999-08-04 2002-12-19    0.03725401    0.00889213 1022
YSSK 2002-12-20 2007-11-10    0.16039823    0.00745988 1544
YSSK 2007-11-11 2010-05-16    0.10185376    0.00899805  833
YSSK 2010-05-17 2011-01-13    0.39802330    0.02244768  198
YSSK 2011-01-14 2012-11-03    0.19105309    0.01320917  566
YSSK 2012-11-04 2013-08-16    0.03959875    0.02987716  159
YSSK 2013-08-19 2014-11-11    0.19945562    0.01458303  403
YSSK 2014-11-12 2015-12-06    0.09568235    0.01560955  334
YSSK 2015-12-07 2019-12-08    0.18177828    0.00829276 1247
YSSK 2019-12-09 2021-01-01    0.08198129    0.01943423  294
YSSK 2021-01-02 2022-05-09    0.12787068    0.01386556  384
ZAMB 2002-06-03 2003-05-31    0.98439575    0.05919791  244
ZAMB 2003-06-01 2004-04-16    0.80903446    0.08325100  170
ZAMB 2004-04-17 2014-10-10    1.07503690    0.02022448 1432
ZAMB 2014-10-11 2016-07-05    0.63285941    0.04679205  341
ZAMB 2016-07-06 2017-06-02    0.55910920    0.05486507  281
ZAMB 2017-06-03 2019-05-12    0.76538236    0.03302989  542
ZAMB 2019-05-13 2019-11-23    0.91193804    0.05073896  165
ZAMB 2019-11-24 2020-11-17    0.21489026    0.04400538  296
ZAMB 2020-11-18 2022-11-03    0.04624171    0.03126287  579
ZAMB 2022-11-04 2025-12-30    0.24378331    0.03507949  431
ZECK 1997-07-13 1998-04-25    0.57014312    0.03141896  248
ZECK 1998-04-26 1998-11-07    1.59405489    0.05931038  192
ZECK 1998-11-08 1999-06-07    0.59314850    0.03232789  204
ZECK 1999-06-08 2001-08-05    0.48301023    0.02121594  669
ZECK 2001-08-06 2005-10-10    0.37541716    0.01608225 1219
ZECK 2006-07-30 2008-04-23    0.67790537    0.02223272  470
ZECK 2008-04-24 2008-12-04    1.18178798    0.05083411  216
ZECK 2008-12-05 2010-10-21    0.61485777    0.02159217  647
ZECK 2010-10-22 2013-04-21    0.46606886    0.01853824  775
ZECK 2013-04-22 2013-11-02    0.24461868    0.06274679  181
ZECK 2013-11-03 2015-03-26    0.48556325    0.02273899  484
ZECK 2015-03-27 2017-08-04    0.40662764    0.02009435  790
ZECK 2017-08-08 2018-09-26    0.56398291    0.02962846  346
ZECK 2018-09-27 2019-11-06    0.78702644    0.02883659  382
ZECK 2019-11-07 2022-12-03    0.69787372    0.01667744 1079
ZECK 2022-12-04 2024-04-16    0.70547821    0.02287047  452
ZECK 2024-04-17 2025-12-30    0.58534812    0.02426322  590
ZIM2 2007-11-10 2008-10-29   -0.88046579    0.04382665  200
ZIM2 2008-10-31 2009-04-02   -0.36397228    0.03256106  154
ZIM2 2009-04-03 2011-09-29   -0.04647189    0.01775335  831
ZIM2 2011-09-30 2012-03-14    0.01133903    0.03343570  161
ZIM2 2012-03-15 2014-04-21   -0.18500266    0.01787791  738
ZIM2 2014-04-22 2014-10-19   -0.30655352    0.04989678  175
ZIM2 2014-10-20 2015-11-16   -0.04429026    0.02593498  369
ZIM2 2015-11-17 2017-12-06    0.08660788    0.02069674  623
ZIM2 2017-12-07 2020-08-08   -0.01284882    0.01783584  787
ZIM2 2020-08-09 2022-07-12   -0.17049129    0.01858352  670
ZIM2 2022-07-13 2023-09-04   -0.10967258    0.02599778  352
ZIM2 2023-09-05 2025-12-30   -0.01901559    0.01732339  810
ZIM3 2017-01-30 2017-12-06    0.08317594    0.02979272  305
ZIM3 2017-12-07 2020-08-08    0.00098691    0.01800643  786
ZIM3 2020-08-09 2022-03-07   -0.13604630    0.02083117  555
ZIM3 2022-03-08 2022-11-25   -0.34542595    0.03511829  241
ZIM3 2022-11-26 2025-12-30   -0.05682934    0.01498106 1088
ZIMJ 1999-02-08 2001-04-30   -0.09306889    0.02035423  606
ZIMJ 2001-05-01 2001-11-16    0.39999117    0.05195099  164
ZIMJ 2001-11-17 2005-11-05   -0.04162557    0.01417654 1338
ZIMJ 2005-11-06 2007-10-04    0.07275647    0.02721432  400
ZIMJ 2007-10-05 2010-04-07   -0.03421199    0.01949122  700
ZIMJ 2010-04-08 2013-05-24    0.17082895    0.04519829  205
ZIMJ 2013-05-25 2015-04-18   -0.12728103    0.02000558  668
ZIMJ 2015-04-19 2015-11-16    0.07897908    0.04536753  202
ZIMJ 2015-11-17 2017-01-03    0.30200338    0.03635703  195
ZIMJ 2017-01-04 2017-11-21    0.48178731    0.03735192  251
ZIMJ 2017-11-22 2018-10-07    0.20150820    0.06099852  141
ZIMJ 2018-10-08 2019-04-09    0.12293525    0.03532719  141
ZIMJ 2019-04-10 2019-09-09    0.40398680    0.05616503  134
ZIMM 1994-01-06 1994-06-17   -0.45272021    0.03690509  150
ZIMM 1994-06-18 1995-12-28   -0.57789368    0.02401888  463
ZIMM 1995-12-29 1996-12-31   -0.52117214    0.02703920  354
ZIMM 1997-01-01 2005-10-16   -0.35517021    0.00921492 3028
ZIMM 2005-10-17 2006-07-10   -0.57748771    0.04197475  143
ZIMM 2006-07-11 2007-04-19   -0.09029181    0.03096525  242
ZIMM 2007-04-20 2011-10-03   -0.20196259    0.01314519 1560
ZIMM 2011-10-04 2015-04-18   -0.24301152    0.01415867 1212
ZIMM 2015-04-19 2017-03-09   -0.03142079    0.02301127  556
ZIMM 2017-03-10 2017-10-14    0.29676886    0.04055229  212
ZIMM 2017-10-15 2018-04-09   -0.12370410    0.03246045  175
ZIMM 2018-04-10 2020-08-08    0.02219344    0.01829675  802
ZIMM 2020-08-09 2023-01-18   -0.15074783    0.01737619  851
ZIMM 2023-01-19 2025-12-30    0.04744693    0.01571684 1045
ZWE2 2004-10-27 2005-03-31    0.28292544    0.02612832  144
ZWE2 2005-04-01 2005-09-02    1.02786077    0.04598399  145
ZWE2 2005-09-03 2006-12-08    0.64921948    0.02953269  238
ZWE2 2006-12-09 2009-06-22    0.44992797    0.01534538  676
ZWE2 2009-06-23 2013-01-27    0.33412014    0.01167641 1190
ZWE2 2013-01-28 2014-05-02    0.25793886    0.02289234  245
ZWE2 2014-05-03 2014-11-09    0.08533664    0.04260255  170
ZWE2 2014-11-10 2017-05-30    0.21012125    0.01495198  637
ZWEN 1995-03-17 1997-08-26    0.66792204    0.01828432  601
ZWEN 1997-08-27 1999-06-06    0.63387633    0.02306399  361
ZWEN 1999-06-07 2004-11-05    0.24207380    0.01572503  634
