name __tbegin__ ___tend___ _____mean____ ______se_____ _np_
ABMF 2014-01-02 2014-08-03   -0.39127666    0.06982784  195
ABMF 2014-08-04 2014-11-23   -1.27809755    0.10262015  112
ABMF 2014-11-24 2015-09-14   -0.26242187    0.06878306  218
ABMF 2015-09-15 2015-11-26   -1.36129306    0.13201661   72
ABMF 2015-11-27 2017-11-01   -0.23352943    0.05171341  368
ABMF 2017-11-03 2017-11-04   -5.40408695    0.86071588    2
ABMF 2017-11-06 2024-02-08    0.14863839    0.02193832 2152
ABMF 2024-02-09 2024-02-10   -4.89088635    0.65816934    2
ABMF 2024-02-11 2024-10-02    0.06099789    0.06429258  235
ABMF 2024-10-03 2024-10-24   -1.48897344    0.22805745   22
ABMF 2024-10-25 2025-08-14    0.22637394    0.05886672  293
ABMF 2025-08-15 2025-08-18    3.80132721    0.50734421    4
ABMF 2025-08-19 2025-12-30    0.47408557    0.09509020  134
ABPO 2014-01-02 2014-09-22   -0.52273126    0.06004825  196
ABPO 2014-09-23 2014-09-24   -2.87623179    0.48480986    2
ABPO 2014-09-25 2015-01-27   -0.01113246    0.09915017  119
ABPO 2015-01-28 2015-01-31   -4.24289519    0.64745206    4
ABPO 2015-02-01 2015-03-11    0.00008084    0.21780554   36
ABPO 2015-03-12 2015-04-29   -1.37754705    0.17590745   49
ABPO 2015-04-30 2015-07-11    0.07578597    0.09714098   71
ABPO 2015-07-12 2015-07-24   -1.49650328    0.19750215   13
ABPO 2015-07-25 2016-03-26   -0.39218868    0.06250027  228
ABPO 2016-03-27 2016-03-29    5.11125201    0.78651629    3
ABPO 2016-03-30 2018-09-21   -0.34780542    0.04966587  254
ABPO 2018-09-22 2020-04-06    0.06689983    0.04246151  542
ABPO 2020-04-07 2020-04-10   -3.49453907    0.58015578    4
ABPO 2020-04-11 2020-05-09    0.24759048    0.20992586   27
ABPO 2020-05-10 2020-05-11   -4.55166682    0.69478677    2
ABPO 2020-05-12 2021-04-06   -0.30878576    0.05051064  326
ABPO 2021-04-07 2021-06-15    0.55891527    0.11419393   70
ABPO 2021-06-16 2021-11-16   -0.58573686    0.06175665  154
ABPO 2021-11-17 2021-11-23   -2.87500105    0.42641053    7
ABPO 2021-11-24 2023-12-27   -0.36493902    0.04028115  608
ABPO 2023-12-28 2024-08-17    0.38633773    0.06238392  231
ABPO 2024-08-18 2025-01-21   -0.38837629    0.08474744   92
ABPO 2025-01-22 2025-05-04    0.75104320    0.12303129  103
ADE1 1999-03-18 2000-05-01    0.24615976    0.03450479  344
ADE1 2000-05-02 2000-05-02    3.75509207    0.62444445    1
ADE1 2000-05-03 2004-12-03    0.67542697    0.01588241 1564
ADE1 2004-12-04 2006-01-02    0.31002201    0.03289603  382
ADE1 2006-01-03 2006-01-09    1.91724066    0.29292548    7
ADE1 2006-01-10 2006-02-15   -0.24758476    0.13969743   32
ADE1 2006-02-16 2010-09-14    0.51893871    0.01613064 1540
ADIS 2008-03-14 2010-01-11    0.14846107    0.04284334  356
ADIS 2010-01-23 2010-01-24   -3.78164008    0.50846450    2
ADIS 2010-01-25 2010-12-05    0.30647754    0.05380066  223
ADIS 2010-12-06 2011-01-13   -0.68035382    0.12918914   34
ADIS 2011-01-14 2012-04-14    0.22304708    0.04020832  394
ADIS 2012-04-15 2013-01-25    0.56378472    0.05057382  255
ADIS 2013-01-26 2013-01-31    1.89920036    0.29356211    6
ADIS 2013-02-01 2013-02-06   -0.87648915    0.30436342    6
ADIS 2013-02-07 2013-03-13    1.31196928    0.13337011   34
ADIS 2013-03-14 2013-04-05   -0.59600865    0.18892032   21
ADIS 2013-04-06 2015-09-23    0.33363652    0.02981385  752
ADIS 2015-09-25 2015-09-26    4.19541630    0.59310314    2
ADIS 2015-09-27 2015-10-13    1.01865862    0.18950120   17
ADIS 2015-10-14 2016-01-21   -0.21054069    0.08181203   89
ADIS 2016-01-22 2016-01-26    2.07937470    0.32158118    5
ADIS 2016-01-27 2016-01-30   -1.64256927    0.35953869    4
ADIS 2016-01-31 2016-10-12    0.07961172    0.05408696  232
ADIS 2016-10-13 2019-01-15    0.56878721    0.03256950  603
ADIS 2019-01-16 2019-01-24    2.85261039    0.25423225    8
ADIS 2019-01-25 2019-10-29    0.56611394    0.07359393  134
ADIS 2019-10-30 2019-12-26   -0.78801503    0.16042454   24
ADIS 2019-12-27 2021-02-04    0.27338690    0.04482552  315
ADIS 2021-02-05 2022-04-24   -0.88370364    0.15488782   24
ADIS 2022-04-25 2023-12-06    0.22997105    0.03649083  489
ADIS 2024-01-03 2024-01-14   -1.80479080    0.20757976   12
ADIS 2024-01-15 2024-02-26   -0.18366971    0.11333251   42
ADIS 2024-02-27 2024-03-01   -3.29729243    0.38304203    4
ADIS 2024-03-02 2025-12-30    0.18570569    0.03222828  636
AIRA 2003-02-20 2005-06-23   -0.17956730    0.02575126  835
AIRA 2005-06-24 2005-07-13   -1.57860778    0.24521518   19
AIRA 2005-07-14 2005-11-23    0.21558362    0.08688717  125
AIRA 2005-11-24 2008-09-11   -0.31795077    0.02328666  988
AIRA 2008-09-12 2008-10-05   -1.76310825    0.23408566   23
AIRA 2008-10-10 2009-02-23   -0.56939985    0.05110515  134
AIRA 2009-02-24 2009-02-26   -2.80920910    0.34268896    3
AIRA 2009-02-27 2010-02-06   -0.59275666    0.04134338  330
AIRA 2010-02-07 2010-03-03   -1.54836361    0.12003215   25
AIRA 2010-03-04 2011-04-26   -0.86535371    0.03661340  407
AIRA 2011-04-27 2011-10-26   -1.45362083    0.07987352  167
AIRA 2011-10-27 2011-11-11   -2.71212670    0.19177844   16
AIRA 2011-11-12 2012-07-05   -0.84931246    0.04335049  232
AIRA 2012-07-06 2013-12-30   -1.42952314    0.03415179  493
AIRA 2023-01-08 2025-09-27   -0.43388016    0.02439060  950
AIRA 2025-09-28 2025-10-17    1.35109295    0.21605627   20
AIRA 2025-10-18 2025-12-30    0.26701748    0.08520588   64
ALBH 1994-01-06 1994-04-10   -0.00635257    0.05462807   81
ALBH 1994-04-11 1995-06-28    0.41248668    0.03289613  352
ALBH 1995-06-29 1995-08-17   -0.62131040    0.12465908   49
ALBH 1995-08-18 1997-01-30    0.24363716    0.02593859  526
ALBH 1997-01-31 1997-02-11    1.20133075    0.13235969   12
ALBH 1997-02-12 1997-11-07    0.05798201    0.03895048  258
ALBH 1997-11-08 1998-02-21    0.51158483    0.04976608  105
ALBH 1998-02-22 1998-06-22   -0.05731754    0.05016519  121
ALBH 1998-06-23 1998-08-03   -1.04712440    0.13024784   39
ALBH 1998-08-04 2000-06-29    0.31766487    0.02270817  657
ALBH 2000-06-30 2000-08-01   -0.68453847    0.14857123   33
ALBH 2000-08-02 2002-06-19    0.19448105    0.02255839  670
ALBH 2002-06-20 2002-07-17   -0.90247945    0.14546670   28
ALBH 2002-07-18 2002-10-22    0.14351249    0.08299866   93
ALBH 2002-10-23 2002-11-05    1.45457109    0.16731323   14
ALBH 2002-11-06 2004-05-29    0.29270145    0.02382118  557
ALBH 2004-05-30 2004-07-24   -0.53666877    0.09818598   56
ALBH 2004-07-25 2010-03-03    0.21675402    0.01325021 1984
ALBH 2010-03-04 2010-10-07   -0.14891777    0.04512936  210
ALBH 2010-10-08 2013-06-02    0.10637380    0.01868951  946
ALBH 2013-06-03 2013-06-06    2.33119785    0.33677741    4
ALBH 2013-06-07 2013-09-08    0.45839812    0.08404351   93
ALBH 2013-09-09 2013-09-15    2.16446360    0.30122835    7
ALBH 2013-09-16 2014-06-01    0.07425619    0.03419069  254
ALBH 2014-06-02 2014-06-11    1.71128283    0.21299674   10
ALBH 2014-06-12 2016-04-05    0.26449685    0.02326845  641
ALBH 2016-04-06 2022-09-25    0.71475614    0.01242628 2312
ALBH 2022-09-26 2022-10-17    1.80245358    0.14823423   22
ALBH 2022-10-18 2025-12-30    0.71630648    0.01742173 1148
ALGO 1994-01-06 1994-03-01    0.17512943    0.04443436   47
ALGO 1994-03-02 1994-08-25    0.48856917    0.04685651  146
ALGO 1994-08-26 1994-11-04   -0.29323803    0.07649190   66
ALGO 1994-11-05 1996-01-22    0.21362221    0.02435340  307
ALGO 1996-01-24 1996-02-19   -0.21548515    0.06406768   23
ALGO 1996-02-21 1996-02-21    1.26946057    0.31322364    1
ALGO 1996-02-22 1996-02-23   -1.82741300    0.22148256    2
ALGO 1996-02-24 1997-01-24    0.09539189    0.02636467  307
ALGO 1997-01-25 1997-03-22   -0.33607346    0.04397443   55
ALGO 1997-03-23 1998-01-08    0.16930849    0.03120089  262
ALGO 1998-01-09 1998-01-30   -0.29298275    0.06330655   22
ALGO 1998-01-31 1998-02-28    0.49858397    0.06015447   27
ALGO 1998-03-01 1998-11-29   -0.17207448    0.03469113  253
ALGO 1998-11-30 1998-12-12    0.62161249    0.09225420   13
ALGO 1998-12-13 2000-08-31   -0.01595862    0.01797383  585
ALGO 2000-09-01 2002-04-21   -0.18502724    0.01744064  563
ALGO 2002-04-22 2006-11-30    0.04115399    0.01169941 1529
ALGO 2006-12-01 2006-12-13   -0.44232232    0.09101268   13
ALGO 2006-12-14 2008-04-17    0.13493166    0.01868182  463
ALGO 2008-04-18 2008-04-22    1.52202229    0.21013846    5
ALGO 2008-04-23 2012-03-17    0.07443706    0.01259204 1248
ALGO 2012-03-18 2012-03-22    1.17287105    0.16075080    5
ALGO 2012-03-23 2013-12-21    0.06757785    0.01966867  562
ALGO 2013-12-22 2014-01-08   -0.47513536    0.07380141   18
ALGO 2014-01-09 2024-01-23    0.05663906    0.00761947 3181
ALGO 2024-01-24 2024-03-15    0.53971603    0.04461358   52
ALGO 2024-03-16 2025-12-30    0.08098368    0.01935962  554
ALIC 1995-02-21 1995-10-28   -0.23374525    0.07353438   51
ALIC 1995-10-29 1996-05-30    0.48548559    0.07062634   92
ALIC 1996-05-31 1996-10-08   -0.61192596    0.05183103   90
ALIC 1996-10-10 1998-02-28    0.09811362    0.03544616  319
ALIC 1998-03-01 1998-03-26   -2.65202714    0.17460260   26
ALIC 1998-03-27 1998-07-03   -1.17967597    0.06539778   72
ALIC 1998-07-04 1998-07-07    0.61351878    0.23495168    4
ALIC 1998-07-08 1998-07-21   -2.12526262    0.12558695   14
ALIC 1998-07-22 1998-07-23   -5.64653009    0.33227185    2
ALIC 1998-07-24 1998-08-11   -1.97569339    0.10417206   18
ALIC 1998-08-13 1998-08-13   -5.58477951    0.42287900    1
ALIC 1998-08-14 1999-04-01   -1.11330727    0.05089108  194
ALIC 1999-04-02 1999-04-03    2.33297148    0.46505979    2
ALIC 1999-04-04 2000-01-12   -1.48719000    0.03623217  241
ALIC 2000-01-13 2000-06-13   -0.37520992    0.05573628  145
ALIC 2000-06-14 2000-07-21   -1.48453920    0.07725035   38
ALIC 2000-07-22 2000-10-21   -0.66869914    0.05260626   91
ALIC 2000-10-22 2000-11-06    1.11545906    0.18962613   16
ALIC 2000-11-07 2001-07-17   -0.66056134    0.04312562  242
ALIC 2001-07-18 2001-07-22   -2.71425045    0.21014717    5
ALIC 2001-07-23 2002-09-25   -0.77546786    0.02864539  406
ALIC 2002-09-26 2006-04-20   -0.46210161    0.01834667 1176
ALIC 2006-04-21 2010-10-22   -0.27889350    0.01512387 1547
ALIC 2010-10-23 2011-06-07   -1.41171566    0.05177933  204
ALIC 2011-06-08 2018-06-26   -0.38999155    0.01229278 2442
ALIC 2018-06-27 2021-09-12   -0.09720049    0.01825462 1043
ALIC 2021-09-13 2023-07-26   -0.64928036    0.02468625  651
ALIC 2023-07-27 2023-07-30   -2.52493637    0.23495168    4
ALIC 2023-07-31 2024-01-10   -0.27689072    0.04888033  160
ALIC 2024-01-11 2025-12-30   -0.82976891    0.02346756  663
ALRT 2002-11-20 2002-12-22    0.58707683    0.02788481   29
ALRT 2002-12-24 2003-05-14    0.37953310    0.01215847  139
ALRT 2003-05-15 2003-07-14    0.77177110    0.03646982   56
ALRT 2003-07-16 2004-12-09    0.52236483    0.00804257  475
ALRT 2004-12-11 2005-03-13    0.29539551    0.01487303   90
ALRT 2005-03-14 2006-04-08    0.57225462    0.00868481  370
ALRT 2006-04-09 2006-04-28    0.22248799    0.03496221   20
ALRT 2006-04-29 2006-11-10    0.53461987    0.01654224  189
ALRT 2006-11-11 2006-11-28    0.18524883    0.03302630   18
ALRT 2006-11-29 2006-12-16    0.68201515    0.03637069   18
ALRT 2006-12-17 2007-01-31    0.42502607    0.02142961   46
ALRT 2007-02-01 2007-02-04   -0.18442076    0.07003983    4
ALRT 2007-02-05 2007-09-28    0.30094905    0.01247277  231
ALRT 2007-09-29 2007-11-25    0.57650231    0.02059509   58
ALRT 2007-11-26 2008-02-24    0.33670882    0.01523318   91
ALRT 2008-02-25 2008-05-07    0.47838075    0.01665096   72
ALRT 2008-05-08 2009-03-30    0.69164356    0.00974257  307
ALRT 2009-03-31 2010-11-18    0.51740947    0.00772206  547
ALRT 2010-11-19 2011-04-05    0.29574766    0.01309584  111
ALRT 2011-04-06 2011-04-25    0.96759928    0.03908894   16
ALRT 2011-04-27 2014-01-24    0.42553618    0.00578551  910
ALRT 2014-01-25 2014-04-19    0.21945486    0.01548552   78
ALRT 2014-04-20 2014-11-19    0.42784011    0.01556622  195
ALRT 2014-11-20 2015-03-31    0.24989383    0.01237112  127
ALRT 2015-04-01 2015-10-07    0.48290485    0.01719515  169
ALRT 2015-10-08 2017-02-12    0.36433786    0.00754219  478
ALRT 2017-02-13 2017-08-11    0.54478100    0.01364946  175
ALRT 2017-08-12 2018-01-19    0.38864684    0.01360463  155
ALRT 2018-01-20 2019-02-17    0.55734278    0.00865876  383
ALRT 2019-02-18 2025-12-14    0.34365547    0.01836913   60
AMC2 1998-10-22 1999-03-08   -0.91791221    0.03927127   62
AMC2 1999-03-10 1999-11-16   -0.36514678    0.04818623  128
AMC2 1999-11-17 2000-03-21   -0.72793933    0.02598351  119
AMC2 2000-03-22 2000-03-25   -1.84494419    0.17150162    4
AMC2 2000-03-26 2000-10-12   -0.45116802    0.04673880  175
AMC2 2000-10-14 2001-09-09   -0.95844782    0.02134647  308
AMC2 2001-09-10 2001-09-13    1.14035637    0.35832367    4
AMC2 2001-09-16 2002-06-19   -1.09846887    0.02150206  267
AMC2 2002-06-20 2003-02-03   -0.58458722    0.02647511  207
AMC2 2003-02-04 2003-02-15   -1.23031903    0.07642795   12
AMC2 2003-02-16 2006-09-15   -0.67587973    0.01144708 1237
AMC2 2006-09-16 2006-11-28   -0.27622577    0.04696663   73
AMC2 2006-11-29 2007-11-08   -0.63693000    0.02221246  303
AMC2 2007-11-09 2007-12-16   -1.10567164    0.04834082   38
AMC2 2007-12-17 2008-02-13   -0.64524553    0.03629190   55
AMC2 2008-02-14 2010-02-17   -0.92710442    0.01475150  683
AMC2 2010-02-18 2010-02-25   -1.56852216    0.09360474    8
AMC2 2010-02-26 2010-12-12   -1.08018919    0.02798427  271
AMC2 2010-12-13 2011-09-26   -0.84179239    0.02416318  270
AMC2 2011-09-27 2011-10-04   -2.54436442    0.19633741    8
AMC2 2011-10-05 2012-11-08   -0.87172998    0.02011977  392
AMC2 2012-11-09 2012-11-10   -2.63196572    0.22048586    2
AMC2 2012-11-11 2014-12-03   -0.96766981    0.01498575  693
AMC2 2014-12-04 2014-12-07    0.11884255    0.14083912    4
AMC2 2014-12-08 2015-07-10   -0.95671140    0.02441614  200
AMC2 2015-07-11 2015-09-09   -1.85479972    0.13937510   45
AMC2 2015-09-10 2016-12-25   -0.87556578    0.01798973  441
AMC2 2016-12-26 2017-04-15   -0.60994153    0.02847518  106
AMC2 2017-04-16 2017-04-17   -2.46339270    0.29742959    2
AMC2 2017-04-18 2018-04-03   -0.74463000    0.02168294  329
ANKR 1995-06-26 1997-04-22    0.30237608    0.02134538  497
ANKR 1997-04-23 1997-04-27    2.25604024    0.25821459    4
ANKR 1997-04-28 1997-11-30    0.62655825    0.04660848  171
ANKR 1997-12-01 1998-01-07    0.21394992    0.06024366   38
ANKR 1998-01-08 1998-08-16    0.81951996    0.03410577  204
ANKR 1998-08-17 1999-07-12    0.21997747    0.03053524  201
ANKR 1999-07-13 1999-10-09    1.25414522    0.08011816   80
ANKR 1999-10-11 2000-05-31    0.09243766    0.03976297  109
ANKR 2000-06-02 2000-09-15    0.74691488    0.08698853   77
ANKR 2000-09-16 2001-04-22   -0.14053692    0.03290555  143
ANKR 2001-04-23 2001-09-04    0.34835996    0.06742475  108
ANKR 2001-09-05 2002-08-22   -0.25396534    0.02691645  326
ANKR 2002-08-23 2002-12-28   -0.57277682    0.04490968  120
ANKR 2002-12-29 2003-06-14   -0.11735888    0.03974415  114
ANKR 2003-06-15 2003-12-12   -0.74420716    0.04604847  165
ANKR 2003-12-13 2006-10-27   -0.20918551    0.01934233  644
ANKR 2006-10-28 2007-11-25    0.03979701    0.03380918  198
ANKR 2007-11-26 2010-03-18   -0.39089153    0.01919201  658
ANKR 2010-03-19 2010-03-27    0.67686817    0.14088345    9
ANKR 2010-03-28 2014-04-19   -0.41719466    0.01312950 1349
ANKR 2014-04-20 2014-04-25   -1.81315737    0.21083133    6
ANKR 2014-04-26 2015-06-01   -0.36196445    0.02597749  381
ANKR 2015-06-02 2015-08-08    0.43610434    0.09575610   66
ANKR 2015-08-10 2017-09-17   -0.38690055    0.01886204  693
ANKR 2017-09-18 2019-09-02   -0.87214769    0.01912800  645
ANKR 2019-09-04 2019-09-14   -2.30825119    0.19758270   11
ANKR 2019-09-15 2020-11-04   -1.30577208    0.02674380  379
ANKR 2020-11-05 2021-11-01   -1.03415380    0.02878254  220
ANKR 2021-11-02 2021-11-03   -3.19608148    0.31993057    2
ANKR 2021-11-09 2021-12-23   -1.18786040    0.11076665   13
ANTC 2002-07-02 2002-08-05    0.60500921    0.11565769   34
ANTC 2002-08-06 2002-11-24   -0.28911134    0.07386535   94
ANTC 2002-11-25 2003-10-15    0.69306747    0.05044270  251
ANTC 2003-10-16 2004-05-04    0.15362290    0.07828419  147
ANTC 2004-05-05 2004-05-20    1.80907176    0.19069765   16
ANTC 2004-05-23 2007-09-28    0.30639252    0.02405207 1060
ANTC 2007-09-29 2007-10-02    2.95558562    0.36637823    4
ANTC 2007-10-03 2008-01-23    0.39225247    0.08502238  109
ANTC 2008-01-24 2008-03-14    1.57901834    0.15431514   51
ANTC 2008-03-15 2008-11-30    0.20223285    0.04556825  260
ANTC 2008-12-01 2008-12-12    2.73898736    0.29086931   11
ANTC 2008-12-13 2009-04-27    0.41919868    0.08765006  133
ANTC 2009-04-28 2009-05-03    2.45808607    0.32870474    6
ANTC 2009-05-04 2009-06-05   -0.30116864    0.12879308   33
ANTC 2009-06-06 2009-06-11    1.97147590    0.26174734    6
ANTC 2009-06-12 2010-04-03    0.08462557    0.04734865  282
ANTC 2010-04-04 2010-04-10    2.47747342    0.32333897    7
ANTC 2010-04-11 2011-07-20    0.04300881    0.03628120  459
ANTC 2011-07-21 2011-09-12   -0.64178182    0.08879956   54
ANTC 2011-09-13 2012-07-29    0.15091750    0.04634770  318
ANTC 2012-07-30 2012-08-08    1.45311388    0.20040605   10
ANTC 2012-08-09 2013-04-23   -0.07482971    0.05460581  237
ANTC 2013-04-24 2013-04-26    3.77895193    0.49390843    3
ANTC 2013-04-27 2013-09-07   -0.35656933    0.06103947  121
ANTC 2013-09-08 2013-09-11   -2.91903008    0.35804457    4
ANTC 2013-09-12 2021-02-03    0.13093774    0.03177859  586
ANTC 2021-02-06 2021-02-07    5.28122555    0.81746787    2
ANTC 2021-02-08 2021-07-11    0.54039359    0.06791885  141
ANTC 2021-07-12 2021-07-24    2.14247323    0.25878530    7
ANTC 2021-07-25 2025-12-30    0.26620846    0.02448848 1063
AOML 1997-11-21 1998-06-04   -0.66364077    0.07951160  178
AOML 1998-06-05 1998-06-09   -3.67419920    0.50801225    5
AOML 1998-06-10 1998-08-15    0.40519602    0.16535992   67
AOML 1998-08-16 1999-07-21   -1.06394505    0.06583256  312
AOML 1999-07-22 1999-10-03    0.38334575    0.18013788   69
AOML 1999-10-04 2000-06-27   -1.20477610    0.07707837  215
AOML 2000-06-28 2004-04-03   -0.62672171    0.03311280 1288
AREG 2017-01-30 2017-02-01   -0.62874933    0.51569842    3
AREG 2017-02-03 2017-02-21    3.36921623    0.24573885   14
AREG 2017-02-22 2017-05-23    1.39837967    0.09511599   91
AREG 2017-05-24 2017-05-28    5.39702770    0.33916319    5
AREG 2017-05-29 2017-08-31    2.14960435    0.06353349   95
AREG 2017-09-01 2018-04-04    1.39156899    0.06140141  206
AREG 2018-04-05 2018-04-23    4.37485665    0.23970837   19
AREG 2018-04-24 2018-10-03    1.73131248    0.05515110  149
AREG 2018-10-04 2018-10-20    3.90271424    0.24033844   13
AREG 2018-10-21 2019-11-15    1.46541252    0.03997993  386
AREG 2019-11-16 2019-11-23    4.34536238    0.30319176    8
AREG 2019-11-24 2019-12-22    1.79229447    0.17396583   29
AREG 2019-12-23 2019-12-25    5.41076317    0.55833730    3
AREG 2019-12-26 2020-04-17    0.55526947    0.08779540  113
AREG 2020-04-18 2020-05-06    3.43815268    0.21157454   19
AREG 2020-05-07 2020-09-26    1.30724310    0.05524290  142
AREG 2020-09-27 2020-10-26    3.08469027    0.15527513   30
AREG 2020-10-27 2020-12-22    1.12429121    0.12101457   55
AREG 2020-12-23 2021-01-18   -0.22989249    0.17455577   27
AREG 2021-01-19 2021-05-12    2.23915677    0.08749249  112
AREG 2021-05-13 2022-02-04    1.20104981    0.04554448  265
AREG 2022-02-05 2022-02-10    4.88006386    0.37537229    6
AREG 2022-02-11 2022-03-18    1.41928784    0.15525067   36
AREG 2022-03-19 2022-04-20    3.29558607    0.17432408   33
AREG 2022-04-21 2023-02-20    1.05302732    0.04354926  299
AREG 2023-02-21 2023-03-05    3.98555499    0.25757093   13
AREG 2023-03-06 2024-11-26    1.30174764    0.03058075  623
AREG 2024-11-27 2025-01-07   -0.39526480    0.14830105   40
AREG 2025-01-08 2025-11-07    1.31618591    0.04403724  299
AREG 2025-11-08 2025-12-30    0.19838526    0.12700671   52
AREQ 1994-04-18 1994-12-08    3.05703489    0.12355288   46
AREQ 1994-12-12 1995-08-18    0.79862138    0.09522804   74
AREQ 1995-08-19 1995-09-12    3.72316098    0.23159569   12
AREQ 1995-09-13 1998-02-26    1.47346728    0.04233358  534
AREQ 1998-02-28 1998-03-10    4.71572644    0.34112599   10
AREQ 1998-03-13 2001-08-09    1.16514876    0.03037210  914
AREQ 2001-08-10 2001-09-14    2.95009962    0.14195578   31
AREQ 2001-09-15 2001-10-22    0.61509341    0.15600954   37
AREQ 2001-10-23 2001-11-01    4.50412754    0.31913088   10
AREQ 2001-11-02 2002-03-25    0.88851815    0.11082247   98
AREQ 2002-03-26 2003-09-21    2.14695107    0.04858079  376
AREQ 2003-09-22 2004-02-17    0.92501228    0.10259888  114
AREQ 2004-02-18 2004-03-08    4.54484832    0.24554409   19
AREQ 2004-03-09 2004-07-28    1.31378090    0.07474363  142
AREQ 2004-07-29 2004-08-29    3.30441785    0.13034063   32
AREQ 2004-08-30 2004-09-06    6.35622204    0.29799841    8
AREQ 2004-09-07 2009-03-29    1.49396761    0.02431061 1525
AREQ 2009-03-30 2009-04-07    5.56728429    0.39049418    9
AREQ 2009-04-08 2010-03-04    1.16128223    0.05300930  315
AREQ 2010-03-05 2010-03-18    4.59232364    0.28873406   14
AREQ 2010-03-19 2010-11-25    0.97875322    0.05584358  250
AREQ 2010-11-26 2014-02-01    1.56141961    0.02832611 1133
AREQ 2014-02-02 2014-04-20    3.97274655    0.18358096   36
AREQ 2014-04-21 2019-11-15    1.49341374    0.02151311 1854
AREQ 2019-11-16 2019-12-26    3.40635784    0.18672563   41
AREQ 2019-12-27 2020-09-09    1.04774560    0.05691925  254
AREQ 2020-09-10 2021-04-22    2.07174762    0.07260272  222
AREQ 2021-04-23 2021-11-08    0.94972912    0.05972238  199
AREQ 2021-11-09 2022-04-20    2.28569972    0.08970471  159
AREQ 2022-04-21 2025-12-30    1.09221773    0.02633075 1255
AREV 2011-11-08 2012-01-11    0.41218250    0.15314066   65
AREV 2012-01-12 2012-01-30    3.72662969    0.26454026   17
AREV 2012-01-31 2012-03-15    1.09005818    0.18335766   34
AREV 2012-03-16 2012-03-20    5.60663836    0.45113406    5
AREV 2012-03-21 2012-05-01    0.81334191    0.17386368   40
AREV 2012-05-02 2012-05-09    4.73733434    0.36025404    7
AREV 2012-05-10 2012-05-28    1.72838231    0.21866591   19
AREV 2012-05-29 2012-06-03    4.49916380    0.36127866    6
AREV 2012-06-04 2013-04-25    1.71437151    0.05369686  312
AREV 2013-04-26 2013-12-22    1.07825613    0.08169432  137
AREV 2013-12-23 2014-01-04    3.95445940    0.34276534   13
AREV 2014-01-05 2014-01-23    0.28366195    0.25023003   19
AREV 2014-01-24 2014-04-20    3.89617460    0.17110381   42
AREV 2014-04-21 2014-05-20    1.59128800    0.18387882   30
AREV 2014-05-21 2014-06-15    0.00673868    0.17173948   26
AREV 2014-06-16 2014-07-21    1.86601705    0.15440393   25
AREV 2014-07-22 2014-08-13    0.51961349    0.15208718   23
AREV 2014-08-14 2014-08-22    3.55277828    0.25014568    9
AREV 2014-08-23 2015-01-04    1.60445423    0.08982983  135
AREV 2015-01-05 2015-01-18    4.60595909    0.29150917   14
AREV 2015-01-19 2016-01-07    1.43035728    0.05119765  344
AREV 2016-01-08 2016-01-28    4.36403142    0.23801624   21
AREV 2016-01-29 2016-03-30    2.56246519    0.13604446   60
AREV 2016-03-31 2016-11-12    1.39805918    0.05847424  226
AREV 2016-11-13 2016-12-25    3.29443202    0.19658325   42
AREV 2016-12-26 2017-02-02    0.62307496    0.18694571   36
AREV 2017-02-03 2017-02-21    3.43083608    0.25296917   19
AREV 2017-02-22 2017-05-23    1.09577928    0.10896582   91
AREV 2017-05-24 2017-05-28    4.59824388    0.42625833    5
AREV 2017-05-29 2017-09-11    1.55517846    0.07589984  105
ARTU 1999-08-09 2000-01-05    0.16049830    0.03068141  140
ARTU 2000-01-06 2000-01-30   -0.47150972    0.04993254   25
ARTU 2000-01-31 2002-04-13    0.29818122    0.01239821  752
ARTU 2002-04-14 2002-04-26    1.39999597    0.12152313   13
ARTU 2002-04-27 2002-10-02    0.58068736    0.05121332  142
ARTU 2002-10-03 2003-12-11    0.24199131    0.01747832  407
ARTU 2003-12-12 2004-08-29    0.55429902    0.02200195  249
ARTU 2004-08-31 2005-01-07    0.13815728    0.03152580  121
ARTU 2005-01-08 2006-01-12    0.39047591    0.01885529  354
ARTU 2006-01-13 2006-02-16   -0.27049648    0.04091921   35
ARTU 2006-02-17 2008-11-03    0.48622928    0.01331957  824
ARTU 2008-11-04 2009-12-24    0.28816321    0.01736078  398
ARTU 2009-12-25 2010-02-21   -0.30361990    0.03210817   59
ARTU 2010-02-22 2010-12-04    0.40700796    0.02588827  263
ARTU 2010-12-05 2011-02-07   -0.18398944    0.03214093   65
ARTU 2011-02-08 2012-04-09    0.22211957    0.01768175  322
ARTU 2012-04-10 2013-01-27   -0.11621011    0.02426361  254
ARTU 2013-01-28 2013-03-19    0.43581063    0.03626338   48
ARTU 2013-03-20 2013-11-27    0.07528297    0.02990448  243
ARTU 2013-11-28 2014-02-26   -0.27769457    0.02678378   91
ARTU 2014-02-27 2017-01-04    0.02442500    0.01169679  980
ARTU 2017-01-05 2017-01-11   -0.92805382    0.09436364    7
ARTU 2017-01-12 2017-12-27    0.14299430    0.01995566  332
ARTU 2017-12-28 2018-01-06    1.00647496    0.08246833   10
ARTU 2018-01-07 2019-01-11    0.11078492    0.01886160  340
ARTU 2019-01-12 2019-02-20   -0.60829871    0.03909426   38
ARTU 2019-02-21 2021-01-09    0.16606049    0.01458049  646
ARTU 2021-01-10 2021-01-24   -0.47670675    0.06446264   15
ARTU 2021-01-25 2021-02-15    0.55089870    0.05086965   22
ARTU 2021-02-16 2022-04-27    0.05335736    0.02497043  258
ASC1 1996-05-02 1996-06-20    0.53077497    0.23955231   17
ASC1 1996-06-22 1996-07-05   -2.29687330    0.42144009    5
ASC1 1996-07-07 1999-11-13   -0.50496559    0.03853696  537
ASC1 1999-11-14 2000-01-03   -1.32821534    0.11175447   43
ASC1 2000-01-04 2003-12-27   -0.61001938    0.03033238  879
ASC1 2003-12-28 2004-01-10    0.84758576    0.20323723   14
ASC1 2004-01-11 2007-09-03   -0.37298452    0.05396991  319
ASCG 2017-01-30 2020-03-05   -1.01013855    0.02200434 1122
ASCG 2020-03-06 2023-05-14   -1.35671278    0.02285770 1058
ASCG 2023-05-15 2023-12-12   -0.90745680    0.04927620  212
ASCG 2023-12-13 2024-01-15   -1.96039449    0.11638375   33
ASCG 2024-01-16 2024-11-23   -1.03212726    0.04241780  310
ASCG 2024-11-24 2025-12-30   -1.32713440    0.03654173  401
ASPA 2001-08-13 2018-04-10   -0.45936938    0.01681288 5383
ASPA 2018-04-11 2018-10-12    0.22074802    0.09344017  182
ASPA 2018-10-13 2019-08-23   -0.77496681    0.07734939  257
ASPA 2019-08-24 2019-09-08    2.12031868    0.30275510   16
ASPA 2019-09-10 2022-10-22   -1.18025892    0.04388935  793
ASPA 2022-10-23 2024-04-21    0.11044327    0.05271374  543
ASPA 2024-04-22 2024-04-23    6.70001379    0.91850038    2
ASPA 2024-04-24 2024-08-31   -0.30755380    0.11233030  128
ASPA 2024-09-01 2024-09-02    4.62332778    0.86329136    2
ASPA 2024-09-03 2025-05-18   -0.70241816    0.07637676  257
ASPA 2025-05-19 2025-08-07    0.39256044    0.14247252   81
ASPA 2025-08-08 2025-09-04   -1.25643926    0.22755793   28
ASPA 2025-09-05 2025-12-30    0.70207356    0.11412387  117
AUCK 1995-09-21 1997-12-16   -0.04933433    0.02455120  649
AUCK 1997-12-17 1998-04-16   -0.55751377    0.07224366  108
AUCK 1998-04-17 1998-09-28    0.11756693    0.04481078  162
AUCK 1998-09-29 2000-08-27   -0.23892827    0.02543536  612
AUCK 2000-08-28 2001-05-01   -0.56640382    0.04371752  236
AUCK 2001-05-02 2001-05-13   -1.59143274    0.18494000   12
AUCK 2001-05-14 2001-11-07   -0.26135988    0.04382326  164
AUCK 2001-11-08 2005-11-30    0.11237872    0.01667870 1426
AUCK 2005-12-01 2006-05-06   -0.42212927    0.06161561  145
AUCK 2006-05-07 2016-07-22   -0.07112165    0.01048544 3600
AUCK 2016-07-24 2021-03-23    0.21312996    0.01576305 1588
AUCK 2021-03-24 2024-07-09    0.44413581    0.01832099 1185
AUCK 2024-07-10 2025-12-30    0.18318966    0.02664524  532
AZGB 2014-01-02 2015-03-03    0.12365277    0.02837560  251
AZGB 2015-03-04 2015-09-24   -0.38840881    0.04101459  187
AZGB 2015-09-25 2015-10-17    0.65163134    0.14966987   22
AZGB 2015-10-18 2015-10-19   -2.53446959    0.45247785    2
AZGB 2015-10-20 2015-11-25   -0.06239148    0.07985196   36
AZGB 2015-11-26 2015-11-26    2.83447812    0.43382026    1
AZGB 2015-11-27 2016-11-02    0.09098079    0.02771780  318
AZGB 2016-11-03 2016-11-03   -1.86105777    0.43382026    1
AZGB 2016-11-04 2024-08-09    0.49323400    0.01013177 2272
AZGB 2024-08-10 2025-12-30    0.00434463    0.02430589  427
BADG 2005-04-01 2005-12-25    0.05667408    0.02804992  237
BADG 2005-12-26 2006-02-12   -0.38549775    0.02796430   49
BADG 2006-02-13 2006-11-07    0.10008463    0.02647684  239
BADG 2006-11-08 2006-12-06   -0.31179179    0.05186684   29
BADG 2006-12-07 2006-12-24    0.28277213    0.05674469   17
BADG 2006-12-25 2007-01-25   -0.16217522    0.03456966   32
BADG 2007-01-26 2007-02-14    0.37934827    0.04434102   20
BADG 2007-02-15 2008-02-16    0.04871976    0.01710464  309
BADG 2008-02-17 2008-07-25   -0.26486132    0.03397627  136
BADG 2008-07-26 2010-01-27    0.03560615    0.01418143  457
BADG 2010-01-28 2010-01-30    0.85098610    0.10842200    3
BADG 2010-01-31 2010-03-16   -0.05940336    0.03573675   37
BADG 2010-03-17 2011-09-08    0.21065815    0.01688347  444
BADG 2011-09-09 2011-10-12    1.09810271    0.09401799   27
BADG 2011-10-13 2012-03-28    0.13692868    0.01851503  166
BADG 2012-03-29 2012-06-05   -0.27915851    0.06187151   69
BADG 2012-06-06 2012-09-22    0.50965805    0.07830643   98
BADG 2012-09-23 2013-01-24   -0.26461849    0.02350636  124
BADG 2013-01-25 2017-01-23    0.16157074    0.00866966 1362
BADG 2017-01-24 2017-08-31    0.49747883    0.02491806  210
BADG 2017-09-01 2018-01-11    0.17501332    0.02588804  133
BADG 2018-01-12 2018-01-18    0.86315284    0.07097886    7
BADG 2018-01-19 2019-03-18    0.29627278    0.01469842  405
BADG 2019-03-19 2021-01-16    0.11765653    0.01347309  634
BADG 2021-01-17 2021-02-10   -0.28693861    0.03871698   25
BADG 2021-02-11 2021-05-17    0.13781705    0.03153195   96
BADG 2021-05-18 2021-10-25   -0.30037787    0.05144327  151
BADG 2021-10-26 2023-01-24    0.14707966    0.01418111  436
BADG 2023-01-25 2023-02-18    0.52353679    0.03972515   25
BADG 2023-02-19 2025-12-30    0.22574057    0.01054356 1003
BAKE 2003-03-05 2003-05-25    0.04017514    0.03393842   35
BAKE 2003-05-27 2004-01-26    0.25884765    0.01573038  222
BAKE 2004-01-27 2004-04-01   -0.10357174    0.01836424   66
BAKE 2004-04-02 2004-12-22    0.13232771    0.01677029  239
BAKE 2004-12-23 2005-04-07   -0.11410003    0.01495280  106
BAKE 2005-04-08 2005-12-13    0.34055318    0.01822952  211
BAKE 2005-12-14 2006-02-26   -0.02405286    0.01834584   67
BAKE 2006-02-27 2006-03-22   -0.28208799    0.03300038   22
BAKE 2006-03-23 2006-06-06    0.26690260    0.02692357   76
BAKE 2006-06-07 2006-12-03    0.52376446    0.02345645  164
BAKE 2006-12-04 2006-12-23    0.11778233    0.04166791   14
BAKE 2006-12-24 2007-02-13    0.47270932    0.02105294   52
BAKE 2007-02-14 2007-03-31    0.07343206    0.02811718   30
BAKE 2007-04-01 2010-03-08    0.44004906    0.01527697  153
BAKE 2010-03-09 2010-03-15    0.92704918    0.05915170    7
BAKE 2010-03-16 2011-11-29    0.58303697    0.00960883  535
BAKE 2011-12-01 2011-12-28    1.01445662    0.02946366   28
BAKE 2011-12-29 2012-01-30    0.79541672    0.02722916   33
BAKE 2012-01-31 2012-12-08    0.53063465    0.01328918  270
BAKE 2012-12-09 2013-02-08    0.69708981    0.01953996   62
BAKE 2013-02-09 2015-04-18    0.47770882    0.00741593  680
BAKE 2015-04-19 2015-12-15    0.30387205    0.01838188  224
BAKE 2015-12-16 2017-02-15    0.47140021    0.00967071  405
BAKE 2017-02-16 2018-12-08    0.35564725    0.01015158  516
BAKE 2018-12-09 2020-02-20    0.44807476    0.00947071  414
BAKE 2020-02-21 2020-11-10    0.26835321    0.01615943  238
BAKE 2020-11-11 2021-02-06    0.50674576    0.01710424   88
BAKE 2021-02-07 2021-09-03    0.27201384    0.01642434  188
BAKE 2021-09-04 2021-12-09    0.51340037    0.02401086   93
BAKE 2021-12-10 2025-12-30    0.33728425    0.00558666 1380
BAKO 1994-08-06 1994-08-17    0.41591579    0.78368073    3
BAKO 1994-08-31 1994-09-13    7.24731747    0.86801768    3
BAKO 1998-03-05 1999-07-27    0.07243362    0.06856451  401
BAKO 1999-08-02 1999-09-09    2.67942626    0.23353973   36
BAKO 1999-09-10 2000-08-10   -1.16335170    0.08658253  239
BAKO 2000-08-11 2000-08-22    2.53540648    0.39184037   12
BAKO 2000-08-23 2001-08-16   -2.02722036    0.08893950  234
BAKO 2001-08-18 2001-08-19    4.21754539    0.95980896    2
BAKO 2001-08-20 2002-03-01   -0.59189652    0.13024776  114
BAKO 2002-03-02 2002-03-04    3.03435644    0.68488901    3
BAKO 2002-03-05 2002-03-05   -9.52829929    1.18626257    1
BAKO 2002-03-06 2003-03-17   -0.15174120    0.07401102  329
BAKO 2003-03-20 2003-05-02   -1.88682885    0.20145276   43
BAKO 2003-05-03 2003-07-14   -0.23111766    0.17203791   72
BAKO 2003-07-15 2003-07-19    6.08864801    0.65614032    5
BAKO 2003-07-20 2004-02-01    0.31247834    0.09851605  190
BAKO 2004-02-02 2005-07-21   -0.88560048    0.06093090  484
BAKO 2005-07-22 2005-11-01    0.28837708    0.14986772   96
BAKO 2005-11-02 2006-05-17   -0.78851445    0.09211366  189
BAKO 2006-05-18 2007-01-16    0.69086912    0.09641543  211
BAKO 2007-01-17 2007-02-05   -1.79371556    0.28068795   18
BAKO 2007-02-06 2009-02-09    0.08032159    0.05340920  641
BAKO 2009-02-10 2015-09-16    0.79799536    0.02852573 2224
BAKO 2015-09-17 2015-10-21    2.90774242    0.25830906   35
BAKO 2015-10-22 2020-06-25    0.65432190    0.03733310 1292
BAKO 2020-06-26 2021-04-01    0.11960814    0.08215047  259
BAKO 2021-04-02 2022-11-19   -0.54035279    0.06766728  415
BAKO 2022-11-20 2022-11-28   -3.58415008    0.58797410    5
BAKO 2022-11-29 2025-06-14   -0.07132099    0.05661512  546
BAKO 2025-06-15 2025-12-28   -1.00982323    0.15811578   79
BAN2 2002-12-09 2003-01-04    0.61184949    0.19588495   26
BAN2 2003-01-05 2003-03-26    2.02990753    0.11528687   72
BAN2 2003-03-27 2004-01-18    0.88973904    0.06797839  280
BAN2 2004-01-20 2004-01-23    4.75463278    0.49040604    4
BAN2 2004-01-24 2004-05-02    1.86266285    0.11066231   94
BAN2 2004-05-03 2004-05-20   -1.59772742    0.34552252   17
BAN2 2004-05-21 2004-09-12    0.68654593    0.10359992  109
BAN2 2004-09-13 2004-11-16   -1.10895739    0.15628908   58
BAN2 2004-11-17 2005-01-26    1.03619531    0.12444768   69
BAN2 2005-01-27 2005-01-29    4.22067347    0.56627212    3
BAN2 2005-01-30 2005-02-18   -0.00821472    0.23083517   17
BAN2 2005-02-19 2005-04-03    1.33651402    0.15454938   43
BAN2 2005-04-04 2005-05-06   -1.79116614    0.24475866   32
BAN2 2005-05-07 2005-05-28    1.07432019    0.30373125   22
BAN2 2005-05-29 2005-06-25   -1.46264083    0.27027224   22
BAN2 2005-06-26 2005-08-17    0.91506594    0.14231919   51
BAN2 2005-08-18 2005-08-23   -2.81980749    0.41985767    6
BAN2 2005-08-24 2006-07-19    0.54181661    0.12976453   79
BAN2 2006-07-22 2007-03-21    1.75676516    0.12484621   62
BAN2 2007-03-22 2007-08-24    2.58206719    0.10462767  129
BAN2 2007-08-25 2010-09-15    1.26532249    0.03826041  853
BAN2 2010-09-16 2011-05-12    0.30614614    0.08568128  169
BAN2 2011-05-13 2011-09-22    1.54802873    0.09567340  132
BAN2 2011-09-23 2011-10-08   -1.12806007    0.28250285   16
BAN2 2011-10-09 2011-11-01    2.12885597    0.24954380   24
BAN2 2011-11-02 2012-04-05    0.56896475    0.08514834  149
BAN2 2012-04-06 2012-05-07   -1.09975643    0.24872639   31
BAN2 2012-05-08 2012-09-18    1.42908146    0.09594283  134
BAN2 2012-09-19 2012-09-23   -2.24804527    0.47344461    5
BAN2 2012-09-24 2013-01-14    0.91812698    0.10707756  111
BARH 1998-10-03 1999-01-22    0.59131319    0.04313427  106
BARH 1999-01-23 1999-01-25   -1.13647949    0.20736722    3
BARH 1999-01-26 2002-03-08    0.40713291    0.01558591  977
BARH 2002-03-09 2002-04-17    0.05644791    0.07196642   35
BARH 2002-04-18 2002-04-18    3.00016536    0.51664067    1
BARH 2002-04-19 2004-04-15    0.52704866    0.01950919  599
BARH 2004-04-16 2004-04-25    1.63001224    0.16337613   10
BARH 2004-04-26 2005-03-17    0.38702876    0.02983883  294
BARH 2005-03-18 2007-05-08    0.59561944    0.02292420  535
BARH 2007-05-19 2014-01-10    0.23757695    0.01073361 2144
BARH 2014-01-11 2014-01-12   -1.58072091    0.25397194    2
BARH 2014-01-13 2015-09-30    0.15391001    0.02141618  553
BARH 2015-10-01 2015-10-02    3.25784773    0.43177740    2
BARH 2015-10-03 2018-08-10    0.23086008    0.01566702  986
BARH 2018-08-11 2018-10-05    1.08562322    0.11379556   48
BARH 2018-10-08 2022-10-13    0.26840742    0.01376796 1253
BARH 2022-10-14 2022-10-14   -3.03327457    0.61062546    1
BARH 2022-10-15 2025-12-30    0.13904401    0.01544319 1036
BDOS 2004-06-12 2009-03-25   -0.40093454    0.03534770 1039
BDOS 2009-03-26 2009-03-27    4.00980360    0.72693395    2
BDOS 2009-03-31 2009-05-03   -1.69159542    0.19733385   30
BDOS 2009-05-04 2013-12-09   -0.16947967    0.03265384 1234
BHR1 1996-06-24 1996-11-14    1.16455021    0.11817762   94
BHR1 1996-11-15 1997-01-31    2.39138318    0.12114928   58
BHR1 1997-02-02 1997-02-21    5.09046420    0.23835727   14
BHR1 1997-03-03 1997-06-27    2.02778593    0.09094101   88
BHR1 1997-06-28 1998-03-09    3.02075345    0.08021416  170
BHR1 1998-03-10 1998-05-18    1.91082335    0.13563386   39
BHR1 1998-05-19 1998-10-13    3.85386899    0.11512675   80
BHR1 1998-10-14 2001-04-26    2.85636449    0.03991265  558
BHR1 2001-04-27 2001-05-11    5.04898072    0.25252388   10
BHR1 2001-05-14 2002-05-20    2.90578004    0.06227246  227
BHR1 2002-05-21 2002-06-06    4.83719811    0.20334665   16
BHR1 2002-06-07 2002-08-18    2.72173895    0.13310960   60
BHR1 2002-08-20 2002-11-29    4.83308567    0.16688375   50
BHR1 2002-12-02 2002-12-09    9.68850596    0.63017898    3
BHR1 2002-12-22 2003-01-06    4.49536450    0.25034212   14
BHR1 2003-01-07 2003-02-08    2.68501148    0.17937024   19
BHR1 2003-02-10 2003-03-08    6.54210330    0.29089192   10
BHR1 2003-03-16 2003-05-06    4.20212564    0.14603760   34
BHR1 2003-05-07 2003-05-17    8.53340156    0.23973348   11
BHR1 2003-05-22 2003-06-05    5.68141974    0.21811255   14
BHR1 2003-06-06 2003-12-19    3.62668181    0.10607353  105
BHR1 2003-12-25 2004-01-16    6.13089653    0.31498492    8
BHR1 2004-01-18 2005-05-17    2.86779412    0.05172522  324
BHR1 2005-05-18 2005-08-14    3.96723715    0.12103057   63
BHR1 2005-08-15 2006-04-29    2.72900948    0.09116847  122
BHR1 2006-04-30 2008-02-17    4.21602085    0.05740083  292
BHR1 2008-02-21 2008-04-28    2.16373650    0.12268387   56
BHR1 2008-05-06 2008-05-26    3.97698791    0.22952733   12
BHR1 2008-05-27 2008-06-03    6.92093626    0.37179926    5
BHR1 2008-06-04 2008-07-26    3.71532957    0.14043850   48
BILI 1999-09-05 1999-10-03    0.08494759    0.07544114   23
BILI 1999-10-04 1999-10-05    1.39074693    0.16537732    2
BILI 1999-10-06 2000-04-04   -0.03333490    0.01557455  149
BILI 2000-04-05 2001-01-22    0.17954479    0.01587283  247
BILI 2001-01-27 2001-02-19   -0.34744951    0.03733727   21
BILI 2001-02-20 2001-12-14    0.08460132    0.01757116  247
BILI 2001-12-15 2002-01-24    0.41183682    0.02548073   41
BILI 2002-01-25 2002-07-18   -0.05631491    0.01988277  149
BILI 2002-07-21 2002-12-02    0.26075866    0.02632042  115
BILI 2002-12-03 2002-12-04   -0.57437645    0.10935850    2
BILI 2002-12-05 2003-08-29    0.14821820    0.01443331  237
BILI 2003-08-30 2003-10-02    0.77732238    0.06944637   27
BILI 2003-10-03 2003-10-27   -0.00469351    0.04677577   25
BILI 2003-10-28 2003-11-02   -0.64418056    0.11695643    4
BILI 2003-11-03 2004-12-24    0.15637565    0.01139452  338
BILI 2004-12-25 2005-01-07   -0.36652931    0.04504803   13
BILI 2005-01-08 2005-03-24   -0.00125587    0.02012774   76
BILI 2005-03-25 2005-12-22    0.35853928    0.01726775  252
BILI 2005-12-23 2006-01-27    0.09369446    0.02763517   36
BILI 2006-01-28 2006-03-13   -0.31183932    0.02614668   45
BILI 2006-03-14 2006-04-28    0.21440386    0.03220027   46
BILI 2006-04-29 2006-05-12    1.02156610    0.08927919   14
BILI 2006-05-13 2006-10-19    0.14733467    0.03428415  130
BILI 2006-10-20 2006-11-18    0.63166979    0.04270769   30
BILI 2006-11-19 2007-02-07   -0.06490990    0.01978047   74
BILI 2007-02-08 2007-11-07    0.29622197    0.01765064  246
BILI 2007-11-08 2008-02-01    0.04058620    0.01882539   86
BILI 2008-02-02 2008-03-05    0.43287633    0.03227992   29
BILI 2008-03-06 2008-11-08    0.07215177    0.02432611  143
BILI 2008-11-09 2008-11-17   -0.60114832    0.11697344    4
BISK 2014-01-02 2014-06-01    0.38352740    0.03655266  113
BISK 2014-06-02 2014-10-24   -0.00400114    0.05372459  139
BISK 2014-10-25 2014-12-01    0.72113903    0.06737943   38
BISK 2014-12-02 2014-12-02   -1.27317844    0.35257261    1
BISK 2014-12-04 2015-02-08    0.25474203    0.04317563   65
BISK 2015-02-11 2015-02-13    2.81134098    0.20614508    3
BISK 2015-02-14 2015-06-11    0.59260146    0.03993652  112
BISK 2015-07-05 2017-01-18    0.30845533    0.02307677  383
BISK 2017-01-19 2018-10-29    0.54467791    0.02284612  383
BISK 2019-01-09 2019-01-13    2.03783961    0.17100067    4
BISK 2019-01-14 2020-12-26    0.71052944    0.01706651  686
BJCO 2009-04-03 2010-03-14    0.91558251    0.07061694  323
BJCO 2010-03-15 2010-03-24    4.27707953    0.44717878    9
BJCO 2010-03-25 2014-12-24    0.96227865    0.03388929 1395
BJCO 2014-12-25 2015-01-03    5.22540417    0.40180964   10
BJCO 2015-01-04 2017-03-15    1.20153209    0.05277916  572
BJCO 2017-03-16 2017-08-15    0.21616283    0.10904592  147
BJCO 2017-08-16 2017-12-21    1.01859059    0.10362534  125
BJCO 2017-12-22 2017-12-27    6.23158228    0.49166076    6
BJCO 2017-12-28 2018-11-30    1.05928308    0.11022149  155
BJCO 2018-12-01 2018-12-27    3.64296002    0.40143933    9
BJCO 2018-12-28 2019-08-19    1.58526106    0.15664331   78
BJCO 2019-08-20 2022-06-25    0.35503284    0.14559480   91
BJFS 1999-10-22 2000-07-19    0.63981875    0.02563062  255
BJFS 2000-07-20 2000-10-04    2.45717157    0.13343134   70
BJFS 2000-10-05 2000-12-05    1.03004425    0.05923590   62
BJFS 2000-12-06 2000-12-08    2.21982119    0.15319651    3
BJFS 2000-12-09 2001-02-18    0.83639924    0.03399912   67
BJFS 2001-02-19 2001-02-21    2.54312320    0.18978841    3
BJFS 2001-02-22 2001-08-05    1.07623703    0.05548800  145
BJFS 2001-08-06 2001-08-12    4.51250488    0.50859832    7
BJFS 2001-08-13 2001-11-23    1.73119551    0.07847196   80
BJFS 2001-11-24 2002-01-05    0.86260127    0.04943336   32
BJFS 2002-01-06 2002-01-18    1.66013682    0.07683668   12
BJFS 2002-01-19 2003-03-21    0.89686372    0.02242165  365
BJFS 2003-03-22 2003-03-31    2.55946137    0.20246840    5
BJFS 2003-04-01 2004-01-10    1.22102137    0.04070010  205
BJFS 2004-01-11 2005-02-13    0.76620513    0.02233312  370
BJFS 2005-02-14 2005-02-26   -0.09511159    0.09911377   11
BJFS 2005-02-27 2007-01-04    0.81027360    0.01990607  604
BJFS 2007-01-05 2008-01-19    0.56076824    0.02318367  351
BJFS 2008-01-20 2010-05-11    0.28022402    0.01637301  764
BJFS 2010-05-12 2010-10-22   -0.46329585    0.08739058  137
BJFS 2010-10-23 2013-02-22    0.08108336    0.01504644  779
BJFS 2013-02-23 2013-02-27    1.28681009    0.14700947    5
BJFS 2013-03-01 2015-01-01    0.25055654    0.01955108  597
BJFS 2015-01-02 2015-02-18    0.54938480    0.04325394   42
BJFS 2015-02-19 2018-03-09    0.02831070    0.01530148  918
BJFS 2018-03-12 2018-03-14    2.10275180    0.26138559    3
BJFS 2018-03-15 2019-12-27    0.12657646    0.01994386  580
BJFS 2019-12-28 2025-08-20    0.25885499    0.01087552 1752
BJFS 2025-08-21 2025-09-21    2.16967438    0.23332720   22
BJFS 2025-09-22 2025-12-30    0.31027259    0.04065453   87
BJNM 2014-01-02 2014-01-29    0.59443676    0.04635127   28
BJNM 2014-02-25 2014-02-25    2.48386877    0.30554278    1
BJNM 2014-02-26 2014-12-30    0.59857841    0.03172975  270
BJNM 2015-01-02 2015-01-28   -0.13314804    0.04810099   26
BJNM 2015-01-30 2015-12-04    0.31666749    0.03426097  219
BJNM 2015-12-05 2015-12-24    0.83171807    0.05434795   20
BJNM 2015-12-25 2015-12-26   -0.34927528    0.17186330    2
BJNM 2015-12-27 2016-03-17    0.54229784    0.03202924   78
BJNM 2016-03-18 2016-03-21    1.86499542    0.22503251    4
BJNM 2016-03-22 2016-12-01    0.49284448    0.04328096  237
BJNM 2016-12-02 2017-01-04    1.01134002    0.06086561   16
BJNM 2017-01-10 2018-03-11    0.55135378    0.02365290  190
BJNM 2018-03-12 2018-03-14    2.92946164    0.25984516    3
BJNM 2018-03-15 2020-07-04    0.67224508    0.02050625  400
BNDY 2008-01-05 2022-09-10   -0.10976875    0.01519148 4104
BNDY 2022-09-11 2022-09-11    4.54565935    0.79746450    1
BNDY 2022-09-12 2025-12-30    0.04865773    0.02869160 1161
BOAV 2014-01-02 2014-12-01    0.38628116    0.05796437  311
BOAV 2014-12-02 2014-12-06   -1.88042348    0.34756983    5
BOAV 2014-12-07 2015-06-02    0.19347965    0.07479487  171
BOAV 2015-06-03 2020-02-21    0.70637622    0.04061740  609
BOAV 2020-02-22 2022-12-01    0.17083143    0.03618253  813
BOAV 2022-12-02 2023-09-27   -0.78720584    0.05993079  264
BOAV 2023-09-28 2023-10-16   -2.91237917    0.23716276   19
BOAV 2023-10-17 2023-12-26   -0.73315131    0.12693229   57
BOAV 2023-12-27 2024-02-05   -1.77085714    0.15916937   32
BOAV 2024-02-06 2024-08-18   -0.37495451    0.08603256  144
BOAV 2024-08-19 2024-11-11   -2.18311454    0.32190032   10
BOAV 2024-11-12 2025-01-12    0.17524932    0.11135305   61
BOAV 2025-01-13 2025-01-24   -1.89561481    0.26033664   12
BOAV 2025-01-25 2025-08-13   -0.52283659    0.07347032  198
BOAV 2025-08-14 2025-12-30    0.19360111    0.09098687  107
BOGO 2014-01-02 2014-05-11    0.22780611    0.02933460  130
BOGO 2014-05-12 2014-10-17   -0.26536298    0.04517167  158
BOGO 2014-10-18 2016-02-16    0.18184960    0.01741201  482
BOGO 2016-02-17 2016-02-22   -0.56226831    0.11392090    6
BOGO 2016-02-23 2016-12-11    0.06626193    0.02616783  285
BOGO 2016-12-12 2020-12-13    0.47960280    0.01164406 1234
BOGO 2020-12-14 2020-12-23    1.02083113    0.10369298   10
BOGO 2020-12-24 2021-10-27    0.33046559    0.02384346  301
BOGO 2021-10-28 2021-11-21    0.87294467    0.07591933   24
BOGO 2021-11-22 2024-02-24    0.35566071    0.01367296  795
BOGO 2024-02-25 2025-12-30    0.52196540    0.01641668  635
BOGT 1994-11-05 1995-03-08   -1.01332910    0.21631947   14
BOGT 1995-03-09 1995-07-02    1.13944223    0.12263615   36
BOGT 1995-07-03 1996-11-15    0.30313073    0.06100582  138
BOGT 1996-11-19 1997-01-16    2.73441703    0.26873974    9
BOGT 1997-01-17 1998-06-14    0.13402879    0.07496491  112
BOGT 1998-06-15 1998-11-05   -0.86537067    0.08804648   59
BOGT 1998-11-11 1999-02-26    2.46601827    0.16340161   25
BOGT 1999-03-31 1999-09-21   -0.37865755    0.09689151   51
BOGT 2002-05-29 2002-06-07    1.49629557    0.22621516   10
BOGT 2002-06-24 2002-10-25   -0.52997050    0.06399881  119
BOGT 2002-10-28 2002-11-10    1.54304416    0.22490803   11
BOGT 2002-11-11 2003-12-28   -0.76944284    0.04255698  313
BOGT 2003-12-29 2004-01-20    0.91032046    0.17378297   23
BOGT 2004-01-21 2004-04-11   -1.37717168    0.10075095   79
BOGT 2004-04-12 2004-06-22    0.57584181    0.14854476   24
BOGT 2004-06-23 2004-10-19   -0.77527108    0.06484917  115
BOGT 2004-10-20 2004-10-26    1.78714349    0.28912049    7
BOGT 2004-10-27 2005-01-25   -0.06579166    0.09920537   68
BOGT 2005-01-28 2005-05-09   -1.32898840    0.09182335   90
BOGT 2005-05-10 2005-06-04    1.14477558    0.13862421   26
BOGT 2005-06-05 2005-10-10   -1.06033028    0.06484478  117
BOGT 2005-10-11 2008-01-28   -0.50208863    0.02735783  779
BOGT 2008-01-29 2008-02-04    2.15990941    0.33754729    7
BOGT 2008-02-05 2008-11-15   -0.96653864    0.04625061  258
BOGT 2008-11-16 2014-06-29   -0.61780138    0.01764842 1902
BOGT 2014-06-30 2015-10-28   -0.93978303    0.03486752  457
BOGT 2015-10-29 2019-04-27   -0.46042597    0.02313120 1103
BOGT 2019-04-28 2019-09-27    0.16595971    0.05653238  151
BOGT 2019-09-28 2025-10-28   -0.74037335    0.01636813 2165
BOGT 2025-10-29 2025-12-30   -0.01660414    0.10109943   61
BOR1 1994-09-29 1996-04-21    0.52263992    0.01821129  553
BOR1 1996-04-22 1996-04-23   -1.84982335    0.29834267    2
BOR1 1996-04-24 1998-02-04    0.61422122    0.01894738  627
BOR1 1998-02-05 1998-02-13   -0.29103759    0.11455095    9
BOR1 1998-02-14 1999-02-16    0.74451520    0.02396003  362
BOR1 1999-02-17 1999-07-31    0.39926417    0.03897790  132
BOR1 1999-08-01 1999-08-13    1.88682714    0.21666926   13
BOR1 1999-08-14 2000-04-21    0.34249536    0.02818147  220
BOR1 2000-04-22 2000-04-24   -1.38349690    0.24359577    3
BOR1 2000-04-25 2003-05-26    0.41351701    0.01415006 1059
BOR1 2003-05-27 2003-06-10    1.44701884    0.17831315   12
BOR1 2003-06-11 2006-11-06    0.22759660    0.01350794 1204
BOR1 2006-11-07 2009-02-10    0.35658989    0.01570572  797
BOR1 2009-02-11 2011-01-03    0.09940415    0.01818460  648
BOR1 2011-01-04 2011-11-25    0.33013039    0.02619433  316
BOR1 2011-11-26 2014-07-08    0.07871085    0.01448480  932
BOR1 2014-07-09 2014-08-15   -0.82335699    0.13243496   34
BOR1 2014-08-16 2016-07-22    0.10846441    0.01707201  692
BOR1 2016-07-23 2016-07-24    3.41087349    0.54266702    2
BOR1 2016-07-25 2017-02-02    0.56222843    0.03379161  189
BOR1 2017-02-03 2017-02-05   -0.66652966    0.19840806    3
BOR1 2017-02-06 2020-11-04    0.43013981    0.01279439 1305
BOR1 2020-11-05 2020-12-09    0.81460721    0.07075905   35
BOR1 2020-12-10 2022-04-25    0.29096259    0.01910002  482
BOR1 2022-04-26 2024-04-29    0.53603918    0.01699320  706
BOR1 2024-04-30 2024-11-04    0.86353181    0.04602344  181
BOR1 2024-11-05 2024-11-14    1.59935119    0.13838210   10
BOR1 2024-11-15 2025-01-16    0.55560557    0.04879473   62
BOR1 2025-01-17 2025-01-21    1.74471717    0.16111669    5
BOR1 2025-01-22 2025-12-30    0.58103036    0.02539035  336
BRAZ 1995-04-21 1995-10-13    0.65554335    0.06670434  114
BRAZ 1996-08-30 1996-08-30   -4.51813059    0.59355526    1
BRAZ 1996-09-01 1997-06-06    0.14701784    0.07636251  147
BRAZ 1997-06-07 1997-06-13    4.13646622    0.34355008    4
BRAZ 1997-06-14 1998-09-12    0.59457707    0.07236677  112
BRAZ 1998-09-13 1998-09-27    2.90164727    0.21699718   12
BRAZ 1998-09-28 1998-12-10    0.46723057    0.15558850   40
BRAZ 1998-12-12 1998-12-15    5.01598605    0.52280123    4
BRAZ 1998-12-18 1999-04-21   -0.17143816    0.11693981   76
BRAZ 1999-04-22 1999-05-13    1.79456270    0.19745834   22
BRAZ 1999-05-14 1999-06-22   -0.28967029    0.12354083   37
BRAZ 1999-06-23 1999-06-26    4.94331950    0.34355008    4
BRAZ 1999-06-27 1999-07-25   -0.70300560    0.12973948   25
BRAZ 1999-07-26 1999-11-23    0.68667465    0.07697833   89
BRAZ 1999-11-24 2000-01-20   -1.51715169    0.15118492   47
BRAZ 2000-01-21 2000-07-16   -0.27847966    0.07189113  132
BRAZ 2000-07-17 2000-07-19    4.83206914    0.37070901    3
BRAZ 2000-07-20 2000-09-05   -0.08826252    0.09118463   46
BRAZ 2000-09-11 2000-09-16   -4.18012377    0.30688036    6
BRAZ 2000-09-17 2001-10-06   -0.25442867    0.04750331  305
BRAZ 2001-10-09 2001-10-31    2.84363759    0.31835047    9
BRAZ 2001-11-01 2003-06-05   -0.50392948    0.03906169  499
BRAZ 2003-06-06 2003-10-21    0.02454958    0.05870834  137
BRAZ 2003-10-22 2005-10-20   -0.89662723    0.03237254  659
BRAZ 2005-10-21 2009-11-20   -0.36747278    0.02314000 1309
BRAZ 2009-11-21 2009-11-23   -4.92122238    0.62151753    3
BRAZ 2009-11-24 2017-01-01   -0.09676671    0.01747402 2171
BRAZ 2017-01-02 2017-04-07   -1.31093121    0.12736277   64
BRAZ 2017-04-08 2017-09-27   -0.07631017    0.05510777  169
BRAZ 2017-09-28 2025-12-30   -0.59429283    0.01580263 2789
BREW 2001-11-17 2001-12-31   -0.20611676    0.06006537   44
BREW 2002-01-01 2002-03-26    0.16724985    0.04511912   85
BREW 2002-03-27 2002-09-26    0.61006127    0.05393594  173
BREW 2002-09-27 2003-02-19   -0.08877233    0.03613447  145
BREW 2003-02-20 2003-10-27    0.38613706    0.04066936  248
BREW 2003-10-31 2004-03-07   -0.10262783    0.03595829  129
BREW 2004-03-08 2004-04-08    0.71502888    0.08998278   32
BREW 2004-04-09 2004-12-17    0.03875617    0.03948287  244
BREW 2004-12-18 2005-01-10   -0.65526983    0.09229603   17
BREW 2005-02-12 2005-04-29   -0.00994613    0.05478056   77
BREW 2005-04-30 2005-05-08   -1.77460291    0.22225040    9
BREW 2005-05-09 2007-02-15   -0.15207268    0.02118230  636
BREW 2007-02-16 2007-02-21    1.13198174    0.17473221    5
BREW 2007-02-22 2007-03-06   -0.65784884    0.11947962   13
BREW 2007-03-07 2007-04-08    0.60523495    0.08854873   33
BREW 2007-04-09 2008-09-29   -0.12046160    0.02489868  533
BREW 2008-09-30 2008-10-04   -2.02313951    0.28027643    5
BREW 2008-10-05 2009-06-04   -0.09132677    0.03024420  240
BREW 2009-06-05 2009-06-15   -2.22033110    0.26050622    9
BREW 2009-06-16 2009-07-23   -0.04304605    0.14264730   35
BREW 2009-07-25 2009-08-06   -2.06502229    0.24601013   13
BREW 2009-08-09 2010-05-04   -0.18711665    0.03018507  256
BREW 2010-05-05 2010-10-21   -0.70958570    0.06072930  150
BREW 2010-10-22 2011-12-24   -0.14059148    0.02498526  421
BREW 2011-12-25 2012-01-09    0.56135679    0.09577561   16
BREW 2012-01-10 2023-04-24   -0.13260305    0.01752480  821
BREW 2023-04-25 2023-04-28    1.68466874    0.27359087    4
BREW 2023-04-29 2023-05-26   -0.93141928    0.14954389   20
BREW 2023-05-29 2025-12-06   -0.05962219    0.01836421  881
BREW 2025-12-07 2025-12-30    0.61198193    0.07630490   24
BRFT 2005-09-18 2006-03-18   -1.42460434    0.08414406  177
BRFT 2006-03-19 2006-10-22   -0.76152734    0.07858764  211
BRFT 2006-10-23 2007-01-23   -1.85753513    0.11488827   93
BRFT 2007-01-24 2009-02-11   -0.25059856    0.04879387  537
BRFT 2009-02-12 2009-07-25    0.71503611    0.10548027  159
BRFT 2009-07-26 2010-08-04   -0.53048415    0.06811216  266
BRFT 2010-08-05 2012-03-05    0.10850552    0.05350706  441
BRFT 2012-03-06 2013-08-17   -0.64396251    0.05481415  482
BRFT 2013-08-18 2020-06-27   -0.17747612    0.03127888 1319
BRFT 2020-06-28 2025-08-25   -0.90396160    0.03275718 1247
BRMU 1994-01-06 1994-04-03   -0.31998867    0.08858157   70
BRMU 1994-04-04 1994-04-05   -3.86783582    0.54244857    2
BRMU 1994-04-06 1994-05-20   -0.22024673    0.13625391   34
BRMU 1994-05-21 1994-05-23    3.71751558    0.48821111    3
BRMU 1994-05-24 1994-11-20   -0.18321781    0.08477573  144
BRMU 1994-11-21 1994-11-22    3.95253062    0.60883000    2
BRMU 1994-11-24 1996-07-30   -0.40258136    0.03636312  547
BRMU 1996-07-31 1996-08-01    5.47603748    0.76110725    2
BRMU 1996-08-02 1997-12-16   -0.29526823    0.04203502  457
BRMU 1997-12-17 1997-12-29   -2.16830166    0.24780635   12
BRMU 1997-12-30 1998-03-20   -0.26478672    0.08488886   77
BRMU 1998-03-21 1998-03-25    2.37219592    0.32205938    5
BRMU 1998-03-26 1998-04-09   -0.71791356    0.19935029   14
BRMU 1998-04-10 1998-04-11    2.86688048    0.54244857    2
BRMU 1998-04-13 2000-09-07   -0.63957984    0.03113952  817
BRMU 2000-09-08 2000-09-08    6.54616507    1.18987751    1
BRMU 2000-09-09 2006-11-08   -0.41663592    0.01965884 2021
BRMU 2006-11-09 2006-11-09    4.01026018    0.86101564    1
BRMU 2006-11-10 2010-06-07   -0.22759555    0.02546809 1165
BRMU 2010-06-08 2020-09-13    0.08231461    0.01501239 3433
BRST 2014-01-02 2014-07-19   -0.37900313    0.03581213  195
BRST 2014-07-20 2014-08-12   -1.11757915    0.14739106   23
BRST 2014-08-13 2016-10-01   -0.23674168    0.01990609  757
BRST 2016-10-02 2017-03-13    0.23810181    0.04045714  157
BRST 2017-03-14 2017-03-19    1.36871547    0.18494099    6
BRST 2017-03-20 2017-07-01    0.01109139    0.05213449   98
BRST 2017-07-02 2017-11-25    0.67813884    0.05566591  138
BRST 2017-11-26 2018-05-13    0.17904520    0.03674432  166
BRST 2018-05-14 2018-09-07    0.80513975    0.06128278  109
BRST 2018-09-08 2020-03-15    0.17767779    0.02306042  535
BRST 2020-03-16 2021-05-07    0.35001783    0.02612084  410
BRST 2021-05-08 2021-05-24   -0.47037318    0.12831611   15
BRST 2021-05-25 2021-10-07    0.49651953    0.05767109  134
BRST 2021-10-08 2021-10-14    1.86152019    0.23472410    7
BRST 2021-10-15 2023-01-07    0.36947186    0.02613825  427
BRST 2023-01-08 2023-01-18   -0.52449958    0.14048402   11
BRST 2023-01-19 2023-03-06    0.51056345    0.06656850   47
BRST 2023-03-07 2023-05-21    0.01414942    0.05395601   76
BRST 2023-05-22 2023-06-16    0.99872624    0.11311300   26
BRST 2023-06-17 2024-03-24    0.16166928    0.03349568  275
BRST 2024-03-25 2024-04-06   -0.62082211    0.12757871   13
BRST 2024-04-07 2024-10-30    0.43775484    0.04206946  204
BRST 2024-10-31 2024-11-11    1.69080758    0.16678550   12
BRST 2024-11-12 2025-12-30    0.29521444    0.02681443  406
BRUS 1994-04-27 1996-12-16    0.18615468    0.01742794  928
BRUS 1996-12-17 1996-12-20   -1.32735425    0.21119989    4
BRUS 1996-12-21 1997-05-14    0.21542813    0.03569674  144
BRUS 1997-05-15 1998-12-01    0.46727937    0.02356187  548
BRUS 1998-12-02 2003-12-26    0.25293053    0.01241020 1721
BRUS 2003-12-27 2004-11-19    0.01286421    0.02892888  328
BRUS 2004-11-20 2004-12-24    0.69432291    0.07535007   35
BRUS 2004-12-25 2006-08-29    0.31054640    0.02077305  596
BRUS 2006-08-30 2008-09-05    0.51223311    0.01919228  718
BRUS 2008-09-06 2011-11-08    0.34796720    0.01542930 1129
BRUS 2011-11-09 2011-11-26    1.07755513    0.12117844   18
BRUS 2011-11-27 2012-02-13    0.18510791    0.04869427   74
BRUX 2012-02-11 2015-10-07    0.44672517    0.01498647 1252
BRUX 2015-10-08 2015-11-05    1.07809812    0.10789542   29
BRUX 2015-11-06 2016-09-18    0.25867076    0.02909244  310
BRUX 2016-09-19 2022-11-27    0.59845474    0.01129066 2118
BRUX 2022-11-28 2024-09-18    0.34319368    0.02047899  637
BRUX 2024-09-19 2024-10-10   -0.45819741    0.15227848   21
BRUX 2024-10-11 2025-12-30    0.50683347    0.02510040  435
BSHM 2000-11-20 2001-02-28    0.21597937    0.07511159   70
BSHM 2001-03-01 2001-03-01   -3.69324180    0.59155189    1
BSHM 2001-03-02 2001-11-24    0.09780149    0.05816967  133
BSHM 2001-11-25 2002-03-25   -1.46818113    0.14614867   20
BSHM 2004-01-01 2007-03-23    0.01449452    0.04623476  211
BSHM 2007-03-24 2007-06-16   -0.76107909    0.09633133   47
BSHM 2007-06-17 2010-03-09   -0.19999070    0.02959786  508
BSHM 2010-03-10 2010-03-15    1.68262700    0.24150005    6
BSHM 2010-03-16 2011-02-02    0.04260940    0.03965043  320
BSHM 2011-02-03 2011-02-05   -1.78859984    0.32353470    3
BSHM 2011-02-06 2011-02-08    1.52480690    0.32353470    3
BSHM 2011-02-09 2017-09-13   -0.14173290    0.01436414 2281
BSHM 2017-09-14 2018-10-09    0.45875818    0.04428212  254
BSHM 2018-10-10 2018-10-11   -3.76183966    0.59692499    2
BSHM 2018-10-12 2025-12-30    0.11696545    0.01614325 1846
BUE2 2005-10-21 2006-03-31    0.03895530    0.08758972  154
BUE2 2006-04-01 2006-04-02    3.72900847    0.61574640    2
BUE2 2006-04-03 2006-04-10   -0.83836707    0.30787320    8
BUE2 2006-04-11 2006-04-12   -4.37857261    0.61574640    2
BUE2 2006-04-13 2006-07-16   -0.02494604    0.07918502   89
BUE2 2006-07-17 2006-08-10    0.70726925    0.14169579   24
BUE2 2006-08-11 2006-08-12    3.29890144    0.43210274    2
BUE2 2006-08-13 2007-09-03    0.27282805    0.04348838  342
BUE2 2007-09-04 2007-09-14    2.34788056    0.22926223   11
BUE2 2007-09-15 2007-09-15   -3.80236907    0.76037681    1
BUE2 2007-09-16 2008-09-26    0.11383920    0.04418872  357
BUE2 2008-09-27 2008-09-28   -2.93359621    0.53766760    2
BUE2 2008-09-29 2008-09-30    2.51419848    0.53766760    2
BUE2 2008-10-01 2009-07-15    0.12799219    0.05437183  271
BUE2 2009-07-16 2009-07-16   -3.83159803    0.77972497    1
BUE2 2009-07-17 2010-02-01    0.41705314    0.06205337  179
BUE2 2010-02-02 2010-02-07    3.65698993    0.54464412    5
BUE2 2010-02-08 2010-08-19    0.29358577    0.05876120  184
CAGL 1996-03-05 1996-09-03   -1.00704627    0.06843559  141
CAGL 1996-09-04 1996-12-04   -0.11580850    0.08474566   90
CAGL 1996-12-05 1996-12-07   -2.98130032    0.35050817    3
CAGL 1996-12-08 1997-01-22   -0.12644609    0.08531026   44
CAGL 1997-01-23 1997-01-25   -2.58654262    0.30550564    3
CAGL 1997-01-26 1997-05-09   -0.20817917    0.05615311  102
CAGL 1997-05-10 1997-10-01   -0.97335385    0.07761430  133
CAGL 1997-10-02 1998-05-26   -0.44317884    0.04067050  227
CAGL 1998-05-27 1998-09-11   -1.44762514    0.09020988  107
CAGL 1998-09-12 1999-02-26   -0.44702066    0.04946505  158
CAGL 1999-02-27 1999-07-30   -0.97048357    0.05861388  150
CAGL 1999-07-31 1999-09-06   -2.54884895    0.18274586   30
CAGL 1999-09-07 1999-10-14   -1.29929184    0.15079089   38
CAGL 1999-10-15 2000-04-28   -0.32605754    0.04708315  152
CAGL 2000-04-29 2000-07-27   -1.45971668    0.09162043   79
CAGL 2000-07-30 2001-11-01   -0.54488999    0.03634243  400
CAGL 2001-11-02 2002-07-14   -0.18604457    0.03944125  250
CAGL 2002-07-15 2003-01-11    0.37759912    0.05947138  169
CAGL 2003-01-12 2007-05-13   -0.12415176    0.01837205 1407
CAGL 2007-05-14 2007-11-15    0.49876017    0.06593373  176
CAGL 2007-11-16 2007-12-03   -0.66825571    0.15784865   18
CAGL 2007-12-04 2011-02-04    0.12735952    0.02024058 1102
CAGL 2011-02-05 2012-11-11   -0.19572864    0.02866912  604
CAGL 2012-11-12 2012-11-14   -2.73109776    0.39531607    3
CAGL 2012-11-15 2013-09-19   -0.07821352    0.03941480  290
CAGS 2014-01-02 2014-01-06   -1.11833216    0.12477388    5
CAGS 2014-01-13 2015-01-12   -0.19234998    0.02279456  333
CAGS 2015-01-13 2015-01-29    0.32788533    0.06766814   17
CAGS 2015-01-30 2015-12-26   -0.28041560    0.02546064  306
CAGS 2015-12-27 2016-01-11   -0.88784199    0.07377510   16
CAGS 2016-01-12 2016-11-04   -0.20936013    0.02738972  253
CAGS 2016-11-05 2016-11-17    0.42518858    0.09898702   13
CAGS 2016-11-18 2018-09-08   -0.37991892    0.01700917  586
CAGS 2018-09-09 2019-01-30   -0.68209711    0.03158418  135
CAGS 2019-01-31 2021-05-23   -0.23003646    0.01474380  756
CAGS 2021-05-24 2021-11-01    0.25975860    0.05789510  144
CAGS 2021-11-02 2022-05-18   -0.20633486    0.02462454  195
CAGS 2022-05-19 2022-10-04    0.21170258    0.06761911  126
CAGS 2022-10-05 2023-02-09   -0.50223408    0.05304080   56
CAGS 2023-02-10 2023-02-10    1.37862647    0.29461999    1
CAGS 2023-02-11 2024-11-09   -0.17012229    0.01952640  557
CAGS 2024-11-10 2024-11-11    1.05462126    0.25236837    2
CAGS 2024-11-12 2025-11-07   -0.44085882    0.02538224  264
CAGS 2025-11-08 2025-12-07   -0.87778362    0.06563918   29
CAGS 2025-12-08 2025-12-30   -0.28225696    0.07158780   23
CAGZ 2002-06-05 2002-07-14    0.39709034    0.15309824   36
CAGZ 2002-07-15 2003-01-11    1.27634520    0.06295762  136
CAGZ 2003-01-12 2003-10-15    0.57143190    0.04639158  224
CAGZ 2003-10-16 2003-10-22    2.52164705    0.33925915    7
CAGZ 2003-10-23 2007-05-13    0.85197139    0.01982210 1094
CAGZ 2007-05-14 2008-11-26    1.16296953    0.03379702  451
CAGZ 2008-11-27 2011-03-13    0.93587570    0.02338878  775
CAGZ 2011-03-14 2011-03-15   -1.48806519    0.39736738    2
CAGZ 2011-03-16 2013-09-14    0.81395699    0.02394147  845
CALL 2009-07-08 2009-10-02   -0.53579016    0.20305024   71
CALL 2009-10-03 2009-11-08   -3.38975946    0.28983722   37
CALL 2009-11-09 2009-12-05    0.66401455    0.33956811   27
CALL 2009-12-06 2009-12-22   -4.04247240    0.47444331   14
CALL 2009-12-23 2009-12-27   -8.97658013    0.79389550    5
CALL 2009-12-28 2010-07-26   -0.45377843    0.12456325  149
CALL 2010-07-27 2010-07-29   -8.02918264    0.87296319    3
CALL 2010-08-01 2011-02-11   -0.96656887    0.13100855  179
CALL 2011-02-12 2011-03-01    1.74079015    0.35300510   18
CALL 2011-03-02 2011-03-05   -6.28548627    0.66959781    4
CALL 2011-03-06 2011-07-13    0.16073214    0.13880881  107
CALL 2011-07-14 2011-07-16   -6.98202820    0.87296319    3
CALL 2011-07-17 2011-11-07    0.19477415    0.18205156   86
CALL 2011-11-08 2011-11-15   -4.95927543    0.62297171    8
CALL 2011-11-16 2012-11-26   -0.03320852    0.08238846  369
CALL 2012-11-27 2012-12-03   -7.24740204    0.66810518    7
CALL 2012-12-04 2013-05-16   -0.18257538    0.11973464  162
CALL 2013-05-17 2014-10-08    1.00419393    0.07111090  496
CALL 2014-10-09 2016-03-22   -0.03764633    0.08118622  383
CALL 2016-03-29 2016-05-13   -2.18103858    0.21551397   45
CALL 2016-05-14 2016-05-17    3.91592473    0.65470960    4
CALL 2016-05-18 2016-06-07   -2.16534456    0.30811084   20
CALL 2016-06-08 2016-07-20    0.53040458    0.23282973   43
CALL 2016-07-21 2016-07-24   -6.88810378    0.75600830    4
CALL 2016-07-25 2016-10-28   -0.06435424    0.17734921   96
CALL 2016-10-29 2017-01-15    3.11423700    0.20092933   77
CALL 2017-01-16 2017-04-10   -0.82208087    0.16217033   83
CALL 2017-04-11 2017-04-23    3.33574243    0.48301682   10
CALL 2017-04-24 2017-09-12   -0.04195068    0.15885011   89
CALL 2017-09-13 2018-04-26    2.20834983    0.19593712   79
CARR 1994-06-09 1995-01-05    0.05296958    0.06784767  160
CARR 1995-01-07 1995-01-07   -3.10548783    0.66991640    1
CARR 1995-01-08 1996-02-08   -0.33421740    0.04238674  329
CARR 1996-02-09 1996-02-15    1.47845482    0.22945212    7
CARR 1996-02-16 1996-07-07   -0.18724064    0.06491113  141
CARR 1996-07-08 1996-07-15    2.92263728    0.46460999    8
CARR 1996-07-16 1996-08-22    0.13777237    0.22206378   34
CARR 1996-08-23 1996-08-25    4.78459977    0.73808789    3
CARR 1996-08-26 1998-04-27   -0.11300524    0.03043214  589
CARR 1998-04-28 1998-04-30    2.72265422    0.42300528    3
CARR 1998-05-01 1998-08-02   -0.19890127    0.10343248   94
CARR 1998-08-03 1998-08-17    1.64498814    0.34166830   14
CARR 1998-08-18 1998-11-13   -0.76234006    0.10338772   72
CARR 1998-11-14 1999-02-17    0.17647288    0.06415992   96
CARR 1999-02-18 1999-05-18   -0.42570110    0.07622009   86
CARR 1999-05-19 1999-07-31    0.77323637    0.12422805   73
CARR 1999-08-01 1999-08-14   -1.78527011    0.34166830   14
CARR 1999-08-16 1999-10-05    1.59658704    0.17011815   38
CARR 1999-10-06 1999-10-15   -0.17871152    0.23977449   10
CARR 1999-10-16 1999-10-26    1.26781792    0.22861601   11
CARR 1999-10-27 2000-05-19   -0.24885252    0.04897784  191
CARR 2000-05-20 2000-05-24    2.14755429    0.36601485    5
CARR 2000-05-25 2000-06-14   -1.06064492    0.21039145   20
CARR 2000-06-15 2000-06-26    1.82572225    0.29871169   12
CARR 2000-06-27 2001-03-18   -0.42825507    0.07441752  156
CARR 2001-03-19 2001-03-23    1.46395639    0.30425244    5
CARR 2001-03-24 2001-05-09   -0.64631750    0.10745413   47
CARR 2001-05-10 2001-05-13    2.50342631    0.40921704    4
CARR 2001-05-14 2003-04-22   -0.15850025    0.02944018  679
CAS1 1994-07-23 1995-02-21   -0.17094185    0.03541650   57
CAS1 1995-02-22 1996-04-12    0.05986564    0.01627130  241
CAS1 1996-04-13 1996-05-16   -0.40546514    0.05241056   24
CAS1 1996-05-17 1996-08-06    0.10393604    0.03091410   68
CAS1 1996-08-07 1997-02-27   -0.19183342    0.02282127  126
CAS1 1997-02-28 1997-04-28    0.36769539    0.03980717   42
CAS1 1997-04-29 1997-06-24    1.04214633    0.03725245   48
CAS1 1997-06-25 1997-07-02    0.01998078    0.11726471    5
CAS1 1997-07-12 1997-09-27    0.95702156    0.03434904   48
CAS1 1997-09-28 1997-10-15    2.09941907    0.06513033   13
CAS1 1997-10-16 1997-10-20    1.40238193    0.10505940    5
CAS1 1997-10-21 1997-11-05    2.72964706    0.08434232    8
CAS1 1997-11-07 1999-08-19   -0.27026973    0.01245657  428
CAS1 1999-08-20 2000-02-03   -0.61485052    0.03971769   53
CAS1 2000-02-04 2000-06-12   -0.02528159    0.02288242  130
CAS1 2000-06-13 2002-06-19    0.15494802    0.00955017  718
CAS1 2002-06-20 2003-02-21    0.29437885    0.01634165  243
CAS1 2003-02-22 2003-08-06   -0.03979333    0.02067931  153
CAS1 2003-08-07 2005-04-04    0.18242825    0.01048433  596
CAS1 2005-04-05 2005-06-05    0.91316382    0.03304974   61
CAS1 2005-06-06 2005-10-27    0.49996799    0.02040141  141
CAS1 2005-10-28 2007-07-23    0.22069043    0.01039093  623
CAS1 2007-07-24 2009-12-29    0.32212072    0.00871704  839
CAS1 2009-12-30 2011-11-26    0.09666894    0.00998906  651
CAS1 2011-11-27 2013-12-27   -0.12535362    0.00945238  736
CAS1 2013-12-28 2016-08-09    0.01751697    0.00838232  942
CAS1 2016-08-10 2016-08-12   -1.03499307    0.13530854    3
CAS1 2016-08-13 2024-07-19    0.12697956    0.00488827 2738
CAS1 2024-07-20 2024-09-02    0.49757126    0.03768707   40
CAS1 2024-09-03 2025-12-29    0.08333109    0.01199602  449
CCJ2 2014-01-02 2015-02-26   -0.31509678    0.04008076  406
CCJ2 2015-02-27 2017-11-08   -0.01357843    0.02896633  901
CCJ2 2017-11-09 2017-11-18    1.39604125    0.28442631   10
CCJ2 2017-11-19 2021-02-12   -0.25864106    0.02529700 1098
CCJ2 2021-02-13 2021-02-14   -2.14877211    0.43865139    2
CCJ2 2021-02-16 2021-04-09    0.33947500    0.09625090   53
CCJ2 2021-04-10 2023-06-30   -0.45764466    0.03108214  781
CCJ2 2023-07-01 2023-08-17    1.13336839    0.15090327   48
CCJ2 2023-08-18 2024-06-19    0.07074533    0.04805176  297
CCJ2 2024-06-20 2024-09-05    1.40666408    0.11890570   76
CCJ2 2024-09-06 2024-09-19   -1.62175380    0.28210440   14
CCJ2 2024-09-20 2024-09-22    3.18968243    0.60941515    3
CCJ2 2024-09-23 2025-12-30   -0.12087139    0.04082231  451
CCJM 2001-02-28 2002-02-02   -0.03009606    0.05394508  322
CCJM 2002-02-03 2002-02-04   -3.32924988    0.50332641    2
CCJM 2002-02-05 2002-02-07    2.35654935    0.41096429    3
CCJM 2002-02-08 2006-09-22    0.32963631    0.02335110 1629
CCJM 2006-09-23 2006-09-27    3.32391942    0.49865679    5
CCJM 2006-09-28 2011-03-07    0.09507769    0.02321278 1569
CEDU 1994-05-17 1999-04-03   -0.42708770    0.03572336  331
CEDU 1999-04-04 2000-01-30   -0.83422016    0.03776767  270
CEDU 2000-01-31 2000-02-17   -2.21867361    0.20579795   18
CEDU 2000-02-18 2000-08-07   -0.64794203    0.05109504  147
CEDU 2000-08-08 2000-09-11    0.15812626    0.08598148   35
CEDU 2000-09-12 2001-06-23   -0.66738646    0.04271753  274
CEDU 2001-06-24 2001-07-04   -2.16763121    0.17214178   11
CEDU 2001-07-05 2002-11-17   -0.54242073    0.02867060  457
CEDU 2002-11-18 2002-11-27    1.23994009    0.24262310   10
CEDU 2002-11-28 2005-05-05   -0.38015327    0.02327576  823
CEDU 2005-05-06 2005-05-09    1.35326528    0.30454071    4
CEDU 2005-05-10 2006-05-09   -0.93028257    0.03645883  314
CEDU 2006-05-10 2006-06-20   -1.56523572    0.10161818   36
CEDU 2006-06-21 2008-05-08   -0.64091068    0.02579743  630
CEDU 2008-05-09 2008-05-13   -2.27456944    0.27238949    5
CEDU 2008-05-14 2011-07-24   -0.38162787    0.01940575 1075
CEDU 2011-07-25 2012-07-07   -0.77383116    0.03565617  337
CEDU 2012-07-08 2012-09-15   -0.27230156    0.06163820   69
CEDU 2012-09-16 2014-06-07   -0.78147621    0.02699084  622
CEDU 2014-06-08 2014-07-19   -0.18675961    0.08677232   42
CEDU 2014-07-20 2014-10-02   -0.85727356    0.06065900   75
CEDU 2014-10-03 2016-05-22   -0.47615999    0.02904964  545
CEDU 2016-05-23 2016-07-29    0.07548192    0.06847316   68
CEDU 2016-07-30 2016-07-30   -3.52811500    0.51678882    1
CEDU 2016-07-31 2016-08-11    0.09860133    0.14051222   12
CEDU 2016-08-12 2016-10-05   -0.95262410    0.07416650   53
CEDU 2016-10-06 2020-04-08   -0.29127300    0.01896618 1183
CEDU 2020-04-09 2024-08-21   -0.62268891    0.01635881 1520
CEDU 2024-08-22 2024-08-30   -1.68425831    0.16142341    9
CEDU 2024-08-31 2025-12-30   -0.56788585    0.03165456  410
CFAG 1995-11-13 1999-06-03    2.21018308    0.08645822  131
CFAG 1999-06-04 1999-08-29    1.02100300    0.07657949   79
CFAG 1999-08-30 2000-05-02    2.64155717    0.08198695  225
CFAG 2000-05-03 2000-07-07    1.15022323    0.08722166   66
CFAG 2000-07-08 2000-07-24   -0.16736719    0.17065727   16
CFAG 2000-07-25 2000-09-26    1.74478935    0.09454591   62
CFAG 2000-09-27 2001-02-19    3.06247050    0.11334818  146
CFAG 2001-02-20 2001-03-04   -0.94860309    0.44477390   13
CFAG 2001-03-05 2001-03-12    5.37343511    0.53012746    8
CFAG 2001-03-13 2001-05-29    0.97390164    0.11053052   76
CFAG 2001-05-30 2001-06-13    2.32526813    0.17203193   15
CFAG 2001-06-14 2001-07-29    0.51702054    0.10003008   45
CFAG 2001-07-30 2002-02-22    1.75128199    0.07519178  192
CFAG 2002-02-23 2002-04-06    3.69829983    0.21961822   42
CFAG 2002-04-07 2002-07-04    1.48883223    0.08433435   82
CFAG 2002-07-05 2002-07-06   -3.86597260    0.48269165    2
CFAG 2002-07-07 2002-12-11    1.67277030    0.07954301  132
CFAG 2002-12-12 2002-12-21    6.55213278    0.51351935   10
CFAG 2002-12-22 2005-07-11    1.54655212    0.03858741  624
CFAG 2005-07-12 2005-07-14    5.05491762    0.39411609    3
CFAG 2005-07-15 2005-10-22    0.82372191    0.08299371   91
CFAG 2005-10-23 2007-07-03    1.47199607    0.04002106  592
CFAG 2007-07-04 2009-04-26    0.97266822    0.03826592  647
CFAG 2009-04-28 2009-05-01   -2.97839754    0.47493818    4
CFAG 2009-05-02 2009-11-16    1.08031416    0.05747084  189
CFAG 2009-11-17 2009-11-22    6.27386430    0.58966341    5
CFAG 2009-11-23 2010-05-15    1.10669016    0.10322579  150
CFAG 2010-05-16 2010-05-30   -0.68623909    0.20562111   15
CFAG 2010-05-31 2010-07-11    1.39572191    0.10340398   41
CFAG 2010-07-12 2010-12-13    0.52175203    0.07169939  155
CGGN 2011-09-16 2012-01-21    1.76910961    0.08241829   63
CGGN 2012-01-22 2012-11-06    0.73950400    0.08456639  124
CGGN 2012-11-07 2012-11-13    3.01525992    0.24575934    7
CGGN 2012-11-14 2013-01-19    1.71756339    0.07915577   67
CGGN 2013-01-20 2013-01-20   -3.58519825    0.66582616    1
CGGN 2013-01-21 2013-11-26    1.00875115    0.06630618  201
CGGN 2013-11-27 2013-12-05    3.39340978    0.21415122    9
CGGN 2013-12-06 2013-12-07   -1.12230322    0.45002998    2
CGGN 2013-12-08 2013-12-30    1.75007068    0.15910963   16
CGGN 2013-12-31 2014-01-02    3.69596925    0.37850083    3
CGGN 2014-01-03 2015-11-18    0.72019159    0.06843558  160
CGGN 2015-11-19 2015-12-08    2.00910858    0.14413686   20
CGGN 2015-12-12 2015-12-17    0.52996394    0.25982493    6
CGGN 2015-12-18 2015-12-19   -1.43296678    0.45002998    2
CGGN 2015-12-20 2016-03-05    1.17575067    0.10809555   38
CGGN 2016-03-08 2016-03-16    3.04980411    0.44423324    4
CGGN 2016-03-22 2016-03-23   -2.52615485    0.62824068    2
CGGN 2016-03-25 2016-04-14    1.37317505    0.27588069   21
CGGN 2016-04-15 2016-05-04   -1.59811561    0.40438866   20
CGGN 2016-05-07 2016-07-11    0.76476502    0.28588868   29
CHAN 2004-12-12 2005-04-23    0.20050420    0.01827795  122
CHAN 2005-04-24 2005-12-02    0.58560457    0.03673484  183
CHAN 2005-12-03 2006-02-11    0.26925663    0.01999170   69
CHAN 2006-02-12 2006-02-12    1.30863498    0.18489306    1
CHAN 2006-02-13 2006-03-30    0.17991080    0.03578658   45
CHAN 2006-03-31 2006-04-01    1.83993762    0.24768843    2
CHAN 2006-04-02 2006-12-18    0.39383582    0.03188378  205
CHAN 2006-12-19 2006-12-19    1.43748246    0.17156892    1
CHAN 2006-12-23 2007-01-27    0.38477362    0.03595486   20
CHAN 2007-01-28 2007-02-02   -0.14003431    0.06691291    6
CHAN 2007-02-03 2007-11-05    0.26244943    0.02531836  248
CHAN 2008-01-01 2008-01-07   -0.25491208    0.05887708    7
CHAN 2008-01-08 2009-11-03    0.03135132    0.01265468  587
CHAN 2009-11-04 2009-11-04   -1.67665606    0.29588884    1
CHAN 2009-11-05 2010-02-22   -0.05806363    0.01748426  110
CHAN 2010-02-23 2010-02-24    0.91486132    0.13073913    2
CHAN 2010-02-25 2012-11-10   -0.02094048    0.01156566  789
CHAN 2012-11-11 2013-01-19   -0.35984378    0.02318230   64
CHAN 2013-01-20 2013-01-21    0.64100790    0.11014892    2
CHAN 2013-01-22 2013-01-28   -0.42707805    0.05887708    7
CHAN 2013-01-29 2013-10-05    0.12308191    0.02638758  216
CHAN 2013-12-03 2025-11-01   -0.12409001    0.03175432   38
CHAN 2025-11-02 2025-12-17    0.42297868    0.03338265   45
CHAN 2025-12-18 2025-12-18    1.42733353    0.17156892    1
CHAN 2025-12-19 2025-12-30    0.17968162    0.04952768   12
CHAT 1995-10-07 1996-08-24   -0.11606423    0.03887279  253
CHAT 1996-08-25 1998-11-12   -0.44454268    0.02321588  687
CHAT 1998-11-13 1998-11-21    0.68318642    0.20327210    9
CHAT 1998-11-22 1999-06-12   -0.62856673    0.05029041  167
CHAT 1999-06-13 1999-06-15   -2.43045766    0.30691997    3
CHAT 1999-06-16 2001-11-26   -0.50513541    0.02107769  823
CHAT 2001-11-29 2003-01-05   -0.08332469    0.03184749  371
CHAT 2003-01-06 2003-12-31    0.22045422    0.03252612  354
CHAT 2004-01-01 2004-06-17   -0.08578805    0.05209641  158
CHAT 2004-06-18 2004-06-21   -1.53478949    0.26580049    4
CHAT 2004-06-22 2012-03-05    0.24114553    0.01177376 2713
CHPG 2017-01-30 2017-05-27   -0.20905982    0.10854290  118
CHPG 2017-05-28 2017-05-31    3.38703391    0.47215601    4
CHPG 2017-06-01 2017-08-06   -0.76301979    0.11154986   65
CHPG 2017-08-07 2017-10-05    0.42618901    0.11831392   60
CHPG 2017-10-06 2017-12-13   -0.66963783    0.15287666   58
CHPG 2017-12-14 2017-12-15   -5.96071294    0.92985939    2
CHPG 2017-12-16 2018-01-08    0.80520230    0.27614095   22
CHPG 2018-01-09 2018-04-14   -1.13057458    0.13250153   96
CHPG 2018-04-15 2018-04-23    1.38559739    0.40545033    9
CHPG 2018-04-24 2018-09-06   -0.47308393    0.07829654  136
CHPG 2018-09-07 2018-09-11    2.57559935    0.42539065    5
CHPG 2018-09-12 2023-02-10   -0.60474741    0.02704096 1568
CHPG 2023-02-11 2023-03-11    0.76669554    0.24579736   29
CHPG 2023-03-12 2025-08-04   -0.85605483    0.03586657  860
CHPG 2025-08-05 2025-10-01   -1.48544205    0.11892914   58
CHPG 2025-10-02 2025-12-30   -0.28751789    0.12609719   90
CHPI 2003-05-11 2004-04-30    0.34025629    0.06692232  273
CHPI 2004-05-01 2004-05-07   -2.60387219    0.36642960    7
CHPI 2004-05-08 2004-06-08    0.69108992    0.17051528   32
CHPI 2004-06-09 2005-11-25   -0.49365758    0.05831855  319
CHPI 2005-11-26 2009-10-25    0.06538451    0.02913633 1364
CHPI 2009-10-26 2009-10-27    5.45244491    0.84896515    2
CHPI 2009-10-28 2010-09-26   -0.06530670    0.05913581  329
CHPI 2010-09-27 2010-10-02    2.89905809    0.43009242    6
CHPI 2010-10-03 2016-10-22    0.09802917    0.02539287 1768
CHPI 2016-10-23 2017-08-06   -0.45436136    0.07498688  224
CHPI 2017-08-07 2017-10-05    0.70855818    0.12185157   60
CHPI 2017-10-06 2017-12-13   -0.46623003    0.14878649   69
CHPI 2017-12-14 2017-12-19   -3.23875867    0.51103271    6
CHPI 2017-12-20 2018-01-07    1.06526558    0.29181899   19
CHPI 2018-01-08 2018-04-13   -1.24814580    0.12882943   96
CHPI 2018-04-14 2018-09-06   -0.00619283    0.07806776  146
CHPI 2018-09-07 2018-09-11    2.83099667    0.44618047    5
CHPI 2018-09-12 2025-12-30   -0.30287632    0.02627798 1705
CHTI 2007-12-12 2011-08-25    0.04564292    0.01521794 1262
CHTI 2011-08-26 2016-04-04   -0.11226483    0.01357999 1595
CHTI 2016-04-05 2019-03-16    0.01623837    0.01704407  994
CHTI 2019-03-17 2019-03-25    1.43788410    0.21897407    9
CHTI 2019-03-26 2023-01-14    0.10257334    0.01464841 1342
CHTI 2023-01-15 2025-12-30   -0.24478602    0.01660458 1057
CHUM 1997-10-14 1997-10-30    2.48921548    0.20849267   17
CHUM 1997-10-31 1997-12-23   -0.30503027    0.08093298   54
CHUM 1997-12-24 1998-07-04    0.69981426    0.07077392   84
CHUM 1998-07-05 1998-08-24    2.91898885    0.21913636   46
CHUM 1998-08-25 1998-11-11    0.98816563    0.10852149   73
CHUM 1998-11-13 1998-12-14   -0.44717031    0.10456303   32
CHUM 1998-12-15 1998-12-16    2.58851185    0.38530684    2
CHUM 1998-12-17 1999-06-06    0.16875374    0.05481423  158
CHUM 1999-06-07 1999-09-23    2.11330741    0.13755907   98
CHUM 1999-09-24 2000-01-20   -0.10928240    0.08784241   40
CHUM 2000-01-21 2000-01-30   -1.48483775    0.15819156   10
CHUM 2000-01-31 2000-05-09   -0.00868836    0.08590328   78
CHUM 2000-05-10 2000-09-19    1.72768669    0.12407473  119
CHUM 2000-09-20 2000-11-27   -0.59774768    0.09640524   63
CHUM 2000-11-28 2002-01-21    0.00077578    0.03952445  307
CHUM 2002-01-22 2002-01-25   -1.75727508    0.25012281    4
CHUM 2002-01-26 2002-02-22   -0.16730573    0.11734537   25
CHUM 2002-02-23 2002-02-28   -2.52688232    0.25514063    6
CHUM 2002-03-02 2002-05-27   -0.45387765    0.10852794   77
CHUM 2002-05-28 2002-09-29    1.53071535    0.15887650   68
CHUM 2002-09-30 2004-02-17   -0.02352796    0.03602388  356
CHUM 2004-02-18 2005-01-23    0.50472377    0.04663562  309
CHUM 2005-01-24 2006-03-23    0.08590004    0.04023656  373
CHUM 2006-03-24 2006-03-28    2.75394200    0.34073964    5
CHUM 2006-03-29 2008-06-27    0.38789146    0.03084753  705
CHUM 2008-06-28 2008-08-22    1.78261690    0.23537651   40
CHUM 2008-08-23 2012-10-05    0.04133931    0.02291433 1181
CHUM 2012-10-06 2013-03-16   -0.26269756    0.04994467  151
CHUM 2013-03-17 2013-03-30    1.73071391    0.21994649   12
CHUM 2013-03-31 2025-12-30    0.04548855    0.04421669  331
CHUR 1994-04-15 1995-07-31    0.22184292    0.01743474  338
CHUR 1995-08-01 1995-11-01    0.53434588    0.04774410   80
CHUR 1995-11-02 1996-02-12   -0.00711287    0.02056128  102
CHUR 1996-02-13 1996-06-09    0.23052863    0.02386315  113
CHUR 1996-06-10 1997-01-10   -0.05857680    0.02363026  173
CHUR 1997-01-11 1998-01-08    0.19425476    0.01490660  318
CHUR 1998-01-09 1998-02-26   -0.07408242    0.02809557   41
CHUR 1998-02-27 1998-02-27   -1.63364557    0.17175255    1
CHUR 1998-03-02 1998-05-20    0.23029275    0.03194434   73
CHUR 1998-05-21 1998-05-21   -3.15721468    0.40627427    1
CHUR 1998-05-23 1998-12-01    0.15179396    0.03161014  157
CHUR 1998-12-02 1999-01-31    0.52006713    0.02578383   61
CHUR 1999-02-01 1999-11-29    0.19147213    0.01802392  281
CHUR 1999-11-30 2000-03-19    0.39734626    0.01884176  106
CHUR 2000-03-20 2001-12-02    0.14406320    0.01248302  566
CHUR 2001-12-03 2002-02-20   -0.06376914    0.02151011   80
CHUR 2002-02-21 2004-01-26    0.24914767    0.01086286  642
CHUR 2004-01-27 2004-02-29   -0.24424350    0.02981925   34
CHUR 2004-03-01 2004-06-03    0.00633454    0.02905485   95
CHUR 2004-06-04 2005-11-14    0.31337622    0.01470664  448
CHUR 2005-11-15 2005-12-24    0.75524039    0.03636656   40
CHUR 2005-12-25 2006-02-11    0.08197052    0.02675826   49
CHUR 2006-02-12 2006-02-25    0.72042094    0.04590280   14
CHUR 2006-02-26 2007-11-25    0.37384231    0.01214788  569
CHUR 2007-11-26 2008-01-24    0.61590182    0.02666374   60
CHUR 2008-01-25 2011-01-15    0.30088412    0.00974782  877
CHUR 2011-01-16 2012-04-29    0.44559854    0.01200406  435
CHUR 2012-04-30 2016-12-11    0.22082576    0.00714119 1530
CHUR 2016-12-12 2023-04-02    0.07919182    0.00571611 2082
CHUR 2023-04-03 2025-12-30    0.30388163    0.01039596  798
CIC1 1999-03-28 1999-10-24    0.36836897    0.06441837  192
CIC1 1999-10-25 1999-10-25   -6.58647961    0.88133546    1
CIC1 1999-10-26 2000-03-24    0.13764710    0.05863546  120
CIC1 2000-03-25 2000-04-24   -1.08857380    0.16182918   15
CIC1 2000-04-25 2000-06-19    0.20811236    0.10734074   55
CIC1 2000-06-20 2000-06-21   -3.61836786    0.57918183    2
CIC1 2000-06-22 2000-06-22    3.47193462    0.81908680    1
CIC1 2000-06-23 2000-06-28   -0.23269893    0.33439079    6
CIC1 2000-06-29 2000-06-29    4.61765942    0.81908680    1
CIC1 2000-06-30 2000-09-08   -0.83455505    0.15849235   64
CIC1 2000-09-09 2001-05-08    0.03437510    0.05058101  187
CIC1 2001-05-09 2001-05-24   -1.21895951    0.20880970   16
CIC1 2001-05-25 2002-12-17    0.13660653    0.04059469  343
CIC1 2002-12-18 2004-03-31    0.56012746    0.03549543  420
CIC1 2004-04-01 2004-10-26   -0.23105912    0.06844199  177
CIC1 2004-10-27 2005-04-21    0.59123805    0.04994638  164
CIC1 2005-04-22 2005-08-02   -0.18755907    0.09459833   88
CIC1 2005-08-05 2005-08-26    2.88444884    0.37105098   14
CIC1 2005-08-27 2007-07-20    0.35840572    0.04297919  293
CIC1 2007-07-21 2007-08-06    2.81583740    0.37049983   11
CIC1 2007-08-07 2007-10-26    0.63925909    0.14365187   58
CIC1 2007-10-27 2007-10-28    3.52802902    0.62319828    2
CIC1 2007-10-31 2007-11-13   -0.61558824    0.18806637   12
CIC1 2007-11-14 2009-09-25    0.45123312    0.03286112  535
CIC1 2009-09-26 2009-10-03    2.98666941    0.36916755    8
CIC1 2009-10-04 2009-12-13    0.59004068    0.08556048   70
CICE 1995-03-29 1995-08-30    0.22990803    0.08167341  122
CICE 1995-08-31 1995-09-10    2.90833595    0.39757641   10
CICE 1995-09-11 1995-11-07   -0.78155463    0.14461999   41
CICE 1995-11-08 1995-11-09    2.39247171    0.52602446    2
CICE 1995-11-10 1996-01-06   -0.99601430    0.11038631   38
CICE 1996-01-07 1996-06-12    0.21981771    0.05259023  157
CICE 1996-06-13 1996-06-17    2.65645184    0.38627536    5
CICE 1996-06-18 1996-06-18   -3.12518944    0.86373797    1
CICE 1996-06-20 1996-09-22    0.63177382    0.13753874   89
CICE 1996-09-23 1996-10-28   -0.98777720    0.16709136   35
CICE 1996-10-29 1998-12-26   -0.06986150    0.02908672  693
CICE 1998-12-27 1999-01-13    0.85059547    0.13829950   18
CICE 1999-01-14 1999-01-26   -0.60714376    0.15849806   13
CICE 1999-01-27 1999-02-07    0.44047937    0.17593202   12
CKIS 2017-01-30 2018-10-05   -0.32609643    0.05279954  428
CKIS 2018-10-06 2018-10-25    1.55316546    0.23668482   20
CKIS 2018-10-26 2019-04-07   -1.04536585    0.40987822   10
CKIS 2019-04-08 2019-04-09   -6.18960700    1.03382064    2
CKIS 2019-04-10 2020-12-13   -0.23823556    0.05833225  390
CKIS 2020-12-14 2020-12-21    1.97330178    0.42361960    8
CKIS 2021-01-08 2021-06-11   -0.90811972    0.10766742  153
CKIS 2021-06-12 2021-06-16   -3.41360766    0.45469348    5
CKIS 2021-06-17 2024-12-30   -0.58071049    0.03497281 1025
CKIS 2025-01-01 2025-01-02    6.05860144    0.95839877    2
CKIS 2025-01-03 2025-12-30   -0.65515261    0.05987615  358
CNMR 2003-08-08 2004-01-06   -0.23496954    0.11176313  146
CNMR 2004-01-07 2004-02-18   -1.61488530    0.20374458   43
CNMR 2004-02-19 2004-02-20    4.75065844    0.87931449    2
CNMR 2004-02-21 2008-02-29   -0.75994527    0.04097754 1025
CNMR 2008-03-01 2009-03-18   -1.70877839    0.06779371  379
CNMR 2009-03-19 2009-03-23    2.54095772    0.60121700    5
CNMR 2009-03-24 2010-06-08   -1.22091078    0.06770544  385
CNMR 2010-06-09 2010-11-01   -1.96530224    0.10733243  145
CNMR 2010-11-02 2012-06-04   -0.90503965    0.05816736  519
CNMR 2012-06-05 2012-06-10    2.44526713    0.52365051    6
CNMR 2012-06-11 2014-02-01   -1.16807518    0.05527605  572
CNMR 2014-02-02 2014-04-28   -0.23158844    0.16058530   64
CNMR 2014-04-29 2014-05-01    4.71726137    0.75533321    3
CNMR 2014-05-02 2016-05-21   -0.95058567    0.05118811  667
CNMR 2016-05-22 2016-05-30    2.25624452    0.44322811    9
CNMR 2016-05-31 2017-03-22   -0.29815289    0.07961828  276
CNMR 2017-03-23 2019-07-27   -0.91550097    0.05506185  567
CNMR 2019-07-28 2019-08-13    1.60222063    0.29879549   17
CNMR 2019-08-14 2023-08-17   -0.78939092    0.03990789 1087
COCO 1996-06-16 1996-09-07   -0.18273827    0.13150921   60
COCO 1996-09-08 1996-09-29   -1.72906090    0.22347155   17
COCO 1996-09-30 1997-10-21   -0.17645717    0.08056645  166
COCO 1997-10-22 1998-03-09   -1.28931456    0.10642985   85
COCO 1998-03-10 1998-08-23   -0.21270756    0.09841621  129
COCO 1998-08-24 1998-09-18   -1.69609439    0.20874870   20
COCO 1998-09-19 1998-09-23    2.47226427    0.46069840    4
COCO 1998-09-24 1999-06-30   -0.75400460    0.08297026  148
COCO 1999-07-01 1999-11-14   -1.53646861    0.09811196   90
COCO 1999-11-17 1999-11-17    4.74164049    0.89253594    1
COCO 1999-11-19 1999-12-19   -2.27469641    0.20376215   21
COCO 1999-12-20 2000-08-23   -0.13137956    0.07405371  225
COCO 2000-08-24 2001-01-05   -1.42353828    0.08017983  127
COCO 2001-01-06 2002-05-20   -0.91589523    0.05036261  438
COCO 2002-05-21 2002-07-09   -1.83262072    0.16341927   48
COCO 2002-07-10 2002-07-19    1.06114472    0.33579231   10
COCO 2002-07-20 2003-01-26   -1.33607262    0.06905719  184
COCO 2003-01-27 2006-08-24   -0.58721068    0.02937005 1251
COCO 2006-08-25 2007-03-03   -1.01350171    0.06974642  190
COCO 2007-03-04 2007-03-04    6.61451276    1.22133735    1
COCO 2007-03-05 2010-10-26   -0.33470620    0.02946681 1204
COCO 2010-10-27 2010-11-08    1.47058195    0.23820412   13
COCO 2010-11-09 2012-06-07   -0.60940355    0.04508400  544
COCO 2012-06-08 2012-06-14   -3.34328063    0.44382510    7
COCO 2012-06-15 2014-01-26   -1.01980577    0.04162959  575
COCO 2014-01-27 2016-01-13   -0.64236586    0.03887186  692
COCO 2016-01-14 2021-11-26   -0.13600095    0.02646730 1476
COCO 2021-11-27 2025-12-30   -0.77027831    0.02675590 1458
CONZ 2002-05-16 2002-09-02   -0.33481188    0.06240368  104
CONZ 2002-09-03 2003-03-02   -0.91371313    0.06198591  152
CONZ 2003-03-03 2003-03-18    0.75022619    0.19796277   16
CONZ 2003-03-19 2004-05-08   -0.53925604    0.03616453  404
CONZ 2004-05-09 2004-05-17    1.23298822    0.26033101    9
CONZ 2004-05-18 2007-03-26   -0.43552946    0.02355712  944
CONZ 2007-03-27 2007-04-06    1.37015594    0.24202482   11
CONZ 2007-04-07 2007-12-24   -0.24156080    0.04186653  260
CONZ 2007-12-26 2007-12-28    2.74848381    0.43963937    3
CONZ 2007-12-29 2008-02-22    0.02227470    0.13411827   54
CONZ 2008-02-23 2008-02-27    2.23427159    0.44413710    5
CONZ 2008-02-28 2009-05-10   -0.44749377    0.03589762  412
CONZ 2009-05-11 2009-05-12    2.92984196    0.55224546    2
CONZ 2009-05-13 2011-07-04   -0.58278768    0.02650024  719
CONZ 2011-07-05 2011-07-06    2.07805674    0.43091740    2
CONZ 2011-07-07 2011-08-15   -0.88619228    0.09758105   39
CONZ 2011-08-16 2013-01-17   -0.22762177    0.03149897  511
CONZ 2013-01-18 2013-01-20    3.32829101    0.58637816    3
CONZ 2013-01-21 2013-04-16    0.40669812    0.09501432   84
CONZ 2013-04-17 2013-04-18   -2.95054448    0.57424148    2
CONZ 2013-04-19 2014-02-22   -0.24484838    0.04052277  303
CONZ 2014-02-23 2014-03-03    1.80926110    0.30333846    9
CONZ 2014-03-04 2014-05-09    0.04785287    0.10083995   63
CONZ 2014-05-10 2014-05-11    2.95261136    0.55224546    2
CONZ 2014-05-12 2014-07-08   -0.34167722    0.08829061   58
CONZ 2014-07-09 2014-07-12   -2.20616551    0.30470461    4
CONZ 2014-07-13 2015-04-05   -0.27797800    0.04507254  258
CORD 1999-08-04 1999-08-28    2.62820169    0.15068562   19
CORD 1999-08-29 1999-08-30    6.09279315    0.46444428    2
CORD 1999-08-31 2000-04-20    1.88903012    0.13058328   82
CORD 2000-04-21 2000-04-25    5.52707893    0.45441634    5
CORD 2000-04-28 2000-07-07    1.84555447    0.10444556   57
CORD 2000-07-08 2000-07-26    0.45302954    0.15356274   19
CORD 2000-07-27 2001-05-25    2.04545533    0.06793482  172
CORD 2001-05-26 2001-06-08    3.23872758    0.21263425   14
CORD 2001-06-09 2001-07-27    0.97828987    0.10611493   45
CORD 2001-07-28 2003-06-09    1.87396971    0.06180396  230
CORD 2003-06-10 2003-06-30    2.95760936    0.16720180   21
CORD 2003-07-01 2003-08-10    1.25387703    0.10404913   41
CORD 2003-08-11 2003-12-23    2.01334104    0.07415297  131
CORD 2003-12-24 2004-01-02   -1.24426994    0.50030853    7
CORD 2004-01-03 2004-01-25    2.93332564    0.29992275   23
CORD 2004-01-26 2005-04-05    0.89946681    0.12312916   91
CORD 2005-04-06 2005-08-20    2.04972531    0.06825611  128
CORD 2005-08-21 2005-08-22    4.45995299    0.46444428    2
CORD 2005-08-23 2014-10-13    1.21530873    0.04542474  352
CORD 2014-10-14 2014-10-18    3.91130852    0.39660519    5
CORD 2014-10-19 2015-05-31    0.83977971    0.07651229  200
CORD 2015-06-01 2015-06-09    3.20643736    0.25540497    9
CORD 2015-06-10 2015-07-25    0.76327393    0.11647433   38
CORD 2015-07-26 2015-08-09    2.36966619    0.17086433   15
CORD 2015-08-10 2015-08-20    0.16805731    0.19803971   11
CORD 2015-08-21 2018-06-10    1.26014970    0.02864543  994
CORD 2018-06-11 2021-03-23    0.97578623    0.02801768  993
CORD 2021-03-24 2022-11-05    0.66045631    0.03487292  575
CORD 2022-11-06 2023-06-13    1.36324623    0.07297402  214
CORD 2023-06-14 2025-12-30    0.68979544    0.02853567  916
COYQ 1999-01-17 1999-04-03   -0.02422981    0.10775813   35
COYQ 1999-04-04 2000-08-18    0.61950676    0.02783381  364
COYQ 2000-08-19 2000-08-22    2.40208540    0.27945025    3
COYQ 2000-08-23 2009-07-15    0.67438563    0.01232299 1786
COYQ 2009-07-16 2009-07-21   -0.32701144    0.22345756    5
COYQ 2009-07-22 2009-10-20    0.98497121    0.04986065   91
COYQ 2009-10-21 2011-05-31    0.56487805    0.02909208  386
COYQ 2011-06-01 2011-06-03    2.43335595    0.26871553    3
COYQ 2011-06-04 2018-10-02    0.57198286    0.01929862  742
COYQ 2018-10-17 2018-10-31   -0.76722646    0.28611693    3
CPVG 2017-03-04 2017-12-21   -0.04332497    0.06920059  112
CPVG 2017-12-22 2017-12-22    3.97387321    0.66509756    1
CPVG 2017-12-23 2017-12-31    0.69394751    0.22169919    9
CPVG 2018-01-01 2018-04-04   -0.54838911    0.06125478   91
CPVG 2018-04-05 2019-01-25    0.18112299    0.04457476  231
CPVG 2019-01-29 2019-03-28   -0.47129921    0.08264258   56
CPVG 2019-03-29 2019-04-03   -1.91303306    0.24891653    6
CPVG 2019-04-04 2019-04-10    0.99312422    0.21796606    7
CPVG 2019-04-11 2020-01-23    0.00342117    0.04198232  288
CPVG 2020-01-24 2020-01-24   -3.00781796    0.52980090    1
CPVG 2020-01-25 2020-11-15   -0.32013320    0.04292988  274
CPVG 2020-11-16 2020-12-05    0.76189865    0.16348108   20
CPVG 2020-12-06 2021-09-12   -0.38855572    0.03917138  281
CPVG 2021-09-13 2023-07-29   -0.74006222    0.02713195  610
CPVG 2023-07-30 2023-08-01   -3.65490605    0.50308910    3
CPVG 2023-08-02 2024-01-20   -0.88757930    0.05775496  170
CPVG 2024-01-21 2024-02-05   -1.78056167    0.13730003   16
CPVG 2024-02-06 2025-05-24   -0.86836081    0.03099865  460
CPVG 2025-05-25 2025-12-30   -1.21996557    0.05203261  219
CPXF 2007-07-25 2007-10-09   -0.21949453    0.07742725   70
CPXF 2007-10-10 2008-02-15    0.31446038    0.05097855   79
CPXF 2008-02-16 2008-02-29    1.06820713    0.10024759   14
CPXF 2008-03-01 2009-01-12    0.22681527    0.02788378  307
CPXF 2009-01-13 2009-01-24    1.14262486    0.13024945   12
CPXF 2009-01-25 2009-06-07    0.37437191    0.03647538  129
CPXF 2009-06-08 2009-08-22   -0.21455389    0.07717481   70
CPXF 2009-08-23 2010-03-03    0.44358552    0.03331716  191
CPXF 2010-03-04 2010-03-05   -0.98287357    0.26415564    2
CPXF 2010-03-06 2012-01-21    0.21692685    0.01886035  645
CPXF 2012-01-22 2012-02-11    0.92127030    0.08862937   21
CPXF 2012-02-12 2013-07-16    0.26615968    0.02115749  489
CPXF 2013-07-17 2013-10-07    0.73957299    0.07442517   76
CPXF 2013-10-08 2015-02-11    0.09232635    0.02165639  467
CPXF 2015-02-12 2015-02-12    2.60436218    0.37509215    1
CPXF 2015-02-13 2015-06-26    0.06897647    0.03814503  128
CPXF 2015-06-27 2015-06-28   -2.39431739    0.40735158    2
CPXF 2015-06-30 2016-04-05    0.23625543    0.02916942  255
CPXF 2016-04-06 2016-04-09    1.62054615    0.20327839    4
CPXF 2016-04-10 2017-03-10    0.33455431    0.02723089  322
CPXF 2017-03-11 2021-02-24    0.52634769    0.01438032 1136
CPXF 2021-04-11 2022-06-16   -0.80992469    0.05111190  102
CPXF 2022-06-24 2023-04-28   -0.06333166    0.02771438  267
CPXF 2023-04-29 2023-05-03    1.29392982    0.20380244    5
CPXF 2023-05-04 2025-12-30   -0.07755859    0.01712392  799
CRAO 2000-04-28 2006-04-21   -0.47273625    0.01591458 1913
CRAO 2006-04-22 2008-02-25   -0.26084819    0.02820165  632
CRAO 2008-02-26 2008-05-22   -0.69789379    0.06356988   85
CRAO 2009-03-04 2013-12-30   -0.20245876    0.01718443 1671
CRAR 1999-01-03 1999-01-03    2.32107963    0.31286317    1
CRAR 1999-01-05 2000-04-08    0.26263888    0.02232740  100
CRAR 2000-04-10 2002-01-10    0.46967413    0.00841316  448
CRAR 2002-01-11 2003-11-29    0.15851054    0.00661501  660
CRAR 2003-11-30 2004-03-18    0.40364718    0.02362869  107
CRAR 2004-03-19 2005-04-04    0.14405332    0.00895551  376
CRAR 2005-04-05 2005-04-21    1.20877073    0.04154392   17
CRAR 2005-04-22 2005-06-04    0.87511274    0.02399240   44
CRAR 2005-06-05 2005-07-21    0.53668910    0.02170741   47
CRAR 2005-07-22 2006-08-11    0.20276491    0.00878519  380
CRAR 2006-08-12 2006-11-22   -0.10218956    0.01584144  102
CRAR 2006-11-23 2007-04-20    0.11331369    0.01837354  140
CRAR 2007-04-21 2008-06-06    0.27503940    0.00852837  405
CRAR 2008-06-07 2008-07-27    0.47317692    0.02111829   49
CRAR 2008-07-28 2009-04-08    0.18853001    0.01158104  253
CRAR 2009-04-11 2009-04-27    0.55478411    0.04282249   16
CRAR 2009-04-28 2009-05-13   -0.05876674    0.03972892   16
CRAR 2009-05-14 2009-07-17    0.33187441    0.01917892   63
CRAR 2009-07-18 2009-07-27   -0.20602707    0.04452121   10
CRAR 2009-07-28 2010-08-27    0.20734208    0.00880769  374
CRAR 2010-08-28 2011-03-03    0.01188536    0.01458565  188
CRAR 2011-03-04 2011-03-27   -0.32486776    0.03498218   24
CRAR 2011-03-28 2011-04-28    0.11685365    0.03028199   32
CRAR 2011-04-29 2011-06-17    0.40560971    0.02219487   50
CRAR 2011-06-29 2012-08-10    0.06098536    0.00858680  390
CRAR 2012-08-11 2013-05-27   -0.25090100    0.01176305  246
CRAR 2013-05-28 2013-09-22   -0.48022274    0.01384726  114
CRAR 2013-09-23 2022-05-30   -0.37283052    0.00539018 1027
CRAR 2022-05-31 2022-10-31   -0.69058272    0.01221120  150
CRAR 2022-11-01 2023-09-04   -0.43206354    0.01037830  289
CRO1 1995-10-14 1996-09-25    0.05739194    0.07227881  318
CRO1 1996-09-26 1996-11-25    1.64136423    0.19491024   52
CRO1 1996-11-26 1998-01-09    0.33499963    0.06662436  382
CRO1 1998-01-10 1998-01-19    2.79473307    0.38534405   10
CRO1 1998-01-22 1999-07-08    0.59643456    0.06241863  421
CRO1 1999-07-10 1999-07-15   -3.09929341    0.51151798    6
CRO1 1999-07-16 2000-04-26   -0.31944632    0.08850108  212
CRO1 2000-04-27 2000-05-04    2.49286817    0.49864126    7
CRO1 2000-05-06 2000-05-07    7.52197102    0.91907080    2
CRO1 2000-05-09 2000-05-11   -1.54349594    0.75041817    3
CRO1 2000-05-13 2000-05-22    3.20140942    0.41102096   10
CRO1 2000-05-23 2000-09-28    0.66560211    0.13230395   95
CRO1 2000-09-29 2000-11-16   -2.01046456    0.40527925   12
CRO1 2000-11-17 2002-07-16    0.12030527    0.05401484  565
CRO1 2002-07-17 2003-01-18    0.86719385    0.10050580  179
CRO1 2003-01-19 2003-01-26   -2.45745148    0.43082774    8
CRO1 2003-01-27 2005-11-26    0.54037235    0.04562305  820
CRO1 2005-11-27 2012-05-27   -0.20122992    0.02697268 2302
CRO1 2012-05-28 2013-03-19    0.52991645    0.07580553  292
CRO1 2013-03-20 2015-11-30    0.07327028    0.04346070  889
CRO1 2015-12-01 2024-04-10   -0.53597294    0.02486161 2702
CRO1 2024-04-11 2025-12-30   -1.22458883    0.05253640  622
CTWN 2008-07-03 2008-11-25   -0.65478779    0.06294960   94
CTWN 2008-11-26 2008-11-26    2.34595871    0.66690855    1
CTWN 2008-11-27 2010-02-27   -0.93968512    0.03563638  408
CTWN 2010-02-28 2010-03-03   -3.20622384    0.43469600    4
CTWN 2010-03-04 2010-07-26   -0.62363512    0.05901369  139
CTWN 2010-07-27 2010-07-30    1.12707260    0.29539671    4
CTWN 2010-07-31 2010-12-22   -0.70171189    0.05182989  143
CTWN 2010-12-25 2011-11-18   -0.20572276    0.03820517  311
CTWN 2011-11-19 2012-10-09    1.50417017    0.03921962  299
CTWN 2012-10-12 2012-10-18    2.63419699    0.24798760    7
CTWN 2012-10-19 2013-08-26   -0.49595457    0.04612454  208
DAEJ 1999-03-20 2000-09-18    0.57630431    0.02480023  476
DAEJ 2000-09-19 2000-10-11    2.15193238    0.16237613   23
DAEJ 2000-10-12 2001-01-17    0.50725791    0.04251350   80
DAEJ 2001-01-18 2001-01-19    1.60760074    0.19930050    2
DAEJ 2001-01-20 2001-05-24    0.25967971    0.04346776  109
DAEJ 2001-05-25 2001-09-08    1.24140296    0.11782923   87
DAEJ 2001-09-10 2003-12-13    0.45675572    0.01836467  705
DAEJ 2003-12-14 2004-04-28    0.25063567    0.03300309  119
DAEJ 2004-04-29 2004-08-10   -0.66718053    0.10503486   94
DAEJ 2004-08-11 2005-04-08    0.40802823    0.02954870  208
DAEJ 2005-04-09 2005-11-11   -0.25234403    0.05873995  191
DAEJ 2005-11-12 2006-01-29    0.40342215    0.03757259   76
DAEJ 2006-01-30 2007-01-07    0.03078368    0.02949184  312
DAEJ 2007-01-08 2007-01-23    0.40011326    0.07046337   16
DAEJ 2007-01-24 2007-09-23   -0.27434681    0.03904551  220
DAEJ 2007-09-24 2008-03-28    0.18380857    0.02835332  182
DAEJ 2008-03-29 2008-09-02   -0.39771829    0.07419775  141
DAEJ 2008-09-03 2009-03-20    0.13157891    0.02863343  196
DAEJ 2009-03-21 2009-10-06   -0.40964418    0.06143402  184
DAEJ 2009-10-07 2011-06-08   -0.02505500    0.01916278  567
DAEJ 2011-06-09 2014-02-25    0.15867766    0.01608457  901
DAEJ 2014-02-26 2017-01-27   -0.12316771    0.01572655  985
DAEJ 2017-01-28 2017-01-29   -1.58253190    0.19930050    2
DAEJ 2017-01-30 2017-03-23   -0.30534164    0.06970268   31
DAEJ 2017-03-24 2017-07-06   -0.97180996    0.08626210   78
DAEJ 2017-07-07 2018-11-23    0.17839776    0.02474252  468
DAEJ 2018-11-24 2019-12-26   -0.04177386    0.02423955  372
DAEJ 2019-12-27 2021-06-30    0.25036936    0.02069921  518
DAEJ 2021-07-01 2021-09-26    0.97202894    0.12952032   78
DAEJ 2021-09-27 2025-12-30    0.05835176    0.01268360 1452
DAKA 2002-03-23 2002-04-07   -0.41670237    0.21483170   12
DAKA 2002-04-08 2002-04-09    3.50104849    0.54607074    2
DAKA 2002-04-10 2002-10-28    0.48843084    0.09421305  137
DAKA 2002-10-29 2002-11-01   -3.43112679    0.55989094    4
DAKA 2002-11-04 2002-12-02    0.15018884    0.19516608   16
DAKA 2002-12-05 2002-12-06   -3.35453826    0.56904972    2
DAKA 2002-12-08 2004-02-25    0.17497133    0.05270212  292
DAKA 2004-02-26 2004-02-27   -3.59555073    0.58191428    2
DAKA 2004-02-29 2006-03-26   -0.04567212    0.04943957  302
DAKA 2006-03-27 2007-06-07    0.49569256    0.06626085  180
DARW 1995-05-28 1998-06-26   -0.30282549    0.06413151  267
DARW 1998-06-27 1998-07-06    1.69992904    0.26962520   10
DARW 1998-07-07 2001-03-23   -0.65863433    0.04307164  606
DARW 2001-04-16 2001-05-07    1.14081950    0.25471041   22
DARW 2001-05-08 2001-06-19   -1.34098341    0.15758242   36
DARW 2001-06-20 2001-07-03    0.64766559    0.22626284   14
DARW 2001-07-04 2002-03-10   -0.99071891    0.08162928  192
DARW 2002-03-11 2002-05-22   -2.63741037    0.17381308   45
DARW 2002-05-23 2002-05-25   -6.19466827    0.62208580    3
DARW 2002-05-27 2005-12-26   -0.68073532    0.03120298 1192
DARW 2005-12-27 2006-07-19    0.35108042    0.07862548  200
DARW 2006-07-20 2007-05-29   -0.37215248    0.06777287  282
DARW 2007-05-30 2007-06-29    0.91742714    0.15339074   31
DARW 2007-06-30 2008-08-09   -0.36417793    0.05560060  336
DARW 2008-08-10 2008-08-23    1.42134845    0.21763434   14
DARW 2008-08-24 2010-03-23   -0.74650421    0.05042286  518
DARW 2010-03-24 2010-11-01   -0.06684786    0.07180550  194
DARW 2010-11-02 2011-09-09   -0.63473372    0.06726670  264
DARW 2011-09-10 2012-03-28    0.32973822    0.09447214  191
DARW 2012-03-29 2012-04-09   -2.39598417    0.36715986   12
DARW 2012-04-10 2012-07-03    0.40084084    0.10963436   82
DARW 2012-07-04 2012-07-04    6.12193787    0.85902310    1
DARW 2012-07-05 2012-07-22    1.24856761    0.20247369   18
DARW 2012-07-23 2013-08-04   -0.04228233    0.05687239  361
DARW 2013-08-05 2016-08-12   -0.47118460    0.03398505 1016
DARW 2016-08-13 2018-05-09   -0.03813431    0.04848172  582
DARW 2018-05-10 2018-05-17    2.48336095    0.38094819    8
DARW 2018-05-18 2020-10-28    0.46517733    0.03569764  872
DARW 2020-10-29 2025-10-29   -0.11437278    0.02586107 1784
DARW 2025-10-30 2025-12-30   -1.41119569    0.17952555   61
DAV1 1994-07-29 1995-07-31   -0.09935363    0.01993055  100
DAV1 1995-08-01 1995-09-15    0.37856070    0.04556270   13
DAV1 1995-09-19 1998-02-13   -0.27075511    0.00945296  410
DAV1 1998-02-15 1998-03-15   -1.39740507    0.04019443   29
DAV1 1998-03-16 1998-04-27   -0.77935913    0.03384430   36
DAV1 1998-04-29 1998-05-20   -1.18578078    0.04223636   20
DAV1 1998-05-21 1998-07-24   -0.61496605    0.02508074   56
DAV1 1998-07-25 1998-08-28   -1.15508231    0.03143738   31
DAV1 1998-08-29 1998-09-11   -0.71802554    0.04263472   14
DAV1 1998-09-12 1998-09-19   -1.72320330    0.06393148    6
DAV1 1998-09-21 1998-10-09   -0.58200433    0.03941651   17
DAV1 1998-10-10 1999-07-23   -0.90451664    0.01398874  205
DAV1 1999-07-24 1999-08-13   -1.58566606    0.04334203   17
DAV1 1999-08-14 2000-06-18   -0.12826158    0.01341165  211
DAV1 2000-06-19 2001-11-17    0.15273459    0.00865624  456
DAV1 2001-11-18 2002-12-27    0.25155175    0.00993505  381
DAV1 2002-12-28 2005-01-06    0.09874469    0.00721041  714
DAV1 2005-01-07 2005-04-04   -0.13504563    0.02344441   85
DAV1 2005-04-05 2005-05-01    0.44906304    0.03969077   26
DAV1 2005-05-02 2006-07-27    0.00515372    0.00907080  446
DAV1 2006-07-28 2006-09-21   -0.38682338    0.02243938   55
DAV1 2006-09-22 2007-07-27   -0.14379198    0.01195638  276
DAV1 2007-07-30 2009-12-26    0.11888039    0.00674439  805
DAV1 2009-12-27 2011-02-18   -0.07662671    0.00986900  397
DAV1 2011-02-22 2012-10-16    0.18941878    0.00783757  580
DAV1 2012-10-17 2016-08-14    0.03663832    0.00525132 1366
DAV1 2016-08-15 2020-04-08    0.17063744    0.00536242 1283
DAV1 2020-04-09 2021-07-21    0.05268328    0.00895321  460
DAV1 2021-07-22 2022-03-14    0.22325108    0.01260987  233
DAV1 2022-03-15 2025-12-30    0.06825406    0.00543058 1226
DAVR 1999-11-03 1999-11-19    0.20962680    0.05571554   15
DAVR 1999-11-20 2000-08-09   -0.13175320    0.01444242  185
DAVR 2000-08-10 2001-06-17    0.17369258    0.01325564  179
DAVR 2001-06-18 2001-07-09   -0.01437164    0.03867736   21
DAVR 2001-07-10 2001-07-19   -0.42264911    0.06221419    9
DAVR 2001-07-20 2001-11-17    0.06807671    0.01720356   95
DAVR 2001-11-18 2002-01-30    0.33948771    0.02778925   70
DAVR 2002-01-31 2002-08-21    0.08654674    0.01404448  191
DAVR 2002-08-22 2002-09-08    0.33874805    0.03628129   18
DAVR 2002-09-10 2002-09-10   -0.54355130    0.13989416    1
DAVR 2002-09-11 2002-10-05    0.25765182    0.02924854   25
DAVR 2002-10-06 2002-10-08   -0.66401740    0.10648449    3
DAVR 2002-10-09 2002-11-11    0.09282971    0.03310654   34
DAVR 2002-11-12 2002-11-18    0.71057195    0.08155919    7
DAVR 2002-11-19 2002-12-27    0.26978802    0.03707696   37
DAVR 2002-12-28 2003-11-08    0.02011944    0.01184486  245
DAVR 2003-11-09 2003-11-21    0.47889645    0.05984809   13
DAVR 2003-11-22 2005-03-03   -0.04843918    0.00951892  433
DAVR 2005-03-07 2005-03-08   -0.79207625    0.16138508    2
DAVR 2005-04-10 2005-04-25    0.51546374    0.06102751   11
DAVR 2007-03-22 2007-08-10   -0.33981015    0.01790420  109
DAVR 2007-08-11 2008-12-30    0.02119657    0.00966769  404
DGAR 1996-05-12 1997-08-01   -0.48875502    0.09194632  206
DGAR 1997-08-03 1998-01-15   -1.44500029    0.14328788   87
DGAR 1998-01-16 1998-01-17    4.60568942    0.95979175    2
DGAR 1998-01-19 1998-01-20   -5.11049422    0.95979175    2
DGAR 1998-01-22 1998-11-15   -0.30112104    0.11051477  134
DGAR 1998-11-16 1999-01-09   -3.62788877    0.49286171    8
DGAR 1999-01-12 2000-10-18   -0.80748830    0.07270075  320
DGAR 2000-10-19 2000-10-28   -3.62439875    0.48530968    9
DGAR 2000-10-29 2005-08-19   -0.53017358    0.04970030  702
DGAR 2005-08-20 2005-09-26   -1.69696952    0.20210967   38
DGAR 2005-09-27 2009-08-14   -0.14116868    0.03770774 1235
DGAR 2009-08-15 2009-08-23   -2.82497559    0.39140957    9
DGAR 2009-08-24 2011-10-02   -0.41092554    0.04754864  763
DGAR 2011-10-03 2012-01-22    0.44133280    0.14531407   95
DGAR 2012-01-23 2012-01-26    3.83708088    0.67867525    4
DGAR 2012-01-27 2017-03-11   -0.40722578    0.03226202 1667
DGAR 2017-03-12 2017-03-14    3.93481579    0.74104498    3
DGAR 2017-03-15 2019-05-19   -0.14432411    0.05453979  573
DGAR 2019-05-20 2019-06-13    1.58845165    0.27638421   25
DGAR 2019-06-14 2022-07-09   -0.54562206    0.03967998 1096
DGAR 2022-07-10 2023-04-12   -1.16392389    0.07932720  271
DGAR 2023-04-13 2023-04-19    2.48561693    0.51303946    7
DGAR 2023-04-20 2025-06-01   -0.81854302    0.04786238  763
DGAR 2025-06-02 2025-06-08    2.97475342    0.48966189    7
DGAR 2025-06-09 2025-12-30   -0.57845053    0.09179210  205
DGAV 2009-09-24 2010-10-12   -0.14395905    0.06408856  358
DGAV 2010-10-13 2011-08-09   -0.75319644    0.07199359  285
DGAV 2011-08-10 2012-01-22    0.24774959    0.10192373  149
DGAV 2012-01-23 2012-01-26    3.77132379    0.62237456    4
DGAV 2012-01-27 2012-05-25   -0.36353695    0.11060514  118
DGAV 2012-05-26 2012-06-04    2.23168737    0.40134358   10
DGAV 2012-06-05 2017-01-29   -0.39038319    0.03135778 1507
DRAG 2000-02-08 2000-04-01    2.51377645    0.10355071   49
DRAG 2000-04-02 2000-04-23    1.56043172    0.15555324   22
DRAG 2000-04-24 2000-07-12    2.86225142    0.12416505   50
DRAG 2000-07-13 2000-08-07    1.21792183    0.22181939   24
DRAG 2000-08-08 2000-10-13    2.89263173    0.14115347   60
DRAG 2000-10-15 2001-10-12    1.64380852    0.05174730  232
DRAG 2001-10-13 2001-10-13   -3.47539224    0.93098720    1
DRAG 2001-10-14 2004-10-10    1.87737535    0.03067925  710
DRAG 2004-10-11 2004-10-16   -0.56398312    0.46549360    4
DRAG 2004-10-17 2004-10-20    4.66015299    0.46549360    4
DRAG 2004-10-21 2007-01-06    1.92764175    0.03005964  751
DRAG 2007-01-08 2008-12-05    2.50677239    0.03262619  651
DRAG 2008-12-07 2010-01-15    1.90701587    0.04746189  306
DRAG 2010-01-16 2010-01-18   -0.64577662    0.40574960    3
DRAG 2010-01-19 2010-02-15    2.05149196    0.13074640   28
DRAG 2010-02-16 2010-02-18    4.67258661    0.39419774    3
DRAG 2010-02-19 2010-06-18    2.26031192    0.07664063  105
DRAG 2010-06-19 2010-10-06    1.50096237    0.10330952  107
DRAG 2010-10-07 2010-12-06    2.70860616    0.10641699   61
DRAG 2010-12-07 2012-08-19    2.02027973    0.03492200  557
DRAG 2012-08-21 2012-09-19    3.80950635    0.22969779   24
DRAG 2012-09-20 2013-06-11    2.20982660    0.04946775  245
DRAG 2013-06-12 2013-12-26    1.63449399    0.06925872  175
DRAO 1994-01-06 1994-06-09    0.23934086    0.03938983  130
DRAO 1994-06-10 1994-07-30    1.04246122    0.11054640   49
DRAO 1994-07-31 1996-02-07   -0.11896732    0.02306722  466
DRAO 1996-02-08 1996-09-04    0.47717359    0.03730853  200
DRAO 1996-09-05 1997-03-17    0.01256893    0.03132989  185
DRAO 1997-03-18 1997-07-13    0.64760649    0.05279662  115
DRAO 1997-07-17 1997-11-07   -0.28755360    0.06364245  105
DRAO 1997-11-08 1998-10-08    0.26924797    0.02707252  320
DRAO 1998-10-09 1998-11-08   -0.45182875    0.10107855   28
DRAO 1998-11-09 1999-05-22    0.46455353    0.02992334  191
DRAO 1999-05-23 1999-06-06    1.61298058    0.16002129   15
DRAO 1999-06-07 2000-03-04    0.07336189    0.02992977  259
DRAO 2000-03-05 2000-10-16    0.48900245    0.04048617  217
DRAO 2000-10-17 2001-03-16   -0.17477411    0.03277119  148
DRAO 2001-03-19 2001-03-24    1.70939063    0.17226863    6
DRAO 2001-03-25 2003-05-27    0.39381642    0.01765306  782
DRAO 2003-05-28 2003-09-05    1.42250203    0.07503942  101
DRAO 2003-09-06 2004-03-09    0.27161486    0.03140360  184
DRAO 2004-03-10 2004-04-13    0.96158356    0.07552843   35
DRAO 2004-04-14 2011-12-24    0.21277001    0.00949621 2705
DRAO 2011-12-25 2012-01-07    1.18122075    0.10047938   14
DRAO 2012-01-08 2015-02-21    0.14108531    0.01452841 1081
DRAO 2015-02-22 2015-03-13    0.98395600    0.08704824   20
DRAO 2015-03-14 2016-04-16    0.11135212    0.02464446  382
DRAO 2016-04-17 2016-10-05   -0.37951531    0.05900183  120
DRAO 2016-10-06 2019-02-09    0.28695234    0.01647241  826
DRAO 2019-02-10 2019-10-04   -0.07634971    0.03610869  231
DRAO 2019-10-05 2021-11-29    0.35530280    0.01785596  728
DRAO 2021-11-30 2021-12-02    2.24342754    0.23125547    3
DRAO 2021-12-03 2025-12-30    0.17307769    0.01284679 1401
DUBO 1996-10-22 1996-12-31    1.46434505    0.03783669   69
DUBO 1997-01-01 1998-02-13    0.77398812    0.01727121  381
DUBO 1998-02-14 1998-02-20   -0.22915598    0.08285941    7
DUBO 1998-02-21 1998-04-28    0.64994193    0.03973338   66
DUBO 1998-04-29 1998-10-04    1.37449280    0.06048334  127
DUBO 1998-10-05 1999-08-15    0.81369673    0.02006093  293
DUBO 1999-10-05 2000-03-26    0.27062145    0.02181649  169
DUBO 2000-03-27 2000-04-20   -0.24043356    0.08579770   21
DUBO 2000-04-21 2000-10-17    0.77884325    0.05023105  161
DUBO 2000-10-18 2001-01-18    0.23168699    0.03169072   89
DUBO 2001-01-19 2003-01-17    0.42328558    0.01408175  643
DUBO 2003-01-18 2003-03-13    0.21019913    0.03263064   55
DUBO 2003-03-14 2004-01-01    0.55593336    0.02660035  268
DUBO 2004-01-02 2004-03-23    0.16350016    0.02823943   78
DUBO 2004-03-24 2004-03-26    1.40146285    0.18084729    3
DUBO 2004-03-28 2008-11-28    0.40782896    0.00949378 1562
DUBO 2008-11-29 2012-03-09    0.16430181    0.01055318 1079
DUBO 2012-03-10 2012-03-25    0.66489497    0.08371603   14
DUBO 2012-03-26 2019-01-06   -0.05044384    0.00779446 2248
DUBO 2019-01-07 2022-12-31   -0.23832229    0.00983968 1338
DUBO 2023-01-01 2023-09-21   -0.07578771    0.02341899  255
DUBO 2023-09-22 2023-10-23   -0.79918307    0.09040412   31
DUBO 2023-10-24 2023-12-21   -0.04577324    0.04211569   59
DUBO 2023-12-22 2023-12-24   -1.05436238    0.15373537    3
DUBO 2023-12-25 2023-12-29    0.67558650    0.11908291    5
DUBO 2023-12-30 2024-01-20   -0.33927362    0.05470001   21
DUBO 2024-01-21 2024-02-05    0.30391152    0.05975097   16
DUBO 2024-02-06 2025-08-22   -0.24905358    0.01634001  531
DUBO 2025-08-23 2025-10-13   -1.03634381    0.10110137   37
DUBO 2025-10-14 2025-12-30   -0.23391717    0.03685448   78
DUM1 1998-01-04 1999-03-02    0.32689535    0.01478272  324
DUM1 1999-03-03 1999-03-11   -0.77739073    0.12073304    6
DUM1 1999-03-12 1999-08-11   -0.01651189    0.02178579  143
DUM1 1999-08-12 2000-02-23    0.25660946    0.01964023  183
DUM1 2000-02-24 2002-02-02    0.46541930    0.01016961  668
DUM1 2002-02-03 2002-03-06    0.00895296    0.05928961   29
DUM1 2002-03-07 2002-08-07    0.33897602    0.02177995  146
DUM1 2002-08-08 2004-05-25    0.55739162    0.01083874  601
DUM1 2004-05-26 2004-06-26   -0.17525022    0.04473062   31
DUM1 2004-06-27 2004-11-04    0.22196211    0.02124582  128
DUM1 2004-11-05 2005-03-20    0.44801895    0.02632285  130
DUM1 2005-03-21 2005-09-27    0.74808560    0.01889745  182
DUM1 2005-09-28 2006-09-15    0.45013070    0.01426153  347
DUM1 2006-09-16 2006-09-20   -0.40617609    0.11188437    5
DUM1 2006-09-21 2007-07-23    0.54642812    0.01560802  300
DUM1 2007-07-24 2007-10-16    0.95206343    0.02603200   84
DUM1 2007-10-17 2008-05-05    0.66689605    0.02153472  165
DUM1 2008-05-06 2008-05-11   -0.10058855    0.10169119    6
DUM1 2008-05-12 2009-04-29    0.69122585    0.01482857  318
DUM1 2009-04-30 2010-08-06    0.48674822    0.01258612  430
DUM1 2010-08-07 2010-10-05    0.24532071    0.03188730   57
DUM1 2010-10-06 2010-11-12   -0.09574315    0.03625684   38
DUM1 2010-11-13 2011-08-09    0.40543113    0.01716866  265
DUM1 2011-08-10 2012-06-05    0.27895612    0.01576629  289
DUM1 2012-06-06 2012-07-20   -0.66264046    0.03857639   44
DUM1 2012-07-21 2012-08-08    0.02320024    0.05763266   19
DUM1 2012-08-09 2012-08-27    0.51547505    0.05381396   19
DUM1 2012-08-28 2013-06-07    0.03337992    0.01612052  281
DUM1 2013-06-08 2013-08-12    0.26699746    0.03144210   65
DUM1 2013-08-13 2013-12-30   -0.22690346    0.02130414  134
EIL1 1999-03-06 2000-03-28    0.20713869    0.01679368  370
EIL1 2000-03-29 2000-06-16    0.51297803    0.04488676   79
EIL1 2000-06-17 2001-02-08   -0.10790022    0.02325644  222
EIL1 2001-02-09 2001-02-23   -0.78565915    0.06850146   15
EIL1 2001-02-24 2001-10-06    0.02783063    0.02684112  210
EIL1 2001-10-07 2002-01-08   -0.23850569    0.03141349   84
EIL1 2002-01-09 2002-01-17    0.41532462    0.08793257    9
EIL1 2002-01-19 2002-02-07   -0.60267039    0.05910427   20
EIL1 2002-02-08 2002-04-26   -0.02812535    0.03074709   75
EIL1 2002-04-27 2002-05-17   -0.67177486    0.09687541   21
EIL1 2002-05-18 2002-05-28    1.36368089    0.15713598   10
EIL1 2002-05-29 2002-08-06    0.37853180    0.08422987   65
EIL1 2002-08-07 2002-10-19   -0.16941778    0.05553172   68
EIL1 2002-10-20 2002-12-06    0.41042842    0.04375015   43
EIL1 2002-12-07 2002-12-22   -0.48373638    0.07511477   14
EIL1 2002-12-23 2003-03-01    0.04163677    0.03201848   69
EIL1 2003-03-02 2003-03-26   -0.38305527    0.04684790   25
EIL1 2003-03-27 2004-08-05    0.00741293    0.01828582  403
EIL1 2004-08-06 2004-08-25    1.64199836    0.14007709   17
EIL1 2004-08-26 2004-11-13   -0.02576954    0.04318408   75
EIL1 2004-11-14 2004-12-16    0.91535775    0.04806367   32
EIL1 2004-12-17 2005-01-15   -0.23153518    0.04966311   30
EIL1 2005-01-16 2005-09-17    0.30199355    0.02331017  225
EIL1 2005-09-18 2006-05-15    0.04316227    0.01869921  240
EIL1 2006-05-17 2007-01-11    0.32554814    0.02524546  231
EIL1 2007-01-12 2007-02-12    0.90969639    0.04673267   32
EIL1 2007-02-13 2009-02-11    0.10488902    0.01255515  712
EIL1 2009-02-12 2009-03-12   -0.31120231    0.04661364   29
EIL1 2009-03-13 2010-04-14    0.12083178    0.01659359  387
EIL1 2010-04-15 2010-07-19   -0.26982450    0.05197669   93
EISL 1994-05-04 1994-09-29   -2.80233607    0.24322666   17
EISL 1994-09-30 1994-09-30    3.41526391    0.88909613    1
EISL 1994-11-19 1995-06-28   -1.69767385    0.14442328   55
EISL 1995-07-01 2000-02-23   -0.95914270    0.03578847  898
EISL 2000-03-16 2000-05-13   -3.03542696    0.25752436   21
EISL 2000-05-17 2002-07-26   -1.25692685    0.04965911  401
EISL 2002-07-27 2004-09-11   -0.87438133    0.04525068  498
EISL 2004-09-12 2004-12-12   -0.05328398    0.17735313   32
EPRT 1998-10-03 1999-01-22    0.82833512    0.04214625  107
EPRT 1999-01-23 1999-01-24   -1.13500096    0.23063814    2
EPRT 1999-01-26 2000-09-05    0.50441592    0.02247093  476
EPRT 2000-09-06 2001-11-05    0.79707385    0.02637478  384
EPRT 2001-11-06 2003-10-13    0.30166047    0.01914482  671
EPRT 2003-10-14 2003-11-29    0.92265858    0.08414069   40
EPRT 2003-11-30 2004-04-21    0.44490493    0.03239834  140
EPRT 2004-04-22 2004-04-22    2.98095073    0.53072405    1
EPRT 2004-05-05 2010-03-06    0.24424314    0.01269983 1489
EPRT 2010-03-07 2010-03-21    0.75228591    0.10426287   15
EPRT 2010-03-23 2018-01-31    0.13001774    0.02226628  578
EPRT 2018-02-01 2018-10-02    0.76184928    0.05647482  134
EPRT 2018-10-03 2019-03-21    0.35957598    0.04086063  120
ETAD 2007-11-27 2008-10-29    0.18032272    0.05384800  212
ETAD 2008-10-30 2008-12-09   -0.91862529    0.15545302   29
ETAD 2008-12-10 2008-12-17    2.15296151    0.38713732    4
ETAD 2008-12-18 2010-01-19    0.04909660    0.05732729  193
ETAD 2010-01-20 2010-01-24   -3.10665391    0.35401866    5
ETAD 2010-01-25 2010-01-28   -0.83088673    0.39580490    4
ETAD 2010-01-29 2010-02-04    1.59066670    0.26575511    6
ETAD 2010-02-05 2010-02-20   -0.67309623    0.19097449   10
ETAD 2010-02-21 2010-03-21    0.66464368    0.13473359   27
ETAD 2010-03-22 2011-11-13   -0.91551438    0.18635797   23
ETAD 2011-11-14 2012-12-31    0.22312339    0.04799583  283
ETAD 2013-01-01 2013-01-01    3.99161424    0.79160980    1
ETAD 2013-01-04 2013-01-12   -0.61549503    0.26386993    9
ETAD 2013-01-13 2013-03-11    0.98221895    0.10823900   40
ETAD 2013-03-14 2013-10-02    0.10054764    0.08129268  103
FAA1 2006-10-18 2014-03-04    0.95494989    0.02865940 1851
FAA1 2014-03-05 2016-06-07    0.34419572    0.08036625  239
FAA1 2016-06-08 2016-06-14    3.42722900    0.50240819    7
FAA1 2016-06-15 2016-06-18   -3.20428348    0.66462356    4
FAA1 2016-06-19 2017-11-17    1.10452631    0.05479860  498
FAA1 2017-11-18 2017-11-20   -3.89860638    0.71302946    3
FAA1 2017-11-21 2018-02-15    1.76632857    0.13477149   82
FAA1 2018-02-16 2018-05-20    3.00739441    0.12934034   94
FAA1 2018-05-21 2019-08-04    1.77436340    0.06263445  390
FAA1 2019-08-05 2019-08-06   -2.72594681    0.86203247    2
FAA1 2019-08-07 2021-07-21    2.39208533    0.04656760  697
FAA1 2021-07-22 2021-09-25    1.05938047    0.14553675   66
FAA1 2021-09-26 2024-01-20    1.82944885    0.04290057  820
FAA1 2024-01-21 2024-11-02    1.08280880    0.08056449  238
FAA1 2024-11-03 2025-12-30    1.68121495    0.06144679  401
FAIR 1994-01-06 1994-10-05    1.54590414    0.02587332  181
FAIR 1994-10-06 1994-12-07    0.60678532    0.04440161   41
FAIR 1994-12-08 1996-04-23    1.16769585    0.01504805  362
FAIR 1996-04-24 1998-01-28    0.57834557    0.01287608  599
FAIR 1998-01-29 1998-02-18    1.14718878    0.05403655   21
FAIR 1998-02-19 1998-12-20    0.29708824    0.02024120  264
FAIR 1998-12-21 1999-01-20    1.13133944    0.04684954   26
FAIR 1999-01-21 2000-03-28    0.30662827    0.01559993  323
FAIR 2000-03-29 2003-12-08    0.67185438    0.00903886 1232
FAIR 2003-12-09 2004-02-05    1.52014878    0.03269846   55
FAIR 2004-02-06 2007-05-04    0.66439711    0.00904977 1132
FAIR 2007-05-05 2015-01-04    0.53634147    0.00601160 2699
FAIR 2015-01-05 2015-02-16    1.07454530    0.03750127   41
FAIR 2015-02-23 2015-11-24    0.39203601    0.02123142  268
FAIR 2015-11-25 2015-12-29    1.48437524    0.04278285   35
FAIR 2015-12-30 2017-02-23    0.34201758    0.01457014  411
FAIR 2017-02-24 2017-03-24   -0.41413910    0.04407302   29
FAIR 2017-03-30 2017-10-21    0.48902536    0.02854215  205
FAIR 2017-10-22 2018-03-03    1.44011585    0.02191253  133
FAIR 2018-03-04 2018-03-12    2.27344915    0.07831562    9
FAIR 2018-03-13 2021-01-23    1.25304393    0.00981495 1024
FAIR 2021-01-24 2021-12-24    0.94665570    0.01763219  325
FAIR 2021-12-25 2022-01-22   -1.41010545    0.04912237   23
FAIR 2022-01-27 2022-12-18    0.84401915    0.01798822  320
FAIR 2022-12-19 2023-02-04    1.87189966    0.03465784   48
FAIR 2023-02-05 2023-03-07    2.94661196    0.04423800   31
FAIR 2023-03-08 2024-12-12    1.16617725    0.01288493  610
FAIR 2024-12-13 2025-04-01    0.63160406    0.02335734  107
FAIR 2025-04-02 2025-11-04    1.50215403    0.02731781  214
FAIR 2025-11-05 2025-12-30    1.00804483    0.03441434   56
FAIV 2009-12-13 2010-03-20    0.09849863    0.02308817   96
FAIV 2010-03-21 2010-04-12    0.43735675    0.04677821   21
FAIV 2010-04-13 2010-06-20   -0.14806698    0.04394727   65
FAIV 2010-06-21 2010-06-26    1.23153364    0.22041622    5
FAIV 2010-06-27 2010-09-12    0.04712833    0.05268968   72
FAIV 2010-09-13 2010-09-22    0.86026663    0.13632659    8
FAIV 2010-09-23 2010-12-22   -0.08819201    0.03345229   62
FAIV 2010-12-23 2011-01-21    0.23540343    0.04525041   30
FAIV 2011-01-22 2011-02-27   -0.19487009    0.03868179   37
FAIV 2011-02-28 2011-05-27    0.33097046    0.02665022   81
FAIV 2011-06-01 2012-02-09   -0.04148788    0.01958740  234
FAIV 2012-02-10 2012-02-20    0.42441833    0.06973286   11
FAIV 2012-02-21 2012-03-19   -0.13509274    0.03936187   25
FAIV 2012-03-20 2012-10-11    0.17509624    0.02424062  200
FAIV 2012-10-12 2012-11-05   -0.29639827    0.05333403   25
FAIV 2012-11-06 2012-12-08    0.33292871    0.04124421   33
FAIV 2012-12-09 2013-08-09    0.09159634    0.01776247  234
FAIV 2013-08-10 2013-08-11    1.52456775    0.29746003    2
FAIV 2013-08-12 2013-11-07   -0.14169195    0.03566769   80
FAIV 2013-11-08 2013-11-14   -0.68863411    0.08820532    7
FAIV 2013-11-15 2014-03-06    0.11560321    0.02279000  108
FAIV 2014-03-07 2014-04-05    0.35322286    0.03567017   30
FAIV 2014-04-06 2015-04-27    0.04696442    0.01482668  347
FAIV 2015-04-28 2015-06-20    0.45210332    0.05512854   53
FAIV 2015-06-21 2015-11-24   -0.26002187    0.02741344  147
FAIV 2015-11-25 2016-03-02    0.19967516    0.02448967   96
FAIV 2016-03-03 2017-03-13   -0.02948121    0.01433797  365
FAIV 2017-03-14 2017-04-14    0.26551448    0.03742090   32
FAIV 2017-04-15 2017-04-24    0.75708397    0.08375848   10
FAIV 2017-04-25 2017-10-05    0.01484344    0.03263231  156
FALE 1996-11-15 1997-10-23   -0.17026596    0.09485152  245
FALE 1997-10-24 1997-10-28   -5.72996855    0.71359194    5
FALE 1997-10-31 1998-03-29    0.11256016    0.12172647  137
FALE 1998-03-30 1998-04-15    2.56671924    0.39648658   13
FALE 1998-04-16 1999-04-27   -0.36882829    0.08269194  328
FALE 1999-04-28 1999-05-03   -4.50086228    0.64803571    6
FALE 1999-05-04 2001-08-17   -0.19673068    0.05893547  661
FALE 2001-08-18 2001-10-31    1.00560115    0.20073472   60
FALE 2001-11-01 2001-11-01   10.38015266    1.65790281    1
FALE 2001-11-03 2003-02-12    0.32488416    0.07344286  416
FALE 2003-02-16 2003-02-17    7.84334646    0.88397174    2
FALE 2003-02-18 2003-05-20   -0.20362860    0.19192251   48
FALE 2003-06-01 2003-10-03    2.39774139    0.32212223   23
FALE 2003-10-04 2003-10-16   -0.55978333    0.44255093   13
FALE 2003-10-17 2003-11-04    4.90855160    0.72991274    5
FALE 2003-11-05 2004-03-14    0.89764003    0.15302317   90
FALE 2004-03-15 2004-04-03   -1.03192662    0.30822598   18
FALE 2004-04-04 2004-04-06    5.07485608    0.84420500    3
FALE 2004-04-07 2004-04-07   -6.58956130    1.46220595    1
FALE 2004-04-08 2007-01-14    0.38018264    0.05084565  888
FALE 2007-01-15 2007-01-15   10.23339232    1.43844970    1
FALE 2007-01-17 2008-11-03    0.68956570    0.06938313  451
FALE 2008-11-04 2017-12-27    0.12571306    0.03227855 2201
FLIN 1996-06-06 1996-12-02    0.98888540    0.03592041  168
FLIN 1996-12-03 1997-01-05    1.45914419    0.04473507   34
FLIN 1997-01-06 1997-11-03    0.75827361    0.02163026  256
FLIN 1997-11-04 1998-12-06    0.96976680    0.01715599  352
FLIN 1998-12-07 1999-01-18    1.40986478    0.03838053   43
FLIN 1999-01-19 1999-09-26    0.98239391    0.02393808  228
FLIN 1999-09-27 2000-01-27    0.54324920    0.02658421  117
FLIN 2000-01-28 2000-03-03    0.99042061    0.03776431   35
FLIN 2000-03-04 2008-05-30    0.56610323    0.00651727 2645
FLIN 2008-05-31 2011-05-30    0.37993370    0.01054607  994
FLIN 2011-05-31 2012-01-15   -0.07265819    0.02633322  207
FLIN 2012-01-16 2012-03-08   -0.43640342    0.03322584   48
FLIN 2012-03-09 2012-10-13    0.06631866    0.03234608  190
FLIN 2012-10-14 2013-01-09   -0.48555436    0.03325879   72
FLIN 2013-01-10 2013-11-23   -0.01719719    0.02036511  295
FLIN 2013-11-24 2014-01-24   -0.51741968    0.03241517   62
FLIN 2014-01-25 2015-03-09   -0.24882480    0.01619208  376
FLIN 2015-03-24 2015-12-12    0.13656521    0.02688323  237
FLIN 2015-12-13 2016-01-18   -0.58222407    0.04102294   37
FLIN 2016-01-19 2017-03-31    0.17190171    0.01505300  421
FLIN 2017-04-01 2018-11-13   -0.03446507    0.01631807  535
FLIN 2018-11-14 2019-01-27   -0.38497551    0.02988584   75
FLIN 2019-01-28 2021-11-28   -0.06001868    0.01109067  959
FLIN 2021-11-29 2022-01-31   -0.51255580    0.03172480   62
FLIN 2022-02-03 2022-06-08   -0.07682491    0.02723512  125
FLIN 2022-06-09 2023-03-04   -0.57510576    0.04018432   97
FLIN 2023-03-05 2024-01-30    0.03765814    0.02010903  318
FLIN 2024-01-31 2024-02-03    1.07829569    0.11116284    4
FLIN 2024-02-04 2025-12-07   -0.01531107    0.01372315  633
FLIN 2025-12-08 2025-12-30   -0.41764152    0.05551746   23
FLRS 2008-07-15 2008-09-27   -0.09917527    0.12017544   68
FLRS 2008-09-28 2008-10-02   -2.89244639    0.42128687    5
FLRS 2008-10-03 2008-10-24    1.04004947    0.21012335   18
FLRS 2008-10-25 2015-02-19   -0.03279169    0.01806085 2060
FLRS 2015-02-20 2015-03-09    1.18759827    0.17634764   18
FLRS 2015-03-10 2018-01-13    0.01067360    0.02697659  940
FLRS 2018-01-14 2018-01-23    1.74354845    0.25092199   10
FLRS 2018-01-24 2018-05-12    0.39831343    0.07416242  102
FLRS 2018-05-13 2018-05-18    2.17760992    0.31288528    6
FLRS 2018-05-19 2019-02-19    0.11080290    0.05308066  261
FLRS 2019-02-20 2019-03-04   -1.17909539    0.20895908   13
FLRS 2019-03-05 2020-06-30    0.24796714    0.03853553  445
FLRS 2020-07-01 2025-12-30   -0.19820361    0.01922477 1854
FORT 1994-01-12 1995-09-09   -0.16940830    0.11017794  208
FORT 1995-09-10 1997-10-03   -0.93824031    0.06853682  512
FORT 1997-10-04 1998-02-09   -2.47791793    0.17240967   83
FORT 1998-02-14 1998-03-31   -4.70086771    0.32125825   28
FORT 1998-04-02 1998-04-24   -1.13189301    0.50251675   13
FORT 1998-04-25 1998-05-05   -7.70647782    0.61209091    9
FORT 1998-05-06 1999-04-04   -2.13181059    0.10906538  198
FORT 1999-04-18 1999-04-22   -8.46042053    0.81028390    5
FORT 1999-04-23 1999-07-19   -2.47963589    0.21690588   64
FORT 1999-07-20 1999-08-10   -6.37055044    0.58340632    6
FORT 1999-08-11 2000-07-27   -1.67185631    0.15089985  102
FORT 2000-07-28 2006-04-08   -2.79222178    0.04603980 1160
FRDN 2014-01-02 2015-09-30    0.19759467    0.01861444  588
FRDN 2015-10-01 2015-10-06    1.54225971    0.21679904    6
FRDN 2015-10-07 2022-12-05    0.33377435    0.00900438 2440
FRDN 2022-12-07 2022-12-07   -1.93660900    0.34363693    1
FRDN 2022-12-08 2023-01-16    0.37297359    0.05433203   40
FRDN 2023-01-17 2023-01-18    2.31361655    0.24296851    2
FRDN 2023-01-19 2025-12-30    0.23604406    0.01414807  985
FTNA 2017-01-30 2019-02-10   -0.33875634    0.05836230  627
FTNA 2019-02-11 2022-10-25   -1.00815643    0.04280893 1142
FTNA 2022-10-26 2022-11-01    1.71393324    0.45403815    7
FTNA 2022-11-02 2023-08-13   -0.74255373    0.09189360  266
FUNC 2014-01-02 2014-01-30    0.92919344    0.14459731   28
FUNC 2014-01-31 2014-05-13    0.00889338    0.07296282   98
FUNC 2014-05-14 2014-05-19   -1.78546203    0.29335468    6
FUNC 2014-05-20 2014-08-31    0.44979442    0.07919368  103
FUNC 2014-09-01 2014-09-11   -1.01644284    0.23869251   11
FUNC 2014-09-12 2015-04-05    0.69569173    0.05510340  200
FUNC 2015-04-06 2015-05-09   -0.27910152    0.12896135   34
FUNC 2015-05-10 2016-07-21    0.42334557    0.03865253  404
FUNC 2016-07-22 2016-08-20    1.57457321    0.16141488   30
FUNC 2016-08-21 2016-08-23   -3.10351035    0.53798166    3
FUNC 2016-08-24 2017-06-15    0.35499610    0.04755514  263
FUNC 2017-06-16 2017-06-25    2.30894254    0.23552320   10
FUNC 2017-06-26 2018-02-23    0.84804241    0.05572323  217
FUNC 2018-02-24 2018-03-09   -1.07727666    0.18777462   14
FUNC 2018-03-10 2018-12-05    0.68978152    0.04938849  256
FUNC 2018-12-06 2018-12-08    4.64181339    0.49271357    3
FUNC 2018-12-09 2020-02-21    0.65470292    0.03732888  435
FUNC 2020-02-22 2020-02-24    3.75633224    0.40554751    3
FUNC 2020-02-25 2020-12-02    0.67046093    0.04768007  270
FUNC 2020-12-03 2021-01-21    2.74830306    0.11494288   50
FUNC 2021-01-22 2022-01-14    0.71480983    0.04270807  337
FUNC 2022-01-15 2022-01-22   -1.14738939    0.27051680    8
FUNC 2022-01-23 2024-01-10    0.57255857    0.02965197  696
FUNC 2024-01-11 2024-01-17   -1.23065739    0.28919463    7
FUNC 2024-01-18 2024-01-26    1.89914583    0.25504569    9
FUNC 2024-01-27 2024-04-09    0.41924753    0.08469850   71
FUNC 2024-04-10 2024-04-11    4.12466583    0.54106561    2
FUNC 2024-04-12 2024-11-07    0.46956129    0.05555227  207
FUNC 2024-11-08 2024-11-10    4.24723047    0.46580610    3
FUNC 2024-11-11 2025-12-30    0.45117783    0.04169144  354
GALA 1996-02-04 1996-04-19    1.03705588    0.16122548   69
GALA 1996-04-20 1996-05-26   -0.59191311    0.22916740   31
GALA 1996-05-27 1996-09-06    1.30142988    0.14752532   62
GALA 1996-09-07 1996-12-27    0.28848264    0.12543534   78
GALA 1997-01-01 1997-01-04   -2.31341017    0.45692262    4
GALA 1997-01-05 1997-06-03    0.98991692    0.11059749  116
GALA 1997-06-04 1997-12-18   -0.40057401    0.16293324   49
GALA 1997-12-19 1998-01-24    2.44108557    0.17851949   29
GALA 1998-01-25 1998-01-25   -2.71562737    0.91384525    1
GALA 1998-01-26 1998-05-21    1.73909165    0.16473680   57
GALA 1998-05-22 2000-08-29    0.62096004    0.06409556  347
GALA 2000-08-30 2000-08-31   -3.67869883    0.76727126    2
GALA 2000-09-01 2000-10-12    1.11180841    0.17622099   40
GALA 2000-10-13 2000-10-21    3.25717109    0.38602947    9
GALA 2000-10-22 2002-04-26    0.81527223    0.05151282  497
GALA 2002-04-27 2002-04-27   -5.76905045    1.20541788    1
GALA 2002-04-28 2002-05-19    1.37743939    0.27775707   22
GALA 2002-05-20 2002-06-13   -1.21968707    0.25962644   24
GALA 2002-06-14 2002-07-17    0.76557267    0.20901284   32
GALA 2002-07-18 2002-07-19   -4.54850779    0.81019263    2
GALA 2002-07-20 2002-08-12    0.77910304    0.22743456   24
GALA 2002-08-13 2002-09-17    2.11013198    0.18194974   36
GALA 2002-09-18 2002-09-19   -4.52436966    0.77727613    2
GALA 2002-09-20 2002-10-25    0.91579904    0.18985201   36
GALA 2002-10-26 2002-11-02   -4.86992936    0.39683666    8
GALA 2002-11-03 2002-11-08   -1.32001659    0.42148759    6
GANP 2003-10-14 2005-03-17    0.55353394    0.01670881  503
GANP 2005-03-18 2005-03-19    2.13887100    0.23169840    2
GANP 2005-03-20 2007-05-21    0.46126405    0.01445741  762
GANP 2007-05-22 2007-06-15   -0.40447656    0.11482140   25
GANP 2007-06-16 2008-02-21    0.31902255    0.02607806  238
GANP 2008-02-22 2008-02-24    1.58895220    0.16263003    3
GANP 2008-02-25 2009-04-03    0.26200329    0.01971609  392
GANP 2009-04-04 2009-04-07   -1.01567674    0.19564891    4
GANP 2009-04-08 2010-04-24    0.10128948    0.02071317  371
GANP 2010-04-25 2011-01-12   -0.10125483    0.02888820  246
GANP 2011-01-13 2012-02-23    0.23015610    0.01912861  397
GANP 2012-02-24 2012-03-03    0.98066335    0.11297193    7
GANP 2012-03-04 2014-07-05    0.09903771    0.01406325  817
GANP 2014-07-06 2014-09-22   -0.58354580    0.07169415   76
GANP 2014-09-23 2014-11-27    0.06278358    0.05066819   65
GANP 2014-11-28 2014-11-30    1.93690819    0.21622526    3
GANP 2014-12-01 2014-12-02   -1.84155158    0.24352861    2
GANP 2014-12-03 2015-03-28   -0.00302330    0.02912486  113
GANP 2015-03-29 2017-01-20    0.33689541    0.01633044  645
GANP 2017-01-21 2018-04-13    0.67340969    0.01812297  435
GANP 2018-04-14 2018-04-25    1.55695967    0.11295795   12
GANP 2018-04-26 2018-10-07    0.90795462    0.04552369  159
GANP 2018-10-08 2018-10-11   -0.56025512    0.21132825    4
GANP 2018-10-12 2018-11-17    1.11624026    0.06629011   36
GANP 2018-11-18 2019-02-18    0.61493765    0.03272638   93
GANP 2019-02-19 2020-11-27    0.92369818    0.01659688  632
GANP 2020-11-28 2021-02-11    0.54684381    0.03594019   76
GANP 2021-02-12 2024-02-01    0.81868822    0.01236524 1049
GANP 2024-02-02 2024-02-06    1.72187983    0.12597268    5
GANP 2024-02-07 2025-12-30    0.73514566    0.01602461  659
GLPS 2003-01-08 2003-07-08    0.14612214    0.07458622  172
GLPS 2003-07-09 2003-07-10   -5.29262959    0.60637694    2
GLPS 2003-07-11 2003-10-19    0.43506319    0.09152405   97
GLPS 2003-10-20 2004-01-23   -0.65157311    0.09339312   95
GLPS 2004-01-24 2004-05-16    0.83407038    0.10436047  105
GLPS 2004-05-17 2006-10-16   -0.10861426    0.03409049  762
GLPS 2006-10-17 2006-12-27   -1.13327037    0.11334752   70
GLPS 2006-12-28 2007-05-30    0.27988439    0.08468908  139
GLPS 2007-05-31 2007-06-04    4.15347250    0.45107158    4
GLPS 2007-06-05 2010-08-17    0.10368822    0.03139241  891
GLPS 2010-08-18 2010-08-25   -1.94754258    0.32085475    8
GLPS 2010-08-26 2013-08-08    0.39115782    0.04449354  451
GLPS 2013-08-09 2015-01-05   -0.19932113    0.04414602  459
GLPS 2015-01-06 2015-01-22   -1.36981441    0.20115373   17
GLPS 2015-01-23 2015-06-20    0.34659806    0.09111496  125
GLPS 2015-06-21 2016-12-02   -0.52272890    0.05354900  290
GLPS 2016-12-03 2016-12-04    3.85878819    0.62845471    2
GLPS 2016-12-05 2018-03-22    0.30492215    0.04440445  453
GLPS 2018-03-23 2018-04-15   -1.57709312    0.23275665   24
GLPS 2018-04-16 2020-02-29   -0.01120807    0.03768599  618
GLPS 2020-03-01 2022-07-12   -0.58123663    0.03557762  718
GLPS 2022-07-13 2023-01-27   -1.16959057    0.06413986  199
GLPS 2023-01-28 2023-02-02    1.57340101    0.36057698    6
GLPS 2023-02-03 2023-05-27   -0.56749791    0.10182393  112
GLPS 2023-05-28 2024-03-10   -1.64011017    0.05568870  272
GLPS 2024-03-11 2024-03-27    1.19386945    0.29337142   16
GLPS 2024-03-28 2024-06-23   -0.74518777    0.10666335   88
GLPS 2024-06-24 2025-03-01   -1.61968066    0.06344758  206
GLPS 2025-03-02 2025-04-25    0.02801889    0.16551009   48
GLPS 2025-04-26 2025-12-30   -1.47211902    0.05840879  249
GLSV 1998-03-22 1998-09-05    0.73221927    0.05158718  136
GLSV 1998-09-06 1998-10-10    1.42330847    0.10171927   33
GLSV 1998-10-11 1999-01-16    0.45639904    0.04228412   92
GLSV 1999-01-17 1999-01-26    1.44034537    0.09901840   10
GLSV 1999-01-27 1999-05-24    0.51525192    0.03663775  115
GLSV 1999-05-25 1999-11-06    1.00463230    0.05192708  153
GLSV 1999-11-07 2000-11-24    0.49137100    0.02390118  362
GLSV 2000-11-25 2000-11-26   -2.24124351    0.30905091    2
GLSV 2000-11-27 2001-06-15    0.60511922    0.02839669  190
GLSV 2001-06-16 2001-08-09   -0.82313743    0.11214790   51
GLSV 2001-08-10 2002-06-30    0.46747852    0.02483204  307
GLSV 2002-07-01 2002-08-20   -0.28412498    0.12129254   43
GLSV 2002-08-21 2002-09-09    1.42011982    0.15416774   19
GLSV 2002-09-10 2005-03-17    0.52633240    0.01467059  893
GLSV 2005-03-18 2005-11-16    0.86684749    0.03595306  238
GLSV 2005-11-17 2006-01-04    0.43221757    0.05474869   49
GLSV 2006-01-05 2006-01-17    1.14481631    0.08684488   13
GLSV 2006-01-18 2008-02-10    0.56450665    0.01733103  677
GLSV 2008-02-11 2008-02-12    1.81714008    0.24352519    2
GLSV 2008-02-13 2009-12-02    0.13869247    0.01891755  623
GLSV 2009-12-03 2013-04-09    0.40427491    0.01283930 1149
GLSV 2013-04-10 2013-09-21   -0.10613618    0.05192052  148
GLSV 2013-09-22 2015-02-23    0.34278853    0.01906904  508
GLSV 2015-02-24 2015-02-24    3.09124794    0.34439662    1
GLSV 2015-02-25 2018-08-05    0.32442641    0.01315024 1198
GLSV 2018-08-06 2020-01-01    0.50875775    0.02060558  495
GLSV 2020-01-02 2020-02-09    0.86659826    0.05117403   39
GLSV 2020-02-10 2020-06-11    0.39193166    0.03831165  123
GLSV 2020-06-12 2020-11-14    0.86239805    0.05126428  150
GLSV 2020-11-15 2025-12-29    0.32833548    0.01346533 1181
GMAS 2003-04-13 2008-02-19   -2.16485899    0.21607411   15
GMAS 2008-02-20 2008-04-13   -0.15245789    0.12049370   49
GMAS 2008-04-14 2008-04-16   -2.28657214    0.39256520    3
GMAS 2008-04-17 2008-04-29    0.53302174    0.24039611    8
GMAS 2008-04-30 2008-08-28   -1.07849400    0.08733579  117
GMAS 2008-08-29 2008-12-07   -0.14416971    0.10095095   84
GMAS 2008-12-08 2009-07-23   -0.78665879    0.07224755  133
GMAS 2009-07-24 2009-08-02    1.29982912    0.31898038   10
GMAS 2009-08-03 2010-04-17   -0.87597470    0.05996540  211
GMAS 2010-04-18 2010-04-24    1.25606377    0.25699425    7
GMAS 2010-04-25 2010-12-03   -0.69718919    0.08390776  119
GMAS 2010-12-04 2010-12-21   -1.94239140    0.18229694   16
GMAS 2010-12-22 2011-04-18   -0.69364327    0.07669628  110
GMAS 2011-04-19 2011-05-06    0.48306407    0.17234181   18
GMAS 2011-05-07 2011-12-09   -0.48852733    0.06531848  207
GMAS 2011-12-10 2011-12-11    2.73424245    0.51561360    2
GMAS 2011-12-12 2012-05-07   -0.12780288    0.06611387  142
GMAS 2012-05-08 2012-05-08   -4.98608762    0.88203710    1
GMAS 2012-05-10 2012-11-17   -0.71809201    0.07076559  184
GMAS 2012-11-18 2012-11-21    1.86361172    0.43369013    4
GMAS 2012-11-23 2013-03-31   -0.29906772    0.07362800  120
GMSD 2003-12-21 2007-07-05   -0.12811808    0.03071601  978
GMSD 2007-07-06 2007-08-31    1.24753614    0.18840336   46
GMSD 2007-09-01 2019-11-22   -0.06641748    0.01542786 3960
GMSD 2019-11-23 2025-12-30    0.24127324    0.03661375  640
GODE 1994-01-06 1994-04-06    1.01401626    0.05106914   82
GODE 1994-04-07 1994-06-20    1.60534094    0.09171599   63
GODE 1994-06-21 1994-10-09   -0.10854321    0.08355031   95
GODE 1994-10-10 1995-04-09    0.84329345    0.04159579  134
GODE 1995-04-10 1995-11-02    0.50285434    0.05578330  161
GODE 1995-11-03 1995-11-04    3.35808538    0.35390150    2
GODE 1995-11-05 1996-06-05    1.10168991    0.03488767  208
GODE 1996-06-06 1996-09-16    0.18553572    0.10781784   72
GODE 1996-09-17 1997-05-23    1.21581329    0.03359785  230
GODE 1997-05-24 1997-10-03    0.61058685    0.07803607  121
GODE 1997-10-04 1998-01-05    1.32486755    0.05088297   93
GODE 1998-01-06 1998-01-08   -0.81071651    0.23486599    3
GODE 1998-01-09 1998-05-31    1.15807860    0.04340398  142
GODE 1998-06-02 1998-09-13    0.13739388    0.09886684   89
GODE 1998-09-14 1999-05-02    0.92457320    0.05177010   80
GODE 1999-06-30 1999-11-20   -0.17381840    0.11921812   32
GODE 1999-11-21 2000-05-02    0.73590220    0.05688951   68
GODE 2000-05-03 2000-10-01   -0.47552270    0.08718747   92
GODE 2000-10-02 2003-09-14    0.61799931    0.04460066  138
GODE 2003-09-19 2014-01-02    1.18507470    0.05624266   87
GODE 2014-01-03 2014-01-12    0.11340008    0.12864140   10
GODE 2014-01-13 2014-05-14    1.05833240    0.04561071  122
GODE 2014-05-15 2014-10-22    0.22257459    0.06539819  145
GODE 2014-10-23 2015-04-29    1.12209356    0.03494801  189
GODE 2015-04-30 2015-08-14   -0.01967156    0.08821396  100
GODE 2015-08-15 2015-09-07    1.51607397    0.19114031   20
GODE 2015-09-08 2015-10-02   -0.09877614    0.16106395   19
GODE 2015-10-03 2022-01-01    1.32156940    0.01224476 2144
GODE 2022-01-02 2022-01-03   -0.31227484    0.28765092    2
GODE 2022-01-04 2025-12-30    1.15017958    0.01531886 1389
GODZ 1999-05-05 2000-12-12    0.18529867    0.04865621  181
GODZ 2000-12-13 2004-02-03    0.47134926    0.02130010  728
GODZ 2004-02-04 2007-04-20    0.77662897    0.01828042 1038
GODZ 2007-04-21 2007-04-25    2.77339414    0.26587818    5
GODZ 2007-04-26 2007-11-25    0.81157855    0.05607181  181
GODZ 2007-11-26 2007-11-26   -2.90674361    0.51467007    1
GODZ 2007-11-27 2008-10-24    0.66869820    0.04010158  245
GODZ 2008-10-25 2009-03-02    0.25865692    0.04230430  126
GODZ 2009-03-03 2014-01-02    0.61860930    0.01539912 1552
GODZ 2014-01-03 2014-01-12   -0.30563467    0.13363730   10
GODZ 2014-01-13 2015-08-14    0.68189819    0.02552002  540
GODZ 2015-08-15 2015-09-07    2.09182058    0.20342955   20
GODZ 2015-09-08 2016-05-28    0.86768117    0.03337612  258
GODZ 2016-05-30 2016-10-08    1.89834204    0.08440575  117
GODZ 2016-10-09 2017-05-16    0.89389244    0.03540955  207
GODZ 2017-05-17 2017-10-16    1.76022031    0.07469653  140
GODZ 2017-10-17 2018-04-26    0.96420542    0.03816147  171
GODZ 2018-04-27 2018-10-16    2.04400438    0.06822685  163
GODZ 2018-10-17 2019-04-09    0.90331684    0.03772889  169
GODZ 2019-04-10 2019-10-10    1.91098122    0.07241286  125
GODZ 2019-10-11 2020-05-16    1.02911207    0.03509164  213
GODZ 2020-05-17 2020-10-20    1.70339067    0.07254899  143
GODZ 2020-10-21 2021-05-20    0.86985207    0.03961702  163
GODZ 2021-05-21 2021-10-15    1.90605212    0.07550685  138
GODZ 2021-10-16 2022-04-29    0.77791226    0.03658950  183
GODZ 2022-04-30 2022-09-17    1.68756802    0.07776034  137
GODZ 2022-09-18 2023-05-14    0.78895359    0.03418390  235
GODZ 2023-05-15 2023-10-31    1.34224165    0.06767294  156
GODZ 2023-11-01 2024-02-01    0.81641237    0.04955030   91
GOL2 1999-03-10 1999-11-16    0.13417748    0.06060208   78
GOL2 1999-11-17 1999-11-21    1.65554641    0.18144793    5
GOL2 1999-11-22 2000-01-22    0.21026935    0.05214365   54
GOL2 2000-01-23 2000-02-28   -0.28321682    0.08408708   28
GOL2 2000-03-04 2000-06-18    0.50568058    0.05482303   89
GOL2 2000-06-19 2000-06-21    2.88102876    0.39638937    3
GOL2 2000-06-22 2000-11-26   -0.86060867    0.20830444    9
GOL2 2000-12-24 2018-07-15    0.55328025    0.02211780  502
GOL2 2018-07-16 2018-08-19   -0.42136851    0.16607471   24
GOL2 2018-08-22 2018-09-02    1.64331575    0.23581430   12
GOL2 2018-09-03 2018-09-06   -1.78190990    0.40548902    4
GOL2 2018-09-08 2019-05-21    0.38455332    0.02824062  254
GOL2 2019-05-22 2019-06-19   -0.60041955    0.12307889   27
GOL2 2019-06-20 2019-12-06    0.41705990    0.04464995  155
GOL2 2019-12-07 2019-12-08    2.26265666    0.25204423    2
GOL2 2019-12-09 2020-04-20    0.33705700    0.03698592  134
GOL2 2020-04-21 2020-04-24   -0.79829616    0.20906821    4
GOL2 2020-04-25 2022-07-30    0.51336377    0.01859847  736
GOL2 2022-08-02 2022-08-18   -1.78337237    0.25870012   10
GOL2 2022-08-19 2023-05-17    0.35203372    0.02827727  260
GOL2 2023-05-18 2023-05-23   -1.92040448    0.24948507    5
GOL2 2023-05-24 2023-07-19    0.44843920    0.09314149   55
GOL2 2023-07-20 2023-08-16   -0.97098939    0.16282070   25
GOL2 2023-08-18 2024-07-11    0.31071052    0.02686611  318
GOL2 2024-07-12 2024-07-25   -2.13628204    0.28632829    8
GOL2 2024-07-26 2024-11-22    0.31161395    0.05240086  118
GOL2 2024-11-23 2024-11-24    2.03605191    0.28689438    2
GOL2 2024-11-25 2025-12-19    0.57464216    0.02485196  378
GOL2 2025-12-20 2025-12-23    1.88496501    0.17822218    4
GOL2 2025-12-24 2025-12-30    0.39570674    0.13472331    7
GOLD 1994-01-06 1994-03-12    0.04302284    0.06627470   48
GOLD 1994-03-13 1995-10-10    0.77703247    0.03255201  372
GOLD 1995-10-11 1996-05-26    0.21977146    0.03496169  189
GOLD 1996-05-27 1997-05-09    0.57083575    0.03144519  295
GOLD 1997-05-10 1997-05-18   -1.33349454    0.24298580    6
GOLD 1997-05-21 1997-07-19    1.12094527    0.10298074   49
GOLD 1997-07-20 1998-01-12    0.40338299    0.04396270  153
GOLD 1998-01-13 1998-01-18    1.80246851    0.17857771    6
GOLD 1998-01-21 1998-07-18    0.29654197    0.04510681  152
GOLD 1998-07-19 1998-10-01   -0.92396543    0.11545729   57
GOLD 1998-10-02 1999-01-23    0.25390454    0.04878860   88
GOLD 1999-01-24 1999-06-07   -0.26308833    0.06410552   62
GOLD 1999-06-09 2000-10-06    0.75381115    0.07604534  128
GOLD 2000-10-07 2000-10-09    2.67229913    0.32551917    3
GOLD 2000-10-10 2001-03-20    0.18439432    0.03754844  153
GOLD 2001-03-21 2001-03-26    2.10917885    0.23052935    5
GOLD 2001-03-27 2002-04-01    0.36872789    0.02901226  354
GOLD 2002-04-02 2002-11-18    0.77272340    0.04321804  222
GOLD 2002-11-19 2007-08-04    0.40565807    0.01340304 1613
GOLD 2007-08-05 2007-09-29    1.19685078    0.12865614   47
GOLD 2007-09-30 2016-06-27    0.27350337    0.00986080 2977
GOLD 2016-06-30 2017-01-12    0.78125655    0.04196185  177
GOLD 2017-01-13 2019-05-21    0.47948215    0.02350671  527
GOLD 2019-05-22 2019-06-19   -0.57639431    0.12800171   27
GOLD 2019-06-20 2022-07-30    0.43537337    0.01710632 1042
GOLD 2022-08-02 2022-08-18   -1.68280526    0.30201940   10
GOLD 2022-08-19 2023-05-17    0.32482021    0.03120150  261
GOLD 2023-05-18 2023-05-23   -1.80739901    0.26617761    5
GOLD 2023-05-24 2024-04-21    0.24369758    0.03047598  312
GOLD 2024-04-22 2025-12-30    0.51802169    0.02343547  582
GOPE 1995-09-17 1995-12-03   -0.52107660    0.04995241   70
GOPE 1995-12-04 1995-12-11   -1.22918793    0.11049520    8
GOPE 1995-12-14 1995-12-15    0.46909863    0.22099040    2
GOPE 1995-12-22 1996-01-08   -1.55076779    0.09728793   11
GOPE 1996-01-15 1996-01-28   -0.26171498    0.08790869   14
GOPE 1996-01-29 1996-02-17   -1.53258977    0.06910455   19
GOPE 1996-02-20 1996-04-20   -0.57787823    0.04219974   60
GOPE 1996-04-21 1998-02-09   -1.03792392    0.01632468  626
GOPE 1998-02-10 1998-04-17   -0.60382912    0.03936059   66
GOPE 1998-04-18 1999-01-26   -0.94848999    0.02621519  276
GOPE 1999-01-27 1999-02-01   -2.14616661    0.13179674    6
GOPE 1999-02-02 1999-11-02   -1.08983442    0.02675725  258
GOPE 1999-11-08 2000-09-08   -0.84335825    0.02259360  290
GOPE 2000-09-09 2001-10-04   -0.17749957    0.02135190  357
GOPE 2001-10-05 2006-08-30    0.35800895    0.00955823 1694
GOPE 2006-08-31 2009-03-05    0.75761779    0.01321844  870
GOPE 2009-03-10 2010-02-18    0.49250659    0.02422248  299
GOPE 2010-02-19 2014-04-21    0.31887853    0.01030559 1449
GOPE 2014-04-23 2014-10-04    0.02917481    0.04287794  160
GOPE 2014-10-05 2014-10-13    1.37762668    0.15106068    9
GOPE 2014-10-14 2015-10-31    0.50747052    0.02059440  376
GOPE 2015-11-01 2015-11-05   -0.66365847    0.16811288    5
GOPE 2015-11-06 2016-07-30    0.33617972    0.02297891  261
GOPE 2016-07-31 2018-04-08    0.52707156    0.01577650  590
GOPE 2018-04-09 2018-09-03    0.90042816    0.04426113  142
GOPE 2018-09-04 2019-03-19    0.39840580    0.02513592  196
GOPE 2019-03-20 2020-12-23    0.60968391    0.01658994  623
GOPE 2020-12-24 2024-06-19    0.41125685    0.01108480 1229
GOPE 2024-06-20 2024-09-08    0.94617688    0.06912327   77
GOPE 2024-09-09 2025-12-30    0.47349045    0.01827156  468
GOUG 1998-01-16 2003-08-11    0.01306453    0.02167017 1335
GOUG 2003-08-12 2003-08-29    1.10199316    0.17002045   16
GOUG 2003-08-30 2004-12-19   -0.43460545    0.04610015  294
GOUG 2004-12-20 2006-12-07    0.07313341    0.04256573  365
GOUG 2007-08-05 2007-10-09    2.93613940    0.10505935   46
GOUG 2007-10-10 2008-02-23    1.08493962    0.10286415   72
GOUG 2008-02-24 2008-04-26    2.08545250    0.11762823   54
GOUG 2008-04-27 2008-05-08    0.86635413    0.20870473   12
GOUG 2008-05-09 2008-05-12    3.10262880    0.34245158    4
GOUG 2008-05-14 2008-06-13    0.62375592    0.14286771   25
GOUG 2008-06-14 2008-09-17    2.59113595    0.08205174   77
GRAS 1995-02-23 1995-04-07    0.01057464    0.07226092   42
GRAS 1995-04-08 1995-04-09    2.62847975    0.37556923    2
GRAS 1995-04-10 1995-05-26    0.39360989    0.09067994   43
GRAS 1995-05-27 1997-02-11   -0.16337280    0.02508079  439
GRAS 1997-02-15 1997-02-19    1.25485044    0.18207635    5
GRAS 1997-02-24 1997-03-27    0.10035244    0.08335020   30
GRAS 1997-03-28 1997-04-23    0.94240609    0.10811264   23
GRAS 1997-04-24 1999-04-14    0.05274236    0.02184189  664
GRAS 1999-04-15 1999-11-22   -0.37192328    0.05831520  146
GRAS 1999-11-25 2000-03-18    0.19817227    0.04328684  101
GRAS 2000-03-31 2001-05-10   -0.17911456    0.03059802  317
GRAS 2001-05-11 2003-09-11    0.12021894    0.02218396  717
GRAS 2003-09-12 2003-09-18    2.24005468    0.29520129    7
GRAS 2003-09-19 2004-10-03    0.25253494    0.03505453  296
GRAS 2004-10-04 2004-11-04   -0.85280514    0.13331116   23
GRAS 2004-11-05 2008-02-06    0.20636827    0.01667169 1082
GRAS 2008-02-07 2008-02-29    0.93765397    0.10178377   16
GRAS 2008-03-01 2011-10-03    0.11931130    0.01624522 1228
GRAS 2011-10-04 2011-10-22    1.06810808    0.15413739   19
GRAS 2011-10-23 2013-09-18   -0.09819619    0.02124636  687
GRAS 2013-09-19 2013-09-22    2.85291952    0.39051460    4
GRAS 2013-09-23 2016-07-31   -0.11621159    0.01731933 1016
GRAS 2016-08-01 2016-08-26    1.13540513    0.17460463   26
GRAS 2016-08-27 2020-03-31    0.14604015    0.01527905 1278
GRAS 2020-04-01 2020-05-12    0.85139409    0.08677483   42
GRAS 2020-05-13 2024-05-09    0.25158210    0.01504154 1354
GRAS 2024-05-10 2024-05-11    3.43007149    0.47618299    2
GRAS 2024-05-12 2024-11-27    0.00024115    0.05144365  196
GRAS 2024-11-28 2024-12-06    1.47810218    0.15867737    9
GRAS 2024-12-07 2025-12-30    0.22859253    0.02857385  375
GRAZ 1994-01-06 1994-01-17    0.13248265    0.10390759   11
GRAZ 1994-01-18 1995-02-07    0.72218200    0.02585205  340
GRAZ 1995-02-08 1995-12-11    0.42262976    0.03094253  284
GRAZ 1995-12-12 1996-01-04   -0.16126604    0.09724447   15
GRAZ 1996-01-05 1996-06-27    0.60454013    0.03375407  161
GRAZ 1996-06-28 1996-12-23    0.20957811    0.04317616  174
GRAZ 1996-12-24 1997-01-06   -0.65203082    0.09856510   14
GRAZ 1997-01-07 1999-01-25    0.35550768    0.01787173  695
GRAZ 1999-01-26 2001-03-20    0.10105184    0.01769464  690
GRAZ 2001-03-21 2002-02-09    0.66494412    0.03008413  285
GRAZ 2002-02-10 2003-08-06    0.33156201    0.02177010  504
GRAZ 2003-08-07 2003-08-15    2.36187768    0.27603105    9
GRAZ 2003-08-16 2003-12-27    0.56221067    0.04668446  119
GRAZ 2003-12-28 2004-11-14    0.19271442    0.02803361  305
GRAZ 2004-11-15 2005-01-20    0.66905738    0.04687710   67
GRAZ 2005-01-21 2006-02-15    0.28578084    0.02501546  354
GRAZ 2006-02-16 2006-11-06    0.06636493    0.03518938  238
GRAZ 2006-11-07 2007-04-14    0.43313082    0.03072795  152
GRAZ 2007-04-15 2007-04-28    1.27537103    0.12558386   14
GRAZ 2007-04-29 2008-11-04    0.30156166    0.02262226  543
GRAZ 2008-11-05 2008-11-05   -2.99779866    0.43755508    1
GRAZ 2008-11-06 2012-12-18    0.20537210    0.01248214 1442
GRAZ 2012-12-19 2013-01-10    0.58445850    0.07683884   23
GRAZ 2013-01-11 2014-11-19    0.02616796    0.01913234  653
GRAZ 2014-11-20 2015-01-15    0.43774228    0.05084243   57
GRAZ 2015-01-16 2016-07-24    0.15191852    0.02087003  506
GRAZ 2016-07-26 2025-02-09    0.42717568    0.00873613 2967
GRAZ 2025-02-10 2025-03-25   -0.03309974    0.05441427   44
GRAZ 2025-03-26 2025-12-30    0.47921755    0.03400529  269
GUAM 1995-02-03 1995-04-27   -1.67405973    0.24481168   24
GUAM 1995-04-28 1995-05-04   -4.34977646    0.51117176    6
GUAM 1995-05-05 1995-07-29   -0.02360593    0.23015188   24
GUAM 1995-08-14 1996-06-02   -1.38063893    0.09019113  188
GUAM 1996-06-03 1997-02-07   -0.22374842    0.10698461  122
GUAM 1997-02-08 1997-05-09   -1.53980119    0.15308364   63
GUAM 1997-05-11 1997-08-10    0.42653613    0.14572201   61
GUAM 1997-08-12 1997-08-12   -6.26984361    1.11170450    1
GUAM 1997-08-14 1998-07-03   -0.87291673    0.08113431  229
GUAM 1998-07-04 1998-07-19    1.06273903    0.27009470   15
GUAM 1998-07-21 1999-05-15   -0.45882708    0.12038515  105
GUAM 1999-05-16 2000-07-22   -1.25698181    0.07405544  259
GUAM 2000-07-23 2000-07-25   -5.35288329    0.60395011    3
GUAM 2000-07-26 2000-08-21   -1.13657687    0.21483860   26
GUAM 2000-08-22 2000-11-25   -2.39315765    0.13914820   80
GUAM 2000-11-26 2003-05-13   -1.33614460    0.04385033  778
GUAM 2003-05-14 2003-05-21    1.92096895    0.44847145    8
GUAM 2003-05-22 2010-06-18   -0.80462420    0.02465845 2436
GUAM 2010-06-19 2010-10-07   -1.68860595    0.10667044  110
GUAM 2010-10-08 2017-01-13   -0.40794003    0.02695162 2027
GUAM 2017-01-14 2017-03-25    0.64024072    0.14401458   71
GUAM 2017-03-26 2017-09-26   -0.32825321    0.08506718  185
GUAM 2017-09-27 2020-02-11    0.59508935    0.05210687  567
GUAM 2020-02-12 2022-03-19    0.01654604    0.05109949  551
GUAM 2022-03-20 2025-12-30   -0.45624108    0.03574367 1162
GUAO 2002-06-16 2002-10-01    0.23258073    0.08415724   99
GUAO 2002-10-02 2003-02-06   -0.42594559    0.02831856  124
GUAO 2003-02-07 2003-03-10   -0.76259871    0.05231239   32
GUAO 2003-03-11 2003-03-31    0.01460740    0.07441307   21
GUAO 2003-04-01 2003-10-31   -0.62445185    0.04328879  187
GUAO 2003-11-01 2003-11-02    1.25851753    0.24287555    2
GUAO 2003-11-03 2005-10-12   -0.53722935    0.01560963  647
GUAO 2005-10-13 2005-10-17    1.33807294    0.20938660    5
GUAO 2005-10-18 2006-01-30   -0.47534789    0.03019834  103
GUAO 2006-01-31 2006-02-02    0.96218733    0.15535001    3
GUAO 2006-02-03 2006-03-10   -0.71775093    0.04901591   36
GUAO 2006-03-11 2006-03-26   -0.11116502    0.08525088   16
GUAO 2006-03-27 2006-04-18   -0.94924088    0.08055386   23
GUAO 2006-04-19 2006-11-20   -0.04987478    0.04114163  192
GUAO 2006-11-21 2007-04-27   -0.45489818    0.02532924  147
GUAO 2007-04-28 2007-07-02    0.05292237    0.08117638   63
GUAO 2007-07-03 2007-09-15   -1.17820218    0.10750081   65
GUAO 2007-09-16 2008-07-08   -0.40483186    0.02219151  275
GUAO 2008-07-09 2008-12-11   -1.30119575    0.04066275  146
GUAO 2008-12-12 2011-01-02   -0.90510237    0.02013077  417
GUAO 2011-01-03 2011-04-05   -0.66651953    0.02990653   93
GUAO 2011-04-06 2011-04-25   -1.19846822    0.09000031   20
GUAO 2011-04-26 2012-04-02   -0.38521518    0.02231587  269
GUAO 2012-04-03 2012-04-18   -1.01858022    0.10062341   16
GUAO 2012-04-19 2012-04-28    0.34737912    0.12727966   10
GUAO 2012-04-29 2012-10-28   -0.55709475    0.05098911  169
GUAO 2012-10-29 2012-11-09    0.16128757    0.10542607   12
GUAO 2012-11-10 2013-03-21   -0.74809966    0.02557237  132
GUAO 2013-03-22 2013-11-07   -0.15199819    0.03747938  220
GUAO 2013-11-08 2013-12-30   -0.71500965    0.04460548   53
GUAT 2000-07-29 2001-03-05   -1.02768521    0.06784778  209
GUAT 2001-03-06 2001-03-20    0.32084937    0.27374650   15
GUAT 2001-03-21 2001-03-22    4.41377158    0.74968567    2
GUAT 2001-03-23 2001-11-04   -0.66255001    0.07047081  204
GUAT 2001-11-05 2002-01-22    0.26125847    0.11150952   77
GUAT 2002-01-23 2002-12-08   -0.73408482    0.05935394  290
GUAT 2002-12-09 2002-12-11    2.64643892    0.55827222    3
GUAT 2002-12-12 2004-03-28   -0.43623261    0.05020813  394
GUAT 2004-03-29 2004-04-13    1.64605105    0.29232623   16
GUAT 2004-04-14 2004-10-23   -0.48807593    0.07548897  176
GUAT 2004-10-24 2004-10-31   -2.80670693    0.33649671    8
GUAT 2004-11-01 2005-02-21   -0.49365683    0.12860669   63
GUAT 2005-02-22 2005-04-04    0.81427010    0.16530483   42
GUAT 2005-04-05 2005-09-02   -0.90304285    0.08480412  149
GUAT 2005-09-03 2006-01-14    0.08173597    0.08647599  127
GUAT 2006-01-15 2006-01-17    3.00874900    0.51330159    3
GUAT 2006-01-18 2009-11-12   -0.40056792    0.02879513 1238
GUAT 2009-11-13 2009-11-14    4.63566275    0.78578500    2
GUAT 2009-11-15 2010-07-19    0.06179124    0.06631271  241
GUAT 2010-07-20 2010-10-20   -0.82658850    0.09943182   91
GUAT 2010-10-21 2010-10-23   -4.14944478    0.54949683    3
GUAT 2010-10-24 2011-10-25   -0.35939207    0.05585113  319
GUAT 2011-10-26 2011-10-29    3.09434444    0.47587821    4
GUAT 2011-10-30 2018-09-19   -0.31659255    0.02242222 2018
GUAT 2018-09-20 2018-10-21    0.84279001    0.16726956   32
GUAT 2018-10-22 2019-12-24   -0.44658978    0.05346613  368
GUAT 2019-12-25 2019-12-28    4.28335529    0.48347793    4
GUAT 2019-12-29 2023-09-09   -0.49491874    0.03853042  665
GUAT 2023-09-10 2023-10-30    0.30073577    0.13498115   49
GUAT 2023-10-31 2025-02-12   -0.72776740    0.05342161  346
GUUG 2003-08-29 2004-03-16   -0.35403719    0.08616789  174
GUUG 2004-03-17 2004-03-18   -4.99288708    0.76098356    2
GUUG 2004-03-19 2005-04-11   -0.18895591    0.05690126  371
GUUG 2005-04-12 2005-12-30    0.26509291    0.07123789  229
GUUG 2005-12-31 2006-03-28   -0.70697812    0.11908226   85
GUUG 2006-03-29 2006-04-06    2.08986764    0.38166775    9
GUUG 2006-04-07 2008-06-15   -0.20555895    0.04177933  668
GUUG 2008-06-16 2008-06-20    2.00180745    0.47402155    5
GUUG 2008-06-21 2008-11-02   -0.88988002    0.08667535  135
GUUG 2008-11-03 2010-06-25   -0.15067667    0.04716647  565
GUUG 2010-06-26 2010-09-27   -1.16096886    0.10179886   94
GUUG 2010-09-28 2017-09-26   -0.14791742    0.02211015 2418
GUUG 2017-09-27 2019-06-07    0.40371642    0.04541501  596
GUUG 2019-06-08 2020-04-30    0.97423400    0.06238898  302
GUUG 2020-05-01 2024-09-20    0.42119182    0.02848148 1442
HARB 2000-08-12 2000-09-11    0.79918148    0.08709807   30
HARB 2000-09-12 2000-09-13    3.28321836    0.40840092    2
HARB 2000-09-14 2001-08-17    0.48242757    0.03588117  307
HARB 2001-08-18 2001-08-19    2.66159690    0.31001598    2
HARB 2001-09-05 2002-08-06    0.38071108    0.03366181  325
HARB 2002-08-07 2002-08-10    2.05221637    0.21921440    4
HARB 2002-08-11 2003-05-20    0.47136725    0.04495533  249
HARB 2003-05-21 2003-06-12   -0.32625316    0.09151654   23
HARB 2003-06-13 2004-09-22    0.36753864    0.02784287  331
HARB 2004-09-23 2005-03-24    0.90371118    0.07162897  171
HARB 2005-03-25 2005-04-08   -0.68283089    0.21118654   15
HARB 2005-04-09 2005-12-26    0.90687294    0.03321403  255
HARB 2005-12-27 2006-09-13    0.33621097    0.03417631  257
HARB 2006-09-14 2007-02-26    1.01169850    0.06951627  163
HARB 2007-02-27 2007-06-14    0.32269764    0.05768481  104
HARB 2007-06-15 2007-08-29   -0.11870770    0.04653267   75
HARB 2007-08-30 2008-05-14    0.61563448    0.05185350  236
HARB 2008-05-15 2008-10-03    0.15149154    0.04836482   96
HARB 2008-10-04 2008-10-06    3.43224002    0.45200205    3
HARB 2008-10-07 2009-05-06    0.59215089    0.06304507  197
HARB 2009-05-07 2009-08-23   -0.17439202    0.04062827  106
HARB 2009-08-24 2010-05-06    0.38751056    0.04959479  253
HARB 2010-05-07 2011-04-07    0.01142087    0.03229033  331
HARB 2011-04-08 2011-05-08   -0.88817415    0.12305315   26
HARB 2011-05-11 2011-12-20   -0.13977866    0.03522166  212
HARB 2011-12-21 2013-07-05    0.11335459    0.02586094  545
HARB 2013-07-06 2013-07-06    2.71689529    0.37572616    1
HARB 2013-07-07 2022-03-10   -0.03042292    0.01079184 2948
HARB 2022-03-11 2023-07-20   -0.34337792    0.02563322  475
HARB 2023-07-21 2025-12-30   -0.12717487    0.02048310  830
HERS 1994-01-22 1999-03-09    0.48959633    0.02774343  369
HERS 1999-03-10 1999-05-01    1.15530293    0.06247423   48
HERS 1999-05-02 2000-04-21    1.57579186    0.02901699  343
HERS 2000-04-22 2000-12-16    1.15781582    0.04222812  214
HERS 2000-12-17 2001-05-11    1.50815817    0.03808762  135
HERS 2001-05-12 2001-12-21    0.62384512    0.05289220  122
HERS 2001-12-22 2004-07-28    0.33535831    0.01712563  928
HERS 2004-07-29 2004-08-24   -0.62285291    0.14705813   26
HERS 2004-08-25 2005-04-22    0.60506679    0.03229864  235
HERS 2005-04-23 2005-05-03   -0.38029144    0.13884779   11
HERS 2005-05-04 2006-03-26    0.49717914    0.03047901  319
HERS 2006-03-27 2006-12-13    0.26217129    0.03721846  247
HERS 2006-12-14 2010-08-28    0.54305076    0.01471622 1259
HERS 2010-08-29 2011-05-30    0.05319194    0.03013322  271
HERS 2011-05-31 2012-01-05   -0.21524145    0.04330709  205
HERS 2012-01-06 2012-03-15    0.28133324    0.05175717   68
HERS 2012-03-16 2016-07-23   -0.16162066    0.01339248 1578
HERS 2016-07-24 2022-05-13    0.18849029    0.01161224 2068
HERS 2022-05-14 2022-05-17    2.02581831    0.27333517    4
HERS 2022-05-18 2022-05-23   -0.73547589    0.27333517    4
HERS 2022-05-24 2022-08-17    0.67356837    0.07639242   82
HERS 2022-08-18 2025-12-30    0.19353162    0.01544961 1207
HERT 2003-03-20 2004-07-28    0.18606813    0.02434914  478
HERT 2004-07-29 2004-08-24   -0.74234341    0.14653332   26
HERT 2004-08-25 2005-04-22    0.47397678    0.03209220  232
HERT 2005-04-23 2005-05-03   -0.56548382    0.13906812   11
HERT 2005-05-04 2007-01-30    0.31580532    0.02264472  582
HERT 2007-01-31 2007-02-04    1.43649018    0.17910185    5
HERT 2007-02-05 2011-05-30    0.42132036    0.01345546 1494
HERT 2011-05-31 2012-01-03    0.16984354    0.04277063  213
HERT 2012-01-04 2012-03-15    0.66095441    0.05015586   70
HERT 2012-03-16 2016-09-05    0.26133861    0.01322665 1614
HERT 2016-09-06 2022-05-13    0.55572904    0.01161062 2011
HERT 2022-05-14 2022-05-17    2.44405838    0.27307789    4
HERT 2022-05-18 2022-05-23   -0.36124681    0.27307789    4
HERT 2022-05-24 2022-08-17    1.02098493    0.07655361   82
HERT 2022-08-18 2025-12-30    0.45226258    0.01554267 1188
HLFX 2002-12-21 2003-01-12   -0.58992720    0.08029496   23
HLFX 2003-01-13 2005-03-07    0.07207450    0.01784659  732
HLFX 2005-03-08 2005-03-08   -2.23410271    0.40700839    1
HLFX 2005-03-09 2006-01-14   -0.06674651    0.03400736  269
HLFX 2006-01-15 2006-01-22    1.04046949    0.13565917    7
HLFX 2006-01-23 2008-11-30    0.05280799    0.01642883  969
HLFX 2008-12-01 2008-12-02   -2.09368337    0.29795291    2
HLFX 2008-12-03 2013-04-22    0.10040316    0.01253873 1514
HLFX 2013-04-23 2013-04-26   -1.72688591    0.27392566    4
HLFX 2013-04-27 2017-02-24    0.06016068    0.01398483 1280
HLFX 2017-02-25 2017-03-02    0.88703408    0.14270536    6
HLFX 2017-03-03 2021-08-06    0.17995450    0.01310596 1499
HLFX 2021-08-07 2021-09-21    1.14075938    0.12863683   39
HLFX 2021-09-22 2025-12-30    0.26549773    0.01309941 1457
HNLC 1997-06-20 1999-12-02   -0.45337884    0.04092025  788
HNLC 1999-12-03 1999-12-04    3.95460086    0.79660493    2
HNLC 1999-12-06 2000-09-13   -0.83968294    0.06944232  254
HNLC 2000-09-14 2000-09-20   -3.59227478    0.47305920    7
HNLC 2000-09-21 2001-03-30   -0.42773270    0.08542229  183
HNLC 2001-03-31 2001-04-01   -5.19553227    0.75496039    2
HNLC 2001-04-02 2001-05-10   -0.92286881    0.17220273   37
HNLC 2001-05-11 2001-05-21    1.46137597    0.34503382   10
HNLC 2001-05-22 2001-06-21   -0.92818739    0.19404665   31
HNLC 2001-06-22 2001-12-20    0.24822685    0.09511339  162
HNLC 2001-12-21 2002-01-24   -1.28219927    0.19257148   34
HNLC 2002-01-25 2003-09-08    0.00005981    0.04695208  572
HNLC 2003-09-09 2003-09-14   -3.34564749    0.51096234    6
HNLC 2003-09-15 2004-01-20   -0.39953949    0.10881573  124
HNLC 2004-01-21 2005-11-11    0.21834843    0.05574557  399
HNLC 2005-11-12 2005-12-06   -1.56666233    0.24502584   25
HNLC 2005-12-07 2018-02-27   -0.02415117    0.02070209 3006
HNLC 2018-02-28 2018-03-12    2.55057650    0.30504220   13
HNLC 2018-03-13 2025-12-12    0.22537000    0.03690081  961
HNLC 2025-12-13 2025-12-20   -1.91487769    0.39830246    8
HNPT 1995-12-21 1996-04-20    0.19080440    0.04967387  119
HNPT 1996-04-21 1996-04-21    4.98696960    0.67123544    1
HNPT 1996-04-22 1997-04-26    0.31695430    0.03616331  350
HNPT 1997-04-27 1998-01-04    1.08662214    0.05069881  229
HNPT 1998-01-05 1998-01-08   -0.62567558    0.24979791    4
HNPT 1998-01-09 1998-10-08    0.76675885    0.04567335  244
HNPT 1998-10-09 1998-10-09   -3.19405050    0.72021166    1
HNPT 1998-10-12 1999-01-09    1.07101573    0.07400742   67
HNPT 1999-01-17 1999-03-02    1.92067842    0.08353512   38
HNPT 1999-03-03 2000-02-21    1.18824069    0.03741437  329
HNPT 2000-02-22 2000-05-10    0.62983661    0.08453281   55
HNPT 2000-05-23 2000-10-29   -0.36285703    0.08049568  148
HNPT 2000-10-30 2002-04-18    0.20903519    0.02943336  448
HNPT 2002-04-19 2002-09-05    0.89659874    0.08983229  120
HNPT 2002-09-06 2007-04-12    0.37705320    0.01720882 1514
HNPT 2007-04-13 2008-01-10    0.80451395    0.04714425  259
HNPT 2008-01-11 2015-04-03    0.42714715    0.01349707 2438
HNPT 2015-04-04 2015-08-14   -0.01726388    0.08024175  126
HNPT 2015-08-15 2015-09-02    2.54459899    0.26747143   18
HNPT 2015-09-03 2015-11-08    0.68969537    0.09580373   67
HNPT 2015-11-09 2015-11-10   -2.75474337    0.44284593    2
HNPT 2015-11-11 2019-04-29    0.69119362    0.01958977 1135
HNPT 2019-04-30 2019-10-13    1.35448672    0.08286568  137
HNPT 2019-10-14 2022-04-30    0.71828389    0.02577761  599
HNPT 2022-05-01 2022-08-09    1.27520372    0.11116482   79
HNPT 2022-08-10 2025-12-30    0.44251009    0.04227946  257
HOB2 1995-12-02 1996-05-17   -0.19184730    0.08204482   57
HOB2 1996-05-18 1996-05-28    1.10853359    0.17785857   10
HOB2 1996-05-31 1996-10-18   -0.45802110    0.04999272   99
HOB2 1996-10-19 1998-03-01    0.03342343    0.03425665  270
HOB2 1998-03-02 1998-08-12   -0.25140178    0.04461248  148
HOB2 1998-08-13 1998-08-14   -1.96552202    0.33222070    2
HOB2 1998-08-15 1998-08-15   -5.66426763    0.46983101    1
HOB2 1998-10-27 1999-01-15   -0.09200038    0.07438871   67
HOB2 1999-01-16 1999-09-01   -0.54287266    0.03862311  204
HOB2 1999-09-02 1999-12-01   -1.29746714    0.05662916   88
HOB2 1999-12-02 2000-10-25   -0.03847167    0.03137853  317
HOB2 2000-10-26 2002-05-15   -0.23264357    0.02532178  527
HOB2 2002-05-16 2004-12-03    0.26367256    0.01821332  902
HOB2 2004-12-04 2004-12-20   -0.81668934    0.15533394   17
HOB2 2004-12-21 2017-11-25    0.35047908    0.00835717 4472
HOB2 2017-11-26 2021-05-10    0.55368393    0.01616325 1227
HOB2 2021-05-11 2022-01-23    0.24195353    0.03482655  233
HOB2 2022-01-24 2022-02-01    1.74009759    0.22844460    9
HOB2 2022-02-02 2024-05-19    0.45894296    0.01962372  827
HOB2 2024-05-20 2025-12-30    0.29413289    0.02291957  568
HOFN 1997-06-30 1997-07-17   -0.88069769    0.14348074   18
HOFN 1997-07-18 1997-07-28   -2.25971271    0.19309436   10
HOFN 1997-07-29 2000-04-28   -0.50343406    0.03078583  224
HOFN 2000-04-29 2000-05-24   -1.26726868    0.09750610   24
HOFN 2000-05-26 2001-05-03   -0.61894052    0.04041671  113
HOFN 2001-05-04 2001-05-10   -2.10490083    0.18286869    7
HOFN 2001-05-11 2001-09-10   -0.92820774    0.05197297  118
HOFN 2001-09-13 2002-03-20    0.52938037    0.03457002  160
HOFN 2002-03-21 2002-04-25   -0.04325784    0.07158845   34
HOFN 2002-04-26 2004-07-04    0.43593120    0.01716769  772
HOFN 2004-07-05 2004-07-13    1.77874091    0.20353932    9
HOFN 2004-07-14 2006-11-01    0.58020389    0.02339982  504
HOFN 2006-11-02 2008-01-16    0.32596417    0.04200983  114
HOFN 2008-01-17 2008-01-29   -0.42633332    0.11721775   13
HOFN 2008-01-30 2011-09-14    0.40467405    0.01329168 1270
HOFN 2011-09-15 2012-02-09    0.05872446    0.03783155  143
HOFN 2012-02-10 2013-05-02    0.52375121    0.02207943  430
HOFN 2013-05-03 2015-04-20    0.08892560    0.01814934  678
HOFN 2015-04-21 2016-12-30    0.26595664    0.01984694  600
HOFN 2016-12-31 2019-05-17    0.41204558    0.01632212  799
HOFN 2019-05-18 2019-12-01    0.77214950    0.03834200  194
HOFN 2019-12-02 2021-06-25    0.45106738    0.01929060  566
HOFN 2021-06-26 2021-07-02    2.24698116    0.22212386    7
HOFN 2021-07-05 2023-03-30    0.40697729    0.01953710  586
HOFN 2023-03-31 2023-04-20   -0.30639968    0.09203425   21
HOFN 2023-04-21 2023-12-11    0.53441261    0.03394598  232
HOFN 2023-12-12 2025-12-30    0.28831204    0.01733648  737
HOLB 1994-01-06 1994-03-06    0.40078912    0.05876848   53
HOLB 1994-03-07 1994-03-13    2.19854161    0.15328500    7
HOLB 1994-03-14 1994-03-19    3.92478104    0.16556673    6
HOLB 1994-03-24 1994-04-09    2.11433059    0.10837385   14
HOLB 1994-04-10 1994-04-17    3.46004952    0.14335023    8
HOLB 1994-04-18 1994-04-27    2.31206072    0.15324784    7
HOLB 1994-04-28 1996-07-24    0.27119579    0.01837432  723
HOLB 1996-07-25 1996-07-28    2.01083843    0.31977608    4
HOLB 1996-07-29 2001-03-19    0.18901921    0.01243412 1557
HOLB 2001-03-20 2001-12-18    0.57246943    0.03152473  266
HOLB 2001-12-25 2001-12-30    2.06324485    0.21912324    4
HOLB 2002-01-24 2002-10-21   -0.33047534    0.03077081  261
HOLB 2002-10-22 2003-08-12    0.01633516    0.02730648  290
HOLB 2003-08-13 2003-12-03    0.46841686    0.05471122  104
HOLB 2003-12-04 2003-12-23    1.25074303    0.09799489   20
HOLB 2003-12-24 2005-11-20    0.04415562    0.01865811  684
HOLB 2005-11-21 2006-03-08    0.69058957    0.04186740  107
HOLB 2006-03-09 2007-02-06    0.23216187    0.03079136  273
HOLB 2007-02-07 2007-04-25    0.63637644    0.04920419   68
HOLB 2007-04-26 2008-02-06    0.19030500    0.05330755   84
HOLB 2008-02-07 2008-03-20    0.86839124    0.06195308   43
HOLB 2008-08-02 2008-09-27    0.00967777    0.08931022   55
HOLB 2008-09-29 2008-09-30   -2.76363912    0.47415848    2
HOLB 2008-10-01 2008-12-12    0.27189939    0.05831982   72
HOLB 2008-12-13 2012-05-26   -0.16715771    0.01376136 1188
HOLB 2012-05-27 2023-04-23   -0.30055129    0.01829189  693
HOLB 2023-04-24 2025-08-23    0.06489068    0.01698674  842
HOLB 2025-08-24 2025-09-10    1.10820000    0.16085241   17
HOLB 2025-09-11 2025-12-30   -0.03591211    0.04792633  111
HOLM 2001-09-02 2002-09-07    0.24434035    0.01455062  286
HOLM 2002-09-08 2003-12-04    0.52849622    0.01221010  398
HOLM 2003-12-05 2004-01-25    0.74111163    0.02562744   49
HOLM 2004-01-26 2005-02-22    0.46557814    0.01195695  354
HOLM 2005-02-23 2006-01-17    0.59703915    0.01418186  301
HOLM 2006-01-18 2006-12-19    0.44984967    0.01374059  308
HOLM 2006-12-20 2007-02-13    0.73623734    0.02333323   56
HOLM 2007-02-14 2007-04-05    0.43213086    0.02486113   50
HOLM 2007-04-06 2008-02-17    0.65099873    0.01467050  283
HOLM 2008-02-18 2008-02-25    1.25580775    0.06044394    8
HOLM 2008-02-26 2009-12-17    0.52167310    0.00993065  593
HOLM 2009-12-18 2009-12-26    1.03888633    0.06227288    9
HOLM 2009-12-27 2010-11-09    0.49432288    0.01416515  295
HOLM 2010-11-10 2010-12-15    0.04197201    0.04195514   22
HOLM 2010-12-16 2011-02-08    0.46689591    0.02392865   54
HOLM 2011-02-09 2011-05-13    0.23636128    0.02065169   94
HOLM 2011-05-16 2011-05-22    1.46935857    0.14612914    5
HOLM 2011-05-23 2011-11-18    0.28758004    0.02829291  147
HOLM 2011-11-19 2011-12-25   -0.04161870    0.03151607   37
HOLM 2011-12-26 2012-11-22    0.28885803    0.01377796  301
HOLM 2012-11-23 2012-12-16   -0.05472733    0.03916041   24
HOLM 2012-12-17 2014-12-29    0.32246439    0.00893144  653
HOLM 2014-12-30 2015-02-02    0.51311830    0.02918699   35
HOLM 2015-02-03 2015-03-28    0.16849675    0.02327431   54
HOLM 2015-03-29 2015-05-10    0.53585353    0.03892963   42
HOLM 2015-05-11 2016-01-05    0.12822363    0.02030653  198
HOLM 2016-01-06 2016-04-24    0.40006365    0.02754559   43
HOLM 2016-04-25 2017-06-26    0.14165859    0.01822561  232
HOLM 2017-06-27 2025-10-07    0.40703304    0.01948027  320
HOLM 2025-10-08 2025-12-30    0.04249244    0.04317423   26
HRAO 1996-09-28 1996-10-03   -1.05217482    0.29637600    6
HRAO 1996-10-04 1998-07-26    0.62406681    0.04254828  205
HRAO 1998-07-27 2000-06-19    0.27389587    0.02817572  514
HRAO 2000-06-20 2000-06-20   -2.47605652    0.45287295    1
HRAO 2000-06-21 2001-08-17    0.51802235    0.02949319  402
HRAO 2001-08-18 2001-08-29    1.91572606    0.13074450   12
HRAO 2001-08-30 2003-04-23    0.38843763    0.02953091  576
HRAO 2003-04-24 2003-05-04    1.44909821    0.19963632   11
HRAO 2003-05-05 2004-01-04    0.00407657    0.03671061  235
HRAO 2004-01-05 2004-04-07   -0.89619484    0.11108357   89
HRAO 2004-04-08 2004-09-22    0.44709428    0.03917284  162
HRAO 2004-09-23 2005-03-24    0.96234226    0.07656683  168
HRAO 2005-03-25 2005-04-09   -0.63223693    0.21521860   16
HRAO 2005-04-10 2005-07-06    1.19659792    0.05799408   77
HRAO 2005-07-07 2005-08-10    0.54085124    0.07288828   33
HRAO 2005-08-11 2005-12-26    1.22111021    0.06160396  133
HRAO 2005-12-27 2007-06-14    0.37220952    0.03101105  398
HRAO 2007-06-15 2007-08-26   -0.08010706    0.05192618   69
HRAO 2007-08-30 2008-03-12    0.75206736    0.07567142  117
HRAO 2008-03-13 2009-06-07    0.13281365    0.03085303  426
HRAO 2009-06-08 2009-08-29   -0.38922923    0.04759150   83
HRAO 2009-08-30 2010-05-06    0.22901212    0.05617638  240
HRAO 2010-05-07 2011-07-05   -0.19509961    0.02981092  413
HRAO 2011-07-06 2011-10-22   -0.56753082    0.04935983  108
HRAO 2011-10-23 2013-07-05   -0.14400351    0.02760316  577
HRAO 2013-07-06 2013-07-06    2.64583079    0.40607880    1
HRAO 2013-07-07 2014-04-03   -0.42613290    0.04271011  266
HRAO 2014-04-04 2022-03-10   -0.12788850    0.01293753 2431
HRAO 2022-03-11 2023-07-20   -0.39614146    0.02746057  485
HRAO 2023-07-21 2025-12-30   -0.12325000    0.02158442  872
HRM1 1999-03-26 2004-07-31    0.30251746    0.01167478 1896
HRM1 2004-08-01 2004-08-24   -0.58355800    0.14227617   21
HRM1 2004-08-25 2005-04-28    0.56937987    0.03009058  242
HRM1 2005-04-29 2005-04-29   -1.97868302    0.43732101    1
HRM1 2005-04-30 2010-11-02    0.44894886    0.01171034 1928
HYDE 2002-10-30 2002-12-09    0.68324147    0.19449515   35
HYDE 2002-12-12 2003-06-22    1.94146825    0.08498747  168
HYDE 2003-06-23 2003-10-13    0.93512109    0.11281162  110
HYDE 2003-10-14 2004-02-27    0.07491617    0.09386837  117
HYDE 2004-02-28 2004-06-06    2.37777873    0.13232666   99
HYDE 2004-06-07 2005-01-02    0.03925674    0.08694556  179
HYDE 2005-01-03 2005-01-04    4.60821517    0.61741563    2
HYDE 2005-01-08 2005-06-14    1.24058700    0.10013066  122
HYDE 2005-06-15 2005-11-05   -0.33812423    0.10747450  126
HYDE 2005-11-06 2009-09-26    0.96003000    0.03080441 1360
HYDE 2009-09-27 2012-03-13    0.51726296    0.04103706  726
HYDE 2012-03-14 2012-03-20    4.18337031    0.45530929    7
HYDE 2012-04-03 2014-12-08    0.28630373    0.04356238  713
HYDE 2014-12-09 2014-12-11   -4.18633095    0.57600293    3
HYDE 2014-12-12 2015-09-17    0.65453110    0.06979941  253
HYDE 2015-09-18 2015-09-26   -3.33260974    0.42082941    9
HYDE 2015-09-27 2015-12-12    1.04454205    0.14966008   68
HYDE 2015-12-13 2015-12-16    4.61939437    0.49883317    4
HYDE 2015-12-17 2016-05-07    0.88798931    0.09943294  109
HYDE 2016-05-08 2016-05-20    3.61847833    0.40353927   13
HYDE 2016-05-21 2016-06-01   -1.28775898    0.42907969   11
HYDE 2016-06-02 2016-06-09    3.37497855    0.42023516    8
HYDE 2016-06-10 2016-08-13   -0.11807260    0.15667956   51
HYDE 2016-08-14 2019-01-09    1.23866210    0.04265028  725
HYDE 2019-01-10 2019-05-29    0.38896158    0.09943852  127
HYDE 2019-05-30 2020-08-10    1.45151674    0.06546511  281
HYDE 2020-08-11 2023-07-19   -0.16727066    0.03840604  906
HYDE 2023-07-20 2024-02-07    0.68525960    0.08264214  173
HYDE 2024-02-08 2025-07-01   -0.31018674    0.09153207  171
HYDE 2025-07-02 2025-08-12    1.80873744    0.18338760   36
IDDR 2008-04-06 2008-08-17    0.32237750    0.06302868   98
IDDR 2008-08-18 2008-10-15   -0.19441721    0.06949647   59
IDDR 2008-10-16 2009-05-09    0.35426453    0.02698721  129
IDDR 2009-05-10 2009-05-23    1.21567392    0.13307770   14
IDDR 2009-05-24 2009-11-01    0.25113373    0.04691495  145
IDDR 2009-11-02 2009-11-10    1.01766623    0.09839113    9
IDDR 2009-11-11 2011-02-13    0.21886142    0.01596279  397
IDDR 2011-02-14 2011-02-18    0.91493771    0.09729806    5
IDDR 2011-02-19 2014-12-10    0.26856152    0.01002325 1185
IDDR 2014-12-11 2014-12-12    1.57656189    0.17583690    2
IDDR 2014-12-13 2015-01-26    0.10928496    0.03837558   45
IDDR 2015-01-27 2015-04-19    0.50652872    0.03214452   62
IDDR 2015-04-20 2016-11-06    0.15558772    0.01729556  492
IDDR 2016-11-07 2016-11-15    1.07842441    0.09839113    9
IDDR 2016-11-16 2017-03-07    0.10054349    0.02692425   92
IDDR 2017-03-08 2017-03-18    0.77356020    0.08915427   11
IDDR 2017-03-19 2017-12-29    0.15225200    0.02594215  255
IDDR 2017-12-30 2017-12-30    1.78051862    0.24867093    1
IDDR 2017-12-31 2021-02-06    0.12565289    0.01154167  854
IDDR 2021-02-07 2021-02-11    0.74168580    0.09729806    5
IDDR 2021-02-12 2021-04-29    0.01515739    0.03484990   67
IDDR 2021-04-30 2022-10-23    0.48528262    0.05591143  112
IDDR 2022-10-24 2025-04-04    0.10164238    0.01247311  644
IDDR 2025-04-05 2025-04-22    0.70147407    0.09578326   18
IDDR 2025-04-23 2025-09-25   -0.19442232    0.05431965  111
IDDR 2025-09-26 2025-12-30    0.36097812    0.04107294   43
IISC 1998-01-02 1998-06-04    1.10085982    0.13064817   60
IISC 1998-06-05 1998-08-18   -1.10034428    0.12691925   65
IISC 1998-08-20 1999-04-27    0.07876466    0.10184353  114
IISC 1999-04-28 1999-09-06   -1.81600081    0.13511954   63
IISC 1999-09-07 2000-01-08    0.41783889    0.17559209   37
IISC 2000-01-09 2000-08-24   -1.57054985    0.12908557   59
IISC 2000-08-25 2003-01-04   -0.26086482    0.05180815  440
IISC 2003-01-05 2003-03-26    1.23677393    0.11045567   74
IISC 2003-03-27 2004-01-12   -0.07615170    0.06899585  267
IISC 2004-01-13 2004-05-02    1.13435874    0.10010123  103
IISC 2004-05-03 2004-11-16   -1.18085930    0.08408041  176
IISC 2004-11-17 2005-04-03    0.18578493    0.08961110  128
IISC 2005-04-04 2005-06-26   -1.83532418    0.17912828   50
IISC 2005-07-03 2005-08-17   -0.54813291    0.14888552   42
IISC 2005-08-18 2005-08-23   -4.27737275    0.40143829    6
IISC 2005-08-24 2006-07-28   -0.44214005    0.06222501  313
IISC 2006-07-29 2008-01-02    0.55508221    0.05026137  475
IISC 2008-01-03 2008-01-06   -2.79922293    0.46970906    4
IISC 2008-01-07 2010-07-05    0.12640122    0.04234058  664
IISC 2010-07-06 2011-02-15   -0.55962314    0.07082547  221
IISC 2011-02-16 2011-02-19   -3.22396595    0.43668974    4
IISC 2011-02-20 2018-03-13   -0.12563173    0.02325363 2164
IISC 2018-03-14 2020-03-02    0.58380185    0.04181170  670
IISC 2020-03-03 2021-12-02   -0.65117118    0.04477517  616
IISC 2021-12-03 2021-12-18   -3.38647326    0.27400684   16
IISC 2021-12-19 2023-12-28   -1.46029942    0.04189310  677
IISC 2023-12-29 2024-02-17    0.09409055    0.13010219   50
IISC 2024-02-18 2024-09-17   -0.72765008    0.07590272  210
IISC 2024-09-18 2025-02-01   -1.92384025    0.10505819  107
IISC 2025-02-02 2025-12-30   -0.93280712    0.06161717  324
ILHA 2008-02-07 2009-05-05    0.68186069    0.06211774  387
ILHA 2009-05-06 2009-05-12   -2.11226369    0.39817283    7
ILHA 2009-05-13 2009-08-18    0.75223495    0.10106397   94
ILHA 2009-08-19 2009-08-20   -3.52747615    0.65548592    2
ILHA 2009-08-21 2009-09-13    1.78568901    0.20174268   24
ILHA 2009-09-14 2010-02-21    0.16163993    0.12469365  124
ILHA 2010-02-22 2010-02-24   -4.27774929    0.88451234    3
ILHA 2010-02-25 2011-03-18    0.62805700    0.12331839  119
ILHA 2011-03-19 2011-05-12   -1.73832323    0.39115386    9
ILHA 2011-05-13 2013-06-09    0.66669737    0.05155453  469
IMPZ 1998-02-19 1998-05-03    1.32256979    0.22122000   41
IMPZ 1998-05-04 1998-06-12   -0.47920100    0.26885042   33
IMPZ 1998-06-13 1998-06-17    4.78426502    0.62884355    5
IMPZ 1998-06-18 1998-06-19   -5.58769145    0.99428895    2
IMPZ 1998-06-20 1999-06-14    0.57469317    0.13828001  108
IMPZ 1999-06-15 1999-06-26    3.11095029    0.42396623   11
IMPZ 1999-06-28 1999-07-14   -0.87923251    0.35163461   13
IMPZ 1999-07-15 2000-04-15    2.96554899    0.41946250   10
IMPZ 2000-04-16 2000-05-21   -1.43279908    0.35647359   19
IMPZ 2000-05-22 2001-09-20    0.28409142    0.12162728  132
IMPZ 2001-09-21 2001-10-03   -2.75902545    0.48779614    6
IMPZ 2001-10-09 2001-10-23    2.77973199    0.39346540   11
IMPZ 2001-10-26 2003-06-24    0.39125714    0.09189533  240
IMPZ 2003-06-25 2004-08-29   -0.66275380    0.09655921  176
IMPZ 2004-08-30 2004-12-28   -1.82504249    0.15358335   69
IMPZ 2005-03-01 2007-08-27   -0.55119315    0.06279708  418
IMPZ 2007-08-28 2007-08-29   -5.40603919    0.70645471    2
IMPZ 2007-08-31 2009-09-12   -0.60805953    0.06526790  376
IMPZ 2009-09-13 2009-11-26    1.20997865    0.17178249   56
IMPZ 2009-11-28 2012-08-27   -0.67443790    0.05946590  502
IMPZ 2012-08-28 2012-10-15   -1.82680517    0.16760419   47
IMPZ 2012-10-16 2012-10-18    2.75819572    0.75342889    3
IMPZ 2012-10-19 2012-10-26   -3.54103173    0.46137908    8
IMPZ 2012-10-27 2018-12-10   -0.41853644    0.04677931  794
IMPZ 2018-12-11 2018-12-27    1.99202853    0.41453078   12
IMPZ 2018-12-30 2024-04-26   -0.78304539    0.05925089  487
IMPZ 2024-04-27 2024-07-30   -2.24379441    0.14878612   90
IMPZ 2024-07-31 2024-10-23   -0.74039380    0.11983973   85
IMPZ 2024-10-24 2025-05-10   -2.19713564    0.10227418  195
IMPZ 2025-05-11 2025-12-30   -1.15596803    0.13189938  107
INEG 1999-12-01 2000-05-27    0.89578103    0.13039616   33
INEG 2000-05-28 2000-10-29   -0.75327425    0.09644486  107
INEG 2000-10-30 2000-11-01    2.66823546    0.49015761    3
INEG 2000-11-02 2001-03-25   -0.24964713    0.10606550   40
INEG 2001-03-26 2001-04-15    0.89585548    0.14851243   21
INEG 2001-04-16 2001-04-19   -1.74524427    0.34246553    4
INEG 2001-04-20 2001-07-02    0.05629237    0.12292233   54
INEG 2001-07-03 2001-09-26   -1.20650395    0.11019521   82
INEG 2001-09-27 2006-07-04   -0.31253767    0.03669416  373
INEG 2006-07-05 2006-07-29   -1.67629693    0.21758559   21
INEG 2006-07-31 2011-05-06   -0.13717505    0.02736240  764
INEG 2011-05-07 2011-05-27    0.95086966    0.19456185   21
INEG 2011-05-28 2011-06-16   -1.65353281    0.24035810   20
INEG 2011-06-17 2012-11-24   -0.16411235    0.03587234  506
INEG 2012-11-25 2013-07-30    0.35132923    0.04748065  234
INEG 2013-07-31 2013-10-13   -0.27821887    0.11588909   73
INEG 2013-10-14 2013-10-14   -6.08831748    0.95076276    1
INEG 2013-10-15 2013-11-30    0.18850971    0.11374026   47
INEG 2013-12-01 2013-12-15    1.13214942    0.15346463   15
INEG 2013-12-16 2014-10-09   -0.01597150    0.04635028  283
INEG 2014-10-12 2014-10-25   -1.53917901    0.25410204   14
INEG 2014-10-26 2014-12-06    0.49956923    0.11035491   42
INEG 2014-12-07 2015-10-03   -0.22468349    0.04596048  283
INEG 2015-10-04 2015-11-28    0.60576759    0.10810468   56
INEG 2015-11-29 2015-12-05   -0.88976331    0.23535649    7
INEG 2015-12-06 2015-12-14    1.13872305    0.19812198    9
INEG 2015-12-15 2022-09-30   -0.38932918    0.01752014 1929
INEG 2022-10-01 2025-12-22   -0.70702444    0.02314537 1102
INVK 2001-07-25 2003-03-03    0.41241450    0.00960893  557
INVK 2003-03-04 2003-08-18    0.65994483    0.02220534  155
INVK 2003-08-19 2004-12-22    0.00200818    0.01085598  458
INVK 2004-12-23 2005-02-16   -0.34488993    0.02465973   55
INVK 2005-02-17 2005-11-19   -0.05399616    0.01621518  258
INVK 2005-11-20 2006-05-30   -0.27283616    0.01424630  192
INVK 2006-05-31 2007-03-07    0.17198442    0.01460524  268
INVK 2007-03-08 2007-10-13   -0.06961943    0.02035963  210
INVK 2007-10-14 2008-01-12    0.32589221    0.02058466   91
INVK 2008-01-13 2009-12-24   -0.12286592    0.00899956  675
INVK 2009-12-25 2011-05-31    0.01179182    0.01005365  489
INVK 2011-06-01 2013-02-03   -0.13203477    0.01016599  559
INVK 2013-02-04 2013-03-15   -0.73495734    0.02716553   40
INVK 2013-03-16 2015-11-26   -0.12823868    0.00803251  907
INVK 2015-11-27 2016-01-04    0.85367845    0.03168842   35
INVK 2016-01-05 2016-02-06    1.94926739    0.03260546   32
INVK 2016-02-07 2016-02-22    2.90384825    0.04289261   16
INVK 2016-02-23 2016-02-23    1.12614803    0.17157045    1
INVK 2016-02-24 2016-04-05   -0.55670115    0.02718419   42
INVK 2016-04-06 2017-01-11   -0.22060521    0.01870697  202
INVK 2017-01-12 2017-02-12   -0.66299647    0.03203501   32
INVK 2017-02-13 2017-03-21   -1.01801483    0.02826566   37
INVK 2017-03-30 2020-01-31   -0.07349250    0.00821140  898
INVK 2020-02-01 2020-03-14   -0.87383455    0.02619595   43
INVK 2020-03-15 2022-01-18   -0.13995157    0.00948131  656
INVK 2022-01-19 2022-03-01   -0.71002333    0.02718312   42
INVK 2022-03-02 2023-11-24   -0.13926187    0.01002757  591
INVK 2023-11-25 2024-03-20    0.18328363    0.01682073  115
INVK 2024-03-21 2025-12-06   -0.04354493    0.01015815  606
INVK 2025-12-07 2025-12-30   -0.47188817    0.03824393   24
IQAL 2009-09-27 2009-12-02    0.53530626    0.02838454   63
IQAL 2009-12-03 2009-12-06    1.18727902    0.09343386    4
IQAL 2009-12-07 2010-01-02    0.44802244    0.03674960   25
IQAL 2010-01-03 2010-01-06   -0.21079959    0.09028185    3
IQAL 2010-01-07 2010-02-14    0.53015460    0.02283458   39
IQAL 2010-02-15 2010-02-19    0.00876149    0.05591876    5
IQAL 2010-02-20 2011-01-04    0.47124697    0.01330229  302
IQAL 2011-01-05 2011-01-06   -0.43432716    0.11057223    2
IQAL 2011-01-07 2011-03-25    0.65630209    0.01651469   78
IQAL 2011-03-26 2011-03-28   -0.08397996    0.09882527    3
IQAL 2011-03-29 2011-05-04    0.78437307    0.03422225   35
IQAL 2011-05-05 2011-12-15    0.55782618    0.01942895  207
IQAL 2011-12-16 2012-01-24    0.89023823    0.02635512   40
IQAL 2012-01-25 2012-04-24    0.67249226    0.01653397   89
IQAL 2012-04-25 2012-12-24    0.46196318    0.02009042  190
IQAL 2012-12-25 2013-03-02    0.65549968    0.01741104   67
IQAL 2013-03-03 2017-03-07    0.44817381    0.00606261 1223
IQAL 2017-03-08 2017-03-11   -0.23174273    0.08558519    4
IQAL 2017-03-12 2021-01-21    0.41505561    0.00589101 1266
IQAL 2021-01-22 2021-01-31    0.80162655    0.04944941   10
IQAL 2021-02-01 2021-06-07    0.28622041    0.01571458  126
IQAL 2021-06-08 2021-11-18    0.62990523    0.02574511  148
IQAL 2021-11-19 2023-04-09    0.42993232    0.00868705  467
IQAL 2023-04-10 2023-04-24   -0.02266134    0.05221937   15
IQAL 2023-04-25 2023-07-26    0.45529917    0.03453342   84
IQAL 2023-07-27 2023-08-07    1.43797314    0.12688008   12
IQAL 2023-08-09 2024-04-02    0.31791731    0.01229001  231
IQAL 2024-04-03 2024-09-15    0.52449558    0.02451760  152
IQAL 2024-09-16 2025-03-29    0.22531489    0.01523793  103
IQAL 2025-03-30 2025-12-30    0.38097251    0.01586459  259
IQUI 2009-07-05 2010-06-15    0.24093829    0.07676958  340
IQUI 2010-06-16 2010-07-15   -1.18021687    0.24247902   29
IQUI 2010-07-16 2010-10-18    1.08869288    0.14776695   94
IQUI 2010-10-19 2013-11-19    0.09678277    0.04616297  936
IQUI 2013-11-20 2014-02-04   -1.63560319    0.26361078   29
IQUI 2014-02-05 2015-06-03    0.09189140    0.09356152  223
IQUI 2015-06-04 2015-08-02    1.61327719    0.27129897   23
IQUI 2015-08-03 2017-12-01   -0.26628902    0.07290166  393
IRKJ 2001-08-03 2002-01-20    0.47029161    0.02192886  148
IRKJ 2002-01-21 2002-03-09    0.72636757    0.02821950   48
IRKJ 2002-03-10 2002-04-22    0.37342195    0.04370404   44
IRKJ 2002-04-23 2002-09-29    1.07451557    0.04777998  138
IRKJ 2002-09-30 2002-10-01   -1.13201381    0.29997491    2
IRKJ 2002-10-02 2003-01-30    0.79865301    0.02156956  113
IRKJ 2003-01-31 2003-02-15    0.49929117    0.04679464   16
IRKJ 2003-02-16 2003-02-24    1.24750460    0.06237910    9
IRKJ 2003-02-25 2003-05-01    0.78507528    0.03499253   64
IRKJ 2003-05-02 2003-07-10    1.39895313    0.07341079   59
IRKJ 2003-07-12 2004-02-05    0.51456422    0.01953416  202
IRKJ 2004-02-06 2004-11-18    0.78221546    0.02081291  269
IRKJ 2004-11-19 2004-11-19    2.16281920    0.25046310    1
IRKJ 2004-11-20 2007-04-20    0.61688675    0.01222400  601
IRKJ 2007-04-21 2007-11-08    0.85079716    0.03487851  182
IRKJ 2007-11-09 2009-09-25    0.53888548    0.01116497  641
IRKJ 2009-09-26 2009-10-13    1.32284872    0.09895482   16
IRKJ 2009-10-14 2011-06-19    0.46433307    0.01118413  580
IRKJ 2011-06-20 2011-11-10    0.89673177    0.04034785  130
IRKJ 2011-11-11 2013-11-26    0.51128926    0.01072385  701
IRKJ 2013-11-27 2013-12-05    1.00008529    0.07362011    9
IRKJ 2013-12-06 2014-12-09    0.57187202    0.01518472  349
IRKJ 2014-12-10 2016-12-31    0.08929597    0.01063541  701
IRKJ 2017-01-01 2017-06-21    0.25606793    0.01964046  171
IRKJ 2017-06-22 2018-01-01   -0.02514822    0.02426305  182
IRKJ 2018-01-02 2019-03-08    0.24702345    0.01293948  409
IRKJ 2019-03-09 2025-01-31    0.09173158    0.00691434 1796
IRKJ 2025-02-01 2025-02-22    0.34728772    0.03989781   22
IRKJ 2025-02-23 2025-12-07   -0.04102940    0.02154495  268
IRKJ 2025-12-09 2025-12-30    0.44416098    0.04338566   22
IRKT 1995-09-23 1996-12-01    0.11980184    0.01773086  374
IRKT 1996-12-04 1997-01-04   -0.52543410    0.04541941   27
IRKT 1997-01-05 1997-01-07   -2.57372630    0.14447381    3
IRKT 1997-01-08 1997-01-29   -0.45755973    0.05595447   20
IRKT 1997-01-31 1998-02-11    0.12815038    0.01813224  350
IRKT 1998-02-12 1998-03-10    0.60673141    0.04792954   27
IRKT 1998-03-11 1998-12-23   -0.28260156    0.02437992  265
IRKT 1998-12-24 1999-02-11    0.15047895    0.03480536   49
IRKT 1999-02-12 1999-02-12   -2.01010663    0.23452220    1
IRKT 1999-02-13 1999-12-26   -0.03802473    0.02168700  296
IRKT 1999-12-30 2000-02-03    0.31571144    0.04385295   32
IRKT 2000-02-04 2000-02-23   -0.34547195    0.05244076   20
IRKT 2000-02-24 2000-04-29   -1.49799878    0.05880991   32
IRKT 2000-04-30 2001-01-23    0.26115670    0.02369621  258
IRKT 2001-01-24 2001-07-20   -0.04898250    0.02791152  156
IRKT 2001-07-21 2002-01-10   -0.81531618    0.02836662  149
IRKT 2002-01-11 2002-11-08   -0.43462359    0.02656230  249
IRKT 2002-11-09 2003-06-24   -0.07636200    0.02093318  181
IRKT 2003-06-25 2005-10-22   -0.36153042    0.01322657  699
IRKT 2005-10-23 2006-11-06   -0.15683756    0.02048673  310
IRKT 2006-11-07 2006-12-19   -0.67964415    0.03921288   43
IRKT 2006-12-20 2007-02-14   -0.05479422    0.03242905   56
IRKT 2007-02-15 2007-03-12   -0.69435430    0.05778614   18
IRKT 2007-03-13 2009-11-11   -0.17850095    0.01232370  873
IRKT 2009-11-14 2009-11-30   -1.15587305    0.07809996   13
IRKT 2009-12-01 2011-01-08   -0.32890211    0.01707108  370
IRKT 2011-01-09 2011-02-15   -1.17668962    0.04640573   27
IRKT 2011-02-17 2011-12-11   -0.27688727    0.02453589  203
IRKT 2011-12-12 2012-02-25   -0.83971760    0.03010264   63
IRKT 2012-02-26 2014-01-21   -0.30445375    0.01384590  646
ISBA 2009-01-02 2009-01-28    0.66654421    0.11956525   27
ISBA 2009-01-29 2009-10-26   -0.26218773    0.05362913  221
ISBA 2009-10-27 2009-10-30    2.31257912    0.39802925    4
ISBA 2009-10-31 2012-04-07    0.47434460    0.02676979  738
ISBA 2012-04-08 2012-04-13   -1.85650817    0.37519403    5
ISBA 2012-04-14 2014-03-03    0.60648831    0.03173644  561
ISBA 2014-03-05 2014-03-09    2.89339809    0.29890386    5
ISBA 2014-03-10 2015-10-28    1.04704844    0.05522162  202
ISBA 2015-10-29 2016-04-01    0.47898934    0.05360319  156
ISBA 2016-04-02 2016-06-27    1.32445907    0.08580390   87
ISBA 2016-06-28 2016-06-30    4.59398955    0.45640008    3
ISBA 2016-07-01 2016-11-16    1.62403189    0.07726277  137
ISBA 2016-11-17 2017-03-11    0.66919275    0.06544526  102
ISBA 2017-03-12 2017-11-03    1.29411172    0.05539671  231
ISBA 2017-11-04 2017-11-08    3.45224639    0.34204709    5
ISBA 2017-11-09 2018-04-05    0.71117868    0.05500861  147
ISBA 2018-04-06 2018-04-08   -2.99116854    0.48437341    3
ISBA 2018-04-09 2018-10-08    1.13298442    0.06540753  181
ISBA 2018-10-09 2018-10-15   -0.87991096    0.30088183    7
ISBA 2018-10-16 2018-11-13    1.52530815    0.14513938   29
ISBA 2018-11-14 2019-03-22    0.36997812    0.05961566  123
ISBA 2019-03-23 2019-06-26    1.42972637    0.08054681   95
ISBA 2019-06-27 2019-06-28    4.95491639    0.55897366    2
ISBA 2019-06-29 2019-08-10    1.31082094    0.15105379   43
ISBA 2019-08-11 2019-09-05    2.98082551    0.25706849   16
ISBA 2019-09-06 2020-12-04    0.76978876    0.06441117  160
ISBA 2020-12-05 2021-02-24   -0.10813520    0.08369675   58
ISBA 2021-02-25 2023-05-21    0.38907474    0.03008642  640
ISBA 2023-05-22 2023-05-30    2.34711180    0.27452153    8
ISBA 2023-05-31 2023-07-11    0.39606199    0.16728171   23
ISPA 2004-02-15 2025-12-25   -0.46869569    0.01311912 4198
JAB1 1997-08-12 1998-06-27   -1.72700116    0.27341691   15
JAB1 1998-06-28 1998-07-06    2.08484959    0.40968557    7
JAB1 1998-07-07 1998-09-15   -1.48149214    0.19619176   32
JAB1 1998-09-22 1998-09-25    2.23927358    0.60942526    4
JAB1 1998-09-26 1999-05-09   -0.61871344    0.17549639   72
JAB1 1999-05-10 1999-06-15   -1.98784135    0.18687627   37
JAB1 1999-06-16 1999-06-25    1.25271452    0.37979510    8
JAB1 1999-06-26 2000-04-18   -0.61375497    0.09617874  191
JAB1 2000-04-19 2000-08-25   -1.40556292    0.09865056  126
JAB1 2000-08-26 2000-08-31    1.27655595    0.40977510    6
JAB1 2000-09-01 2000-09-10   -4.03074388    0.38543438   10
JAB1 2000-09-12 2008-01-16   -0.54012505    0.03132953 1686
JAB1 2008-01-17 2008-08-09   -2.28186569    0.27702221   28
JAB1 2008-08-10 2008-09-01    0.14946596    0.22627094   20
JAB1 2008-09-02 2008-10-13   -1.63706581    0.20128245   42
JOG2 2014-01-02 2014-05-14    0.28575717    0.12408603  124
JOG2 2014-05-15 2014-06-15    1.66176686    0.25291012   32
JOG2 2014-06-16 2014-08-03   -0.57672770    0.19612674   49
JOG2 2014-08-04 2014-09-08    2.13869572    0.22027715   36
JOG2 2014-09-09 2017-12-23    0.68141270    0.05391655  672
JOG2 2017-12-24 2017-12-27   -3.48301883    0.65792230    4
JOG2 2017-12-28 2018-04-03   -0.13440748    0.13628920   97
JOG2 2018-04-04 2019-03-28    1.21924962    0.07675805  331
JOG2 2019-03-29 2019-04-03   -4.14252052    0.73683162    4
JOG2 2019-04-04 2021-02-27    1.13567020    0.06620181  450
JOG2 2021-02-28 2023-09-10    0.32209719    0.06092753  533
JOG2 2023-09-11 2023-10-01   -1.60270677    0.30032902   21
JOG2 2023-10-02 2024-01-12    0.49225383    0.14059763  102
JOG2 2024-01-13 2024-01-15   -4.28284560    0.72333801    3
JOG2 2024-01-16 2025-11-26    0.25219128    0.05388293  676
JOG2 2025-11-27 2025-11-28   -6.70085328    1.11664188    2
JOG2 2025-11-29 2025-12-30    0.29419670    0.23486513   32
JOZ2 2002-10-25 2003-12-29   -0.31909166    0.02264192  330
JOZ2 2003-12-30 2004-11-25   -0.55567644    0.02681065  239
JOZ2 2004-11-26 2005-03-23   -0.28206961    0.04027533   70
JOZ2 2005-03-24 2005-03-26    0.84379303    0.18914011    3
JOZ2 2005-03-27 2006-10-06   -0.39095819    0.01997740  502
JOZ2 2006-10-07 2007-12-04   -0.21030305    0.02120651  368
JOZ2 2007-12-05 2008-02-25    0.08749678    0.03692339   74
JOZ2 2008-02-26 2009-02-10    0.62983529    0.02819261  218
JOZ2 2009-02-11 2012-04-26    0.44656582    0.01226666 1063
JOZ2 2012-04-27 2012-05-03   -0.90672840    0.17200182    6
JOZ2 2012-05-05 2014-05-11    0.34551600    0.01589750  644
JOZ2 2014-05-12 2014-09-16   -0.05697105    0.05620394  124
JOZ2 2014-09-17 2016-11-13    0.39606802    0.01521224  738
JOZ2 2016-11-14 2018-04-10    0.62023388    0.01724984  499
JOZ2 2018-04-11 2018-11-23    0.89945593    0.03635524  213
JOZ2 2018-11-24 2020-02-09    0.60504609    0.01990495  401
JOZ2 2020-02-10 2020-02-10   -1.35909565    0.28066397    1
JOZ2 2020-02-11 2020-12-23    0.61405281    0.02520016  303
JOZ2 2020-12-24 2023-07-11    0.42727622    0.01394974  838
JOZ2 2023-07-14 2023-09-30    0.95905125    0.07293699   77
JOZ2 2023-10-01 2024-02-23    0.42066528    0.02978357  145
JOZ2 2024-02-24 2024-11-12    0.77376266    0.02936364  256
JOZ2 2024-11-13 2025-12-30    0.55959009    0.02056946  389
JOZE 1994-01-06 1994-12-23    0.72302473    0.02580417  321
JOZE 1994-12-26 1995-01-04   -2.39719624    0.11670494   10
JOZE 1995-01-05 1995-01-14   -0.63683036    0.11365332   10
JOZE 1995-01-17 1995-01-27    2.12467989    0.13584170    7
JOZE 1995-01-31 1996-02-03   -0.11596285    0.02549752  330
JOZE 1996-02-04 1996-03-06   -0.76029454    0.06367641   32
JOZE 1996-03-08 1997-12-18   -0.02313116    0.01884625  629
JOZE 1997-12-19 1999-11-17    0.26449434    0.01748944  690
JOZE 1999-11-18 1999-11-26   -1.25911265    0.14584622    9
JOZE 1999-11-27 2000-04-30   -0.01926356    0.03161547  141
JOZE 2000-05-01 2002-11-22    0.23413690    0.01573106  911
JOZE 2002-11-23 2003-01-13   -0.41439227    0.05257492   52
JOZE 2003-01-14 2003-01-29    0.59799128    0.09279755   15
JOZE 2003-01-30 2003-02-21   -0.75883138    0.07509146   23
JOZE 2003-02-22 2005-12-16    0.03010166    0.01484393  985
JOZE 2005-12-17 2005-12-23   -1.92847351    0.14209049    7
JOZE 2005-12-24 2006-02-18   -0.48123396    0.04925978   54
JOZE 2006-02-19 2006-11-05    0.09341065    0.03286479  232
JOZE 2006-11-06 2007-02-05    0.47327136    0.03988948   92
JOZE 2007-02-06 2007-02-13   -1.07492364    0.12734819    8
JOZE 2007-02-14 2009-02-12    0.37497119    0.01761856  655
JOZE 2009-02-13 2009-02-24   -0.81368475    0.10397936   12
JOZE 2009-02-25 2012-04-26    0.12821815    0.01341963 1126
JOZE 2012-04-27 2012-05-03   -1.52865116    0.17382686    7
JOZE 2012-05-05 2013-01-18    0.00491964    0.03230211  238
JOZE 2013-01-19 2013-02-23   -0.72582650    0.06172892   34
JOZE 2013-02-24 2016-11-30    0.00777142    0.01276929 1299
JOZE 2016-12-01 2016-12-07   -1.10058859    0.14209049    7
JOZE 2016-12-08 2020-12-23    0.30301294    0.01222010 1347
JOZE 2020-12-24 2025-12-30    0.14419059    0.01203734 1459
JPLM 1994-01-06 1998-03-23   -0.05637652    0.02025032 1282
JPLM 1998-03-24 1998-04-17   -0.99841900    0.12922911   25
JPLM 1998-04-18 1998-04-21    2.58647950    0.32869542    4
JPLM 1998-04-22 1999-06-22   -0.37137134    0.03611949  411
JPLM 1999-06-23 1999-08-01    1.52266420    0.19552588   29
JPLM 1999-08-02 2000-01-10   -0.25465668    0.06239762  147
JPLM 2000-01-11 2000-03-09   -0.95894632    0.07961347   58
JPLM 2000-03-13 2000-03-23    1.02030183    0.18815713   11
JPLM 2000-03-24 2001-06-18   -0.28877467    0.03482885  435
JPLM 2001-06-19 2001-06-28    2.05361611    0.27718252   10
JPLM 2001-06-29 2003-05-08   -0.28934712    0.02843188  655
JPLM 2003-05-09 2003-08-18    0.56133716    0.09417296   96
JPLM 2003-08-19 2005-01-13   -0.06074069    0.03242498  504
JPLM 2005-01-14 2005-01-23    1.54753957    0.18808059   10
JPLM 2005-01-24 2005-10-31    0.19161204    0.04605969  275
JPLM 2005-11-01 2006-03-31   -0.31412359    0.05098314  151
JPLM 2006-04-01 2006-05-16    0.67407229    0.09976557   46
JPLM 2006-05-17 2007-10-04   -0.19236449    0.03512251  483
JPLM 2007-10-05 2009-01-08   -0.62794376    0.03363457  448
JPLM 2009-01-09 2009-03-21   -0.14429297    0.07326431   69
JPLM 2009-03-22 2009-04-05   -1.97620274    0.18397617   12
JPLM 2009-04-06 2010-01-23   -0.83780348    0.04564682  284
JPLM 2010-01-24 2011-01-04   -0.05251659    0.04061038  325
JPLM 2011-01-05 2011-01-30    0.84895344    0.11664263   26
JPLM 2011-01-31 2011-10-12   -0.16213513    0.05165118  231
JPLM 2011-10-13 2012-03-06   -0.81998960    0.05394521  140
JPLM 2012-03-07 2023-01-04   -0.38699905    0.02960858  615
JPLM 2023-01-05 2023-06-12    0.14333030    0.05154993  159
JPLM 2023-06-13 2024-09-28   -0.60195972    0.03586135  468
JPLM 2024-09-29 2025-12-30   -0.09997725    0.03402482  447
JPLV 2007-09-27 2008-01-11   -0.32197130    0.07394016   76
JPLV 2008-01-12 2008-01-15    1.68311838    0.28284141    4
JPLV 2008-01-16 2009-03-15    0.10522198    0.03577805  320
JPLV 2009-03-22 2009-04-05   -1.13011629    0.16026102   12
JPLV 2009-04-06 2009-05-30    0.25666169    0.12301291   27
JPLV 2009-05-31 2009-06-02    2.83963619    0.41089253    3
JPLV 2009-06-03 2010-02-13    0.20784463    0.04636941  239
JPLV 2010-02-14 2010-02-17    2.34882811    0.33327377    3
JPLV 2010-02-18 2011-10-17    0.34249120    0.02889535  544
JPLV 2011-10-18 2011-10-19   -2.44980649    0.51507047    2
JPLV 2011-10-20 2011-11-24    0.00802493    0.10416415   36
JPLV 2011-11-25 2011-12-04    1.10573885    0.18783034   10
JPLV 2011-12-05 2012-03-06   -0.32280279    0.06073584   90
JPLV 2012-03-07 2012-05-05    0.39437550    0.07403661   60
JPLV 2012-05-06 2012-05-07   -2.04310696    0.46060867    2
JPLV 2012-05-08 2012-07-08   -0.09281414    0.09346161   62
KARR 1994-07-30 1995-08-21   -1.11621158    0.08835223   94
KARR 1995-08-22 1995-08-22   -6.26244526    0.67181505    1
KARR 1995-08-23 1997-01-14   -1.88037311    0.06136004  171
KARR 1997-01-15 1997-03-03    0.31198598    0.24311597   34
KARR 1997-03-04 1997-06-11   -1.61318329    0.11962531   66
KARR 1997-06-12 1997-06-25   -3.32129617    0.22513243   13
KARR 1997-06-26 1997-08-11   -1.19150451    0.13258067   35
KARR 1997-08-15 1997-08-21   -4.67058858    0.25392222    7
KARR 1997-08-22 1998-06-13   -1.94397245    0.07094501  200
KARR 1998-06-14 1998-08-12   -0.96851852    0.10220530   60
KARR 1998-08-13 1998-11-22   -2.69754224    0.08707052   78
KARR 1998-11-23 1998-12-23   -0.63753995    0.21638966   31
KARR 1998-12-24 1999-01-11   -3.89479552    0.33519030   17
KARR 1999-01-12 1999-07-06   -1.23466163    0.08788265  133
KARR 1999-07-07 1999-08-21   -2.64347627    0.11604798   42
KARR 1999-08-23 2001-01-08   -1.59490484    0.04326568  447
KARR 2001-01-09 2001-04-26   -0.35692688    0.12402112  103
KARR 2001-04-27 2001-09-09   -1.33246137    0.07586195  117
KARR 2001-09-11 2001-09-15    2.46146203    0.35237155    4
KARR 2001-09-16 2002-09-14   -1.45985376    0.05318710  307
KARR 2002-09-15 2006-10-19   -0.98293920    0.02486729 1383
KARR 2006-10-20 2006-10-31   -3.69301104    0.25254971   12
KARR 2006-11-01 2009-12-25   -0.93057941    0.02843460 1087
KARR 2009-12-26 2010-04-22   -1.72153298    0.11975942  114
KARR 2010-04-23 2016-07-02   -0.79103203    0.02042203 2028
KARR 2016-07-03 2016-07-04   -5.20297196    0.59800856    2
KARR 2016-07-05 2021-04-07   -0.41456834    0.02454335 1477
KARR 2021-04-08 2024-09-06   -1.01376616    0.03020207  907
KARR 2024-09-07 2024-10-12   -2.12853819    0.12499894   36
KARR 2024-10-13 2025-11-05   -1.11109562    0.04860500  354
KAT1 2011-06-08 2011-09-16   -0.53717682    0.23522347   13
KAT1 2011-09-17 2011-09-21   -2.80587344    0.43125698    5
KAT1 2011-09-22 2013-03-15   -0.15275852    0.05373108  462
KAT1 2013-03-16 2013-03-21   -4.12273209    0.60938747    6
KAT1 2013-03-22 2013-06-18    0.03963931    0.12071780   86
KAT1 2013-06-19 2013-06-20   -5.59318285    0.63190583    2
KAT1 2013-06-21 2015-04-19   -0.36566595    0.04426544  617
KAT1 2015-04-20 2015-04-24    3.30549668    0.52214062    5
KAT1 2015-04-25 2016-03-31   -0.39272863    0.06018023  321
KAT1 2016-04-01 2016-04-02    4.38852540    0.82557681    2
KAT1 2016-04-03 2016-05-23    0.12630051    0.16252266   51
KAT1 2016-05-24 2016-09-22   -0.82438660    0.07586292  122
KAT1 2016-09-23 2016-09-25   -4.24926795    0.55675037    3
KAT1 2016-09-26 2017-01-26   -0.45406389    0.14104162  109
KAT1 2017-03-31 2017-04-04    3.58871324    0.54367259    5
KAT1 2017-04-05 2017-05-29   -0.01301925    0.15634548   55
KAT1 2017-05-30 2017-06-01    3.52675761    0.60213148    3
KAT1 2017-06-02 2017-10-03   -0.69759944    0.07559943  122
KAT1 2017-10-04 2017-10-28   -1.95601890    0.24270411   25
KAT1 2017-10-29 2017-12-03    1.13876338    0.27506491   36
KAT1 2017-12-04 2018-07-25   -0.31509905    0.07620330  232
KAT1 2018-07-26 2018-08-02   -2.07534472    0.26978783    8
KAT1 2018-08-03 2025-12-30    0.01289139    0.13781861   71
KELY 1995-07-24 1996-04-06   -0.25040211    0.06046033   44
KELY 1996-04-08 1996-07-13    0.30338200    0.05231039   60
KELY 1996-07-25 1996-12-20   -0.42087392    0.04416542   74
KELY 1996-12-21 1996-12-21   -2.61982581    0.29709000    1
KELY 1996-12-22 2000-01-08   -0.27118282    0.01442085  580
KELY 2000-01-12 2000-01-12   -2.13555952    0.29522088    1
KELY 2000-01-14 2001-04-07   -0.35621367    0.02630604  182
KELY 2001-04-10 2001-07-06   -0.75724354    0.06515643   41
KELY 2001-07-09 2003-04-19    0.49153303    0.01836398  351
KELY 2003-04-24 2003-04-29   -1.05050683    0.22109102    2
KELY 2003-04-30 2003-11-10    0.62210109    0.04319946  105
KELY 2003-11-18 2003-11-23   -0.76644914    0.17960307    3
KELY 2003-11-24 2004-04-11    0.68643520    0.03639784   63
KELY 2004-04-15 2004-05-27    0.24920504    0.07180918   27
KELY 2004-05-29 2004-08-02    1.15838476    0.09240075   42
KELY 2004-08-07 2005-03-02    0.48293789    0.03271121   96
KELY 2005-03-03 2005-03-11   -0.45166067    0.13283144    4
KELY 2005-03-12 2005-03-13    1.86723349    0.18785203    2
KELY 2005-03-14 2008-03-09    0.65240659    0.01468616  547
KELY 2008-03-16 2008-12-30    0.45935367    0.03056612  148
KELY 2008-12-31 2009-01-07   -0.14667103    0.12064960    6
KELY 2009-01-11 2010-01-04    0.74035850    0.03299489  130
KELY 2010-01-07 2010-02-09    0.12882270    0.06560738   18
KELY 2010-02-10 2012-12-22    0.60034777    0.01152561  929
KELY 2012-12-23 2013-04-30    0.78554896    0.02513918  127
KELY 2013-05-01 2016-05-04    0.54768662    0.01080273 1024
KELY 2016-05-05 2016-05-19    1.46386192    0.11658584   13
KELY 2016-05-20 2017-02-08    0.60921115    0.02329885  254
KELY 2017-02-09 2017-10-04    0.81703536    0.02557900  214
KELY 2017-10-05 2018-05-29    0.56728778    0.02332328  169
KERG 1994-11-18 1999-07-03    0.33503057    0.01756380 1043
KERG 1999-07-04 2001-08-23    0.69583350    0.02122905  707
KERG 2001-08-24 2001-11-24    1.28367362    0.05525088   89
KERG 2001-11-25 2002-05-17    0.62864223    0.04813147  162
KERG 2002-05-18 2002-09-09    1.13146541    0.05230975  109
KERG 2002-09-10 2006-04-23    0.65384942    0.01634261 1208
KERG 2006-04-24 2006-07-04    1.06494762    0.06808845   68
KERG 2006-07-05 2011-10-22    0.58493106    0.01386983 1652
KERG 2011-10-23 2013-08-18    0.25128636    0.02316819  606
KERG 2013-08-19 2014-04-03    0.01259583    0.03905774  212
KERG 2014-04-04 2022-05-24    0.41836158    0.01070529 2799
KERG 2022-05-25 2025-12-30    0.31877542    0.01566213 1289
KGNI 2001-10-09 2001-12-19    0.11426703    0.08263392   66
KGNI 2001-12-20 2002-05-20   -0.45488888    0.05010340  137
KGNI 2002-05-22 2002-05-24    2.90329928    0.53757860    3
KGNI 2002-05-25 2002-09-03    0.52268635    0.13096005   96
KGNI 2002-09-04 2006-03-31   -0.24996035    0.02101658 1115
KGNI 2006-04-01 2008-08-03   -0.60428138    0.02846963  727
KGNI 2008-08-04 2008-08-08   -4.85715041    0.63826966    5
KGNI 2008-08-09 2011-07-19   -0.59319550    0.02495420  891
KGNI 2011-07-20 2011-08-24   -2.28825128    0.23087947   36
KGNI 2011-08-25 2012-08-03   -0.91008252    0.03964128  324
KGNI 2012-08-04 2012-10-06   -1.82235513    0.16337622   62
KGNI 2012-10-07 2013-07-24   -0.62932833    0.06632137  154
KGNI 2013-07-25 2013-08-13   -2.96607774    0.32651288   18
KGNI 2013-08-14 2013-12-12   -0.68659064    0.09383540   83
KHAJ 2001-07-20 2001-11-23    1.06624104    0.04126102  116
KHAJ 2001-11-24 2002-02-01    0.73185841    0.02138189   62
KHAJ 2002-02-02 2002-02-07    1.31060829    0.07645147    6
KHAJ 2002-02-08 2003-01-10    0.79598803    0.01662028  307
KHAJ 2003-01-11 2003-01-12    0.12660789    0.10965458    2
KHAJ 2003-01-13 2003-03-25    0.86102029    0.02310549   67
KHAJ 2003-03-26 2003-03-27    2.01328105    0.16554069    2
KHAJ 2003-03-28 2004-12-04    0.86929074    0.01384859  382
KHAJ 2004-12-05 2005-05-16    0.63108201    0.01635000  160
KHAJ 2005-05-17 2005-11-01    1.04820096    0.05017721  150
KHAJ 2005-11-02 2005-11-05    1.92104440    0.13176210    4
KHAJ 2005-11-06 2006-01-20    0.83070000    0.02158239   73
KHAJ 2006-01-21 2007-01-04    0.68203623    0.01570853  296
KHAJ 2007-01-05 2007-01-06    1.40445913    0.10965458    2
KHAJ 2007-01-07 2007-03-04    0.69847705    0.02304814   56
KHAJ 2007-03-05 2007-03-12    0.24489922    0.08277034    8
KHAJ 2007-03-13 2009-03-28    0.81709524    0.01028670  678
KHAJ 2009-03-29 2009-04-03    1.65220922    0.12119678    5
KHAJ 2009-04-04 2009-05-30    0.92458873    0.06273691   51
KHAJ 2009-05-31 2009-07-21   -0.03558031    0.11141081   44
KHAJ 2009-07-22 2010-01-05    0.92488453    0.02404278  150
KHAJ 2010-01-06 2010-01-24    1.43103430    0.03557664   19
KHAJ 2010-01-25 2011-01-24    0.88834996    0.01497433  325
KHAJ 2011-01-25 2011-02-20    1.19777653    0.03465063   26
KHAJ 2011-02-21 2011-02-22    1.97530795    0.13241783    2
KHAJ 2011-02-23 2011-12-01    0.95581453    0.02349064  258
KHAJ 2011-12-02 2011-12-03    1.67662356    0.12061083    2
KHAJ 2011-12-04 2011-12-28    0.83268338    0.03411389   25
KHAJ 2011-12-29 2012-01-19    1.31383105    0.03346012   22
KHAJ 2012-01-20 2012-02-26    0.96355539    0.02906974   36
KHAR 2003-12-15 2004-09-12    0.58344110    0.02922517  232
KHAR 2004-09-13 2004-09-26   -0.47752529    0.16703241   13
KHAR 2004-09-27 2005-07-28    0.62012329    0.02707795  270
KHAR 2005-07-29 2005-08-04    2.72992217    0.30352404    7
KHAR 2005-08-07 2005-10-11    1.02502848    0.07711917   65
KHAR 2005-10-12 2005-10-14   -0.82961233    0.29712454    3
KHAR 2005-10-15 2005-11-05    0.67505492    0.10404617   22
KHAR 2005-11-06 2005-11-07    3.54799142    0.29781925    2
KHAR 2005-11-08 2005-11-15    1.25777888    0.14890963    8
KHAR 2005-11-16 2005-12-28    0.29841920    0.06239989   43
KHAR 2005-12-29 2008-02-04    0.67915730    0.01732870  612
KHAR 2008-02-05 2008-02-06   -0.54586896    0.23171344    2
KHAR 2008-02-07 2008-02-12    1.22097587    0.13377982    6
KHAR 2008-02-13 2009-12-31    0.56452601    0.02017761  475
KHAR 2010-01-01 2010-12-03    0.77921831    0.02592469  317
KHAR 2010-12-04 2010-12-04   -1.70696466    0.40316418    1
KHAR 2010-12-05 2013-03-08    0.80746662    0.01572173  790
KHAR 2013-03-09 2013-11-09    0.57978950    0.03637967  227
KHAR 2013-11-10 2013-11-23    1.41569915    0.11256510   14
KHAR 2013-11-24 2014-07-02    0.78691684    0.02846463  213
KIR0 1999-03-02 2002-12-27    0.16807096    0.00820056 1326
KIR0 2002-12-28 2003-02-20    0.42650060    0.03081216   55
KIR0 2003-02-21 2006-01-12    0.14993440    0.00933540 1007
KIR0 2006-01-13 2006-10-26    0.28074674    0.01853426  272
KIR0 2006-10-27 2006-12-23   -0.17537422    0.03501730   56
KIR0 2006-12-24 2009-01-13    0.16413010    0.01080830  723
KIR0 2009-01-14 2009-04-11    0.39907687    0.02525161   84
KIR0 2009-04-12 2010-12-25    0.18000614    0.01268099  587
KIR0 2010-12-26 2011-02-24    0.48311487    0.02919360   61
KIR0 2011-02-25 2012-10-23    0.22108501    0.01280788  576
KIR0 2012-10-24 2013-01-02   -0.06509097    0.03086550   71
KIR0 2013-01-03 2015-11-16    0.15946652    0.00954867  955
KIR0 2015-11-17 2015-12-18   -0.22864404    0.04461259   32
KIR0 2015-12-19 2016-01-25    0.25580789    0.03914857   36
KIR0 2016-01-26 2016-03-08   -0.20746815    0.03406105   43
KIR0 2016-03-09 2017-12-03    0.30805481    0.01250625  592
KIR0 2017-12-04 2018-02-07   -0.14716773    0.02867756   66
KIR0 2018-02-12 2019-02-20    0.38102652    0.01537962  354
KIR0 2019-02-21 2019-02-26    1.02106540    0.08920008    6
KIR0 2019-02-27 2019-11-28    0.30349451    0.02034389  256
KIR0 2019-11-29 2020-08-13    0.15398730    0.01744266  247
KIR0 2020-08-14 2021-01-12    0.38360666    0.02491341  142
KIR0 2021-01-13 2021-01-13    2.15060402    0.23488691    1
KIR0 2021-01-14 2022-09-18    0.24828749    0.01226562  573
KIR0 2022-09-19 2022-12-05    0.49866816    0.03563171   75
KIR0 2022-12-06 2023-01-01    0.02060208    0.04520674   27
KIR0 2023-01-02 2023-01-03    1.28456880    0.16609013    2
KIR0 2023-01-04 2024-03-04    0.21645882    0.01373964  413
KIR0 2024-03-05 2024-03-06    1.47557135    0.16566614    2
KIR0 2024-03-07 2025-12-30    0.19843108    0.01201752  624
KIRI 2017-01-30 2020-07-13   -0.06555391    0.03478559  940
KIRI 2020-07-14 2020-07-15    3.80855828    0.76466008    2
KIRI 2020-07-16 2023-06-02   -0.51261660    0.03651206  842
KIRI 2023-06-03 2024-11-04   -0.02138196    0.04737831  496
KIRI 2024-11-05 2025-02-11   -1.13284288    0.11034511   97
KIRI 2025-02-12 2025-12-29   -0.47262660    0.05971981  309
KIRU 1994-01-06 1994-01-17   -0.37583126    0.07232833   12
KIRU 1994-01-18 1994-04-17    0.46373510    0.02930482   76
KIRU 1994-04-18 1994-07-11    1.12663643    0.04295230   81
KIRU 1994-07-12 1996-11-20    0.51772114    0.01203980  749
KIRU 1996-11-21 1996-12-18   -0.03543540    0.05059888   28
KIRU 1996-12-19 1998-02-08    0.71653672    0.01553482  392
KIRU 1998-02-09 1998-03-14    1.43079129    0.04349971   33
KIRU 1998-03-15 1998-12-26    0.91603648    0.02267830  249
KIRU 1998-12-27 1999-03-30    0.43215348    0.02761981   82
KIRU 1999-03-31 2000-01-29    0.81961600    0.02108074  267
KIRU 2000-01-30 2000-02-16   -0.06760150    0.06453541   15
KIRU 2000-02-17 2001-02-12    0.70295953    0.01780462  307
KIRU 2001-02-15 2001-03-27    1.28037480    0.03951356   40
KIRU 2001-04-08 2002-02-16    0.47501129    0.01955916  299
KIRU 2002-02-17 2002-03-14    1.63226719    0.05210670   23
KIRU 2002-03-18 2004-01-10    0.73183867    0.01332794  626
KIRU 2004-01-11 2004-02-17    1.87702697    0.04230360   35
KIRU 2004-02-18 2005-01-06    0.80634760    0.01982819  285
KIRU 2005-01-07 2005-02-24    2.31922534    0.03772648   44
KIRU 2005-02-25 2005-12-12    0.79902745    0.02135968  273
KIRU 2005-12-13 2006-01-09    1.85270822    0.05106229   24
KIRU 2006-01-10 2007-01-07    0.87709251    0.01755660  327
KIRU 2007-01-10 2007-02-01    2.11447345    0.05466776   21
KIRU 2007-02-02 2007-11-11    0.81724002    0.02080797  276
KIRU 2007-11-12 2007-12-14    2.43566193    0.04886502   33
KIRU 2007-12-15 2010-12-07    0.93221109    0.00985393 1042
KIRU 2010-12-08 2013-02-18    0.75897293    0.01121961  735
KIRU 2013-02-20 2020-04-09    0.13442339    0.00847989 1400
KIRU 2020-04-10 2022-12-05    0.31656055    0.01088734  919
KIRU 2022-12-06 2025-12-30    0.09405476    0.00960450 1079
KIT3 1994-10-04 1995-05-08    0.38126978    0.05943505  131
KIT3 1995-05-14 1995-09-17    2.84240958    0.11775883  106
KIT3 1995-09-18 1996-04-28    0.67211289    0.04939075  180
KIT3 1996-04-29 1996-11-07    2.23490352    0.07787115  168
KIT3 1996-11-08 1997-05-13    0.78250916    0.05470416  131
KIT3 1997-05-14 1997-10-06    2.33506048    0.10668237  117
KIT3 1997-10-08 1997-10-11   -3.74008833    0.38273801    4
KIT3 1997-10-13 1998-06-15    0.48213628    0.05059476  186
KIT3 1998-06-16 1998-07-10    4.67483647    0.26590444   22
KIT3 1998-07-11 1998-11-01    1.69136263    0.10191196   98
KIT3 1998-11-02 1999-05-25    0.50121577    0.07118044   99
KIT3 1999-05-26 1999-09-22    3.21424297    0.12793223   89
KIT3 1999-12-15 2000-04-30    0.48658908    0.05890216  113
KIT3 2000-05-01 2000-09-14    2.83044976    0.10508039  132
KIT3 2000-09-25 2001-04-24    0.54251659    0.04930435  175
KIT3 2001-04-25 2001-07-10    2.56746456    0.14300334   65
KIT3 2001-07-13 2003-06-07    0.70307274    0.03783946  346
KIT3 2003-06-08 2003-09-06    2.48086633    0.13520760   88
KIT3 2003-09-07 2006-03-24    0.52085170    0.02578841  821
KIT3 2006-03-25 2008-04-04    1.40233028    0.03505296  525
KIT3 2008-04-05 2009-12-22    0.35895942    0.03374770  563
KIT3 2009-12-23 2010-03-29    1.17785387    0.05974509   97
KIT3 2010-03-30 2010-11-06   -1.47311444    0.07318275  193
KIT3 2010-11-07 2012-05-25    0.17226154    0.03151169  530
KIT3 2012-05-26 2012-08-15   -2.00327421    0.14805120   72
KIT3 2012-08-16 2017-10-19    0.09983792    0.01978383 1547
KIT3 2017-10-20 2020-11-08    0.60260689    0.02702254  851
KIT3 2020-11-09 2025-04-17    0.24498347    0.01981431 1464
KIT3 2025-04-18 2025-10-10   -1.11902975    0.08416781  175
KIT3 2025-10-11 2025-12-30    0.16233002    0.07156187   79
KOKB 1996-01-18 1996-05-18   -1.38652733    0.07967579  103
KOKB 1996-05-19 1996-07-28   -3.92232253    0.16140591   25
KOKB 1996-08-02 1997-03-18   -1.78795308    0.06418183  183
KOKB 1997-03-19 1997-03-29   -0.09566054    0.24552591   11
KOKB 1997-03-30 1997-05-07   -2.03197101    0.15313544   28
KOKB 1997-05-08 1997-05-09   -5.36293024    0.56479110    2
KOKB 1997-05-10 1997-08-03   -1.26408132    0.10603767   61
KOKB 1997-08-05 1997-09-13   -2.65441318    0.15214912   36
KOKB 1997-09-14 1997-09-16    0.73597052    0.53195540    3
KOKB 1997-09-17 1998-10-29   -2.05083517    0.04748524  323
KOKB 1998-10-30 1999-05-21   -1.44148332    0.08517780   95
KOKB 1999-05-26 1999-07-20   -2.97151399    0.18103916   21
KOKB 1999-07-21 2000-05-04   -1.79734166    0.05425698  250
KOKB 2000-05-05 2000-09-16   -2.31380570    0.07330773  135
KOKB 2000-09-17 2000-09-18   -5.97641954    0.65150965    2
KOKB 2000-09-19 2001-07-22   -1.81971598    0.04973899  287
KOKB 2001-07-23 2001-11-27   -1.13172794    0.08982225  107
KOKB 2001-11-28 2001-12-15    0.46041036    0.20811211   17
KOKB 2001-12-16 2002-07-28   -0.87126114    0.07273738  128
KOKB 2002-07-29 2002-08-01   -3.21217912    0.44225626    4
KOKB 2002-10-15 2004-07-09   -0.39904245    0.03388872  618
KOKB 2004-07-10 2004-07-17    1.51012286    0.31007264    8
KOKB 2004-07-18 2004-11-29   -0.60069886    0.07952075  135
KOKB 2004-11-30 2005-01-09    0.44755694    0.17202309   23
KOKB 2005-01-10 2005-01-21   -1.96841873    0.22604969   12
KOKB 2005-01-22 2014-09-12   -0.17005791    0.01445267 3443
KOKB 2014-09-13 2016-04-11   -0.59966183    0.03550724  575
KOKB 2016-04-12 2017-11-20   -0.35784792    0.03558238  581
KOKB 2017-11-21 2021-07-09   -0.09440780    0.02399141 1241
KOKB 2021-07-10 2025-12-30    0.10703893    0.02221298 1464
KOKV 2008-10-04 2010-12-02   -0.14165105    0.04016710  411
KOKV 2010-12-03 2010-12-03   -5.12408500    0.81340461    1
KOKV 2010-12-04 2011-03-03   -0.56978332    0.08182369   90
KOKV 2011-03-04 2014-05-08   -0.03174858    0.02419815 1104
KOKV 2014-05-09 2017-11-20   -0.38001842    0.02267579 1280
KOKV 2017-11-21 2021-07-09   -0.11966238    0.02246977 1275
KOKV 2021-07-10 2025-12-30    0.11501360    0.02110121 1467
KOSG 1994-06-14 1996-12-20    0.01499307    0.01693712  835
KOSG 1996-12-21 1999-04-03    0.23826871    0.01620455  795
KOSG 1999-04-04 2000-10-27    0.02539506    0.02210588  527
KOSG 2000-10-29 2000-12-09   -0.45590571    0.07663816   34
KOSG 2000-12-10 2001-11-05    0.20263598    0.02682351  313
KOSG 2001-11-06 2009-11-01    0.02954552    0.00953219 2495
KOSG 2009-11-02 2011-01-14   -0.13545765    0.02265508  411
KOSG 2011-01-15 2011-09-20    0.10917355    0.03318066  198
KOSG 2011-09-21 2013-04-26    0.51638520    0.02676581  346
KOSG 2013-04-27 2013-10-06    1.15790949    0.06085926   93
KOSG 2013-10-07 2014-09-18    0.27257131    0.03000364  204
KOSG 2014-09-19 2014-09-20   -2.70761292    0.41868542    2
KOSG 2014-09-23 2014-11-11    0.47473687    0.12319434   19
KOSG 2014-11-14 2014-11-25   -1.11389036    0.20980234    5
KOU1 2002-02-01 2005-01-13    0.46020080    0.05408176  564
KOU1 2005-01-14 2005-01-27   -1.93404361    0.35448642   14
KOU1 2005-01-28 2005-09-27   -0.06533258    0.08244898  215
KOU1 2005-09-28 2005-09-30   -6.31361423    0.63292615    3
KOU1 2005-10-01 2006-09-13    0.27288594    0.07091848  321
KOUC 1996-04-28 1996-08-31   -0.20225055    0.13317137   77
KOUC 1996-09-02 1996-09-07    4.28638320    0.54779456    4
KOUC 1996-09-08 1999-01-28   -0.10496975    0.04867380  742
KOUC 1999-01-29 1999-02-01   -5.33927981    0.82732443    4
KOUC 1999-02-05 2000-02-21   -0.28239131    0.07266978  332
KOUC 2000-02-22 2000-02-23    7.78709966    1.16127018    2
KOUC 2000-02-24 2000-02-24   -7.72782238    1.64228403    1
KOUC 2000-02-25 2002-03-14   -0.36755449    0.05059326  687
KOUC 2002-03-15 2002-03-16   -8.09197521    1.23894773    2
KOUC 2002-03-17 2002-04-05   -0.01711347    0.40647313   17
KOUC 2002-04-06 2002-04-11   -4.41971539    0.62348628    6
KOUC 2002-04-12 2006-08-02   -0.23243632    0.07837882  263
KOUC 2006-08-03 2006-08-07   -3.53298198    0.47431308    5
KOUC 2006-08-08 2010-11-18   -0.28970725    0.03427640 1480
KOUC 2010-11-19 2010-11-22    3.57954534    0.64166961    4
KOUC 2010-11-23 2012-02-07   -0.04875454    0.06726013  413
KOUC 2012-02-08 2012-02-10   -6.24463605    0.94817313    3
KOUC 2012-02-11 2017-01-11   -0.20994478    0.03565702 1366
KOUC 2017-01-12 2020-08-15    0.43177934    0.04331612  952
KOUC 2020-08-16 2025-12-27    0.12388614    0.04426430  849
KOUG 2017-01-30 2018-01-05    0.57721526    0.05830809  336
KOUG 2018-01-06 2020-07-03    1.43899252    0.03724650  835
KOUG 2020-07-04 2021-08-04    1.07593871    0.05323990  395
KOUG 2021-08-05 2021-12-21    2.02358583    0.08978986  139
KOUG 2021-12-22 2023-08-27    1.45495431    0.04413881  580
KOUG 2023-08-28 2023-11-16    3.07306710    0.12194366   81
KOUG 2023-11-17 2024-07-26    0.95463639    0.06735582  249
KOUG 2024-07-27 2024-07-27    6.55353861    0.97444525    1
KOUG 2024-07-28 2025-12-25    1.84073598    0.04685087  514
KOUG 2025-12-26 2025-12-30   -0.00907928    0.41154082    5
KOUR 1994-01-06 1994-12-16    0.09846910    0.13163213   89
KOUR 1994-12-26 1995-05-05   -1.29433661    0.15549203   65
KOUR 1995-05-06 1999-05-27    0.03667484    0.04898251  635
KOUR 1999-06-26 2001-06-01   -0.66375086    0.06147157  407
KOUR 2001-06-02 2002-06-22    0.14977714    0.08539114  208
KOUR 2002-06-23 2002-10-13    1.26609534    0.11239736  111
KOUR 2002-10-14 2004-10-06    0.52505248    0.04882281  641
KOUR 2004-10-07 2005-09-27   -0.53191949    0.06611978  349
KOUR 2005-09-28 2005-09-30   -6.54003688    0.70308662    3
KOUR 2005-10-01 2005-12-05   -0.85032317    0.15774446   66
KOUR 2005-12-06 2006-08-03    0.04984582    0.08111465  230
KOUR 2006-08-04 2007-10-04   -0.63314149    0.06374464  374
KOUR 2007-10-05 2007-12-29    0.36268299    0.13806544   86
KOUR 2007-12-30 2009-11-11   -0.67315870    0.04821545  652
KOUR 2009-11-12 2010-04-06    0.70484867    0.10322581  146
KOUR 2010-04-07 2013-01-14    0.10056007    0.04867660  646
KOUR 2013-01-15 2018-01-05    0.51930846    0.02955643 1745
KOUR 2018-01-06 2023-08-27    1.44696586    0.02820858 1907
KOUR 2023-08-28 2023-11-16    3.15797946    0.13944868   81
KOUR 2023-11-17 2024-07-18    0.86202355    0.07994884  241
KOUR 2024-07-19 2025-12-30    1.73125973    0.05399965  523
KRGG 2017-02-11 2017-06-22    0.68618947    0.04936678  113
KRGG 2017-06-23 2017-06-24    2.68589542    0.31691082    2
KRGG 2017-06-25 2018-04-23    0.81550402    0.03098957  280
KRGG 2018-04-24 2022-05-24    0.65124185    0.01389962 1360
KRGG 2022-05-25 2025-12-30    0.44514282    0.01415251 1292
KSMV 2001-10-09 2002-05-10   -0.12560462    0.04230781  191
KSMV 2002-05-11 2002-05-26    1.79911566    0.27308666   11
KSMV 2002-05-27 2005-03-10    0.28799388    0.02391509  839
KSMV 2005-03-11 2005-03-11   -2.94162800    0.59260973    1
KSMV 2005-03-12 2006-05-11    0.47856989    0.03726650  354
KSMV 2006-05-12 2010-02-24   -0.00123406    0.02093694 1181
KSMV 2010-02-25 2010-02-26   -2.37851067    0.35045304    2
KSMV 2010-02-27 2012-10-01    0.18770813    0.02564810  823
KSMV 2012-10-02 2012-10-08   -1.62163437    0.34226998    7
KSMV 2012-10-09 2013-02-02    0.77765091    0.05556418  106
KSMV 2013-02-03 2013-05-28    0.13045432    0.05966719  112
KSMV 2013-05-29 2013-09-10   -0.71175753    0.12157316   92
KSMV 2013-09-11 2013-12-12    0.23367958    0.08274484   87
KSTU 1997-09-01 1997-11-01    0.80947602    0.07290597   47
KSTU 1997-11-02 1997-11-02    2.65058791    0.29395186    1
KSTU 1997-11-03 1997-11-26    0.68187802    0.06743718   19
KSTU 1997-11-28 1998-03-21    1.17962824    0.07817880   13
KSTU 1998-03-22 1998-12-21    0.42254285    0.03124535  215
KSTU 1998-12-22 1999-02-12    0.80784094    0.03676632   49
KSTU 1999-02-13 1999-02-14    2.07440981    0.17534313    2
KSTU 1999-02-15 1999-02-28    0.94275580    0.06627348   14
KSTU 1999-03-01 2000-02-07    0.48470101    0.03303910  151
KSTU 2000-02-08 2001-02-15    0.01525516    0.02986655  176
KSTU 2001-02-16 2001-03-08    0.40737608    0.05874513   21
KSTU 2001-03-10 2001-03-26   -0.34703798    0.08250130   15
KSTU 2001-03-27 2002-03-09    0.28017376    0.02816535  192
KSTU 2002-03-10 2002-03-10    2.33291582    0.31952615    1
KSTU 2002-03-11 2004-09-19    0.34443240    0.01726548  539
KUNM 1998-10-10 1999-11-02    1.06626893    0.05107139  201
KUNM 1999-11-04 2001-07-03    0.34604461    0.04692719  222
KUNM 2001-07-05 2001-07-06    3.98244769    0.67024118    2
KUNM 2001-07-07 2002-12-07    0.87799909    0.06510152  171
KUNM 2002-12-08 2003-03-26    0.39567790    0.06134124  100
KUNM 2003-03-27 2003-03-28    3.88565068    0.51873127    2
KUNM 2003-03-29 2003-10-11    1.12716369    0.06774804  181
KUNM 2003-10-12 2003-10-30    2.22470491    0.18861199   19
KUNM 2003-10-31 2003-11-04   -0.18096166    0.34692713    5
KUNM 2003-11-05 2003-12-15    1.98784955    0.11223365   39
KUNM 2003-12-16 2004-03-04    1.02888934    0.06624621   78
KUNM 2004-03-05 2004-06-10    1.59611371    0.08976854   91
KUNM 2004-06-11 2004-06-17    3.36579387    0.34043200    7
KUNM 2004-06-18 2005-03-12    1.06479689    0.04579017  253
KUNM 2005-03-13 2005-03-18    3.34958336    0.29948964    6
KUNM 2005-03-19 2005-05-03    1.63442570    0.12723384   44
KUNM 2005-05-04 2005-05-22    0.08946381    0.21487891   19
KUNM 2005-05-23 2005-05-28    2.79360641    0.38237983    6
KUNM 2005-05-29 2006-03-16    0.60505397    0.04946627  241
KUNM 2006-03-17 2006-03-25   -1.32810608    0.27727353    7
KUNM 2006-03-26 2008-01-28    0.29240145    0.03050046  643
KUNM 2008-01-29 2008-02-13    1.30834525    0.14040541   16
KUNM 2008-02-14 2009-01-06    0.14815588    0.04489027  312
KUNM 2009-01-07 2009-05-08    0.80165543    0.06231272  115
KUNM 2009-05-09 2010-03-24    0.34316344    0.04195067  317
KUNM 2010-03-25 2010-05-11    1.47379054    0.13182552   44
KUNM 2010-05-12 2010-12-16    0.14578794    0.05910637  205
KUNM 2010-12-17 2011-04-14    0.68041032    0.05869854  117
KUNM 2011-04-15 2013-01-30    0.02519728    0.03127125  614
KWJ1 1996-03-18 1996-07-29    0.50452331    0.12663140   88
KWJ1 1996-07-30 1996-09-12   -1.34972667    0.19703854   31
KWJ1 1996-09-15 1999-04-01   -0.06205028    0.04852786  653
KWJ1 1999-04-02 2001-09-25   -0.64991030    0.06775250  315
KWJ1 2001-09-26 2002-07-22   -0.08649978    0.08439612  207
LAE1 2001-01-02 2002-01-12   -0.60929117    0.10296394  344
LAE1 2002-01-14 2002-07-03   -1.67908168    0.14882477  147
LAE1 2002-07-04 2002-07-08    6.15878850    0.95337966    5
LAE1 2002-07-09 2002-09-19    0.73223875    0.23873720   67
LAE1 2002-09-20 2003-02-07   -1.10936622    0.19531961  104
LAE1 2003-02-08 2003-02-20   -4.43147103    0.44393871   13
LAE1 2003-02-21 2003-08-17   -1.32438014    0.14602463  167
LAE1 2003-08-18 2003-08-21   -6.49154868    0.91791938    4
LAE1 2003-08-22 2004-08-05   -0.81064555    0.10577080  326
LAE1 2004-08-06 2004-08-16    3.64453020    0.55352621   11
LAE1 2004-08-17 2005-04-26   -0.73044013    0.12547823  226
LAE1 2005-04-27 2005-05-01   -5.93620405    0.86738005    5
LAE1 2005-05-02 2005-06-03   -0.23880928    0.35288166   31
LAE1 2005-06-04 2005-06-15   -4.43640553    0.54281551   12
LAE1 2005-06-16 2009-04-16   -0.18750942    0.09783084  384
LAE1 2009-05-15 2010-11-08    1.35483986    0.19711843  106
LAE1 2010-11-09 2010-11-15   -3.70747475    0.79762769    7
LAE1 2010-11-16 2023-10-06    0.52508371    0.11487765  266
LAE1 2023-10-07 2023-10-08  -10.49270373    1.70628038    2
LAMA 1994-12-23 1995-04-18    0.51706373    0.03563008  100
LAMA 1995-04-20 1997-02-08    0.76533101    0.02410630  415
LAMA 1997-02-09 1997-02-25    0.04439793    0.07975141   17
LAMA 1997-02-26 1998-10-09    0.71143818    0.02051734  530
LAMA 1998-10-10 1999-11-12    0.50948349    0.02301736  385
LAMA 1999-11-13 2000-04-28    0.21508466    0.02856408  166
LAMA 2000-04-29 2000-10-22    0.90056266    0.05044217  156
LAMA 2000-10-23 2001-04-02    0.00738975    0.02925357  160
LAMA 2001-04-03 2002-08-17   -0.18340693    0.02191996  462
LAMA 2002-08-18 2002-09-05    0.95801254    0.16709284   18
LAMA 2002-09-06 2002-09-08   -1.85945078    0.36073380    3
LAMA 2002-09-09 2006-01-03   -0.21104603    0.01312021 1169
LAMA 2006-01-04 2006-01-31    0.67186012    0.06494645   28
LAMA 2006-02-01 2006-07-04   -0.09884000    0.03497756  151
LAMA 2006-07-05 2006-07-10    1.60735910    0.32604035    6
LAMA 2006-07-11 2007-01-14   -0.46666185    0.03583426  179
LAMA 2007-01-15 2007-11-18   -0.21416453    0.02781791  286
LAMA 2007-11-19 2008-01-05    0.63785559    0.05384902   48
LAMA 2008-01-06 2012-04-26    0.32758089    0.01135387 1511
LAMA 2012-04-27 2012-05-01   -1.39303791    0.19650131    5
LAMA 2012-05-02 2014-03-07    0.22005625    0.01768421  660
LAMA 2014-03-08 2014-09-02   -0.01985808    0.04055730  171
LAMA 2014-09-03 2014-12-05    0.52760203    0.05132329   90
LAMA 2014-12-06 2017-09-16    0.24818622    0.01453242  930
LAMA 2017-09-17 2020-02-23    0.40832898    0.01518585  825
LAMA 2020-02-24 2024-02-28    0.22091973    0.01563710  870
LAMA 2024-02-29 2024-03-08    0.96049082    0.12320578    9
LAMA 2024-03-09 2025-04-17    0.33873590    0.02231587  400
LAMA 2025-04-18 2025-08-28    0.67942446    0.05345840  133
LAMA 2025-08-29 2025-12-30    0.13554368    0.04139252  122
LAUT 2017-02-05 2019-12-03    0.19772448    0.04393324  987
LAUT 2019-12-04 2019-12-06    5.71982579    0.83997207    3
LAUT 2019-12-07 2025-12-30   -0.24365195    0.02974044 2171
LHAS 1995-05-20 1996-01-29    0.84926979    0.05461154  164
LHAS 1996-02-02 1996-07-01    0.25525999    0.06815261  105
LHAS 1996-07-02 1996-10-28    1.41020551    0.08751568   77
LHAS 1996-10-29 1996-11-05   -0.16840337    0.24571087    8
LHAS 1996-11-06 1996-12-03    2.83572147    0.13771790   23
LHAS 1996-12-23 1997-05-10    1.21674398    0.06883450   86
LHAS 1997-05-11 1997-05-18    3.49398641    0.36506200    7
LHAS 1997-05-19 1997-12-22    0.52061273    0.05931715  148
LHAS 1997-12-23 1998-03-21    1.53962927    0.06016988   86
LHAS 1998-03-22 1998-05-22    0.18315160    0.10898749   56
LHAS 1998-05-24 1998-06-26    2.04883079    0.15660912   34
LHAS 1998-06-27 1999-02-04    0.72620965    0.04877613  179
LHAS 1999-02-05 1999-03-06   -0.39786371    0.10960132   25
LHAS 1999-03-08 1999-03-23    1.35300354    0.22965284    8
LHAS 1999-03-24 1999-03-28   -1.74597733    0.29049041    5
LHAS 1999-03-29 1999-07-19    1.37421743    0.10780467   63
LHAS 1999-07-20 1999-07-21    4.74811355    0.51341462    2
LHAS 1999-07-23 2001-01-06    0.38464143    0.03651382  326
LHAS 2001-01-07 2001-02-16    1.24871606    0.08926478   37
LHAS 2001-02-17 2001-05-25    0.27496009    0.07667077   84
LHAS 2001-05-26 2002-01-18   -0.43450173    0.04741883  215
LHAS 2002-01-19 2002-02-15    0.82181493    0.10182285   28
LHAS 2002-02-16 2002-02-21   -1.51512008    0.21418727    6
LHAS 2002-02-25 2004-07-01    0.53734396    0.02615181  718
LHAS 2004-07-02 2005-10-10    0.25460868    0.04438397  290
LHAS 2005-10-11 2006-01-24    1.35489622    0.08513252   49
LHAS 2006-01-25 2006-11-27    0.13265558    0.05182830  200
LHAS 2006-12-06 2006-12-10    2.76798159    0.22993695    5
LHAS 2006-12-11 2006-12-16   -0.31657036    0.20990276    6
LHAS 2006-12-21 2007-01-27    1.31166200    0.10774792   26
LHAZ 1999-09-25 2000-10-17   -0.91822051    0.03846011  274
LHAZ 2000-10-18 2001-02-16   -0.22187032    0.05155619  105
LHAZ 2001-02-17 2002-01-13   -1.48772578    0.03847882  285
LHAZ 2002-01-14 2002-02-15   -0.55139321    0.08683460   32
LHAZ 2002-02-16 2002-02-22   -2.87223417    0.18839124    7
LHAZ 2002-02-23 2005-10-10   -0.63789782    0.01982055 1084
LHAZ 2005-10-11 2006-01-22    0.44584472    0.07907597   50
LHAZ 2006-01-25 2006-11-21   -0.87972380    0.04249162  250
LHAZ 2006-11-22 2007-01-22    0.51803680    0.06759706   57
LHAZ 2007-01-23 2008-02-04   -0.42424429    0.03342834  349
LHAZ 2008-02-05 2008-02-13    1.12689306    0.16614546    9
LHAZ 2008-02-14 2008-07-29   -0.94569247    0.05344616  167
LHAZ 2008-07-30 2008-10-26   -0.07096728    0.07412332   89
LHAZ 2008-10-27 2008-11-11   -2.08606044    0.14950269   16
LHAZ 2008-11-12 2009-08-25    0.09666293    0.03998676  250
LHAZ 2009-08-26 2009-10-06   -1.04309643    0.10666554   42
LHAZ 2009-10-07 2009-11-01    0.97182628    0.13665110   26
LHAZ 2009-11-02 2010-05-15   -0.54239693    0.04051643  191
LHAZ 2010-05-16 2010-07-19    0.64646336    0.10105757   62
LHAZ 2010-07-20 2011-12-02   -0.71759645    0.02898676  481
LHAZ 2011-12-03 2011-12-31    0.97044318    0.09589405   29
LHAZ 2012-01-01 2014-02-26   -0.46595474    0.02205048  769
LHAZ 2014-02-27 2015-12-09   -0.77095426    0.02574794  636
LHAZ 2015-12-10 2018-09-01    0.26514861    0.02000303  975
LHAZ 2018-09-02 2019-03-17    0.98615914    0.04017903  195
LHAZ 2019-03-18 2020-05-22    0.26821230    0.03418916  342
LHAZ 2020-05-23 2020-07-09    1.81044828    0.11771055   47
LHAZ 2020-07-10 2021-05-16    0.56829395    0.03558274  281
LHAZ 2021-05-17 2021-07-19    2.06758213    0.11866297   46
LHAZ 2021-07-20 2023-08-22    0.59276501    0.04708681  221
LMMF 2008-11-13 2009-09-20   -0.52452693    0.06629411  307
LMMF 2009-09-21 2010-05-21   -1.14497268    0.07748533  230
LMMF 2010-05-22 2010-05-22    6.44938994    1.23072918    1
LMMF 2010-05-23 2013-04-27   -0.87453611    0.03676532 1032
LMMF 2013-04-28 2013-04-28   -9.10357472    1.15734143    1
LMMF 2013-04-29 2019-04-14   -1.06206983    0.02555495 2133
LMMF 2019-04-15 2019-06-28   -0.15200573    0.14170446   67
LMMF 2019-06-29 2021-01-30   -1.22072418    0.05050468  569
LMMF 2021-01-31 2024-01-25   -1.60429312    0.03635931 1048
LMMF 2024-01-26 2024-02-10    0.26870976    0.26474499   16
LMMF 2024-02-11 2025-12-30   -1.51362082    0.04515679  686
LPAL 2001-06-28 2001-12-19   -0.25941908    0.03579860  161
LPAL 2001-12-20 2002-01-02   -1.07687497    0.11391653   10
LPAL 2002-01-03 2003-02-01   -0.16112568    0.01879645  378
LPAL 2003-02-02 2003-02-03   -1.63850502    0.21025540    2
LPAL 2003-02-04 2004-02-18   -0.02017541    0.01904429  372
LPAL 2004-02-19 2004-02-23   -0.86197577    0.13297719    5
LPAL 2004-02-24 2004-04-04    0.16938271    0.05051010   41
LPAL 2004-04-05 2004-04-06   -1.63626188    0.23170639    2
LPAL 2004-04-07 2005-04-23   -0.12726855    0.01907234  376
LPAL 2005-04-24 2005-04-29    1.30122463    0.13377574    6
LPAL 2005-04-30 2006-01-03    0.13316163    0.02640064  242
LPAL 2006-01-04 2006-01-28   -0.29196204    0.06262145   25
LPAL 2006-01-29 2006-02-06    0.58673314    0.10077747    9
LPAL 2006-02-07 2006-02-11   -1.01149493    0.13297719    5
LPAL 2006-02-12 2008-06-30    0.13857161    0.01252067  844
LPAL 2008-07-11 2010-12-04   -0.26172546    0.01337483  835
LPAL 2010-12-06 2010-12-22   -1.04635660    0.09113525   17
LPAL 2010-12-23 2012-03-29   -0.18573282    0.01747022  415
LPAL 2012-03-30 2018-02-27   -0.30442501    0.00827965 2045
LPAL 2018-03-01 2018-03-03   -1.70669682    0.18979941    3
LPAL 2018-03-04 2021-01-06   -0.27648070    0.01180759 1013
LPAL 2021-01-08 2021-01-11   -1.57670950    0.18077255    3
LPAL 2021-01-12 2021-02-03    0.01315430    0.06482890   23
LPAL 2021-02-04 2021-02-06   -1.48242784    0.17167281    3
LPAL 2021-02-07 2021-05-14   -0.23333823    0.03286343   94
LPAL 2021-05-15 2021-05-22    0.39284186    0.11070664    8
LPAL 2021-05-23 2022-04-04   -0.45236393    0.02265634  287
LPAL 2022-04-07 2022-12-31    0.44969559    0.02474718  263
LPAL 2023-01-01 2023-02-22    0.01490927    0.04206892   53
LPAL 2023-02-23 2025-12-30    0.33686861    0.01202440  991
LPGS 1995-07-05 1996-11-23   -0.48643307    0.05535232  223
LPGS 1996-11-24 1997-03-03   -2.16188746    0.25059895   23
LPGS 1997-08-28 1998-05-08   -0.38351839    0.08027237  144
LPGS 1998-05-09 1998-05-10    3.24232691    0.57422624    2
LPGS 1998-05-12 1999-06-04   -0.52217967    0.05051063  277
LPGS 1999-06-05 1999-06-16   -2.02741363    0.20737246   12
LPGS 1999-06-17 2001-02-23   -0.48939737    0.04127789  478
LPGS 2001-02-24 2001-03-06    1.97744436    0.38368063    9
LPGS 2001-03-07 2001-08-08   -0.15925358    0.06834882  137
LPGS 2001-08-09 2001-08-11   -3.64060324    0.42389527    3
LPGS 2001-08-12 2001-10-28    0.26212798    0.09580423   72
LPGS 2001-10-29 2002-04-04   -0.48271592    0.09651971  132
LPGS 2002-04-05 2002-04-05   -6.36663661    0.89226831    1
LPGS 2002-04-06 2002-05-28   -0.42275388    0.12187960   48
LPGS 2002-05-29 2003-11-15    0.28343852    0.03859393  484
LPGS 2003-11-16 2003-11-17    4.55507411    0.68647176    2
LPGS 2003-11-18 2006-03-30    0.13916501    0.03350349  727
LPGS 2006-04-01 2006-04-01    7.09693907    0.89226831    1
LPGS 2006-04-02 2007-09-06    0.37921084    0.03929535  444
LPGS 2007-09-07 2007-09-14    2.50779086    0.27052496    8
LPGS 2007-09-15 2007-09-15   -3.25149724    0.76516013    1
LPGS 2007-09-16 2013-01-03    0.16912342    0.02194380 1668
LPGS 2013-01-04 2015-05-08   -0.10156794    0.03246661  774
LPGS 2015-05-09 2015-05-21   -1.70398905    0.22523006   13
LPGS 2015-05-23 2018-05-01   -0.14864915    0.02897420  930
LPGS 2018-05-02 2018-05-04   -2.74466646    0.46885376    3
LPGS 2018-05-05 2022-03-27    0.00994074    0.02475523 1290
LPGS 2022-03-28 2022-12-24   -0.35333283    0.05069082  265
LPGS 2022-12-25 2025-12-30   -0.69452964    0.02715062 1061
M0SE 2014-01-03 2016-08-21    0.00319412    0.01903831  924
M0SE 2016-08-22 2020-03-08    0.43855229    0.01661223 1227
M0SE 2020-03-09 2021-07-03    0.61427836    0.02829281  430
M0SE 2021-07-04 2021-10-03   -0.26207681    0.10377257   78
M0SE 2021-10-04 2021-10-05    3.01081737    0.51904051    2
M0SE 2021-10-06 2022-03-11    0.13331496    0.04047222  156
M0SE 2022-03-12 2022-05-25    0.49972833    0.06226347   75
M0SE 2022-05-26 2022-05-30   -1.75927553    0.29134196    5
M0SE 2022-05-31 2022-08-20   -0.18196055    0.11045475   59
M0SE 2022-08-21 2022-08-30   -2.62987304    0.33310071    9
M0SE 2022-08-31 2022-10-19   -0.33967203    0.11611028   49
M0SE 2022-10-20 2025-12-30    0.34102879    0.01825734 1029
MAC1 1995-07-01 2000-05-24    0.64600021    0.01275661 1215
MAC1 2000-05-25 2000-05-26    2.26808380    0.31004151    2
MAC1 2000-05-28 2003-05-14    0.56747643    0.01406626  991
MAC1 2003-05-15 2007-06-25    0.72539010    0.01176803 1421
MAC1 2007-06-26 2009-03-25    0.85660284    0.01961873  502
MAC1 2009-03-26 2009-04-19    1.98940280    0.11410313   18
MAC1 2009-04-20 2011-12-25    0.78393977    0.01462265  900
MAC1 2011-12-26 2016-04-30    0.55713389    0.01148877 1509
MAC1 2016-05-01 2016-05-10    1.44847167    0.15502075    8
MAC1 2016-05-11 2023-05-08    0.70119745    0.00911742 2366
MAC1 2023-05-09 2025-12-30    0.46880856    0.01464710  897
MAD2 1997-10-31 1998-03-13   -0.32333024    0.05051912   99
MAD2 1998-03-14 1998-03-28    1.00454270    0.12069003   15
MAD2 1998-03-29 1998-06-02   -0.08988418    0.08056701   58
MAD2 1998-06-08 1998-08-08    1.60320138    0.11068138   58
MAD2 1998-08-09 1999-01-18    0.20743787    0.05438288  142
MAD2 1999-01-21 1999-02-19    1.12672905    0.09300442   26
MAD2 1999-02-20 1999-12-20    0.42141488    0.03997288  273
MAD2 1999-12-23 2000-02-14   -0.27788158    0.06971201   51
MAD2 2000-02-15 2000-11-05   -0.79510430    0.04339355  239
MAD2 2000-11-07 2000-11-12   -3.39014880    0.25774446    5
MAD2 2000-11-15 2001-01-26   -1.79958914    0.07550285   50
MAD2 2001-01-28 2001-03-20   -0.34427831    0.07640619   37
MAD2 2001-03-21 2001-03-25   -1.88536583    0.20904126    5
MAD2 2001-03-26 2002-11-23   -0.24844216    0.02825159  546
MAD2 2002-11-24 2003-05-29    0.23291743    0.04137832  165
MAD2 2003-05-30 2003-10-21   -0.36638316    0.07066610  137
MAD2 2003-11-01 2003-11-13   -1.58860915    0.18225286   10
MAD2 2003-11-14 2005-03-09    0.27955488    0.03407525  213
MAD2 2005-03-10 2005-03-10    4.23484205    0.46743047    1
MAD2 2005-03-13 2005-06-03    0.19190038    0.06421110   82
MAD2 2005-06-04 2005-06-06    4.91379072    0.46054727    3
MAD2 2005-06-07 2005-10-07    0.94653144    0.07890487  113
MAD2 2005-10-08 2005-11-21   -0.38304943    0.09638547   44
MAD2 2005-11-22 2006-05-27    0.42156325    0.03844072  187
MAD2 2006-05-28 2006-07-19   -0.53031004    0.11166750   53
MAD2 2006-07-20 2008-02-18    0.31780420    0.02634456  542
MAD2 2008-02-19 2023-12-30    0.04267579    0.01244490 2421
MAD2 2024-01-01 2024-02-16   -0.67641109    0.07160611   47
MAD2 2024-02-17 2024-02-26    0.90630369    0.14341591   10
MAD2 2024-02-27 2025-12-30   -0.07293983    0.02421612  669
MADR 1996-09-27 2000-11-02    0.42951303    0.25748565    7
MADR 2000-11-14 2001-01-03   -1.26979717    0.30166326    3
MADR 2001-01-06 2004-04-09    0.70514849    0.12637992   14
MADR 2004-04-15 2004-09-22   -0.07730365    0.05567817  155
MADR 2004-09-23 2004-09-24   -3.36470478    0.52559902    2
MADR 2004-09-25 2004-10-24   -0.16055915    0.12404712   30
MADR 2004-10-25 2004-11-05   -1.23599686    0.18918167   10
MADR 2004-11-06 2004-11-06   -4.59941676    0.54775911    1
MADR 2004-11-07 2004-12-07    0.37478460    0.09425029   31
MADR 2004-12-08 2023-01-08   -0.70968062    0.13891986   17
MADR 2023-01-09 2023-11-18    0.23295741    0.03212038  310
MADR 2023-11-19 2023-11-19   -3.37289492    0.54775911    1
MADR 2023-11-20 2024-02-06    0.14077957    0.05296025   78
MADR 2024-02-07 2024-02-16   -0.78100893    0.11394927   10
MADR 2024-02-17 2024-02-29    0.88781666    0.09994012   13
MADR 2024-03-01 2025-02-14    0.04790087    0.03049296  348
MADR 2025-02-15 2025-02-25    0.91355527    0.10864637   11
MADR 2025-02-26 2025-12-30    0.04569470    0.03414734  307
MAG0 1997-11-15 1998-12-14    0.53600429    0.01233007  319
MAG0 1998-12-15 1999-10-02    0.31805683    0.01650945  177
MAG0 1999-10-03 1999-10-10   -0.52924583    0.09400634    8
MAG0 1999-10-11 2002-09-19    0.43483133    0.00779665  872
MAG0 2002-09-20 2006-02-08    0.32628834    0.00667164 1121
MAG0 2006-02-09 2006-03-17    0.12003950    0.02716485   36
MAG0 2006-03-18 2006-05-14    0.54414363    0.03287605   55
MAG0 2006-05-15 2012-01-12    0.16304493    0.01905135  138
MAG0 2012-01-13 2012-01-19   -0.42620658    0.06477977    7
MAG0 2012-01-20 2013-01-26    0.19686833    0.01236003  335
MAG0 2013-01-27 2013-03-29    0.48041192    0.02166016   57
MAG0 2013-03-30 2015-01-07    0.06918839    0.01038314  571
MAG0 2015-01-08 2015-03-14    0.33731654    0.02025234   66
MAG0 2015-03-15 2016-12-15    0.11961193    0.01026574  550
MAG0 2016-12-16 2017-10-17    0.22829980    0.01438637  279
MAG0 2017-10-18 2017-12-29   -0.12517030    0.02342832   69
MAG0 2017-12-30 2018-02-15    0.27765882    0.02399976   48
MAG0 2018-02-16 2018-02-19    1.02734076    0.07819548    4
MAG0 2018-02-20 2018-03-25    0.44081958    0.02864841   34
MAG0 2018-03-26 2018-05-06   -0.18055559    0.04103239   40
MAG0 2018-05-07 2018-10-29    0.31806282    0.03279459  148
MAG0 2018-10-30 2019-01-21   -0.00531615    0.02014664   82
MAG0 2019-01-22 2020-01-22    0.19531611    0.01313733  308
MAG0 2020-01-23 2020-04-07    0.73346944    0.02076791   68
MAG0 2020-04-08 2020-11-29   -0.04666096    0.02384124  208
MAG0 2020-11-30 2021-01-04    0.37237339    0.03103141   31
MAG0 2021-01-05 2021-02-02    0.91567837    0.03469566   24
MAG0 2021-02-03 2021-03-29    0.38991441    0.02302646   51
MAG0 2021-03-30 2021-04-01    1.31934173    0.11031245    3
MAG0 2021-04-02 2022-04-28   -0.07150985    0.03628163  101
MAJU 2017-01-30 2020-05-23   -0.09569563    0.02820289 1153
MAJU 2020-05-24 2020-05-25    3.82923113    0.62569921    2
MAJU 2020-05-26 2021-11-05   -0.25885597    0.04145525  504
MAJU 2021-11-06 2025-12-05    0.80643014    0.14543137   49
MAJU 2025-12-06 2025-12-30   -0.46889866    0.22957913   25
MAL2 2008-07-12 2008-11-16   -0.59860770    0.10004998  111
MAL2 2008-11-17 2008-11-28    1.30361698    0.35069092   12
MAL2 2008-11-29 2008-12-03   -2.95339493    0.51701646    5
MAL2 2008-12-04 2009-01-22    0.30870170    0.15223792   47
MAL2 2009-01-23 2009-01-25   -3.77852488    0.55075192    3
MAL2 2009-01-26 2010-09-05   -0.31280045    0.04752515  561
MAL2 2010-09-06 2010-11-03   -1.24935950    0.14389279   59
MAL2 2010-11-04 2011-02-21    0.00723403    0.10507427  110
MAL2 2011-02-22 2011-03-07    2.03139678    0.34705939   14
MAL2 2011-03-08 2011-10-30   -0.38368466    0.07268267  235
MAL2 2011-10-31 2012-03-19    0.35848191    0.09814706  134
MAL2 2012-03-20 2012-04-08   -2.91220057    0.30555792   20
MAL2 2012-04-09 2013-04-03   -0.09639209    0.05926763  353
MAL2 2013-04-05 2013-04-09   -3.64311829    0.61527406    5
MAL2 2013-04-10 2015-01-02   -0.56920464    0.04483851  607
MAL2 2015-01-03 2015-04-13    0.22959779    0.12199593   89
MAL2 2015-04-14 2017-02-10   -0.69211748    0.04442158  609
MAL2 2017-02-11 2017-02-18   -3.22521603    0.43999080    8
MAL2 2017-02-19 2020-01-27   -0.39458200    0.04079706  744
MAL2 2020-01-28 2020-04-04    0.89761325    0.15781300   65
MAL2 2020-04-05 2020-12-10   -0.38913299    0.07151119  240
MAL2 2020-12-11 2021-01-30   -1.72415025    0.14189245   51
MAL2 2021-01-31 2023-01-03   -0.94480093    0.04310011  687
MAL2 2023-01-04 2023-02-02   -2.15969854    0.17660795   30
MAL2 2023-02-03 2024-11-10   -0.91518840    0.04467532  633
MAL2 2024-11-11 2025-04-02   -1.69887893    0.09675374  141
MAL2 2025-04-03 2025-10-29   -0.99811637    0.07536825  210
MAL2 2025-10-30 2025-10-31    4.35910836    0.87382821    2
MAL2 2025-11-01 2025-12-30   -1.42569964    0.15043761   60
MALD 1999-08-13 1999-10-21   -0.42337563    0.14046090   63
MALD 1999-10-22 1999-11-11   -2.01865009    0.26420619   21
MALD 1999-11-16 1999-12-14    0.71499985    0.23663325   28
MALD 1999-12-15 2000-07-14   -0.71921976    0.08402478  199
MALD 2000-07-16 2000-07-22    3.16765758    0.41296624    6
MALD 2000-07-24 2000-12-19    0.09953795    0.09947602  134
MALD 2000-12-20 2000-12-23    4.69738044    0.79943272    3
MALD 2000-12-24 2002-02-04    0.75276736    0.07081501  272
MALD 2002-02-06 2002-02-17    2.82386474    0.30391370   12
MALD 2002-02-19 2002-11-15    0.65753912    0.13023818   79
MALD 2002-11-16 2002-11-18   -3.37304502    0.66487629    3
MALD 2002-11-19 2005-10-05    0.91366905    0.04748414  625
MALD 2005-10-06 2005-11-12   -0.89679351    0.25251560   23
MALD 2005-11-13 2006-06-11    0.51966349    0.13315459   82
MALI 1995-12-26 1997-03-13   -0.43062032    0.10184667  186
MALI 1997-03-14 1997-04-03    3.31209010    0.65569725    6
MALI 1997-04-21 1997-07-29    0.34182497    0.21162946   43
MALI 1997-08-01 1997-08-26   -1.98499413    0.32128384   14
MALI 1997-08-27 1998-07-05    0.48604077    0.10566739  187
MALI 1998-07-06 1998-08-22   -1.11351272    0.18545985   42
MALI 1998-08-23 2000-01-28   -0.08511919    0.09152366  219
MALI 2000-01-29 2000-07-03   -2.24627192    0.27069920   28
MALI 2000-07-04 2002-07-12   -0.20695896    0.06525686  442
MALI 2002-07-13 2002-07-16   -5.00847198    0.60086006    4
MALI 2002-07-17 2003-03-19   -0.20243273    0.09415558  204
MALI 2003-03-20 2003-05-14   -1.66192780    0.21143062   55
MALI 2003-05-15 2004-12-08   -0.06364615    0.06738165  399
MALI 2004-12-14 2004-12-28    1.95566539    0.35411821   15
MALI 2004-12-29 2005-02-26   -0.80675908    0.18976296   53
MALI 2005-02-27 2005-03-05   -6.13393643    0.76285635    4
MALI 2005-03-06 2006-02-04   -0.23468913    0.07840899  309
MALI 2006-02-05 2006-02-24   -4.11811455    0.30737872   19
MALI 2006-02-25 2008-03-23   -0.60004761    0.05149597  725
MALI 2008-03-24 2008-04-18    1.82874634    0.31490083   26
MALI 2008-04-19 2008-09-10   -0.69284068    0.11457056  135
MANA 2000-05-14 2001-04-11   -0.53151076    0.07340033  310
MANA 2001-04-12 2001-05-01   -2.64248598    0.31580083   20
MANA 2001-05-02 2001-05-19    1.64822588    0.38728705   17
MANA 2001-05-20 2001-07-12   -1.58851356    0.18843229   54
MANA 2001-07-13 2002-01-11   -0.19220619    0.10090557  177
MANA 2002-01-12 2002-07-03   -1.46645037    0.10034827  160
MANA 2002-07-04 2003-03-14   -0.71714664    0.08496410  229
MANA 2003-03-15 2003-03-28    1.92020834    0.32035677   13
MANA 2003-04-01 2004-02-25   -0.05568339    0.08193057  260
MANA 2004-02-26 2004-02-27    4.18424277    0.74989423    2
MANA 2004-02-28 2005-03-20   -0.41723102    0.08130960  256
MANA 2005-03-21 2005-03-21   -6.97116898    1.15506277    1
MANA 2005-03-29 2008-09-08    0.05329456    0.04433102  869
MANA 2008-09-09 2008-09-09  -10.71471187    1.34569243    1
MANA 2008-09-12 2009-11-29   -0.03404503    0.06845767  364
MANA 2009-11-30 2010-01-24   -0.93350898    0.17139351   56
MANA 2010-01-25 2010-05-02    1.11675498    0.13048750   87
MANA 2010-05-03 2016-04-14    0.01491142    0.02892984 2043
MANA 2016-04-15 2016-04-26    2.69735403    0.40538073   12
MANA 2016-04-27 2020-03-05    0.13855211    0.03568281 1349
MANA 2020-03-06 2020-05-04   -1.16683340    0.16604641   60
MANA 2020-05-05 2020-12-04    0.35130373    0.09888019  195
MANA 2020-12-05 2025-10-23   -0.41610105    0.03327045 1550
MAS1 1999-08-17 2000-07-12   -0.59384017    0.04969080  310
MAS1 2000-07-13 2000-07-22   -2.89992360    0.32184134   10
MAS1 2000-07-23 2000-08-04    0.54993976    0.30836687   11
MAS1 2000-08-05 2000-09-13   -1.94224923    0.18397921   34
MAS1 2000-09-14 2001-12-13   -0.49824772    0.04613051  396
MAS1 2001-12-14 2001-12-16   -4.16500756    0.44178794    3
MAS1 2001-12-17 2003-04-29   -0.25729525    0.03977242  470
MAS1 2003-04-30 2004-01-31   -0.64900494    0.05671177  261
MAS1 2004-02-01 2004-06-05    0.31786307    0.07532797  123
MAS1 2004-06-06 2004-06-30   -1.69346661    0.19048404   25
MAS1 2004-07-01 2005-05-02   -0.32568954    0.05139747  299
MAS1 2005-05-03 2005-05-05   -4.23354289    0.50626824    3
MAS1 2005-05-06 2006-05-24   -0.45508181    0.04635573  368
MAS1 2006-05-25 2009-07-23   -0.04693069    0.02674683 1119
MAS1 2009-07-24 2009-08-02    1.93390722    0.32357684   10
MAS1 2009-08-03 2011-04-17   -0.35778573    0.03608653  597
MAS1 2011-04-18 2012-05-20    0.28522234    0.04486254  394
MAS1 2012-05-21 2014-08-10   -0.29919609    0.03198337  791
MAS1 2014-08-11 2014-09-06   -1.85028017    0.20450985   27
MAS1 2014-09-07 2017-11-17   -0.20317636    0.02692314 1124
MAS1 2017-11-18 2020-11-28    0.07403737    0.02768967 1031
MAS1 2020-11-29 2023-01-02   -0.33352929    0.03234362  751
MAS1 2023-01-03 2023-02-08    0.78696066    0.12613253   37
MAS1 2023-02-09 2023-04-07   -0.22840498    0.10534602   58
MAS1 2023-04-08 2023-04-12    2.52845171    0.39211728    5
MAS1 2023-04-13 2023-05-19   -0.77707162    0.14415205   37
MAS1 2023-05-20 2023-06-12    1.37792191    0.18622535   24
MAS1 2023-06-13 2024-12-02   -0.00622446    0.03993004  538
MAS1 2024-12-03 2024-12-04    3.79286865    0.54107751    2
MAS1 2024-12-05 2025-12-30   -0.16882924    0.04474572  389
MAT1 2001-05-19 2001-11-16   -0.63107761    0.07504230  128
MAT1 2001-11-17 2002-02-28    0.05064803    0.05249855   92
MAT1 2002-03-01 2006-03-30   -0.21731170    0.01684244 1369
MAT1 2006-03-31 2006-03-31   -3.61615556    0.50094757    1
MAT1 2006-04-01 2009-07-03   -0.13017445    0.02211123  836
MAT1 2009-07-04 2010-12-25    0.18895084    0.02908396  524
MAT1 2010-12-26 2012-06-30    0.50645546    0.02593268  536
MAT1 2012-07-01 2015-03-29    0.12217127    0.02003287  973
MAT1 2015-03-30 2016-01-30    0.46384962    0.03943216  298
MAT1 2016-01-31 2016-03-21   -0.05974057    0.06607512   51
MAT1 2016-03-22 2018-05-22    0.44691030    0.02254841  763
MAT1 2018-05-23 2018-10-15    0.99237319    0.07474509  145
MAT1 2018-10-16 2021-10-29    0.44765433    0.01917301 1084
MAT1 2021-10-30 2021-12-11   -0.52755529    0.09599462   43
MAT1 2021-12-12 2023-03-18    0.28061410    0.02750767  450
MAT1 2023-03-19 2023-03-20    2.52358713    0.35422343    2
MAT1 2023-03-21 2024-02-24    0.41671637    0.03508228  336
MAT1 2024-02-25 2024-03-12   -0.39646279    0.11777365   17
MAT1 2024-03-13 2024-08-23    0.54650001    0.05561056  161
MAT1 2024-08-24 2024-09-02    2.41958569    0.30204185   10
MAT1 2024-09-03 2025-12-30    0.29427257    0.02979021  458
MATE 1994-01-06 1994-09-01    0.28011828    0.04603727  194
MATE 1994-09-02 1994-10-05   -1.00104285    0.15832915   33
MATE 1994-10-06 1994-12-18    0.16433338    0.08162456   66
MATE 1994-12-19 1995-05-29   -0.40150996    0.04435294  147
MATE 1995-05-30 1995-10-08   -1.30826627    0.08566733  118
MATE 1995-10-09 1996-04-13   -0.20742441    0.04132531  175
MATE 1996-04-24 1996-06-23   -3.14077942    0.09748076   56
MATE 1996-06-24 1997-01-03   -0.53034659    0.05557246  182
MATE 1997-01-04 1997-04-13    0.24625961    0.05032192   99
MATE 1997-04-14 1998-01-18   -0.51389554    0.04390891  270
MATE 1998-01-19 1998-04-11    0.01868431    0.05468144   83
MATE 1998-04-12 1998-09-30   -0.82303397    0.06584727  157
MATE 1998-10-01 1998-10-02   -4.26294712    0.55255673    2
MATE 1998-10-03 1999-03-01   -0.14891579    0.04694279  141
MATE 1999-03-03 1999-12-02   -0.63693119    0.04623529  251
MATE 1999-12-03 2000-03-24    0.19702985    0.05133859   92
MATE 2000-03-25 2000-07-15   -0.64076189    0.06728101  110
MATE 2000-07-16 2001-11-16   -0.17558999    0.03134144  479
MATE 2001-11-17 2002-02-11    0.46918892    0.05746513   84
MATE 2002-02-12 2003-02-05    0.05482096    0.03547965  334
MATE 2003-02-06 2003-05-08    0.39543267    0.05613784   90
MATE 2003-05-09 2003-05-09    4.69522522    0.68761189    1
MATE 2003-05-10 2003-07-17   -0.40184650    0.10358921   63
MATE 2003-07-18 2012-06-30    0.21237594    0.01181291 2960
MATE 2012-07-01 2015-03-25   -0.08972312    0.02056103  964
MATE 2015-03-26 2018-04-17    0.26420570    0.01965558 1068
MATE 2018-04-18 2018-10-15    0.86396943    0.06224592  180
MATE 2018-10-16 2021-10-29    0.41186476    0.01960984 1085
MATE 2021-10-30 2021-12-11   -0.54771018    0.09697577   43
MATE 2021-12-12 2025-12-30    0.33809577    0.01697449 1424
MAUI 1999-01-02 1999-06-17    0.42197122    0.02926433  150
MAUI 1999-06-18 1999-06-19   -1.52053767    0.25431614    2
MAUI 1999-06-20 2000-01-13    0.33126517    0.02969554  165
MAUI 2000-01-14 2000-01-22   -0.54510599    0.10942873    9
MAUI 2000-01-23 2000-07-19    0.24328753    0.03099142  137
MAUI 2000-07-20 2000-08-01   -0.95353938    0.10899584   13
MAUI 2000-08-02 2000-10-24    0.34295534    0.04513815   80
MAUI 2000-10-25 2000-11-16   -0.81378006    0.08892823   18
MAUI 2000-11-17 2001-03-23    0.56870818    0.03069015  121
MAUI 2001-03-24 2001-03-25   -1.35949852    0.26521943    2
MAUI 2001-03-26 2001-05-31    0.36160567    0.04717871   65
MAUI 2001-06-01 2001-06-09   -0.94972782    0.11988578    9
MAUI 2001-06-10 2002-07-07    0.28549945    0.01906496  371
MAUI 2002-07-08 2003-04-01    0.48601258    0.02299619  250
MAUI 2003-04-02 2003-04-04    1.84984269    0.22453186    3
MAUI 2003-04-05 2003-10-22    0.27522711    0.02799300  190
MAUI 2003-10-23 2003-11-23    0.77762104    0.07355748   25
MAUI 2003-11-24 2003-12-06   -0.30011545    0.09950485   12
MAUI 2003-12-07 2004-03-12    0.47204325    0.03567504   87
MAUI 2004-03-14 2004-05-12   -0.14569546    0.05009188   58
MAUI 2004-05-13 2008-01-05    0.43391713    0.01119194 1092
MAUI 2008-01-07 2008-01-10    2.10327215    0.16414310    4
MAUI 2008-01-11 2008-01-28    0.43532875    0.07737780   18
MAUI 2008-01-29 2008-02-04   -0.65458149    0.14679725    5
MAUI 2008-02-05 2008-03-16    0.69476785    0.05527755   39
MAUI 2008-03-17 2008-10-04    0.26880371    0.02792358  188
MAUI 2008-10-05 2008-12-24    0.58780724    0.04281874   73
MAUI 2008-12-26 2009-01-02   -1.06134773    0.13356432    6
MAUI 2009-01-03 2012-04-03    0.40644319    0.01123683 1057
MAUI 2012-04-04 2025-12-20    0.13035942    0.01068210 1196
MAW1 1994-01-16 1995-09-20    0.86370580    0.01824119  110
MAW1 1995-09-21 1996-03-28    0.64559456    0.02154197   95
MAW1 1996-03-29 1997-02-24    0.42040848    0.01390649  183
MAW1 1997-02-25 1998-08-16    0.58478772    0.00948461  394
MAW1 1998-08-17 1998-11-02    0.21951317    0.02158706   64
MAW1 1998-11-03 1999-02-27    0.76785872    0.02759611   72
MAW1 1999-02-28 1999-03-09   -0.28370735    0.07850417    8
MAW1 1999-03-11 1999-07-23    0.46082868    0.01772526  105
MAW1 1999-07-24 1999-08-05   -0.20299252    0.05031738   13
MAW1 1999-08-07 2000-06-19    0.67607204    0.01226944  264
MAW1 2000-06-20 2000-11-11    0.94691028    0.01485592  144
MAW1 2000-11-12 2001-01-21    0.52738680    0.02875555   66
MAW1 2001-01-22 2003-07-26    0.81676345    0.00660025  855
MAW1 2003-07-27 2003-09-05    0.52194811    0.02902539   36
MAW1 2003-09-06 2005-04-04    0.78229768    0.00859255  534
MAW1 2005-04-05 2005-06-21    1.21960619    0.02049566   74
MAW1 2005-06-22 2006-06-27    0.97793053    0.01027184  359
MAW1 2006-06-28 2006-12-23    0.48548855    0.01439336  167
MAW1 2006-12-24 2009-10-17    0.68149409    0.00710608  765
MAW1 2009-10-18 2009-11-18    0.97955119    0.03607850   27
MAW1 2009-11-19 2012-02-05    0.62403417    0.00722698  746
MAW1 2012-02-06 2012-10-24    0.73183859    0.01199535  236
MAW1 2012-10-25 2013-10-19    0.57734309    0.01061918  335
MAW1 2013-10-20 2014-03-18    0.38647705    0.01946441  132
MAW1 2014-03-19 2017-01-10    0.58605443    0.00601213 1013
MAW1 2017-01-11 2018-08-16    0.74841675    0.00820179  550
MAW1 2018-08-17 2022-09-20    0.65263603    0.00504304 1464
MAW1 2022-09-21 2024-07-18    0.51690934    0.00764693  655
MAW1 2024-07-19 2024-09-03    0.83224955    0.02629013   45
MAW1 2024-09-04 2025-12-30    0.49239541    0.00900708  449
MBAR 2001-07-18 2001-08-22   -0.67038685    0.15831742   36
MBAR 2001-08-23 2001-09-12   -3.15071910    0.22496371   20
MBAR 2001-09-13 2002-06-07   -0.78898369    0.09661840  125
MBAR 2002-06-08 2002-06-27   -2.73896992    0.21544569   20
MBAR 2002-06-28 2002-07-05    0.66084081    0.32775828    8
MBAR 2002-07-06 2002-07-22   -1.58890366    0.21999309   17
MBAR 2002-07-23 2002-07-24   -5.83469106    0.64138458    2
MBAR 2002-07-25 2002-08-19   -2.14797221    0.18808094   26
MBAR 2002-08-20 2004-05-19   -0.96555056    0.12379076   64
MBAR 2004-05-20 2004-05-23    3.22440466    0.52713264    4
MBAR 2004-05-24 2004-10-07    0.35472784    0.08404170  134
MBAR 2004-10-08 2004-10-11   -2.60881705    0.51552127    4
MBAR 2004-10-12 2007-01-06   -0.09659823    0.03806562  770
MBAR 2007-01-07 2007-03-02    1.13982221    0.16349754   54
MBAR 2007-03-03 2009-12-20   -0.45171185    0.03853231  737
MBAR 2009-12-21 2010-01-06    1.38462678    0.27373604   17
MBAR 2010-01-07 2011-06-06   -0.54237250    0.07103795  215
MBAR 2011-06-07 2011-06-11    2.86429039    0.43089139    5
MBAR 2011-06-12 2011-09-01   -0.93558501    0.10463316   82
MBAR 2011-09-02 2014-02-08   -0.38385378    0.04425259  558
MBAR 2014-02-09 2014-02-20   -2.69040076    0.34895376   12
MBAR 2014-02-21 2016-04-13   -0.82340216    0.04855754  521
MBAR 2016-04-14 2016-05-07    0.57970091    0.22386364   24
MBAR 2016-05-08 2016-09-26   -1.03371182    0.08202964  142
MBAR 2016-09-27 2025-07-13   -0.02055049    0.04544027  524
MBAR 2025-07-14 2025-09-26   -0.90040071    0.11257717   75
MBAR 2025-09-27 2025-12-30   -0.11968463    0.11073814   89
MCIL 2002-12-12 2003-02-07   -0.82340057    0.11017018   50
MCIL 2003-02-08 2003-08-01   -0.17703795    0.06833076  139
MCIL 2003-08-02 2012-08-02   -0.67534162    0.01677612 2497
MCIL 2012-08-03 2014-06-04   -0.38501144    0.03359143  633
MCIL 2014-06-05 2014-06-06    3.68876180    0.61676516    2
MCIL 2014-06-07 2019-06-24   -0.35413698    0.02517848 1197
MCIL 2019-06-26 2021-09-30   -1.01768364    0.05829725  231
MCIL 2021-10-01 2022-06-19   -0.53123712    0.05212370  252
MCIL 2022-06-20 2022-08-29   -1.79741360    0.10363970   71
MCIL 2022-08-30 2025-11-05   -0.49030424    0.04288613  413
MCM4 1995-01-29 1996-06-24   -0.11143276    0.01054060  322
MCM4 1996-06-25 1996-10-06   -0.44609270    0.01811836   85
MCM4 1996-10-07 1996-12-16    0.15136224    0.03122880   40
MCM4 1996-12-17 1997-10-26   -0.31322413    0.01180353  248
MCM4 1997-10-27 1998-08-29   -0.05185676    0.01236179  223
MCM4 1998-08-30 1998-09-08    1.14286033    0.05728561    9
MCM4 1998-09-09 1999-01-31   -0.10137331    0.02002478  111
MCM4 1999-02-02 1999-07-28    0.58413738    0.01477466  141
MCM4 1999-07-29 2000-09-22    0.91029707    0.01031067  330
MCM4 2000-09-23 2000-10-01   -0.06716966    0.05730086    9
MCM4 2000-10-02 2001-10-09    0.88590517    0.01052538  327
MCM4 2001-10-10 2002-03-12    0.32156484    0.02006584  126
MCM4 2002-03-13 2002-10-28    0.59650940    0.01164551  215
MCM4 2002-10-29 2003-08-08    0.35597340    0.01183458  270
MCM4 2003-08-09 2003-11-04    0.82737553    0.01912940   82
MCM4 2003-11-05 2004-06-27    0.30420279    0.01372176  218
MCM4 2004-06-28 2004-10-04    0.66489747    0.01673526   99
MCM4 2004-10-05 2005-04-04    0.21997192    0.01626898  180
MCM4 2005-04-05 2005-06-10    1.05001990    0.02102704   67
MCM4 2005-06-11 2005-10-20    0.66948243    0.01485277  128
MCM4 2005-10-21 2006-05-17    0.23657198    0.01473660  203
MCM4 2006-05-19 2007-05-25   -0.06829762    0.00988540  364
MCM4 2007-05-26 2009-10-23    0.15881882    0.00633063  857
MCM4 2009-10-24 2012-07-05    0.03923488    0.00625012  907
MCM4 2012-07-06 2016-07-18   -0.23217127    0.00499866 1421
MCM4 2016-07-19 2018-07-23   -0.12025306    0.00697416  728
MCM4 2018-07-24 2020-03-16    0.05148890    0.00799105  581
MCM4 2020-03-17 2020-10-13   -0.26033927    0.01172957  211
MCM4 2020-10-14 2022-04-03   -0.08960383    0.00856329  532
MCM4 2022-04-04 2025-12-30   -0.29370746    0.00509017 1346
MDO1 1994-01-06 1994-03-14    0.32377607    0.04917710   60
MDO1 1994-03-15 1994-03-15   -3.65571884    0.42164566    1
MDO1 1994-03-16 1994-05-14    0.48055093    0.06696647   58
MDO1 1994-05-15 1994-09-26    1.43697512    0.08742457  124
MDO1 1994-09-29 1995-05-23    0.42123529    0.03424430  177
MDO1 1995-05-26 1998-01-30    0.67425207    0.01720383  920
MDO1 1998-01-31 1998-04-06    0.25927596    0.05363561   59
MDO1 1998-04-07 1998-12-26    0.88942487    0.03907163  249
MDO1 1998-12-27 1999-12-24    0.61843288    0.02925959  315
MDO1 1999-12-25 2000-02-20    0.25391474    0.04875990   58
MDO1 2000-02-21 2000-02-22   -1.77026691    0.27675766    2
MDO1 2000-02-23 2000-03-08   -0.12204534    0.11219422   13
MDO1 2000-03-09 2001-11-27    0.66949100    0.02386318  567
MDO1 2001-11-28 2002-02-16    0.12097857    0.04174417   80
MDO1 2002-02-17 2002-10-20    0.79758244    0.04679960  200
MDO1 2002-10-21 2002-11-10    2.25494183    0.11156705   21
MDO1 2002-11-11 2005-06-27    0.96163494    0.01653662  915
MDO1 2005-06-28 2006-02-06    0.60507994    0.03488505  218
MDO1 2006-02-07 2006-09-30    0.96393597    0.04077983  230
MDO1 2006-10-01 2006-10-02   -2.71577713    0.44293701    2
MDO1 2006-10-03 2006-12-05    0.83541514    0.06156235   63
MDO1 2006-12-06 2011-03-23    0.48336609    0.01305368 1476
MDO1 2011-03-24 2012-04-19    0.86688487    0.02641362  378
MDO1 2012-04-20 2012-10-21    0.35063312    0.06163755  180
MDO1 2012-10-22 2013-02-24    1.08706157    0.03550242  125
MDO1 2013-02-25 2013-08-30    0.39751551    0.04687450  186
MDO1 2013-08-31 2013-11-17    1.07731463    0.07021271   79
MDO1 2013-11-18 2013-12-09    1.89778112    0.09717787   17
MDO1 2017-03-06 2022-06-07    0.27518473    0.01316766 1615
MDO1 2022-06-08 2025-12-30    0.05920860    0.01494237 1216
MDVJ 2001-07-29 2005-04-25    0.76050416    0.01161038 1101
MDVJ 2005-04-26 2005-09-19    1.23613039    0.05159077  137
MDVJ 2005-09-20 2005-10-13    2.69331643    0.10198596   24
MDVJ 2005-10-14 2009-01-21    0.75868866    0.01195356 1055
MDVJ 2009-01-22 2010-10-07    0.99977668    0.01688491  596
MDVJ 2010-10-08 2011-01-05    0.72637616    0.03858979   89
MDVJ 2011-01-06 2011-01-29    1.51142407    0.05734106   24
MDVJ 2011-01-30 2011-11-13    0.90306933    0.02655588  274
MDVJ 2011-11-14 2012-01-21    0.46475246    0.03851022   69
MDVJ 2012-01-22 2013-05-07    0.72069577    0.01779327  463
MDVJ 2013-05-08 2013-05-18   -0.56479576    0.18197936    9
MDVJ 2013-05-19 2016-11-10    0.54134059    0.01184651 1229
MDVJ 2016-11-14 2016-11-23    1.79771926    0.13235280    8
MDVJ 2016-11-25 2018-10-30    0.46736693    0.01551179  663
MDVJ 2018-10-31 2018-12-21    0.88746307    0.04962192   51
MDVJ 2018-12-22 2019-11-07    0.34771221    0.02376935  297
MDVJ 2019-11-08 2020-01-20    0.78719155    0.03792723   73
MDVJ 2020-01-21 2020-08-22    0.29200294    0.02997470  188
MDVJ 2020-08-23 2020-12-23    0.73583611    0.03864613  118
MDVJ 2020-12-24 2021-09-11    0.26594250    0.02608076  237
MDVJ 2021-09-13 2021-12-15    0.63088355    0.04469501   82
MDVJ 2021-12-16 2022-01-18   -0.04693426    0.05542982   30
MDVJ 2022-01-19 2022-03-11    0.73913808    0.04953274   39
MDVJ 2022-03-12 2022-11-02    0.27422290    0.03269934  219
MDVJ 2022-11-03 2022-11-03    3.15200314    0.37435025    1
MDVJ 2022-11-04 2023-01-29    0.55962681    0.03454906   86
MDVJ 2023-01-30 2023-06-01   -0.08163433    0.03309580  119
MDVJ 2023-06-02 2023-12-30    0.20747397    0.03657978  148
MDVJ 2024-01-01 2024-01-22    0.97608948    0.07022817   16
MDVJ 2024-01-23 2024-04-19    0.23036082    0.03877130   66
MDVO 1995-03-07 1995-08-02    0.57997368    0.13450557   28
MDVO 1995-08-07 1995-12-08    1.41426690    0.05200164   85
MDVO 1995-12-09 1995-12-13    2.32283641    0.14619937    5
MDVO 1995-12-14 1996-06-13    1.17163583    0.03231387  145
MDVO 1996-06-14 1996-08-15    0.48077855    0.11161132   54
MDVO 1996-08-16 1996-08-17   -3.31677306    0.57753491    2
MDVO 1996-08-18 1996-08-30    1.06196044    0.24626171   11
MDVO 1996-08-31 1996-09-05    3.12861450    0.27518776    6
MDVO 1996-09-06 1996-12-05    0.45033157    0.04980033   83
MDVO 1996-12-06 1996-12-07    2.53060271    0.23116150    2
MDVO 1996-12-08 1996-12-15    1.27549245    0.11558075    8
MDVO 1996-12-16 1997-01-02    0.50648558    0.08673915   14
MDVO 1997-01-03 1997-01-13    1.33044715    0.09388126   11
MDVO 1997-01-14 1997-01-21   -0.09245327    0.11008554    8
MDVO 1997-01-22 1997-02-05    0.87997160    0.08247621   15
MDVO 1997-02-06 1997-11-01    0.16810887    0.03106939  262
MDVO 1997-11-02 1997-12-04    0.73860495    0.06636130   32
MDVO 1997-12-05 1997-12-26    1.42064189    0.06969781   22
MDVO 1997-12-27 1998-03-16    0.15747468    0.03646358   80
MDVO 1998-03-17 1998-04-01    0.86224795    0.08624154   16
MDVO 1998-04-02 1998-09-30    0.15458226    0.04863419  172
MDVO 1998-10-01 1999-01-26    0.60009556    0.03382686  115
MDVO 1999-01-27 1999-02-22    0.17566618    0.06394368   27
MDVO 1999-02-23 1999-03-22    1.73754755    0.06388062   28
MDVO 1999-03-23 2000-11-01    0.39026748    0.02126400  510
MDVO 2000-11-02 2000-11-03   -1.47028239    0.27170070    2
MDVO 2000-11-04 2001-12-18    0.33888701    0.02244566  354
MDVO 2001-12-19 2002-02-17   -0.48252496    0.04462727   52
MDVO 2002-02-18 2002-10-15    0.24072503    0.03805839  189
MDVO 2002-10-16 2003-01-15   -0.59100204    0.06253725   31
MEDI 1996-03-05 1996-10-11    0.41513431    0.06160767  180
MEDI 1996-10-15 1997-05-05    0.91586318    0.03711126  190
MEDI 1997-05-07 1997-09-22    0.02075577    0.08508260  129
MEDI 1997-09-23 1998-04-10    0.64148098    0.03725793  193
MEDI 1998-04-11 1998-05-31   -0.31819104    0.09832935   51
MEDI 1998-06-02 1998-08-05   -1.54481367    0.14726242   52
MEDI 1998-08-06 1998-10-25   -0.01808726    0.09543635   80
MEDI 1998-10-26 1999-03-27    0.60213594    0.04089198  141
MEDI 1999-03-28 1999-10-12   -0.25736924    0.06255247  173
MEDI 1999-10-13 2000-03-18    0.76558020    0.04150479  142
MEDI 2000-03-24 2000-11-15    0.14151924    0.05738736  196
MEDI 2000-11-16 2001-04-17    0.59272311    0.04225073  127
MEDI 2001-04-18 2001-11-17    0.00207000    0.05913930  190
MEDI 2001-11-18 2002-02-04    0.73768984    0.05624774   72
MEDI 2002-02-05 2002-10-18    0.20041024    0.04406535  240
MEDI 2002-10-19 2003-06-06    0.58037776    0.03618204  221
MEDI 2003-06-08 2003-06-26   -1.68962803    0.28024127   12
MEDI 2003-06-27 2003-10-01    0.08348586    0.10142610   96
MEDI 2003-10-02 2004-03-25    0.78212291    0.03924984  167
MEDI 2004-03-26 2004-09-11   -0.10165530    0.06598198  155
MEDI 2004-09-12 2006-10-05    0.62345389    0.02331841  691
MEDI 2006-10-06 2009-09-09    0.97481535    0.02126500  846
MEDI 2009-09-10 2009-10-06   -0.15947492    0.15473870   27
MEDI 2009-10-07 2012-02-25    0.83721857    0.02027299  854
MEDI 2012-02-26 2012-09-07    1.35663902    0.05435272  188
MEDI 2012-09-08 2016-02-03    0.66304339    0.01795904 1137
MEDI 2016-02-04 2016-10-14    0.35317027    0.04437044  235
MEDI 2016-10-15 2017-11-28    0.88831514    0.03099297  389
MEDI 2017-11-29 2018-03-20    0.27927473    0.04397418  110
MEDI 2018-03-21 2025-12-30    0.91656092    0.01189697 2700
METS 1994-01-06 1994-03-06    0.65164303    0.03909536   52
METS 1994-03-07 1997-12-08    0.28596180    0.01116242 1189
METS 1997-12-09 1997-12-16    1.37040015    0.13974034    5
METS 1997-12-17 1998-12-30    0.43447330    0.02033547  326
METS 1998-12-31 1999-01-03    1.30300463    0.15056039    4
METS 1999-01-04 2000-04-21    0.26858343    0.01735336  393
METS 2000-04-22 2000-04-25   -1.08639116    0.17183969    4
METS 2000-04-26 2001-06-01    0.24827962    0.01913188  393
METS 2001-06-02 2002-11-02    0.05731362    0.01868044  485
METS 2002-11-03 2005-02-01    0.21108275    0.01333327  745
METS 2005-02-02 2008-09-27    0.35309209    0.01089475 1177
METS 2008-09-28 2008-12-05    0.06212057    0.04859972   69
METS 2008-12-06 2009-04-23    0.54627898    0.02574795  130
METS 2009-04-24 2009-04-28   -0.52772107    0.15369809    5
METS 2009-04-29 2010-05-11    0.34902895    0.01981050  355
METS 2010-05-12 2010-05-22   -0.80287727    0.16536455    7
METS 2010-05-23 2011-04-23    0.04997439    0.02144629  263
METS 2011-04-24 2011-04-26   -1.69999429    0.19842338    3
METS 2011-04-27 2014-02-22    0.13499183    0.01262533  897
METS 2014-02-23 2014-03-07    0.81009016    0.07599697   13
METS 2014-03-08 2016-05-24    0.17092491    0.01328651  781
METS 2016-05-25 2018-05-06    0.42204626    0.01427209  684
METS 2018-05-07 2018-05-16   -0.35201906    0.13835391   10
METS 2018-05-17 2018-12-02    0.63113686    0.03631092  189
METS 2018-12-03 2019-04-27    0.25695676    0.02452439  146
METS 2019-04-28 2021-01-09    0.48509669    0.01629064  591
METS 2021-01-10 2021-02-20    0.07384688    0.04335483   42
METS 2021-02-21 2024-03-17    0.35704226    0.01130534 1068
METS 2024-03-18 2024-03-18    2.58061704    0.28194542    1
METS 2024-03-19 2024-06-24    0.45625252    0.04018597   91
METZ 1998-11-25 2001-06-06    0.32575392    0.01682730  421
METZ 2001-06-07 2001-11-27   -0.11249873    0.04948904  102
METZ 2001-11-28 2005-11-28    0.23283610    0.01056219 1229
METZ 2005-11-29 2005-12-11    0.89120981    0.08578235   11
METZ 2005-12-12 2007-12-31    0.34949277    0.01423684  669
METZ 2008-01-01 2008-01-06    1.01913092    0.12029636    6
METZ 2008-01-07 2008-01-12   -0.32134162    0.12029636    6
METZ 2008-01-13 2008-02-24    0.53460513    0.04525279   40
METZ 2008-02-25 2008-12-11    0.23071476    0.02767785  218
METZ 2008-12-12 2008-12-15    1.28890707    0.13967632    4
METZ 2008-12-16 2009-01-30    0.54893369    0.05281586   30
METZ 2009-01-31 2009-02-04    1.32279577    0.12680357    5
METZ 2009-02-05 2009-04-23    0.51445606    0.03473004   73
METZ 2009-04-24 2009-04-28   -0.56753019    0.15942012    5
METZ 2009-04-29 2010-05-11    0.39379390    0.02087620  313
METZ 2010-05-12 2010-05-22   -0.84615589    0.15991124    8
METZ 2010-05-23 2011-05-05    0.38935242    0.02618412  222
METZ 2011-05-06 2011-05-12   -0.98343385    0.22614864    4
METZ 2011-05-16 2011-10-22    0.24351457    0.06326718   83
METZ 2011-10-23 2011-11-20    0.82894837    0.07366006   26
METZ 2011-11-21 2012-05-09    0.30183049    0.02557365  143
MGUE 2014-01-02 2014-06-09    0.96869017    0.06044546  158
MGUE 2014-06-10 2014-06-20   -0.22420810    0.15540739   11
MGUE 2014-06-21 2015-03-17    0.72232541    0.04025464  258
MGUE 2015-03-18 2015-03-19   -3.43727227    0.62940284    2
MGUE 2015-03-20 2015-07-07    0.87377903    0.05745930  107
MGUE 2015-07-08 2015-07-25    0.32428997    0.10616677   18
MGUE 2015-07-26 2015-08-04    1.45243641    0.14644113   10
MGUE 2015-08-05 2016-07-08    0.52573628    0.03714064  321
MGUE 2016-07-09 2016-07-10    2.87801316    0.31850030    2
MGUE 2016-07-11 2017-03-21    0.71793254    0.04322310  242
MGUE 2017-03-22 2017-03-30   -1.64479320    0.29670334    9
MGUE 2017-03-31 2022-07-23    0.61577052    0.01473727 1847
MGUE 2022-07-24 2022-07-25   -1.89860717    0.31850030    2
MGUE 2022-07-26 2022-11-15    0.37643871    0.05492551  111
MGUE 2022-11-16 2023-08-19    0.91349007    0.03972487  267
MGUE 2023-08-20 2023-08-27   -0.29532968    0.17120936    8
MGUE 2023-08-28 2025-09-16    0.63213789    0.02363505  722
MGUE 2025-09-17 2025-09-17   -2.60669844    0.54342720    1
MGUE 2025-09-18 2025-12-27    0.28387411    0.07737568   97
MGUE 2025-12-28 2025-12-30   -2.00241545    0.52851079    3
MIZU 2002-03-10 2005-12-02    0.63293184    0.01559335 1227
MIZU 2005-12-03 2005-12-24    0.01617569    0.09679686   22
MIZU 2005-12-25 2006-06-05    0.72363378    0.03483212  126
MIZU 2006-06-06 2010-01-19    0.40418602    0.01519832 1229
MIZU 2010-01-20 2010-01-21    1.82761933    0.22071649    2
MIZU 2010-01-22 2017-01-10    0.50881270    0.01091815 2341
MIZU 2017-01-11 2017-01-25    0.01216340    0.08059427   15
MIZU 2017-01-26 2020-12-11    0.63347281    0.01462682 1332
MIZU 2020-12-12 2021-01-13    0.13565571    0.06587331   33
MIZU 2021-01-14 2021-09-25    0.71668255    0.03442828  247
MIZU 2021-09-26 2024-06-14    0.44747761    0.01637821  952
MIZU 2024-06-15 2024-10-27    1.09222280    0.08414672  129
MIZU 2024-10-28 2025-12-30    0.34346146    0.02561041  417
MKEA 1996-09-28 1997-06-24    0.39933798    0.02567059  198
MKEA 1997-06-25 1997-06-25    3.87664927    0.35924053    1
MKEA 1997-06-26 1998-03-21    0.46203687    0.02439096  240
MKEA 1998-03-22 1998-08-08    0.12669429    0.03413551  128
MKEA 1998-08-09 1998-08-28    1.48536043    0.11323753   16
MKEA 1998-08-29 2000-06-27    0.21876686    0.02043752  361
MKEA 2000-06-28 2000-06-30    2.67465739    0.20740761    3
MKEA 2000-07-01 2002-04-30    0.45555569    0.01512240  626
MKEA 2002-05-01 2002-05-02    3.12309071    0.26511629    2
MKEA 2002-05-03 2002-08-07    0.30084235    0.04087442   92
MKEA 2002-08-08 2002-08-26    1.43533439    0.10676137   18
MKEA 2002-08-27 2004-09-25    0.49844657    0.01412528  724
MKEA 2004-09-27 2004-09-30    2.59878234    0.22642783    4
MKEA 2004-10-01 2005-11-07    0.61120221    0.01986876  370
MKEA 2005-11-08 2008-03-20    0.39937795    0.01288534  830
MKEA 2008-03-21 2008-03-30    1.62588245    0.11388233   10
MKEA 2008-03-31 2010-01-15    0.41854703    0.01543455  619
MKEA 2010-01-16 2012-03-20    0.26258942    0.01404225  713
MKEA 2012-03-21 2012-03-24    2.01534854    0.18006377    4
MKEA 2012-03-25 2013-02-17    0.33399871    0.02113736  325
MKEA 2013-02-18 2013-02-24   -1.08254833    0.12388462    7
MKEA 2013-02-25 2014-10-16    0.34827233    0.01654017  547
MKEA 2014-10-17 2019-02-19   -0.62507846    0.01032319 1339
MKEA 2019-02-20 2019-02-22    1.67833354    0.18923689    3
MKEA 2019-02-23 2019-05-31   -0.88646239    0.04435460   67
MKEA 2019-06-01 2019-06-07    0.69086672    0.14665933    6
MKEA 2019-06-08 2019-10-10   -0.99213140    0.03874793  121
MKEA 2019-10-11 2020-01-13   -0.57672109    0.04885927   62
MKEA 2020-01-26 2024-03-07    0.30543238    0.00991592 1435
MKEA 2024-03-08 2025-12-30    0.17227818    0.01524521  637
MNLS 2014-01-04 2015-07-12   -0.38125899    0.01830825  366
MNLS 2015-07-14 2015-07-16   -3.40297908    0.48108685    3
MNLS 2015-07-17 2015-09-26   -0.67009913    0.09863095   59
MNLS 2015-09-27 2015-12-12   -0.16441762    0.04616802   75
MNLS 2015-12-13 2015-12-14   -1.61571114    0.22072091    2
MNLS 2015-12-15 2016-04-28   -0.41655094    0.02682334  128
MNLS 2016-04-29 2016-11-17   -0.00912324    0.04590126  171
MNLS 2016-11-19 2017-02-09   -0.29210923    0.03371253   74
MNLS 2017-02-10 2017-02-10    1.25478331    0.24763817    1
MNLS 2017-02-11 2017-02-12   -1.03141855    0.17510663    2
MNLS 2017-02-13 2018-10-25   -0.19253215    0.01808585  547
MNLS 2018-10-26 2019-04-20   -0.33554865    0.02386986  173
MNLS 2019-04-21 2019-04-23    1.07342508    0.25032856    3
MNLS 2019-04-24 2021-01-15   -0.43834530    0.01851431  515
MNLS 2021-01-16 2023-10-17   -0.14769820    0.01907652  481
MNLS 2023-10-18 2024-10-18   -0.32559859    0.02163050  333
MNLS 2024-10-19 2024-11-05   -0.96599101    0.10438658   18
MNLS 2024-11-06 2025-12-30   -0.44239224    0.02065964  307
MOBJ 2005-12-16 2006-03-18    0.50888797    0.03490749   90
MOBJ 2006-03-19 2007-01-18    0.14675165    0.02835654  277
MOBJ 2007-01-19 2007-02-21   -0.36944882    0.05687029   33
MOBJ 2007-05-25 2007-06-21    2.30524144    0.12871243   26
MOBJ 2007-06-22 2008-03-28    1.33380094    0.02656062  267
MOBJ 2008-03-29 2008-10-03    1.69746623    0.04327213  184
MOBJ 2008-10-04 2009-01-22    1.37433706    0.03671337  111
MOBJ 2009-01-24 2009-03-20    1.76356663    0.05006607   46
MOBJ 2009-03-21 2010-04-05    1.18017608    0.02769900  171
MOBJ 2010-04-06 2010-07-16    1.60725212    0.05618429  101
MOBJ 2010-07-17 2011-04-01    0.99145385    0.02702803  224
MOBJ 2011-04-02 2011-09-26    1.71923795    0.07142915   92
MOBJ 2011-09-29 2012-03-25    0.93654011    0.03160778  132
MOBJ 2012-03-26 2012-09-27    1.34769615    0.04502026  172
MOBJ 2012-09-28 2013-02-08    0.49022600    0.03292468  131
MOBJ 2013-02-09 2013-02-19    1.60113008    0.11248771   11
MOBJ 2013-02-20 2014-02-03    0.49963570    0.02454494  335
MOBJ 2014-02-04 2014-02-16    1.25450830    0.10347365   13
MOBJ 2014-02-17 2017-01-19    0.67674520    0.01436722  975
MOBJ 2017-01-20 2017-02-27    0.30384321    0.05672024   34
MOBJ 2017-02-28 2017-03-14    1.04539067    0.08925897   15
MOBJ 2017-03-15 2018-02-02    0.54278329    0.02628557  299
MOBJ 2018-02-03 2018-03-08    0.00940511    0.06694374   30
MOBJ 2018-03-11 2018-03-19    2.20645672    0.12161030    8
MOBJ 2018-03-20 2021-01-04    0.45668852    0.01527685  899
MOBJ 2021-01-06 2021-01-22   -0.03719158    0.06797435   17
MOBJ 2021-01-24 2021-01-24    1.89809411    0.28026542    1
MOBJ 2021-02-03 2021-12-17    0.24552118    0.02966011  262
MOBJ 2021-12-18 2022-02-17   -1.03201631    0.04316187   52
MOBJ 2022-02-18 2022-06-03    0.34735121    0.04514513   87
MOBK 2014-01-02 2017-01-19    0.60103198    0.01356502 1072
MOBK 2017-01-20 2017-02-10    0.08540722    0.07191630   22
MOBK 2017-02-11 2017-04-27    0.69569599    0.04466382   74
MOBK 2017-04-28 2018-02-02    0.43585574    0.02904194  268
MOBK 2018-02-03 2018-03-08   -0.07951693    0.06493382   34
MOBK 2018-03-09 2018-03-19    2.06738719    0.10809767   11
MOBK 2018-03-20 2018-09-07    0.52850440    0.04225230  163
MOBK 2018-09-08 2018-09-13    1.70110290    0.23514585    6
MOBK 2018-09-15 2019-01-26    0.32242963    0.03567539  131
MOBK 2019-01-27 2019-01-31   -0.46601353    0.13797490    5
MOBK 2019-02-01 2019-08-30    0.47481402    0.03431214  198
MOBK 2019-08-31 2019-09-12   -0.77201519    0.16231001   13
MOBK 2019-09-13 2021-01-04    0.36292370    0.02091844  459
MOBK 2021-01-06 2021-02-10   -0.08818457    0.06377328   27
MOBK 2021-02-11 2021-02-26    0.75808153    0.09954263   15
MOBK 2021-02-27 2022-04-28    0.15776495    0.03675856  187
MOBS 2003-05-02 2006-01-25    0.44683052    0.01703777  949
MOBS 2006-01-26 2006-03-26   -0.08821070    0.08782497   57
MOBS 2006-03-27 2007-11-28    0.63185622    0.02111673  590
MOBS 2007-11-29 2007-11-29   -3.24765726    0.59481906    1
MOBS 2007-11-30 2008-05-31    0.54720989    0.04601480  176
MOBS 2008-06-01 2008-06-03    2.39289172    0.25305310    3
MOBS 2008-06-04 2017-11-21    0.58773527    0.00923545 3249
MOBS 2017-11-22 2022-03-13    0.78411527    0.01434956 1402
MOBS 2022-03-14 2025-12-30    0.54445751    0.01427658 1364
MONP 1995-08-03 1995-08-05    1.02137219    0.46098823    3
MONP 1995-08-07 1995-08-12   -1.84191240    0.35707995    5
MONP 1995-08-13 1995-09-10    1.30329060    0.15089555   23
MONP 1995-09-11 1995-11-15   -0.19908628    0.05639235   62
MONP 1995-11-16 1996-02-25    0.33703634    0.03362102  102
MONP 1996-02-26 1996-03-16   -0.31096045    0.08061217   17
MONP 1996-03-17 1996-09-06    0.31020428    0.03611061  157
MONP 1996-09-07 1996-09-12    2.09834213    0.28012347    5
MONP 1996-09-13 1997-09-29    0.17864213    0.02132957  363
MONP 1997-10-01 1997-10-05   -1.27007831    0.19613972    5
MONP 1997-10-06 1997-12-04    0.38932245    0.04851751   60
MONP 1997-12-05 1998-07-16    0.01621310    0.02500358  218
MONP 1998-07-17 1998-09-17   -0.69317575    0.10395748   50
MONP 1998-09-21 2000-01-14    0.12079840    0.01857097  436
MONP 2000-01-15 2001-06-16   -0.16589318    0.01751989  488
MONP 2001-06-17 2001-06-25    1.00436210    0.18293364    7
MONP 2001-06-27 2001-11-24   -0.38128201    0.04348766  137
MONP 2001-11-25 2002-06-09   -0.06268350    0.02517082  193
MONP 2002-06-10 2002-06-14    1.63129251    0.21645000    5
MONP 2002-06-15 2004-06-13    0.02622357    0.01535606  669
MONP 2004-06-14 2004-06-16   -2.29023145    0.34223750    2
MONP 2004-06-17 2004-10-28   -0.29510433    0.05321872  123
MONP 2004-10-29 2007-02-19   -0.00216137    0.01401492  750
MONP 2007-02-20 2007-11-12    0.19155006    0.02731544  252
MONP 2007-11-13 2007-11-14   -1.57391553    0.24364856    2
MONP 2007-11-15 2009-03-02    0.01277951    0.01836303  441
MONP 2009-03-03 2015-06-14    0.13997162    0.00865163 2102
MONP 2015-06-15 2015-07-05    0.93826421    0.11815822   20
MONP 2015-07-06 2016-12-07    0.09203666    0.01897567  484
MONP 2016-12-08 2025-12-30    0.38256841    0.00776415 2625
MORP 2014-01-07 2014-06-22   -0.39329395    0.03519109  159
MORP 2014-06-23 2014-07-09   -2.01865893    0.15087245   17
MORP 2014-07-10 2014-07-10    3.43205477    0.57766737    1
MORP 2014-07-11 2014-10-07   -0.13193430    0.06682652   88
MORP 2014-10-08 2014-12-01   -1.01119925    0.07706060   54
MORP 2014-12-02 2016-07-11   -0.25631617    0.02013890  571
MORP 2016-07-12 2016-09-23    0.24968961    0.07586983   68
MORP 2016-09-24 2016-11-28   -0.46461288    0.07250612   65
MORP 2016-11-29 2017-05-28    0.01646381    0.03214986  181
MORP 2017-06-04 2017-06-06    2.44226735    0.39650769    3
MORP 2017-06-13 2017-10-25   -0.39694360    0.05652579  127
MORP 2017-10-26 2018-07-07   -0.06284163    0.02935996  251
MORP 2018-07-08 2018-08-18    0.70841858    0.09799351   39
MORP 2018-08-19 2019-05-30   -0.06019368    0.02894276  271
MORP 2019-06-02 2019-07-20   -0.82989551    0.10077655   39
MORP 2019-07-25 2020-06-16   -0.00076758    0.02852747  289
MORP 2020-06-17 2020-09-19   -0.50945861    0.06765430   86
MORP 2020-09-20 2023-01-26   -0.00217271    0.01856866  710
MORP 2023-01-27 2023-03-05    0.51373194    0.06649946   38
MORP 2023-03-06 2023-07-03   -0.29391739    0.04624066  102
MORP 2023-07-07 2023-08-10    0.61934594    0.10459859   33
MORP 2023-08-11 2024-05-05    0.02088671    0.02954388  260
MORP 2024-05-06 2024-07-28   -1.16719397    0.06810040   75
MORP 2024-07-29 2025-05-16    0.07518151    0.02909460  272
MORP 2025-05-17 2025-06-15    1.33306742    0.15396251   11
MORP 2025-06-16 2025-06-26   -1.01523021    0.25957521    7
MORP 2025-06-27 2025-12-30    0.21788847    0.04823227  145
MQZG 2000-01-08 2005-01-08    0.23199812    0.02132893  992
MQZG 2005-01-09 2013-04-29    0.68356524    0.01321515 2556
MQZG 2013-04-30 2013-07-10    0.17091081    0.07074719   72
MQZG 2013-07-11 2013-08-09    0.99487064    0.09771512   30
MQZG 2013-08-10 2016-06-08    0.41706090    0.02126532 1011
MQZG 2016-06-09 2016-06-22    1.59100131    0.15428306   14
MQZG 2016-06-23 2017-12-02    0.53807807    0.02875537  502
MQZG 2017-12-05 2017-12-08    3.18968967    0.39791350    4
MQZG 2017-12-09 2022-11-21    0.67194458    0.01588737 1735
MQZG 2022-11-22 2024-02-06    0.22089319    0.03282445  436
MQZG 2024-02-07 2025-12-30   -0.00645839    0.02513513  689
MRO1 2017-01-30 2017-03-18   -0.16156506    0.14856589   38
MRO1 2017-03-19 2017-03-31    1.73606885    0.24023332   13
MRO1 2017-04-01 2017-09-19   -0.00056797    0.04226107  169
MRO1 2017-09-20 2017-10-14   -0.69021016    0.09527825   25
MRO1 2017-10-15 2017-12-23   -0.06240667    0.07572205   69
MRO1 2017-12-24 2017-12-28    2.03286838    0.33890548    5
MRO1 2017-12-29 2018-01-01   -2.54637583    0.46928596    3
MRO1 2018-01-02 2018-12-21    0.03932190    0.03310304  336
MRO1 2018-12-22 2019-04-18    0.74830195    0.08154114  113
MRO1 2019-04-19 2021-04-29    0.03247016    0.02292330  707
MRO1 2021-04-30 2021-05-01    2.46146691    0.42430314    2
MRO1 2021-05-02 2022-06-07   -0.23873604    0.03051948  388
MRO1 2022-06-08 2022-06-16   -1.34968504    0.17152831    9
MRO1 2022-06-18 2024-06-11   -0.28610557    0.02316598  694
MRO1 2024-06-12 2024-06-17   -2.75166808    0.21007842    6
MRO1 2024-06-18 2024-09-20   -0.58259574    0.05443067   95
MRO1 2024-09-21 2024-09-27   -1.61240270    0.17683898    7
MRO1 2024-09-28 2024-12-11   -0.35385244    0.06797269   71
MRO1 2024-12-12 2024-12-23   -2.30048588    0.23964237   10
MRO1 2024-12-24 2025-12-30   -0.39271277    0.03234468  359
MSKU 2001-05-25 2002-06-16    0.69704334    0.08330055  319
MSKU 2002-06-17 2002-07-30    1.71149294    0.22503616   43
MSKU 2002-07-31 2002-08-01    6.59473057    1.00096712    2
MSKU 2002-08-02 2003-07-05    1.04445630    0.16828761   74
MSKU 2003-07-06 2003-07-22   -1.77097767    0.38549323   14
MSKU 2003-07-23 2005-07-11    0.46483392    0.08376367  320
MSKU 2005-07-12 2005-07-30   -1.76761061    0.37242184   15
MSKU 2005-07-31 2005-08-07    2.06865808    0.52813973    7
MSKU 2005-08-08 2005-08-24   -1.48703029    0.35895317   15
MSKU 2005-08-25 2006-08-01    0.26710580    0.10015249  223
MSKU 2006-08-02 2006-08-14   -3.11991671    0.38557755   13
MSKU 2006-08-15 2006-12-09   -0.00347522    0.18839311   58
MTKA 1998-10-27 1998-12-07   -0.23346939    0.16277038   16
MTKA 1998-12-08 1998-12-09    3.01512463    0.36401891    2
MTKA 1998-12-10 2002-05-20    0.21113827    0.02218460 1017
MTKA 2002-05-21 2002-10-07    1.04687247    0.10942411  125
MTKA 2002-10-08 2003-02-23    0.10947781    0.04928188  123
MTKA 2003-02-24 2003-11-20    0.49162280    0.06116675  242
MTKA 2003-11-21 2003-11-21    4.85811217    0.74850188    1
MTKA 2003-11-22 2006-03-31    0.19182772    0.02455933  759
MTKA 2006-04-01 2008-08-03   -0.12846847    0.02814424  735
MTKA 2008-08-04 2008-08-08   -3.95908753    0.60184693    5
MTKA 2008-08-09 2009-02-13   -0.24950349    0.04853500  184
MTKA 2009-02-14 2009-02-14    2.95656365    0.48334438    1
MTKA 2009-02-15 2009-12-01    0.11795679    0.05506230  240
MTKA 2009-12-02 2009-12-03   -2.37589705    0.36401891    2
MTKA 2009-12-04 2011-04-14    0.01417146    0.03128939  432
MTKA 2011-04-15 2011-11-01   -0.46718530    0.08093765  187
MTKA 2011-11-02 2011-11-11   -1.72844987    0.23669708   10
MTKA 2011-11-14 2015-04-12   -0.21558501    0.03827975  257
MTKA 2015-04-13 2015-08-11   -0.98734725    0.12506876   73
MTKA 2015-08-12 2016-07-28    0.00625281    0.06595982  139
MTKA 2016-07-29 2016-08-04   -3.64907485    0.49464065    7
MTKA 2016-08-05 2016-12-21   -0.14349873    0.07980602  105
MTKA 2016-12-22 2016-12-22   -3.89975225    0.51480048    1
MTKA 2016-12-23 2022-06-19    0.07983961    0.01692639 1741
MTKA 2022-06-20 2022-08-13   -1.44181933    0.17755600   51
MTKA 2022-08-14 2023-03-04    0.08074269    0.04618512  187
MTKA 2023-03-05 2025-07-13   -0.17387131    0.02577667  831
NAIN 2003-01-02 2003-01-20    0.53636889    0.05889489   18
NAIN 2003-01-21 2003-03-12    0.04937473    0.03363972   48
NAIN 2003-03-13 2005-03-08    0.28494568    0.01322116  595
NAIN 2005-03-09 2005-03-10   -0.72416325    0.18782317    2
NAIN 2005-03-11 2007-06-30    0.38577506    0.01284423  669
NAIN 2007-07-01 2007-07-11    1.72935607    0.18124922   10
NAIN 2007-07-12 2008-03-19    0.39340445    0.02123040  199
NAIN 2008-03-20 2008-03-23   -0.54772253    0.13281104    4
NAIN 2008-03-24 2009-12-18    0.33815902    0.01649847  437
NAIN 2009-12-19 2009-12-19    1.95486658    0.24859387    1
NAIN 2009-12-20 2010-12-14    0.30615111    0.02247860  206
NAIN 2010-12-15 2010-12-17    1.72344826    0.17578241    2
NAIN 2010-12-18 2017-02-25    0.28506002    0.01003436 1013
NAIN 2017-02-26 2017-03-04   -0.63454066    0.09150777    7
NAIN 2017-03-05 2025-12-29    0.27178949    0.01162056  757
NANO 1995-05-16 1995-05-19    0.36829196    0.32813828    4
NANO 1995-05-28 1995-05-28   -4.66243001    0.65627656    1
NANO 1995-05-31 1995-10-07    0.30330535    0.07411662  123
NANO 1995-10-08 1996-01-16    0.99107245    0.05641696  101
NANO 1996-01-17 1996-07-22    0.36075249    0.04130735  187
NANO 1996-07-24 1996-09-26   -0.59713572    0.10824523   64
NANO 1996-09-27 1998-01-11    0.35865679    0.02767228  463
NANO 1998-01-12 1998-02-23    1.05184136    0.07129611   43
NANO 1998-02-24 1998-11-09    0.16687636    0.04284822  240
NANO 1998-11-11 1999-03-25    0.82482533    0.04325017  135
NANO 1999-03-26 2002-10-22    0.46070406    0.01752112 1227
NANO 2002-10-25 2003-01-04    1.50849471    0.14379995   14
NANO 2003-01-05 2003-12-27    0.41656139    0.03251375  348
NANO 2003-12-28 2005-12-20    0.17779900    0.02260233  710
NANO 2005-12-21 2006-01-17    1.00884933    0.09382106   28
NANO 2006-01-18 2006-10-10    0.26555460    0.03804058  263
NANO 2006-10-11 2006-10-14    2.75551651    0.33596401    4
NANO 2006-10-15 2011-12-24    0.23248125    0.01399692 1837
NANO 2011-12-25 2012-01-10    1.08155216    0.12055352   17
NANO 2012-01-11 2012-05-14    0.36129343    0.04554419  123
NANO 2012-05-15 2012-05-16    3.76778657    0.46405761    2
NANO 2012-05-17 2016-10-14    0.21555742    0.01540587 1585
NANO 2016-10-15 2018-07-16    0.47771199    0.02406674  590
NANO 2018-07-17 2018-08-23    1.47773339    0.16573102   32
NANO 2018-08-24 2020-03-27    0.26975445    0.02431774  571
NANO 2020-03-28 2021-10-14    0.48284933    0.02702726  553
NANO 2021-10-15 2021-10-27    1.74355416    0.18635930   13
NANO 2021-10-28 2025-12-14    0.40331283    0.01569078 1469
NANO 2025-12-15 2025-12-16    3.29515505    0.36550345    2
NANO 2025-12-17 2025-12-30    0.42537570    0.13814732   14
NAUR 2017-01-30 2018-03-06    0.19444281    0.06695373  353
NAUR 2018-03-07 2018-03-09   -2.45564617    0.57375169    3
NAUR 2018-03-10 2018-03-18    1.51334648    0.33125569    9
NAUR 2018-03-19 2018-04-13   -0.99253986    0.21073846   26
NAUR 2018-04-14 2023-07-25    0.80951693    0.05113690  634
NAUR 2023-07-26 2023-07-26    6.94300244    1.33747429    1
NAUR 2023-07-27 2024-07-03   -0.21144566    0.06896090  338
NAUR 2024-07-04 2024-07-09    2.95463999    0.54602159    6
NAUR 2024-07-10 2025-12-04   -0.75269694    0.05753422  512
NAUR 2025-12-05 2025-12-06    6.55310798    0.97789114    2
NAUR 2025-12-07 2025-12-30   -0.27251558    0.28229286   24
NICO 1997-05-15 1997-08-24   -0.94411218    0.10397467   84
NICO 1997-08-25 1998-03-25    0.10338538    0.04650671  190
NICO 1998-03-26 1998-05-20    0.73006903    0.09600026   51
NICO 1998-05-21 1999-01-08   -0.27105204    0.08168787  136
NICO 1999-01-12 1999-04-17    2.56101231    0.41374173    2
NICO 1999-04-21 2000-05-22    0.00484249    0.04048350  260
NICO 2000-05-23 2000-05-29   -2.36677020    0.29507833    7
NICO 2000-05-30 2001-06-24   -0.21307576    0.03931735  328
NICO 2001-06-25 2001-09-06   -1.62110234    0.12606180   67
NICO 2001-09-07 2002-04-18   -0.37428232    0.04350791  207
NICO 2002-04-19 2002-11-04   -1.11830115    0.06611428  182
NICO 2002-11-05 2003-05-14   -0.27297450    0.04385816  183
NICO 2003-05-15 2003-10-25   -1.12823528    0.07705049  149
NICO 2003-10-26 2007-06-20   -0.30302944    0.02416415  782
NICO 2007-06-21 2008-11-22    0.20259645    0.03643380  385
NICO 2008-11-23 2008-11-24    3.56711172    0.48579608    2
NICO 2008-11-25 2016-03-31    0.04798251    0.01350238 2625
NICO 2016-04-01 2019-06-28    0.19741789    0.02078643 1154
NICO 2019-06-29 2019-08-30    1.19743951    0.13573491   59
NICO 2019-08-31 2020-03-31    0.12886532    0.04358301  213
NICO 2020-04-01 2023-07-09    0.46884580    0.02090861 1141
NICO 2023-07-10 2023-10-31    1.78733855    0.09556683  108
NICO 2023-11-01 2024-05-20    0.35108925    0.04274448  197
NICO 2024-05-21 2024-10-10    2.33950141    0.08431723  132
NICO 2024-10-11 2024-11-24    1.51499265    0.11311450   45
NICO 2024-11-28 2025-04-26    0.80313082    0.04744693  144
NICO 2025-04-27 2025-06-03    1.56551877    0.12843770   36
NICO 2025-06-04 2025-07-06    2.82739553    0.16933610   29
NICO 2025-07-07 2025-12-30    0.50341666    0.06097586  175
NIST 2014-01-02 2014-01-30    0.86939211    0.07171814   27
NIST 2014-01-31 2014-02-11    0.05979978    0.11626748   12
NIST 2014-02-12 2014-02-19    1.73078495    0.14349861    8
NIST 2014-02-20 2014-05-25    0.37771580    0.04863492   87
NIST 2014-05-26 2014-05-26   -3.38855381    0.57785667    1
NIST 2014-05-27 2014-10-13   -0.08828889    0.06598780  126
NIST 2014-10-14 2014-11-10    0.81243912    0.08502633   28
NIST 2014-11-11 2014-11-23    0.11005172    0.11262429   13
NIST 2014-11-24 2014-12-10    1.35808468    0.10033539   17
NIST 2014-12-11 2015-01-14    0.17993258    0.06737997   35
NIST 2015-01-15 2015-02-14    1.07660779    0.07336386   28
NIST 2015-02-15 2015-05-04    0.18726326    0.04832536   79
NIST 2015-05-05 2015-10-09   -0.42716720    0.06052703  147
NIST 2015-10-10 2016-01-11    0.54930010    0.04393694   92
NIST 2016-01-12 2016-02-16    1.02256290    0.06439683   36
NIST 2016-02-17 2016-02-21    1.99629962    0.18151298    5
NIST 2016-02-22 2016-10-09    0.38701478    0.03879698  218
NIST 2016-10-10 2016-11-01    1.26317953    0.10169791   22
NIST 2016-11-02 2017-02-03    0.72518290    0.04104307   94
NIST 2017-02-04 2017-02-11    1.87164587    0.14349861    8
NIST 2017-02-12 2017-03-20    1.07281018    0.06532635   37
NIST 2017-03-21 2017-10-03    0.49007818    0.04711247  178
NIST 2017-10-04 2017-10-06    2.46271238    0.27792444    3
NIST 2017-10-08 2018-02-05    0.95324811    0.03787176  118
NIST 2018-02-06 2019-11-07    0.65399346    0.02102113  553
NIST 2019-11-08 2020-02-02    1.11448744    0.04310144   85
NIST 2020-02-03 2022-03-25    0.68503374    0.01790921  734
NIST 2022-03-26 2022-08-06    1.12528230    0.05871781  103
NIST 2022-08-07 2025-12-05    0.61365052    0.01454800 1140
NIST 2025-12-06 2025-12-30    1.25942617    0.09149672   21
NIUM 2017-01-30 2020-11-19    0.00019211    0.03067555 1343
NIUM 2020-11-20 2020-11-21    4.70340042    0.83843890    2
NIUM 2020-11-22 2023-09-08   -0.27137220    0.06016700  376
NIUM 2023-09-09 2023-09-09   -6.05832348    0.92463141    1
NIUM 2023-09-10 2025-12-30   -0.47188526    0.04606732  603
NKLG 2000-03-31 2000-06-26    1.60539632    0.15487012   88
NKLG 2000-06-27 2000-09-07    2.73256010    0.13469199   73
NKLG 2000-09-08 2002-08-10    0.88119121    0.05162654  665
NKLG 2002-08-11 2002-09-07    2.44300287    0.20650794   28
NKLG 2002-09-08 2003-09-27    0.82579126    0.06665654  379
NKLG 2003-09-28 2004-01-16    0.01993233    0.12423664  106
NKLG 2004-01-17 2004-08-06    1.58683648    0.11594003  158
NKLG 2004-08-07 2004-08-12   -1.86057631    0.45257166    6
NKLG 2004-08-13 2007-10-15    1.04800744    0.03925485 1091
NKLG 2007-10-16 2010-08-31    1.51872559    0.04444097  906
NKLG 2010-09-01 2010-09-05    5.16221958    0.46913748    5
NKLG 2010-09-06 2010-09-20    2.18150882    0.28036327   14
NKLG 2010-09-21 2011-06-05    0.78134552    0.10021255  175
NKLG 2011-06-06 2011-06-08    6.55340927    0.69599731    3
NKLG 2011-06-09 2013-08-09    0.91684670    0.04681220  770
NKLG 2013-08-10 2013-08-13    5.69458948    0.55428482    4
NKLG 2013-08-14 2016-12-25    1.05341396    0.03749020 1196
NKLG 2016-12-26 2018-05-07    0.44891627    0.06166117  491
NKLG 2018-05-08 2020-06-09    0.98508932    0.04787303  751
NKLG 2020-06-10 2020-08-22   -0.70392103    0.13718667   74
NKLG 2020-08-23 2021-06-11    0.64287234    0.07932230  290
NKLG 2021-06-13 2021-08-13   -0.98245964    0.15119162   62
NKLG 2021-08-14 2022-06-25    0.35871376    0.07666709  298
NKLG 2022-06-26 2022-09-07   -1.24875643    0.13688630   71
NKLG 2022-09-08 2023-06-07    0.42694581    0.08390101  270
NKLG 2023-06-08 2023-08-10   -1.46322027    0.15178494   62
NKLG 2023-08-11 2024-06-28    0.20858343    0.07448270  319
NKLG 2024-06-29 2024-09-01   -1.47806622    0.14389998   65
NKLG 2024-09-02 2024-11-26    0.79850083    0.12907294   86
NKLG 2024-11-27 2025-12-30   -0.31795473    0.06585984  394
NLIB 1994-01-06 1994-01-26   -0.13234656    0.08199863   21
NLIB 1994-01-27 1994-10-16    0.45256821    0.04939138  179
NLIB 1994-10-17 1995-08-21   -0.13513421    0.03510185  243
NLIB 1995-08-22 1995-09-14    1.74103789    0.21728202   21
NLIB 1995-09-15 1999-05-09   -0.07322461    0.01530243 1216
NLIB 1999-05-10 2002-01-03   -0.48964005    0.01951601  873
NLIB 2002-01-04 2002-05-24   -0.89333758    0.04172379  129
NLIB 2002-05-27 2002-10-29   -2.31583253    0.07695393  144
NLIB 2002-10-30 2003-01-04   -0.76993995    0.05561822   61
NLIB 2003-01-05 2009-07-26    0.10319793    0.01191600 2145
NLIB 2009-07-27 2009-09-20    1.19905675    0.16637625   38
NLIB 2011-11-16 2017-04-08   -0.20874218    0.02066611  652
NLIB 2017-04-09 2017-06-15   -1.12620944    0.09500711   67
NLIB 2017-06-16 2019-07-13   -0.45656803    0.02993438  344
NLIB 2019-07-14 2019-09-29   -1.74548784    0.12424682   73
NLIB 2019-09-30 2020-04-26   -0.73794897    0.03164889  209
NLIB 2020-04-27 2020-10-19   -1.73236176    0.07283486  159
NLIB 2020-10-20 2021-05-09   -0.71722301    0.03225718  200
NLIB 2021-05-10 2021-10-11   -2.03224015    0.08151378  143
NLIB 2021-10-12 2022-01-19   -1.15206630    0.04476880  100
NLIB 2022-01-20 2022-05-08   -0.64617172    0.04535207  108
NLIB 2022-05-09 2022-10-14   -2.17948329    0.07984422  145
NLIB 2022-10-15 2023-05-17   -1.02526206    0.03186122  211
NLIB 2023-05-18 2023-09-28   -2.96042638    0.09331482  127
NLIB 2023-09-29 2023-10-26   -1.86563096    0.12322113   28
NLIB 2023-10-27 2024-05-06   -0.99543740    0.03246571  192
NLIB 2024-05-07 2024-10-12   -2.58745318    0.07951163  149
NLIB 2024-10-13 2025-05-08   -1.01523649    0.03202664  206
NLIB 2025-05-09 2025-11-04   -2.41890403    0.06766237  168
NLIB 2025-11-05 2025-12-30   -1.03395513    0.05847261   56
NNOR 2002-07-06 2003-06-21    0.50802444    0.03452817  316
NNOR 2003-06-22 2003-06-23   -2.17791902    0.39831459    2
NNOR 2003-06-24 2004-10-19    0.43954083    0.02715776  464
NNOR 2004-10-20 2004-10-20    4.19073995    0.54762092    1
NNOR 2004-10-21 2004-12-19   -0.03191734    0.07673253   60
NNOR 2004-12-20 2005-10-17    0.62255607    0.03833048  268
NNOR 2005-10-18 2006-10-17    0.23392327    0.03327410  341
NNOR 2006-10-18 2007-11-13    0.58059143    0.03125549  375
NNOR 2007-11-14 2008-05-05    0.95843871    0.05547326  171
NNOR 2008-05-06 2010-01-28    0.35180278    0.02383460  625
NNOR 2010-01-29 2012-12-08    0.77479424    0.01964776  960
NNOR 2012-12-09 2017-03-01   -0.31624709    0.03155059  391
NNOR 2017-03-02 2017-11-10   -0.02469915    0.03631139  250
NNOR 2017-11-11 2017-11-19   -1.08838185    0.18773323    9
NNOR 2017-11-20 2021-11-19    0.12510001    0.01668861 1351
NNOR 2021-11-20 2022-05-15   -0.28229521    0.05577406  169
NNOR 2022-05-17 2022-05-18   -2.53494378    0.44101117    2
NNOR 2022-05-19 2022-11-14    0.05814695    0.04072617  176
NNOR 2022-11-15 2025-12-30   -0.23265771    0.01836295 1108
NOT1 2000-09-16 2001-01-06   -0.12599006    0.07749913  108
NOT1 2001-01-07 2001-01-19   -1.12094098    0.17570609   12
NOT1 2001-01-20 2001-11-30    0.21834799    0.04715857  308
NOT1 2001-12-01 2001-12-03    2.77446531    0.40553872    3
NOT1 2001-12-04 2002-11-13    0.42619119    0.04470902  328
NOT1 2002-11-14 2002-11-21   -1.65033000    0.28140902    8
NOT1 2002-11-22 2004-05-24    0.41295010    0.03260636  528
NOT1 2004-05-25 2004-05-29    3.21935196    0.37104540    5
NOT1 2004-05-30 2004-11-28    0.80572343    0.07855374  169
NOT1 2004-11-29 2004-12-08   -0.89180672    0.22720559   10
NOT1 2004-12-09 2008-06-24    0.45799169    0.02294442 1156
NOT1 2008-06-25 2008-06-28   -3.28733587    0.59642755    3
NOT1 2008-06-29 2016-06-19    0.35753218    0.01512857 2760
NOT1 2016-06-20 2016-06-26    2.54542742    0.39045348    7
NOT1 2016-06-27 2017-01-12    0.71700860    0.06405884  197
NOT1 2017-01-13 2017-01-28   -0.43974374    0.15216594   16
NOT1 2017-01-29 2017-12-21    0.69783951    0.04868822  279
NOT1 2017-12-22 2018-04-04    0.24059046    0.06697151   92
NOT1 2018-04-05 2021-09-29    0.90039217    0.02949746  780
NOT1 2021-09-30 2021-11-11   -0.25602512    0.15158727   35
NOT1 2021-11-12 2021-11-12   -4.51021546    0.79594492    1
NOT1 2021-11-13 2022-11-14    0.79579936    0.04306967  339
NOT1 2022-11-15 2023-01-29    0.03060555    0.10383683   42
NOT1 2023-01-30 2024-01-22    0.73996202    0.04410765  338
NOT1 2024-01-23 2024-02-18    1.55288236    0.12098232   27
NOT1 2024-02-19 2025-12-30    0.66560303    0.03331678  610
NOTO 1995-09-27 1996-05-15   -0.06170746    0.05291688  216
NOTO 1996-05-16 1996-11-04    0.78609297    0.09296090  169
NOTO 1996-11-05 1997-01-16   -0.04541942    0.09542885   69
NOTO 1997-01-17 1997-01-26   -1.30954266    0.22270740   10
NOTO 1997-01-27 1997-10-27    0.50530152    0.05660173  267
NOTO 1997-10-28 1998-02-27   -0.02966897    0.06736894  123
NOTO 1998-02-28 1998-03-28    1.00016009    0.12538635   27
NOTO 1998-03-29 1999-07-08    0.17842273    0.04348303  417
NOTO 1999-07-09 1999-08-09   -1.38369123    0.22511254   30
NOTO 1999-08-10 2000-09-05    0.21881229    0.04592625  386
NOUM 1998-01-02 1998-10-04    0.17974418    0.07742912  253
NOUM 1998-10-05 1998-12-12    1.26963566    0.17292562   51
NOUM 1998-12-13 1998-12-13   -8.10753795    1.46700449    1
NOUM 1998-12-14 1999-11-19    0.03287369    0.07149198  291
NOUM 1999-11-20 2004-06-20   -0.40833585    0.03244264 1514
NOUM 2004-06-21 2004-06-24    3.09262441    0.52577058    4
NOUM 2004-06-25 2006-12-04   -0.29339350    0.04226886  831
NOUM 2006-12-05 2007-03-20   -1.12292603    0.15094823  104
NOVM 2006-11-08 2007-11-30    1.28801506    0.02022492  309
NOVM 2007-12-01 2008-03-19    0.86794930    0.02547914  109
NOVM 2008-03-20 2009-11-23    1.18687207    0.01604983  572
NOVM 2009-11-24 2011-03-05    0.92748542    0.01605810  420
NOVM 2011-03-06 2011-12-30    0.66732735    0.02416029  273
NOVM 2011-12-31 2012-04-11    0.97047229    0.02806169   96
NOVM 2012-04-18 2012-10-03    2.68193987    0.04330496  157
NOVM 2012-10-04 2013-11-06    2.22745480    0.01871623  360
NOVM 2013-11-07 2014-10-29    2.46147085    0.01936660  330
NOVM 2014-10-30 2014-11-16    3.11541924    0.07165459   18
NOVM 2014-11-17 2014-12-01    2.17616359    0.07616763   15
NOVM 2014-12-02 2015-01-01    2.91357326    0.05034543   31
NOVM 2015-01-02 2015-12-01    2.45880140    0.02057286  301
NOVM 2015-12-02 2015-12-04    4.25573748    0.16255651    3
NOVM 2015-12-05 2017-01-19    2.38138689    0.01729319  377
NOVM 2017-01-20 2017-09-06    1.95351191    0.02628673  210
NOVM 2017-09-07 2018-03-05    2.56449903    0.02213179  180
NOVM 2018-03-06 2018-11-06    2.28432924    0.03006705  218
NOVM 2018-11-07 2019-12-18    2.67264931    0.01782625  365
NOVM 2019-12-19 2020-03-20    2.41940868    0.02752255   92
NOVM 2020-03-21 2020-07-01    2.96274347    0.04539721  101
NOVM 2020-07-02 2023-01-30    2.16506607    0.01271955  794
NOVM 2023-01-31 2023-02-02    3.52455492    0.14385542    3
NOVM 2023-02-08 2023-10-18    2.52635727    0.03305491  153
NOVM 2023-10-19 2023-11-09    3.55904820    0.09005130   15
NOVM 2023-11-12 2024-11-19    2.63185325    0.02068481  322
NOVM 2024-11-20 2024-11-29    4.01663277    0.10466283    8
NOVM 2024-11-30 2025-02-13    2.68621148    0.03565174   55
NOVM 2025-02-14 2025-02-24    3.58166898    0.08303886    9
NOVM 2025-02-25 2025-12-30    2.58148521    0.02763480  224
NRC1 1994-06-12 1995-02-14    0.32402327    0.04071479  162
NRC1 1995-02-15 1995-02-19    1.98460534    0.21038531    2
NRC1 1995-02-20 1995-04-18    0.01955901    0.06964150   28
NRC1 1995-04-19 1998-01-06    0.42526488    0.02185851  486
NRC1 1998-01-07 1998-01-07    2.01760043    0.31323951    1
NRC1 1998-01-11 1998-01-30   -0.34819269    0.07004248   20
NRC1 1998-02-02 1998-02-28    0.72206741    0.05725963   27
NRC1 1998-03-01 2000-02-08    0.27559726    0.01842677  634
NRC1 2000-02-09 2000-04-23    0.03082190    0.04220506   72
NRC1 2000-04-24 2000-05-22    0.86964522    0.11844454   24
NRC1 2000-05-23 2000-11-01   -0.00733332    0.06192769  153
NRC1 2000-11-02 2000-11-03   -1.94960570    0.28721545    2
NRC1 2000-11-04 2002-04-12    0.16248962    0.01861345  486
NRC1 2002-04-13 2002-04-19   -1.23181136    0.21657926    5
NRC1 2002-04-20 2004-03-28    0.31124180    0.01763472  633
NRC1 2004-03-29 2004-03-30    1.67481567    0.25471785    2
NRC1 2004-03-31 2008-03-26    0.45431295    0.01234182 1343
NRC1 2008-03-27 2008-06-16    0.77534552    0.06251658   81
NRC1 2008-06-17 2009-02-01    0.22476532    0.03282998  212
NRC1 2009-02-02 2009-06-19    0.54055785    0.03714576  127
NRC1 2009-06-21 2009-08-24   -0.44658151    0.11610567   61
NRC1 2009-08-25 2010-02-25    0.33185005    0.03005888  172
NRC1 2010-02-26 2010-03-19    1.01700916    0.07447137   22
NRC1 2010-03-20 2013-01-28    0.33621563    0.01496003  950
NRC1 2013-01-29 2013-01-30    1.45560795    0.22149378    2
NRC1 2013-01-31 2016-11-04    0.19930333    0.01285097 1270
NRC1 2016-11-05 2016-11-17    0.87335964    0.11265517   13
NRC1 2016-11-18 2022-11-21    0.28961708    0.00990879 2066
NRC1 2022-11-22 2025-12-30    0.41137163    0.01359359 1076
NRIL 2000-09-19 2000-11-21   -0.52279769    0.03050552   60
NRIL 2000-11-22 2002-05-16   -0.31128442    0.00989237  478
NRIL 2002-05-17 2002-10-31   -0.58247650    0.03438223  124
NRIL 2002-11-01 2003-12-28   -0.18906643    0.01163462  386
NRIL 2003-12-29 2004-10-08   -0.39121695    0.01584292  248
NRIL 2004-10-09 2006-11-07   -0.22702912    0.00907389  670
NRIL 2006-11-08 2006-12-11   -0.82119070    0.03548573   28
NRIL 2006-12-12 2007-02-06   -0.31115916    0.02735338   42
NRIL 2007-02-07 2007-02-24   -1.01953021    0.04174267   17
NRIL 2007-02-25 2007-04-06   -0.44875195    0.03172105   41
NRIL 2007-04-07 2007-04-14    0.61678447    0.08267651    8
NRIL 2007-04-15 2007-04-22   -0.21352979    0.08838491    7
NRIL 2007-04-23 2007-04-23   -2.45409409    0.23384449    1
NRIL 2007-04-24 2007-12-05   -0.30925242    0.02148789  204
NRIL 2007-12-06 2007-12-21   -1.03432794    0.04695143   16
NRIL 2007-12-22 2008-01-11   -0.47944252    0.03908065   21
NRIL 2008-01-12 2008-01-28    0.06919131    0.04174928   17
NRIL 2008-01-29 2008-11-17   -0.37215556    0.01617452  275
NRIL 2008-11-18 2008-12-21   -0.66227328    0.03220540   34
NRIL 2008-12-22 2010-09-06   -0.29066897    0.01057771  481
NRIL 2010-09-07 2011-04-27   -0.45926480    0.01476870  194
NRIL 2011-04-28 2011-04-30    0.81552688    0.13501018    3
NRIL 2011-05-01 2012-09-04   -0.20869081    0.01247892  439
NRIL 2012-09-05 2014-03-17   -0.36414717    0.00982685  497
NRIL 2014-03-18 2014-03-19    0.98767979    0.14384975    2
NRIL 2014-03-20 2015-12-20   -0.23088283    0.01055820  527
NRIL 2015-12-21 2016-01-31   -0.01378842    0.02713556   42
NRIL 2016-02-01 2020-03-01   -0.26816329    0.00666286 1160
NRIL 2020-03-02 2021-03-04   -0.40039970    0.01292621  348
NRIL 2021-03-05 2022-04-28   -0.65135285    0.02486422  136
NRMD 2006-05-21 2006-11-26    0.12159106    0.07516665  169
NRMD 2006-11-27 2007-05-30   -0.84144438    0.09950579  179
NRMD 2007-05-31 2010-08-04   -0.20252343    0.03339145 1102
NRMD 2010-08-05 2011-06-08    0.67672266    0.06982214  275
NRMD 2011-06-09 2011-06-16    2.39615960    0.33721401    8
NRMD 2011-06-17 2014-08-01    0.22769563    0.03644432  891
NRMD 2014-08-02 2014-08-04    5.06197882    0.50567211    3
NRMD 2014-08-05 2014-09-03    1.12359181    0.16940954   27
NRMD 2014-09-04 2016-08-23    0.27958917    0.04385251  641
NRMD 2016-08-24 2016-08-27    3.22406826    0.43792489    4
NRMD 2016-08-28 2017-10-29    0.67457581    0.05390182  403
NRMD 2017-10-30 2017-10-30   -6.04780662    1.07911280    1
NRMD 2017-10-31 2017-12-30    0.51891723    0.16453663   60
NRMD 2018-01-02 2020-10-15    1.46047445    0.04140799  701
NRMD 2020-10-16 2020-11-05    3.07881917    0.24980739   20
NRMD 2020-11-06 2022-04-26    1.04721219    0.12872818   77
NRMD 2022-04-27 2023-05-12    2.67675986    0.12910479  112
NRMD 2023-05-14 2023-12-17    1.32484941    0.07094712  200
NRMD 2023-12-18 2024-03-15    2.67878763    0.15740630   79
NRMD 2024-03-16 2025-12-01    1.70078855    0.05320246  406
NRMD 2025-12-02 2025-12-24    0.33402913    0.27668622   22
NRMD 2025-12-25 2025-12-27    5.17187770    0.74926982    3
NSSP 1998-01-06 1998-01-19    0.05045227    0.09173144   14
NSSP 1998-01-20 1998-03-16   -0.56446330    0.05107409   54
NSSP 1998-03-17 1998-11-02    0.18394654    0.05182490  205
NSSP 1998-11-03 1998-11-08    1.25281524    0.20336938    6
NSSP 1998-11-09 2000-12-23   -0.20469082    0.03799180  179
NSSP 2000-12-24 2001-02-02   -0.73745181    0.05401556   41
NSSP 2001-02-03 2001-04-07   -0.13495122    0.06303865   42
NSSP 2001-04-09 2002-01-26   -0.74779582    0.06062470   61
NSSP 2002-01-27 2004-02-23   -0.30555993    0.02708089  294
NSSP 2004-02-24 2004-03-02   -0.92523128    0.13293151    8
NSSP 2004-03-03 2004-06-18    0.29916402    0.05983982  108
NSSP 2004-06-19 2005-04-06   -0.31497547    0.02911747  284
NSSP 2005-04-07 2005-04-13    1.35222982    0.23404354    7
NSSP 2005-04-14 2005-10-15    0.16447623    0.06250401  176
NSSP 2005-11-24 2005-12-01    1.56338789    0.20373945    5
NSSP 2005-12-02 2006-11-01   -0.30725707    0.08945519   56
NSSP 2006-11-02 2006-12-06    0.38189133    0.07792241   35
NSSP 2006-12-07 2007-08-30   -0.25450026    0.03187883  253
NSSP 2007-08-31 2007-10-03    1.07179534    0.14141964   32
NSSP 2007-10-04 2007-12-12   -0.05628790    0.06028294   68
NSSP 2007-12-13 2007-12-22    0.83353196    0.11200142   10
NSSP 2007-12-23 2008-04-27    0.00526193    0.03589112  127
NSSP 2008-04-28 2008-05-01   -2.08608061    0.32498080    4
NSSP 2008-05-02 2008-10-28    0.13796810    0.06498057  166
NSSP 2008-10-29 2008-12-05    0.61567349    0.07717566   38
NSSP 2008-12-06 2009-06-29   -0.16902485    0.03228762  199
NSSP 2009-06-30 2009-09-22   -1.16959067    0.10978122   72
NSSP 2009-09-23 2009-10-17    0.39720063    0.14438143   22
NSSP 2009-10-18 2009-10-22    2.05213145    0.28979282    5
NSSP 2009-10-23 2010-07-08   -0.02449024    0.02948849  244
NTUS 1997-08-31 1997-09-12    0.23864636    0.41555677    7
NTUS 1997-09-22 1997-09-25   -3.66278093    0.63224054    3
NTUS 1997-09-27 1998-05-15    0.54781418    0.11455545   88
NTUS 1998-05-16 2003-02-20   -0.69762896    0.03907020  794
NTUS 2003-02-21 2003-02-21   -7.06301707    1.02942275    1
NTUS 2003-02-22 2003-04-21   -1.60684280    0.15681339   57
NTUS 2003-04-22 2003-06-09   -0.05476941    0.17505296   47
NTUS 2003-06-10 2003-06-23   -2.55269229    0.33307043   12
NTUS 2003-06-24 2003-12-19   -0.88883039    0.08416779  172
NTUS 2003-12-21 2004-05-11   -1.70884611    0.09418941  140
NTUS 2004-05-12 2004-05-15   -5.15539794    0.59475820    4
NTUS 2004-05-17 2006-05-11   -1.32007384    0.04233471  691
NTUS 2006-05-12 2009-11-08    0.28309852    0.03792611  875
NTUS 2009-11-10 2009-12-05    2.02257752    0.21274108   24
NTUS 2009-12-06 2011-03-26    0.41543491    0.05199094  450
NTUS 2011-03-27 2012-12-21   -0.20763141    0.04484626  626
NTUS 2012-12-22 2013-06-26    0.65939908    0.08261400  187
NTUS 2013-06-27 2014-01-09   -0.20848443    0.07817525  196
NTUS 2014-01-10 2014-03-06    1.00235817    0.14011875   56
NTUS 2014-03-07 2014-06-10   -0.71110583    0.12433362   94
NTUS 2014-06-11 2015-02-13    0.24819711    0.10844800  100
NTUS 2015-02-14 2016-04-09    1.59455236    0.15911264   51
NTUS 2016-04-10 2018-09-03    0.41588766    0.05348866  449
NTUS 2018-09-04 2021-07-12    1.06136925    0.03523040  996
NTUS 2021-07-13 2021-12-14    0.27490869    0.12475697   78
NTUS 2021-12-15 2023-01-20   -0.66625105    0.06196757  316
NTUS 2023-01-21 2023-12-30    0.00270702    0.06116112  334
NTUS 2024-01-01 2024-02-07    1.38879195    0.16910562   38
NTUS 2024-02-08 2024-02-20   -1.28323238    0.28551050   13
NTUS 2024-02-21 2025-12-30    0.13225599    0.04443511  637
NURK 2008-12-06 2009-05-07   -0.77013986    0.08449953  140
NURK 2009-05-08 2009-07-09    0.25192064    0.10637406   59
NURK 2009-07-10 2009-09-08   -1.44958223    0.10507448   60
NURK 2009-09-09 2009-11-29   -0.25830901    0.11158068   80
NURK 2009-11-30 2010-01-08    1.01764934    0.14942919   40
NURK 2010-01-09 2010-01-27   -1.03570509    0.22582067   19
NURK 2010-01-28 2010-02-04    1.53179230    0.36777585    8
NURK 2010-02-05 2010-07-06   -0.65809510    0.07718866  144
NURK 2010-07-07 2010-08-31   -1.51373057    0.11918066   43
NURK 2010-09-06 2011-06-05    0.01905072    0.06568007  225
NURK 2011-06-07 2011-06-10    4.51355903    0.39636678    4
NURK 2011-06-11 2011-07-18    0.42815268    0.12488277   38
NURK 2011-07-19 2011-07-27   -1.08031176    0.24885675    9
NURK 2011-07-28 2011-08-03    1.59281152    0.29572426    7
NURK 2011-08-04 2011-08-09   -1.71859526    0.34266932    6
NURK 2011-08-10 2012-01-03   -0.10817105    0.08037768  140
NURK 2012-01-04 2012-01-08    4.07967827    0.44020552    5
NURK 2012-01-09 2012-06-11    0.17536981    0.08292507  135
NURK 2012-06-12 2012-07-02    1.54312484    0.17194790   21
NURK 2012-07-03 2013-06-22   -0.10984472    0.04978124  346
NURK 2013-06-23 2013-07-01    1.28511474    0.26239257    9
NURK 2013-07-02 2013-07-11   -0.68803183    0.23608624   10
NURK 2013-07-12 2013-07-16    1.58071143    0.33387636    5
NURK 2013-07-17 2014-02-14   -0.42475992    0.06460129  211
NURK 2014-02-15 2014-02-16   -6.34749078    0.78267901    2
NURK 2014-02-17 2014-06-14   -0.60632058    0.08768078  117
NURK 2014-06-15 2014-07-01    0.94039255    0.19154921   17
NURK 2014-07-02 2015-05-05   -0.45525998    0.05419170  302
NVSK 2000-07-14 2000-12-14   -0.98071294    0.04810408   87
NVSK 2000-12-16 2000-12-30   -2.19606649    0.08675955   13
NVSK 2001-12-01 2004-02-13   -0.49949024    0.01421095  682
NVSK 2004-02-14 2004-03-06    0.48299618    0.06092930   22
NVSK 2004-03-07 2005-01-06   -0.50747192    0.02656335  279
NVSK 2005-01-07 2005-02-07   -1.29414622    0.04678542   32
NVSK 2005-02-08 2006-02-09   -0.42639045    0.02128794  347
NVSK 2006-02-11 2006-02-23   -3.03336127    0.07367526   13
NVSK 2006-02-24 2006-03-11   -1.58073934    0.08394743   15
NVSK 2006-03-12 2006-11-02   -0.30640959    0.03703774  183
NVSK 2006-11-03 2006-12-30    0.52063379    0.04447761   58
NVSK 2006-12-31 2007-01-27    1.39109938    0.05022100   28
NVSK 2007-01-28 2007-11-16    0.16181929    0.02712249  272
NVSK 2007-11-17 2008-03-02   -0.50042680    0.02837201  104
NVSK 2008-03-03 2008-11-22    0.07538631    0.03160486  254
NVSK 2008-11-23 2008-12-09   -1.11047659    0.08197632   17
NVSK 2008-12-10 2009-02-06   -2.16665748    0.03643364   59
NVSK 2009-02-07 2009-11-22   -0.32064920    0.02793971  275
NVSK 2009-11-23 2009-11-30   -2.42104851    0.13264765    8
NVSK 2009-12-01 2010-11-26   -0.32918195    0.02132963  345
NVSK 2010-11-30 2011-01-29   -3.13531953    0.03741730   59
NVSK 2011-02-01 2012-04-20   -0.72053345    0.01884049  405
NVSK 2012-04-21 2013-03-02   -1.79988446    0.02335434  305
NVSK 2013-03-03 2023-03-15   -0.88841065    0.02216045  350
NVSK 2023-03-18 2023-11-05   -2.05700110    0.04189893  154
NVSK 2023-11-07 2024-03-30   -1.01052415    0.02682520  130
NVSK 2024-03-31 2024-10-30   -2.06090931    0.03944584  193
NVSK 2024-10-31 2025-03-16   -0.89926293    0.02619574  133
NVSK 2025-03-17 2025-11-20   -1.98889066    0.03339482  232
NVSK 2025-11-25 2025-12-30   -1.18743682    0.05351310   36
NYA1 1998-03-14 1998-12-11    0.37922017    0.02156627  147
NYA1 1998-12-12 1999-03-12    0.77127194    0.05064646   18
NYA1 1999-03-13 2002-03-28    0.19570384    0.00825493  901
NYA1 2002-03-29 2002-03-31    1.20020786    0.11721634    3
NYA1 2002-04-01 2003-10-07    0.18092868    0.01143468  521
NYA1 2003-10-08 2004-03-01    0.38181974    0.01884088  144
NYA1 2004-03-02 2005-03-21    0.19136046    0.01305416  355
NYA1 2005-03-22 2005-03-27   -0.38539330    0.08288447    6
NYA1 2005-03-28 2005-06-02    0.49880126    0.02737651   67
NYA1 2005-06-05 2006-01-28    0.24051543    0.01811049  226
NYA1 2006-01-29 2006-03-30    0.53328981    0.02740161   59
NYA1 2006-03-31 2009-01-01    0.18827252    0.00813390  979
NYA1 2009-01-02 2009-04-05    0.47646247    0.02201616   93
NYA1 2009-04-06 2009-05-06    0.14285537    0.03911239   29
NYA1 2009-05-07 2009-05-08    1.42001862    0.17716279    2
NYA1 2009-05-09 2010-02-05   -0.02961703    0.01709424  252
NYA1 2010-02-06 2010-03-05    0.45691372    0.04082186   28
NYA1 2010-03-06 2011-02-09    0.00869888    0.01386799  331
NYA1 2011-02-10 2012-02-19   -0.14505678    0.01325302  356
NYA1 2012-02-20 2012-05-17    0.25764909    0.02283727   86
NYA1 2012-05-18 2013-05-16    0.08278923    0.01341779  347
NYA1 2013-05-17 2017-03-23   -0.01782472    0.00679307 1363
NYA1 2017-03-24 2019-06-29    0.22044716    0.00877536  799
NYA1 2019-06-30 2019-12-21    0.40737416    0.02173250  165
NYA1 2019-12-22 2020-04-20    0.04742787    0.01924899  121
NYA1 2020-04-21 2021-03-18    0.27333262    0.01433056  319
NYA1 2021-03-19 2021-05-25   -0.00841193    0.02633757   68
NYA1 2021-05-26 2022-11-30    0.29131800    0.01160099  514
NYA1 2022-12-01 2023-05-22    0.12107477    0.01641683  173
NYA1 2023-05-23 2025-12-28    0.27575395    0.00851946  895
NYAL 1994-01-06 1994-04-20    0.57205127    0.02278962   86
NYAL 1994-04-21 1994-04-24    1.52292258    0.10178541    4
NYAL 1994-04-25 2001-06-22    0.36976829    0.00609975 1792
NYAL 2001-06-23 2001-08-30   -0.10407175    0.05141698   57
NYAL 2001-09-01 2003-10-07    0.42735316    0.00947488  728
NYAL 2003-10-08 2004-03-01    0.63586311    0.01903081  145
NYAL 2004-03-02 2005-03-21    0.40950118    0.01303748  365
NYAL 2005-03-22 2005-03-27   -0.16296130    0.08288139    6
NYAL 2005-03-28 2006-01-28    0.53929650    0.01539979  292
NYAL 2006-01-29 2006-03-30    0.77105834    0.02740483   59
NYAL 2006-03-31 2007-04-09    0.42546868    0.01324860  362
NYAL 2007-04-10 2007-11-16    0.23148584    0.02018243  215
NYAL 2007-11-17 2008-12-28    0.45828164    0.01250772  400
NYAL 2008-12-29 2009-04-02    0.74308765    0.02197752   94
NYAL 2009-04-03 2010-02-07    0.39012074    0.01730322  205
NYAL 2010-02-08 2010-02-21    0.96547045    0.05857894   14
NYAL 2010-02-22 2011-02-17    0.30317963    0.01354271  352
NYAL 2011-02-18 2011-04-24    0.02096243    0.02592853   63
NYAL 2011-04-25 2012-02-11    0.22202426    0.01611419  283
NYAL 2012-02-12 2013-02-10    0.43715592    0.01349971  352
NYAL 2013-02-11 2013-02-26    0.88068782    0.05479558   16
NYAL 2013-02-27 2017-08-19    0.32698944    0.01178125  487
NYAL 2017-08-20 2017-10-13    0.78146242    0.04521994   50
NYAL 2017-10-14 2019-03-16    0.47796850    0.01082489  506
NYAL 2019-03-17 2019-06-19    0.25602317    0.02454501   95
NYAL 2019-06-20 2019-12-21    0.60943306    0.02216819  172
NYAL 2019-12-22 2020-06-09    0.24001806    0.01713214  169
NYAL 2020-06-10 2021-03-19    0.47048028    0.01590627  270
NYAL 2021-03-20 2021-05-27    0.13104193    0.02699802   68
NYAL 2021-05-28 2025-12-27    0.45546291    0.00650192 1558
OHI2 2002-02-16 2002-09-16    0.56160872    0.02781304  168
OHI2 2002-09-17 2002-11-27    0.87734870    0.04172082   71
OHI2 2002-11-28 2004-08-22    0.45891163    0.01671852  503
OHI2 2004-08-25 2004-10-06    1.21752580    0.06031106   30
OHI2 2004-10-08 2005-04-08    0.31131554    0.03089434  160
OHI2 2005-04-09 2005-10-01    0.89224126    0.03130779  126
OHI2 2005-10-02 2005-11-11    1.78484273    0.05772860   37
OHI2 2005-11-14 2006-09-22    0.67223602    0.02319805  255
OHI2 2006-09-23 2006-10-16    1.49575808    0.07217293   22
OHI2 2006-10-17 2008-03-29    0.29630003    0.01797317  456
OHI2 2008-03-30 2008-09-17    0.62337905    0.02985901  142
OHI2 2008-09-21 2009-03-17    0.24573516    0.03124346  151
OHI2 2009-03-18 2009-08-23    0.62289954    0.02959815  147
OHI2 2009-08-24 2011-04-02    0.30792119    0.01565193  567
OHI2 2011-04-03 2011-11-22    0.46817704    0.02382763  214
OHI2 2011-11-23 2012-01-21   -0.08742345    0.05190590   59
OHI2 2012-01-22 2012-06-25    0.41655957    0.03232231  146
OHI2 2012-06-26 2012-08-09    0.87130067    0.05073118   43
OHI2 2012-08-10 2013-08-12    0.35098991    0.01974808  349
OHI2 2013-08-13 2013-08-23    1.10203942    0.10885156   10
OHI2 2013-08-24 2019-06-26    0.16442650    0.00819184 2034
OHI2 2019-06-27 2019-07-05   -0.67513302    0.11154456    9
OHI2 2019-07-06 2019-08-09    0.32975964    0.05604263   35
OHI2 2019-08-17 2019-09-11   -0.48403968    0.07536944   20
OHI2 2019-09-12 2020-07-25    0.24021617    0.02126643  311
OHI2 2020-07-26 2020-08-30   -0.26835088    0.05849453   34
OHI2 2020-08-31 2020-09-06   -1.17563495    0.12450371    7
OHI2 2020-09-12 2022-08-16    0.03618911    0.01458425  632
OHI2 2022-08-17 2023-06-13   -0.16701332    0.02279206  276
OHI2 2023-06-14 2023-07-08   -0.61274036    0.06772368   25
OHI3 2003-02-08 2003-07-02   -0.01774588    0.03430320  122
OHI3 2003-07-03 2004-08-22   -0.27437071    0.02075379  310
OHI3 2004-08-23 2004-08-28    0.71597580    0.14047353    6
OHI3 2004-08-29 2005-04-08   -0.17326325    0.02586787  212
OHI3 2005-04-09 2005-11-02    0.20315249    0.02799262  154
OHI3 2005-11-03 2005-11-04    2.30086395    0.26544354    2
OHI3 2005-11-09 2006-10-06    0.12701235    0.02384620  232
OHI3 2006-10-07 2006-10-09    1.38671745    0.19783761    3
OHI3 2006-10-10 2007-06-20   -0.23235709    0.02563134  222
OHI3 2007-06-21 2007-07-16    0.35572115    0.08158875   17
OHI3 2007-11-02 2008-03-05   -0.31770195    0.03644504  124
OHI3 2008-03-06 2008-06-21    0.07595301    0.03657061  103
OHI3 2008-06-22 2009-07-24   -0.29035085    0.01949472  347
OHI3 2009-07-25 2009-08-23    0.21725543    0.06574444   27
OHI3 2009-08-24 2010-01-24   -0.35042445    0.03284077  122
OHI3 2010-01-27 2013-08-12    0.19944124    0.01150279 1037
OHI3 2013-08-13 2013-08-20    0.98235630    0.12165364    8
OHI3 2013-08-22 2013-08-26   -0.79537256    0.15388104    5
OHI3 2013-08-27 2016-05-01    0.12320765    0.01231919  899
OHI3 2016-05-03 2016-05-07   -1.16716069    0.16086239    5
OHI3 2016-05-08 2016-08-11    0.15286210    0.03530157   94
OHI3 2016-08-17 2016-08-26   -0.66272535    0.10881033   10
OHI3 2016-08-27 2019-06-26    0.19022316    0.01163594 1003
OHI3 2019-06-27 2019-07-05   -0.78824195    0.11169067    9
OHI3 2019-07-06 2019-12-06    0.24724751    0.02891440  142
OHI3 2019-12-07 2019-12-11    1.55262607    0.17416689    5
OHI3 2019-12-12 2020-07-25    0.21436023    0.02541772  224
OHI3 2020-07-26 2020-08-30   -0.29641933    0.05767920   35
OHI3 2020-08-31 2020-09-05   -1.04419510    0.13450683    6
OHI3 2020-09-06 2023-06-19    0.01499560    0.01677024  467
OHIG 1995-03-14 1999-01-19    0.63853334    0.01831273  698
OHIG 1999-01-20 2000-10-07    0.11645124    0.03412990  211
OHIG 2000-10-08 2001-10-04    0.61960886    0.02900359  275
OHIG 2001-10-05 2002-02-19    0.26869198    0.05113609   97
ONSA 1994-01-06 1994-05-13    0.91800429    0.03573607  111
ONSA 1994-05-15 1995-11-21    0.64145872    0.02138346  498
ONSA 1995-11-22 1996-01-31    0.98346694    0.04430684   71
ONSA 1996-02-01 1997-11-14    0.67462817    0.01871336  603
ONSA 1997-11-15 1998-02-27    1.16224756    0.03663668  101
ONSA 1998-02-28 1998-11-06    0.78282515    0.03303663  236
ONSA 1998-11-07 1999-01-30    1.17522032    0.04216584   82
ONSA 1999-01-31 2000-12-01    0.24428468    0.01867635  616
ONSA 2000-12-02 2002-01-30    0.43270572    0.02177040  399
ONSA 2002-01-31 2002-05-27    0.18113787    0.03620808  116
ONSA 2002-05-28 2002-07-21   -0.35145839    0.08967401   53
ONSA 2002-07-22 2007-03-13    0.34316265    0.01100175 1647
ONSA 2007-03-14 2011-11-25    0.52346794    0.01115916 1667
ONSA 2011-11-26 2011-12-11   -0.25825691    0.09707575   16
ONSA 2011-12-12 2018-02-01    0.47861286    0.00961736 2134
ONSA 2018-02-02 2022-01-27    0.59822125    0.01192234 1414
ONSA 2022-01-28 2022-01-29   -1.00436042    0.25476618    2
ONSA 2022-01-30 2022-04-23    0.35563434    0.03988093   84
ONSA 2022-04-24 2022-05-06    1.26183499    0.12291294   13
ONSA 2022-05-07 2024-09-14    0.64456772    0.01609815  839
ONSA 2024-09-15 2024-09-16    3.78772228    0.43096331    2
ONSA 2024-09-17 2025-12-30    0.68025211    0.02082463  463
OPMT 2014-01-02 2016-11-26    0.15037165    0.01670791 1007
OPMT 2016-11-27 2017-03-08    0.43134206    0.04520861   96
OPMT 2017-03-10 2017-03-12    2.53050634    0.25251426    3
OPMT 2017-03-13 2017-03-28    0.87718351    0.10934188   16
OPMT 2017-03-29 2019-09-10    0.36706005    0.01873554  852
OPMT 2019-09-11 2025-03-22    0.57731299    0.01214368 1880
OPMT 2025-03-23 2025-08-19    1.07399016    0.04875460  149
OPMT 2025-08-20 2025-11-29    0.63837173    0.06342347   94
OS0G 1998-10-24 1999-02-02    0.96871044    0.04084091   85
OS0G 1999-02-03 2001-01-12    0.25013967    0.01818382  628
OS0G 2001-01-13 2001-12-05    0.39943145    0.02645948  315
OS0G 2001-12-06 2001-12-08    1.26306230    0.20572115    3
OS0G 2001-12-09 2003-02-08    0.19295839    0.02254267  388
OS0G 2003-02-09 2003-03-07    0.72918201    0.07158971   27
OS0G 2003-03-08 2003-03-29   -0.14513494    0.08124044   21
OS0G 2003-03-30 2003-08-18    0.36058942    0.04893320  118
OSN1 1999-09-18 2000-06-14    0.50912303    0.02682098  266
OSN1 2000-06-15 2000-06-21    2.80049625    0.35962211    7
OSN1 2000-06-22 2000-10-22    0.89618796    0.08803517  109
OSN1 2000-10-23 2001-06-05    0.19582400    0.02804108  215
OSN1 2001-06-06 2001-09-07    1.33182907    0.10800066   85
OSN1 2001-09-08 2001-12-27    0.44639800    0.04798432  105
OSN1 2001-12-28 2003-02-19    0.16539398    0.02221683  406
OSN1 2003-02-20 2003-02-25   -0.69680436    0.13267719    6
OSN1 2003-02-26 2003-11-04    0.39199052    0.04562267  234
OSN1 2003-11-05 2004-04-28   -0.03201100    0.03146778  121
OSN1 2004-04-29 2004-09-22   -0.88950063    0.08496213  116
OSN1 2004-09-23 2005-06-17   -0.00919496    0.02691595  263
OSN1 2005-06-18 2005-10-08   -0.65375673    0.09690154   99
OSN1 2005-10-09 2009-07-20    0.06128574    0.01327114 1314
OUS2 2000-05-07 2003-02-24    0.39971097    0.02549564  626
OUS2 2003-02-25 2003-02-27    3.91620225    0.49477713    3
OUS2 2003-02-28 2003-07-25    0.72583336    0.05242256  141
OUS2 2003-07-26 2003-07-28    2.31874552    0.33331884    3
OUS2 2003-07-29 2006-05-06    0.49951536    0.02143454  915
OUS2 2006-05-07 2006-05-09    2.71838745    0.35112005    3
OUS2 2006-05-10 2008-05-17    0.71116708    0.02541804  659
OUS2 2008-05-18 2008-05-20    3.09060426    0.35112005    3
OUS2 2008-05-21 2011-12-08    0.59690681    0.01872982 1161
OUS2 2011-12-09 2011-12-14    2.87571378    0.32479041    6
OUS2 2011-12-15 2013-01-25    0.61229139    0.03307864  397
OUS2 2013-01-26 2013-02-02    2.54282512    0.31918802    8
OUS2 2013-02-03 2013-11-12    0.49298451    0.03690739  276
OUS2 2013-11-13 2013-11-14    3.48712324    0.48693280    2
OUS2 2013-11-15 2017-10-18    0.77673382    0.03612955  305
OUS2 2017-10-19 2017-10-20    3.62724799    0.43161051    2
OUS2 2017-10-21 2018-10-17    0.89555620    0.03416420  357
OUS2 2018-10-18 2018-10-23    2.71320665    0.24919045    6
OUS2 2018-10-24 2019-03-19    1.03042218    0.06545827  141
OUS2 2019-03-20 2019-03-25    3.17690715    0.33590813    5
OUS2 2019-03-27 2021-03-02    0.86130808    0.02475566  674
OUS2 2021-03-03 2024-07-14    0.52655416    0.01879313 1170
OUS2 2024-07-15 2024-09-29    0.19257970    0.06301818   77
OUS2 2024-09-30 2024-10-01    3.06472229    0.41401314    2
OUS2 2024-10-02 2025-12-30    0.36307668    0.03077879  450
PADO 2014-01-02 2014-09-04    0.30527276    0.04193762  242
PADO 2014-09-05 2014-09-06   -3.53097959    0.71275477    2
PADO 2014-09-07 2015-12-06    0.54623188    0.03188592  437
PADO 2015-12-07 2016-01-01    1.09130408    0.10185118   24
PADO 2016-01-02 2016-01-16   -0.11257543    0.12504301   15
PADO 2016-01-17 2016-01-29    1.14064646    0.13431774   13
PADO 2016-01-30 2016-05-29    0.27743974    0.05097420  120
PADO 2016-05-30 2016-09-21   -0.43135044    0.12229770   88
PADO 2016-09-22 2017-05-26    0.75628200    0.03661810  245
PADO 2017-05-27 2017-12-06    1.20369947    0.06689234  181
PADO 2017-12-07 2018-08-15    0.51111899    0.03917946  234
PADO 2018-08-16 2018-08-31    2.56730591    0.32772547   15
PADO 2018-09-01 2020-01-07    0.86631965    0.02970681  480
PADO 2020-01-08 2020-04-17    0.50887660    0.04946150  101
PADO 2020-04-18 2020-12-23    1.14691659    0.05225119  238
PADO 2020-12-27 2023-01-24    0.61781942    0.02376761  713
PADO 2023-01-25 2023-02-23    1.19460129    0.08391575   30
PADO 2023-02-24 2025-04-29    0.69546371    0.02312417  773
PALM 1998-01-20 1998-07-10   -0.11720493    0.08023551   20
PALM 1998-07-11 1998-10-17    0.29421086    0.03520570   83
PALM 1998-10-18 1998-10-19   -1.86828613    0.23132090    2
PALM 1998-10-20 2000-03-17    0.14741142    0.01670358  413
PALM 2000-03-18 2000-03-18   -1.94580189    0.39088936    1
PALM 2000-03-19 2000-05-28   -0.06159422    0.04470902   66
PALM 2000-05-29 2000-06-06    0.82778539    0.10708230    9
PALM 2000-06-07 2000-06-23   -0.09488466    0.07552952   17
PALM 2000-06-24 2000-07-31    0.49085269    0.05069050   35
PALM 2000-08-01 2000-12-11    0.04485725    0.02884611  129
PALM 2000-12-12 2001-06-27    0.28234088    0.02599288  181
PALM 2001-06-28 2001-06-28    2.17184422    0.31141619    1
PALM 2001-06-29 2002-07-22    0.38942364    0.01760100  361
PALM 2002-07-23 2002-07-24   -0.95134770    0.21015344    2
PALM 2002-07-25 2002-07-31    1.20926096    0.11233174    7
PALM 2002-08-01 2003-10-31    0.46456172    0.01572496  452
PALM 2003-11-01 2003-11-05    1.31389484    0.15315524    5
PALM 2003-11-06 2005-04-08    0.28725993    0.01513971  505
PALM 2005-04-09 2006-08-25    0.58343751    0.01504478  490
PALM 2006-08-26 2008-04-09    0.21057575    0.01485147  529
PALM 2008-04-10 2008-10-01    0.52623983    0.02463248  175
PALM 2008-10-02 2008-10-05   -0.58969901    0.16356857    4
PALM 2008-10-06 2009-12-26    0.33878922    0.01594792  437
PALM 2009-12-27 2011-12-20    0.13960259    0.01266734  707
PALM 2011-12-21 2012-02-01   -0.18325267    0.05362826   40
PALM 2012-02-02 2012-08-13    0.28719383    0.02507882  188
PALM 2012-08-14 2013-12-23    0.03322504    0.01554433  459
PALM 2013-12-24 2023-07-16    0.30793956    0.02406211  202
PALM 2023-07-17 2023-11-09   -0.05614649    0.03101024  109
PALM 2023-11-10 2025-12-30    0.12711351    0.01962507  268
PALV 2009-12-13 2009-12-26    0.51749495    0.07494324   14
PALV 2009-12-27 2011-07-04    0.12578543    0.01412109  542
PALV 2011-07-05 2011-08-08    0.38031114    0.05092207   34
PALV 2011-08-09 2011-08-10    1.45673631    0.21850308    2
PALV 2011-08-11 2011-12-20    0.13005200    0.02722183  128
PALV 2011-12-21 2012-02-01   -0.15906725    0.04919151   40
PALV 2012-02-02 2012-08-13    0.29036493    0.02454746  188
PALV 2012-08-14 2016-02-17    0.08761680    0.00943453 1144
PALV 2016-02-18 2017-01-12    0.24506278    0.01820153  309
PALV 2017-01-13 2017-01-15   -1.07193735    0.18730270    3
PALV 2017-01-16 2017-03-14    0.51790563    0.04620241   58
PALV 2017-03-15 2017-03-15    2.48635498    0.35444205    1
PALV 2017-03-16 2017-09-10    0.33958868    0.02447601  179
PARC 1999-03-22 1999-07-29    1.18447007    0.04826885  117
PARC 1999-07-30 2000-08-18    0.89462469    0.02728434  364
PARC 2000-08-19 2000-08-23    2.38295445    0.22391644    5
PARC 2000-08-24 2001-05-04    1.03485162    0.03465651  233
PARC 2001-05-05 2001-05-16   -0.15937165    0.15567055   11
PARC 2001-05-17 2001-06-14    0.72275681    0.09443859   29
PARC 2001-06-15 2004-02-04    1.26471994    0.02160833  573
PARC 2004-02-05 2004-05-16    0.88589628    0.06222780   85
PARC 2004-05-17 2004-05-22   -0.69421336    0.21077892    6
PARC 2004-05-23 2004-05-28    2.00571790    0.21077892    6
PARC 2004-05-29 2004-06-03    0.05127117    0.20751160    6
PARC 2004-06-04 2004-06-11    1.88340428    0.20439166    6
PARC 2004-06-12 2004-06-20    0.11487428    0.16688510    9
PARC 2004-06-21 2004-08-21    1.35405810    0.06573397   58
PARC 2004-08-25 2005-03-22    0.91726179    0.04475766  138
PARC 2005-03-23 2005-04-29    1.72166853    0.09664144   35
PARC 2005-04-30 2005-07-12    0.93490624    0.05902246   74
PARC 2005-07-13 2005-07-24    2.36507507    0.14449648   12
PARC 2005-07-27 2006-08-01    1.23306232    0.03679991  195
PARC 2006-08-02 2006-08-04   -0.69996213    0.28907489    3
PARC 2006-08-05 2006-09-16    1.43020354    0.07705743   40
PARC 2006-09-17 2006-10-12    0.40489942    0.09038623   26
PARC 2006-10-13 2007-06-26    1.06656811    0.03375481  252
PARC 2007-06-27 2007-08-30    1.49250445    0.06409844   61
PARC 2007-08-31 2009-05-24    0.99287567    0.02129198  603
PARC 2009-05-25 2009-06-14    1.72662293    0.11313793   20
PARC 2009-06-15 2022-11-19    0.85595009    0.01025450 2550
PARC 2022-11-20 2025-12-28    0.67532961    0.01779340  853
PARK 2006-07-19 2009-09-15    0.71949453    0.02000134 1077
PARK 2009-09-16 2009-09-17    3.44500671    0.41865132    2
PARK 2009-09-18 2017-07-01    0.62184605    0.01376757 2437
PARK 2017-07-02 2017-12-15    0.32675804    0.04702521  165
PARK 2017-12-16 2017-12-17   -3.06621591    0.59490918    2
PARK 2017-12-18 2022-08-07    0.58267334    0.01661823 1598
PARK 2022-08-08 2022-08-21    2.13204908    0.18803898    8
PARK 2022-09-17 2023-11-23    0.69892951    0.03247511  429
PARK 2023-11-24 2023-12-14   -0.56441431    0.18002431   21
PARK 2023-12-15 2025-12-30    0.57622239    0.02506186  699
PBRI 2011-04-11 2011-05-28    0.71648239    0.21910748   42
PBRI 2011-05-29 2014-08-26   -0.62923297    0.03781789 1105
PBRI 2014-08-27 2014-10-20    0.76890415    0.21487277   33
PBRI 2014-10-21 2016-12-02   -0.96552863    0.05182816  591
PBRI 2016-12-03 2017-02-08    0.22975165    0.20354160   38
PBRI 2017-02-09 2017-02-23   -2.55730790    0.32120856   15
PBRI 2017-02-24 2018-04-05   -0.62788030    0.07432326  293
PBRI 2018-04-06 2018-05-12    1.33010648    0.25917233   31
PBRI 2018-05-13 2020-04-23   -0.18897016    0.07475303  286
PDEL 2000-04-18 2008-01-27   -0.36746151    0.01594836 2582
PDEL 2008-01-28 2009-04-07   -0.09465821    0.03854633  410
PDEL 2009-04-11 2009-04-13    2.55068625    0.41457549    3
PDEL 2009-04-14 2017-07-18    0.09112892    0.01509059 2818
PDEL 2017-07-19 2017-08-20   -0.84956194    0.18698191   30
PDEL 2017-08-21 2017-08-22   -4.74877505    0.75049499    2
PDEL 2017-08-23 2021-09-15    0.21888782    0.02184367 1364
PDEL 2021-09-16 2025-12-30   -0.15447901    0.02077751 1512
PENC 1996-05-03 1997-01-01    0.63485737    0.03694817  231
PENC 1997-01-03 1997-01-12   -0.78592182    0.12178703    8
PENC 1997-01-13 1997-01-25    0.19936393    0.09553761   13
PENC 1997-01-26 1999-11-07    0.71571671    0.01570583  948
PENC 1999-11-08 2000-05-15    0.36061172    0.02935396  182
PENC 2000-05-16 2000-05-18    2.52794254    0.32543958    3
PENC 2000-05-19 2002-02-08    0.44546434    0.02020138  578
PENC 2002-02-09 2003-02-05    0.18674056    0.02600635  336
PENC 2003-02-06 2003-07-16    0.45238669    0.03910587  145
PENC 2003-07-17 2003-12-01    0.02553774    0.05075254  133
PENC 2003-12-02 2008-04-28    0.39017827    0.02674158  273
PENC 2008-05-10 2008-05-12    2.95246953    0.32543958    3
PENC 2008-05-13 2009-01-12    0.46087660    0.03669280  208
PENC 2009-01-13 2009-01-13    2.67331083    0.34446575    1
PENC 2009-01-14 2010-05-29    0.28968225    0.02062983  483
PENC 2010-05-30 2010-10-07   -0.34402918    0.06742324  115
PENC 2010-10-08 2013-01-21    0.22442285    0.01625543  810
PENC 2013-01-22 2013-11-06   -0.05178054    0.03038800  278
PENC 2013-11-07 2014-04-19    0.20731637    0.03004429  161
PENC 2014-04-20 2014-10-02   -0.44505739    0.05273938  162
PENC 2014-10-03 2016-04-17    0.09408149    0.01885627  550
PENC 2016-04-18 2016-04-19    1.85030619    0.33209592    2
PENC 2016-04-21 2018-03-21    0.22126215    0.01829740  678
PENC 2018-03-22 2018-11-16    0.52297092    0.03817104  232
PENC 2018-11-17 2020-07-09    0.26070497    0.01871112  583
PENC 2020-07-10 2020-10-11    0.67617292    0.07477722   89
PENC 2020-10-12 2023-08-03    0.15013957    0.01496638  918
PENC 2023-08-04 2023-11-04    3.03058685    0.06637219   88
PENC 2023-11-05 2023-12-13    2.30185812    0.06994387   37
PENC 2023-12-14 2025-12-30    2.73865953    0.01739045  719
PERT 1994-01-06 1996-12-18    0.46233865    0.02784711  468
PERT 1996-12-19 1996-12-19    4.66739161    0.62646768    1
PERT 1996-12-20 1997-09-30    0.99280964    0.04136788  220
PERT 1997-10-01 1998-06-04    0.63926879    0.04202771  225
PERT 1998-06-05 1998-08-25    1.27448885    0.06873160   70
PERT 1998-08-26 1998-08-27   -1.54642305    0.39768718    2
PERT 1998-08-28 1998-11-16    1.50546785    0.06847087   63
PERT 1998-11-17 1999-09-18    0.92796289    0.04042939  225
PERT 1999-09-19 2000-06-30    0.47896775    0.04065064  228
PERT 2000-07-01 2000-07-27    1.46589404    0.11641364   26
PERT 2000-07-28 2000-12-07    0.56973191    0.05288141  111
PERT 2000-12-08 2000-12-17   -1.80276734    0.31323384    4
PERT 2000-12-18 2002-06-01    0.40940102    0.03171375  373
PERT 2002-06-02 2002-06-16    1.44399728    0.14555949   15
PERT 2002-06-17 2003-04-11    0.63104803    0.03866066  243
PERT 2003-04-12 2005-07-11    0.93996569    0.02214369  741
PERT 2005-07-12 2006-11-20    0.65115764    0.02732418  468
PERT 2006-11-21 2007-03-12    1.48726900    0.06642240  106
PERT 2007-03-13 2007-12-05    0.94915902    0.03624881  257
PERT 2007-12-06 2007-12-12    2.48806953    0.23678253    7
PERT 2007-12-13 2008-05-27    1.16459647    0.05281045  156
PERT 2008-05-28 2008-06-02   -1.32446289    0.28937999    4
PERT 2008-06-03 2008-12-16    0.88361912    0.04118843  192
PERT 2008-12-17 2009-03-29    1.55226894    0.07073439  100
PERT 2009-03-30 2011-12-31    0.94131668    0.01929040  965
PERT 2012-10-24 2015-04-05    0.42172252    0.02101838  856
PERT 2015-04-06 2015-04-10   -1.18096726    0.26610429    5
PERT 2015-04-11 2018-07-19    0.50732192    0.01778594 1146
PERT 2018-07-20 2021-10-14    0.77052349    0.01808277 1108
PERT 2021-10-15 2025-12-30    0.38821840    0.01567777 1480
PETP 1999-07-12 1999-10-19   -0.07978818    0.06342206   65
PETP 1999-10-20 1999-12-25    0.35047821    0.03342618   65
PETP 1999-12-26 2000-01-05    0.91137902    0.07133361   11
PETP 2000-01-06 2000-05-18    0.32552725    0.02469044  132
PETP 2000-05-19 2000-05-24    1.63579091    0.20250974    6
PETP 2000-05-25 2002-02-08    0.30828481    0.01476111  517
PETP 2002-02-09 2002-02-16    0.94236091    0.08761326    8
PETP 2002-02-17 2003-11-22    0.42131805    0.01449934  584
PETP 2003-11-23 2004-03-28    0.67533577    0.02198568  125
PETP 2004-03-29 2005-01-26    0.49239468    0.02149593  285
PETP 2005-01-27 2005-02-01   -1.12349803    0.11698516    5
PETP 2005-02-02 2007-01-20    0.58273082    0.01309863  636
PETP 2007-01-21 2007-02-15    0.97654544    0.05427542   22
PETP 2007-02-16 2007-03-10    0.22650744    0.05286118   22
PETP 2007-03-11 2007-03-24    0.95190971    0.07480528   11
PETP 2007-03-25 2008-01-15    0.47337060    0.02198822  278
PETP 2008-01-16 2008-02-14    0.76729215    0.04935965   27
PETP 2008-02-15 2008-03-05    1.22715851    0.06012310   17
PETP 2008-03-06 2008-03-28    0.14158782    0.05414009   21
PETP 2008-03-29 2008-05-31    0.54099980    0.04968103   58
PETP 2008-06-01 2008-06-05    2.19947504    0.36644683    4
PETP 2008-06-07 2008-12-26    0.15022734    0.02797154  187
PETP 2008-12-27 2008-12-28   -0.60046481    0.15458563    2
PETP 2008-12-29 2009-01-06    1.02831481    0.08221382    9
PETP 2009-01-07 2009-05-29    0.32294080    0.02758395  111
PETP 2009-05-30 2009-06-04    2.43846854    0.31638923    3
PETP 2009-06-05 2009-12-12    0.41318704    0.03513745  153
PETP 2009-12-13 2009-12-19   -0.03888533    0.08262949    7
PETP 2009-12-20 2010-01-06    0.85582250    0.05453347   18
PETP 2010-01-07 2010-07-22    0.35502062    0.02562659  148
PFA2 2014-01-02 2014-02-05   -0.07275402    0.06958351   35
PFA2 2014-02-06 2014-09-05   -0.51838236    0.03857898  195
PFA2 2014-09-06 2014-09-18   -2.04911890    0.21651251   10
PFA2 2014-09-19 2016-11-21   -0.41650025    0.01931605  720
PFA2 2016-11-23 2017-02-18    0.09844171    0.04531156   88
PFA2 2017-02-19 2018-05-25   -0.33301743    0.02411566  429
PFA2 2018-05-27 2018-05-27   -3.35483081    0.52924335    1
PFA2 2018-05-28 2019-01-04    0.00599606    0.04076446  215
PFA2 2019-01-05 2019-01-18   -0.89271779    0.11533754   13
PFA2 2019-01-19 2019-03-07   -0.05659487    0.05744888   48
PFA2 2019-03-08 2019-03-15   -0.98278969    0.14314356    8
PFA2 2019-03-16 2019-06-02   -0.02961624    0.05579815   79
PFA2 2019-06-03 2019-06-05   -2.44132502    0.43098999    3
PFA2 2019-06-06 2019-06-17    1.18419873    0.21549500   12
PFA2 2019-06-18 2019-12-25   -0.23360905    0.04485602  178
PFA2 2019-12-26 2020-01-14    0.44863701    0.09971057   18
PFA2 2020-01-15 2020-05-07   -0.27757041    0.04150843  109
PFA2 2020-05-08 2020-05-09   -2.38500474    0.37423156    2
PFA2 2020-05-10 2020-12-30   -0.08239291    0.03998032  224
PIE1 1994-01-06 1994-05-04   -0.01606479    0.02904972  107
PIE1 1994-05-05 1994-10-13    0.48252287    0.04888144  152
PIE1 1994-10-14 1995-02-14    0.07115824    0.03383107   86
PIE1 1995-02-16 1995-02-16   -1.69920326    0.26557902    1
PIE1 1995-02-17 1996-12-31   -0.17087104    0.01552210  630
PIE1 1997-01-01 1997-01-02    1.37086908    0.19891514    2
PIE1 1997-01-03 1997-01-05   -0.98522283    0.16241353    3
PIE1 1997-01-06 1998-03-25    0.03205770    0.01707458  424
PIE1 1998-03-26 1998-04-02   -0.97872824    0.11298245    8
PIE1 1998-04-03 1999-09-10    0.04493587    0.01835803  488
PIE1 1999-09-15 1999-11-21    0.55284075    0.05360768   60
PIE1 1999-11-22 2000-02-12   -0.00307579    0.03197353   81
PIE1 2000-02-13 2000-03-05   -0.46641030    0.05849984   22
PIE1 2000-03-13 2001-01-15    0.18074700    0.02491927  280
PIE1 2001-01-16 2001-04-10   -0.13667579    0.03232500   80
PIE1 2001-04-13 2001-11-15    0.18034427    0.03624639  200
PIE1 2001-11-16 2002-01-28   -0.20813136    0.03655907   66
PIE1 2002-01-29 2002-01-31   -1.18023628    0.16241353    3
PIE1 2002-02-03 2002-04-06    0.01832087    0.04452599   43
PIE1 2002-04-07 2002-04-08   -2.13850127    0.24310752    2
PIE1 2002-04-09 2002-04-28   -0.37588732    0.07687735   20
PIE1 2002-04-29 2002-11-07    0.16388256    0.04023988  184
PIE1 2002-11-08 2002-11-11   -1.20578680    0.16443847    4
PIE1 2002-11-12 2005-05-30   -0.00570475    0.01208562  851
PIE1 2005-05-31 2013-02-02   -0.12516679    0.00759059 2431
PIE1 2013-02-03 2013-05-22   -0.36245637    0.03236135  102
PIE1 2013-05-23 2015-03-16   -0.08804662    0.01569589  557
PIE1 2015-03-17 2015-09-04   -0.41658474    0.03709897  165
PIE1 2015-09-05 2022-04-15   -0.03752340    0.00776598 2228
PIE1 2022-04-16 2025-12-30    0.05817594    0.01074201 1231
PIMO 1999-03-23 1999-03-27    2.99023882    0.70230435    4
PIMO 1999-03-28 1999-07-02   -0.51164534    0.15571787   83
PIMO 1999-07-03 1999-07-05   -4.68520312    0.66671685    3
PIMO 1999-07-06 2000-01-20    0.12560577    0.13622437   86
PIMO 2000-01-31 2000-01-31   -9.68354318    1.34209459    1
PIMO 2000-02-01 2000-12-26   -0.24795925    0.11608179  129
PIMO 2000-12-27 2000-12-28    5.94769352    1.04062236    2
PIMO 2001-01-02 2001-01-15   -2.40818019    0.38742934   12
PIMO 2001-01-16 2001-05-28    0.75918805    0.27330047   28
PIMO 2001-05-31 2001-07-11   -1.61230029    0.29419281   18
PIMO 2001-07-23 2002-05-09    0.88264527    0.14191509   99
PIMO 2002-05-10 2002-05-13    5.85647846    0.76453910    4
PIMO 2002-05-16 2002-05-16   -7.13485297    1.52907821    1
PIMO 2002-05-21 2006-01-20    0.19724810    0.04532177  899
PIMO 2006-01-21 2006-01-23    7.49657972    0.77485867    3
PIMO 2006-01-24 2006-02-04   -1.67300459    0.38269316   12
PIMO 2006-02-05 2013-04-06    0.17709373    0.02711339 2472
PIMO 2013-04-07 2015-10-13    0.59150960    0.04573371  852
PIMO 2015-10-14 2018-02-26    0.95685540    0.04626557  860
PIMO 2018-02-27 2018-07-07   -0.03447322    0.12391195  130
PIMO 2018-07-08 2020-10-30    0.95361856    0.04658000  819
PIMO 2020-11-01 2023-06-29    0.48010519    0.05018786  759
PIMO 2023-06-30 2023-07-16    2.33260419    0.28127233   17
PIMO 2023-07-17 2023-09-17   -0.29306698    0.14992663   63
PIMO 2023-09-18 2024-04-23    0.55471396    0.09849877  204
PIMO 2024-04-24 2024-12-27    1.21851052    0.08561380  241
PIMO 2024-12-28 2025-04-23   -0.08570568    0.13052904  114
PIMO 2025-04-24 2025-12-30    0.84088216    0.08710881  230
POHN 2017-04-22 2017-11-16   -1.58971165    0.08277816  192
POHN 2017-11-17 2019-03-29   -0.29076992    0.07352961  297
POHN 2019-03-30 2019-05-04   -1.42150710    0.21288981   36
POHN 2019-05-05 2019-05-13    1.70376922    0.41430645    9
POHN 2019-05-14 2022-09-08   -0.76057008    0.05223471  531
POHN 2022-09-09 2023-09-01    0.52354395    0.06556971  338
POHN 2023-09-02 2025-01-05    0.10734582    0.05700680  449
POHN 2025-01-06 2025-05-15   -1.08145714    0.11349332  128
POHN 2025-05-16 2025-12-30    0.35286541    0.07755516  224
POL2 1995-05-26 1997-08-05    0.67990609    0.02832347  578
POL2 1997-08-06 1997-10-30    2.27861698    0.09664225   84
POL2 1997-10-31 1998-06-26    0.60266422    0.03647279  237
POL2 1998-06-27 1998-11-11    1.40779317    0.07787755  131
POL2 1998-11-12 1999-12-15    0.59456433    0.03336132  315
POL2 1999-12-16 2000-02-29   -0.17451795    0.05159862   76
POL2 2000-03-01 2000-05-06    0.78521813    0.10352170   42
POL2 2000-05-07 2000-09-19    1.83981864    0.09326492  128
POL2 2000-09-20 2000-10-30   -0.39400414    0.11777989   41
POL2 2000-10-31 2001-04-27    0.37320570    0.03883308  170
POL2 2001-04-28 2001-09-03    1.36067793    0.09557027  119
POL2 2001-09-04 2001-10-31   -0.09524492    0.11287879   52
POL2 2001-11-02 2002-09-19    0.80374637    0.05996810  199
POL2 2002-09-20 2002-10-12    2.30284667    0.16748658   23
POL2 2002-10-13 2006-04-25    0.83571687    0.01817552 1161
POL2 2006-04-26 2008-10-10    1.34836596    0.02318417  839
POL2 2008-10-11 2012-05-29    0.77251250    0.01751540 1252
POL2 2012-05-30 2012-08-16   -0.34436553    0.13376023   74
POL2 2012-08-17 2013-09-21    0.58590043    0.03374484  380
POL2 2013-09-22 2013-10-09    2.82617291    0.19065590   18
POL2 2013-10-10 2014-06-15    0.67385757    0.03654864  241
POL2 2014-06-16 2014-07-08   -1.55816925    0.24060997   22
POL2 2014-07-09 2015-05-24    0.59776222    0.03438780  314
POL2 2015-05-25 2015-07-03   -0.94490052    0.16316381   40
POL2 2015-07-04 2015-08-02    2.52155784    0.25267549   24
POL2 2015-08-03 2017-09-12    0.46935671    0.02585256  671
POL2 2017-09-13 2021-09-04    0.71354454    0.01795370 1284
POL2 2021-09-05 2021-09-23    2.97096029    0.23197924   18
POL2 2021-09-28 2021-12-23    0.58184317    0.05999543   87
POL2 2021-12-24 2025-12-30    0.97634946    0.01679486 1433
POLV 2001-06-20 2004-12-31    0.31850220    0.01410417 1172
POLV 2005-01-01 2005-01-01    3.35339795    0.34330947    1
POLV 2005-01-02 2005-05-26    0.30512258    0.03285348  143
POLV 2005-05-27 2005-11-05    0.73748100    0.05329741  155
POLV 2005-11-06 2005-11-08    2.37661998    0.26207485    3
POLV 2005-11-09 2007-03-10    0.22715617    0.02016636  469
POLV 2007-03-11 2008-02-26    0.43755504    0.02659402  326
POLV 2008-02-27 2008-12-03    0.07609184    0.03270988  270
POLV 2008-12-04 2012-11-10    0.25440373    0.01277407 1360
POLV 2012-11-11 2012-11-29    0.85614593    0.11009346   17
POLV 2012-11-30 2017-03-06    0.12301843    0.01190738 1485
POLV 2017-03-07 2017-03-15    0.81122095    0.12001444    9
POLV 2017-03-16 2018-06-11    0.03107494    0.02270860  441
POLV 2018-06-12 2018-10-30    0.52198578    0.06273571  120
POLV 2018-10-31 2018-11-01    2.63112929    0.34954004    2
POLV 2018-11-02 2019-05-30    0.19933433    0.02803816  208
POLV 2019-05-31 2019-07-06    1.36202523    0.12645772   37
POLV 2019-07-07 2020-02-01    0.41943979    0.03391838  208
POLV 2020-02-02 2020-06-10    0.08153778    0.03827756  122
POLV 2020-06-11 2020-08-21    1.06349281    0.10377600   60
POLV 2020-08-22 2020-09-07   -0.47316820    0.18469414   15
POLV 2020-09-08 2020-11-14    0.58732192    0.06721998   64
POLV 2020-11-15 2025-08-17    0.19871342    0.01313017 1223
POTS 1994-10-30 1995-11-17    0.60769708    0.02521411  295
POTS 1995-11-18 1996-04-19    1.12588302    0.02932128  142
POTS 1996-04-20 1996-04-22   -0.70392640    0.27687336    2
POTS 1996-04-24 1999-04-02    1.06225232    0.01360144 1002
POTS 1999-04-03 1999-04-30    0.44022578    0.08164550   23
POTS 1999-05-01 1999-08-23    1.15445376    0.05835902  101
POTS 1999-08-24 2002-08-14    0.59898405    0.01331323 1025
POTS 2002-08-15 2002-08-29   -0.93912437    0.16981762   15
POTS 2002-08-30 2006-04-03    0.56079879    0.01191343 1245
POTS 2006-04-04 2006-08-31    0.12422028    0.04421880  145
POTS 2006-09-01 2007-12-13    0.58224454    0.02102674  429
POTS 2007-12-14 2008-02-29    0.86479810    0.03855381   77
POTS 2008-03-01 2008-05-02    0.47587446    0.04544691   62
POTS 2008-05-03 2008-05-13   -0.40663052    0.14606565   11
POTS 2008-05-14 2009-06-29    0.63484080    0.02239597  387
POTS 2009-06-30 2009-07-04   -2.05603162    0.30522883    5
POTS 2009-07-05 2011-01-16    0.30988354    0.01945467  488
POTS 2011-01-17 2011-03-27    0.61595097    0.04018325   67
POTS 2011-03-28 2014-04-01    0.34684444    0.01333129 1031
POTS 2014-04-02 2014-10-04    0.01612240    0.04025880  176
POTS 2014-10-05 2016-01-01    0.51990296    0.02043455  436
POTS 2016-01-02 2016-03-06    0.25399259    0.04079555   65
POTS 2016-03-08 2017-10-16    0.59672426    0.01901227  555
POTS 2017-10-17 2017-10-21    2.08580706    0.23116095    5
POTS 2017-10-22 2018-01-23    0.51702815    0.03999467   92
POTS 2018-01-24 2019-12-17    0.82468086    0.01694499  660
POTS 2019-12-18 2021-10-08    0.98456580    0.01693397  636
POTS 2021-10-09 2024-06-21    0.70244963    0.01348444  948
POTS 2024-06-22 2024-08-30    1.31432319    0.08278754   66
POTS 2024-08-31 2025-12-30    0.72858113    0.02005676  475
POVE 2008-07-02 2008-07-20   -1.97966822    0.23960107   18
POVE 2008-07-21 2008-10-18    0.72843420    0.13126008   79
POVE 2008-10-19 2009-06-01   -0.77287517    0.07670702  221
POVE 2009-06-02 2009-11-15    0.39707491    0.08792273  167
POVE 2009-11-16 2010-05-09   -0.36706985    0.08617940  173
POVE 2010-05-10 2010-05-14    3.76818058    0.50349524    5
POVE 2010-05-15 2010-07-23    0.92968961    0.13247299   67
POVE 2010-07-24 2010-09-11   -0.57355167    0.16064287   48
POVE 2010-09-12 2010-10-18    1.60292022    0.20140706   37
POVE 2010-10-19 2011-06-15   -0.08090423    0.07807941  214
POVE 2011-06-16 2011-08-10    1.11251473    0.14498833   53
POVE 2011-08-11 2011-08-12   -5.90696955    0.78154250    2
POVE 2011-08-13 2012-08-21    0.13169541    0.06021376  353
POVE 2012-08-22 2012-08-27   -3.82160678    0.45122378    6
POVE 2012-08-28 2014-06-13   -0.11747738    0.04859011  546
POVE 2014-06-14 2014-08-14    1.13722232    0.14717112   53
POVE 2014-08-15 2014-08-22   -2.18256233    0.39077125    8
POVE 2014-08-23 2015-04-13   -0.07990372    0.07626253  227
POVE 2015-04-14 2016-07-23    0.74171488    0.05553456  419
POVE 2016-07-24 2016-08-03   -2.11509587    0.31315013   11
POVE 2016-08-04 2016-12-26    0.37119706    0.09771821  144
POVE 2016-12-27 2020-07-25   -0.16280070    0.03491184 1058
POVE 2020-07-26 2020-09-06   -1.70266138    0.17754310   39
POVE 2020-09-07 2020-09-16   -3.92397988    0.41003132    9
POVE 2020-09-17 2021-08-05   -0.59601202    0.07899353  213
POVE 2021-08-06 2021-08-31   -2.72787643    0.21676089   26
POVE 2021-09-01 2024-08-31   -0.75363486    0.03472307 1065
POVE 2024-09-01 2024-09-28   -3.40234989    0.23673169   27
POVE 2024-09-30 2025-10-14   -0.60563406    0.06066704  351
POVE 2025-10-15 2025-12-30    0.31148861    0.13287985   77
PRDS 2017-01-30 2018-04-08    0.04950858    0.01619153  420
PRDS 2018-04-09 2018-05-02    0.47051790    0.06578205   23
PRDS 2018-05-03 2018-12-10   -0.05794031    0.03169494  202
PRDS 2018-12-11 2019-02-06    0.29560299    0.03684286   58
PRDS 2019-02-07 2019-03-15   -0.11286357    0.04239586   37
PRDS 2019-03-16 2019-03-26    0.87901816    0.08776372   10
PRDS 2019-03-27 2021-01-04    0.03232788    0.01474166  637
PRDS 2021-01-05 2021-02-02    0.39899773    0.05154109   29
PRDS 2021-02-03 2021-02-27   -0.16456709    0.04933088   25
PRDS 2021-02-28 2022-06-18    0.11159591    0.01623987  465
PRDS 2022-06-19 2022-10-02   -0.35295538    0.06006429   95
PRDS 2022-10-03 2022-10-09   -1.35408475    0.14718278    7
PRDS 2022-10-11 2022-12-22    0.05780686    0.03931485   72
PRDS 2022-12-23 2022-12-25   -0.75289185    0.16950861    3
PRDS 2022-12-26 2023-02-12    0.39599610    0.03888633   49
PRDS 2023-02-13 2023-03-14   -0.00105040    0.04741778   30
PRDS 2023-03-15 2023-04-11    0.54077832    0.05451348   28
PRDS 2023-04-12 2023-05-01    0.00205181    0.06983865   20
PRDS 2023-05-02 2023-05-04   -1.78326437    0.25787898    3
PRDS 2023-05-05 2023-09-13   -0.28514707    0.05047028  125
PRDS 2023-09-14 2024-01-27    0.13717789    0.02862625  135
PRDS 2024-01-28 2024-02-01    0.99985262    0.12186492    5
PRDS 2024-02-02 2025-11-28    0.19230617    0.04207481   53
PRDS 2025-11-29 2025-12-09   -0.45404651    0.09063499   11
PRDS 2025-12-10 2025-12-30    0.22484730    0.06406823   21
PRE1 1999-03-14 2000-06-19    0.30795058    0.04773044  290
PRE1 2000-06-20 2000-06-20   -3.35369768    0.51521686    1
PRE1 2000-06-21 2000-07-22    0.41006347    0.07985786   29
PRE1 2000-07-23 2000-07-28   -0.44105147    0.16468733    6
PRE1 2000-07-29 2000-09-14    0.90675885    0.08520206   43
PRE1 2000-09-15 2001-04-09    0.16830561    0.06756647  194
PRE1 2001-04-10 2001-04-11    4.09075622    0.57415809    2
PRE1 2001-04-12 2001-05-14   -0.16872729    0.12167672   32
PRE1 2001-05-15 2001-05-23    1.44405783    0.19660719    9
PRE1 2001-05-24 2001-08-15    0.50480592    0.05166469   84
PRE1 2001-08-16 2001-09-04    1.80655937    0.12741936   20
PRE1 2001-09-05 2003-09-27    0.16161896    0.02492842  718
PRE1 2003-09-28 2003-11-24   -0.70440617    0.11299394   54
PRE1 2003-11-25 2003-11-29    2.14121279    0.41635013    5
PRE1 2003-11-30 2004-04-28   -0.82868340    0.08592698  144
PRE1 2004-04-29 2005-03-25    0.37911757    0.03718569  325
PRE1 2005-03-26 2005-04-05   -1.43323298    0.27126402   11
PRE1 2005-04-06 2005-09-24    0.85796857    0.04169674  168
PRE1 2005-09-25 2007-06-04    0.47330148    0.02984852  606
PRE1 2007-06-05 2007-09-03    0.01418557    0.05244905   81
PRE1 2007-09-04 2008-09-10    0.33975393    0.03520362  370
PRE1 2008-09-11 2008-10-02   -0.41145475    0.13564880   22
PRE1 2008-10-03 2008-10-07    2.67879513    0.36107021    5
PRE1 2008-10-08 2009-06-09    0.29655960    0.05511158  237
PRE1 2009-06-10 2009-06-18   -0.84445800    0.17173895    9
PRE1 2009-06-19 2010-12-09    0.01420782    0.02800334  528
PTAG 2011-01-26 2011-06-24   -0.15619417    0.09874152  150
PTAG 2011-06-25 2011-06-28    3.92412023    0.56707438    4
PTAG 2011-06-29 2013-12-15    0.07431962    0.04314298  780
PTAG 2013-12-16 2017-03-15    0.60042536    0.05319834  518
PTAG 2017-03-16 2018-06-18   -0.01006473    0.05889710  428
PTAG 2018-06-19 2018-07-04   -1.76989804    0.27936691   16
PTAG 2018-07-05 2019-08-16    0.49121463    0.05963708  396
PTAG 2019-08-17 2021-05-07    0.06430726    0.05601858  464
PTAG 2021-05-08 2022-11-05   -0.56324942    0.05663343  445
PTAG 2022-11-06 2023-04-13    0.32628830    0.11380107  120
PTAG 2023-04-14 2023-06-29   -0.68377250    0.14532349   75
PTAG 2023-06-30 2023-07-16    1.09777608    0.26878368   16
PTAG 2023-07-17 2023-09-30   -1.00509536    0.12612673   76
PTAG 2023-10-01 2025-12-30    0.40997783    0.04820796  637
PTBB 2014-01-02 2014-06-28   -0.05149491    0.02975355  178
PTBB 2014-06-29 2014-10-03   -0.47963708    0.06665909   89
PTBB 2014-10-04 2016-11-15    0.10784884    0.01607857  748
PTBB 2016-11-16 2018-02-05    0.26623609    0.02041304  428
PTBB 2018-02-06 2019-04-02    0.52776979    0.02081812  410
PTBB 2019-04-03 2022-04-12    0.35329569    0.01333967 1072
PTBB 2022-04-13 2022-04-14   -1.43210281    0.26507782    2
PTBB 2022-04-15 2025-12-30    0.31162455    0.01230349 1319
PTVL 2017-02-14 2017-07-14   -0.89255172    0.13030080   99
PTVL 2017-07-15 2017-07-17    4.40512096    0.62973178    3
PTVL 2017-07-18 2020-02-02   -0.55077634    0.05664946  521
PTVL 2020-02-03 2020-02-14    1.77187258    0.47206539   12
PTVL 2020-02-15 2021-09-15   -1.15431135    0.08995512  188
PTVL 2021-09-16 2023-03-02   -0.09379215    0.08642489  254
PTVL 2023-03-27 2023-04-13   -2.43830788    0.35252935   18
PTVL 2023-04-14 2023-04-16    3.08154197    0.84471127    3
PTVL 2023-04-17 2023-08-02   -1.05046301    0.12191664  104
PTVL 2023-08-03 2023-08-04    2.97350518    0.71480066    2
PTVL 2023-08-05 2025-12-09   -0.58651870    0.04406280  840
PVEP 1998-01-14 1998-04-16    0.04793457    0.07941723   91
PVEP 1998-04-17 1998-04-22    1.58108169    0.30095365    6
PVEP 1998-04-23 1998-12-25   -0.32446100    0.05324939  237
PVEP 1998-12-26 1999-01-14    1.11067773    0.14934605   20
PVEP 1999-01-15 1999-06-12    0.14809041    0.06217365  148
PVEP 1999-06-13 1999-06-30    1.99372310    0.21163266   17
PVEP 1999-07-02 2000-03-11   -0.17157881    0.05169997  231
PVEP 2000-03-12 2000-03-23    1.62536765    0.23580584   12
PVEP 2000-03-24 2000-05-23    0.18483993    0.09485777   61
PVEP 2000-05-24 2000-05-26   -1.84279226    0.41769719    3
PVEP 2000-05-27 2000-06-16    0.74917426    0.18087430   21
PVEP 2000-06-17 2000-06-28   -1.77737013    0.25189325   12
PVEP 2000-06-29 2000-06-30    2.86109345    0.61700994    2
PVEP 2000-07-01 2000-08-05    0.16861479    0.26608081   25
QAQ1 2001-10-16 2001-12-14    0.04812878    0.04382415   55
QAQ1 2001-12-15 2001-12-24    1.12405411    0.11471223    6
QAQ1 2001-12-25 2004-01-25    0.23056298    0.01334156  656
QAQ1 2004-01-26 2004-01-28    1.35873292    0.16222759    3
QAQ1 2004-01-29 2008-04-13   -0.00924476    0.00898392 1420
QAQ1 2008-04-14 2008-04-22    0.66314306    0.09913576    9
QAQ1 2008-04-23 2009-01-19   -0.11059593    0.02334133  262
QAQ1 2009-01-21 2009-02-14    0.33204856    0.05251576   25
QAQ1 2009-02-15 2009-12-29   -0.03463672    0.02036743  310
QAQ1 2009-12-30 2010-01-11    0.51063476    0.07793161   13
QAQ1 2010-01-12 2010-05-15   -0.15683500    0.02567105  122
QAQ1 2010-05-16 2010-05-19    1.27986964    0.19506220    4
QAQ1 2010-05-20 2011-02-03   -0.04052795    0.02332124  255
QAQ1 2011-02-04 2012-03-24   -0.21103612    0.01658588  390
QAQ1 2012-03-25 2012-04-30    0.14854792    0.04834175   37
QAQ1 2012-05-03 2012-05-05   -1.58877349    0.22523843    3
QAQ1 2012-05-06 2015-05-13   -0.15644539    0.01061929 1026
QAQ1 2015-05-14 2015-06-16   -0.74994464    0.07623570   33
QAQ1 2015-06-17 2016-01-17   -0.12873631    0.02629560  201
QAQ1 2016-01-18 2016-01-23    0.79907537    0.11471223    6
QAQ1 2016-01-24 2016-07-23   -0.04098796    0.02493621  173
QAQ1 2016-07-24 2016-08-28    0.68225950    0.09449990   34
QAQ1 2016-08-29 2017-01-28   -0.05640228    0.02694337  151
QAQ1 2017-01-29 2018-12-11    0.17203345    0.01360080  639
QAQ1 2018-12-12 2019-01-07    0.61360320    0.05735611   24
QAQ1 2019-01-08 2021-09-30    0.14291863    0.01165459  864
QAQ1 2021-10-01 2021-10-23    0.76946417    0.07834692   23
QAQ1 2021-10-24 2025-01-10    0.07995074    0.00996588 1148
QAQ1 2025-01-11 2025-03-08   -0.17347512    0.03505123   57
QAQ1 2025-03-09 2025-12-30    0.14591823    0.02170064  285
QUI2 2005-10-21 2006-11-09   -0.33983155    0.03919904  380
QUI2 2006-11-10 2006-11-29   -1.87951896    0.20052092   20
QUI2 2006-11-30 2007-01-28   -0.71005252    0.10607924   60
QUI2 2007-01-29 2007-02-08    1.44966534    0.21932409   11
QUI2 2007-02-09 2007-02-27   -0.17035763    0.17251659   17
QUI2 2007-02-28 2007-03-05    1.33934004    0.29168851    6
QUI2 2007-03-06 2009-07-10   -0.43985057    0.02612340  844
QUI2 2009-07-11 2009-08-01    0.51693498    0.17255907   19
QUIN 1994-01-06 1995-12-21   -0.76160561    0.02397118  570
QUIN 1995-12-22 1997-04-05   -0.33868066    0.02628728  393
QUIN 1997-04-06 1998-04-11   -0.92321920    0.04124632  166
QUIN 1998-04-12 1998-04-16   -2.95581167    0.23813012    5
QUIN 1998-04-17 1998-07-27   -0.85097713    0.07481414   93
QUIN 1998-07-28 1998-12-12   -1.83273567    0.06620155   80
QUIN 1998-12-13 2000-01-21   -1.15128396    0.04802215  152
QUIN 2000-02-11 2000-04-21   -2.74711759    0.13415463   12
QUIN 2000-04-25 2001-02-04   -1.41913274    0.05308189   84
QUIN 2001-02-05 2001-11-12   -0.90199243    0.05341766  177
QUIN 2001-11-13 2002-01-09   -2.09259320    0.05910155   57
QUIN 2002-01-10 2002-03-05   -0.64735859    0.06413171   45
QUIN 2002-03-06 2002-04-21   -1.27511076    0.07928937   42
QUIN 2002-04-22 2002-04-25    1.11526985    0.26623757    4
QUIN 2002-04-26 2004-12-30   -0.55131197    0.01921972  875
QUIN 2004-12-31 2005-01-14   -2.45406956    0.11293850   15
QUIN 2005-01-31 2007-01-10   -0.53640840    0.02234540  633
QUIN 2007-01-11 2007-02-07    0.29492734    0.08203098   28
QUIN 2007-02-08 2008-01-10   -0.54933444    0.03220399  312
QUIN 2008-01-14 2008-02-15    0.53619832    0.09062846   23
QUIN 2008-02-16 2010-12-05   -0.58669849    0.01925453  875
QUIN 2010-12-06 2011-07-21   -0.11004492    0.04100578  179
QUIN 2011-07-22 2011-09-30   -1.37872639    0.09699724   69
QUIN 2011-10-01 2012-05-08   -0.06034298    0.03253851  219
QUIN 2012-05-09 2012-11-16   -0.55171748    0.05150867  185
QUIN 2012-11-17 2013-01-24    0.33216008    0.05401291   67
QUIN 2013-01-25 2016-08-21   -0.17509638    0.01576081 1255
QUIN 2016-08-22 2021-05-24   -0.00866871    0.01353571 1621
QUIN 2021-05-25 2022-08-10    0.26991886    0.02824152  432
QUIN 2022-08-11 2025-12-30   -0.18861297    0.01592273 1203
RABT 2000-05-18 2000-05-30    0.33595357    0.23003452   13
RABT 2000-05-31 2000-06-01    4.81353578    0.62503339    2
RABT 2000-06-02 2003-02-13    0.46715816    0.02900010  810
RABT 2003-02-14 2003-10-13    1.04367059    0.05601229  238
RABT 2003-10-14 2004-02-08    0.35270466    0.06619829  117
RABT 2004-02-09 2004-02-11    3.27230365    0.37943002    3
RABT 2004-02-12 2004-07-07    0.71708259    0.06695770  135
RABT 2004-07-08 2004-11-05   -0.27189499    0.09524611  120
RABT 2004-11-06 2005-04-25    0.50068051    0.05493309  154
RABT 2005-04-26 2005-04-27   -7.08742175    0.56237399    2
RABT 2005-04-28 2005-06-01    0.40749881    0.14656501   32
RABT 2005-06-02 2005-08-13   -0.68880114    0.12108940   71
RABT 2005-08-14 2005-08-16    5.02221682    0.78582883    2
RABT 2005-08-17 2005-10-24   -0.66603937    0.12810602   69
RABT 2005-10-25 2008-06-21    0.54063789    0.02583655  921
RABT 2008-06-22 2008-09-14    1.64524165    0.11814632   83
RABT 2008-09-15 2009-02-14    0.74794611    0.06346405  141
RABT 2009-02-15 2009-02-17    3.79970166    0.37943002    3
RABT 2009-02-18 2011-03-20    0.69001922    0.02918650  735
RABT 2011-03-21 2011-03-22    3.65125185    0.45378137    2
RABT 2011-03-23 2015-04-09    0.60249719    0.02245415 1235
RABT 2015-04-10 2015-04-22    2.21632661    0.22058123   13
RABT 2015-04-23 2015-12-07    0.85641720    0.06201857  225
RABT 2015-12-08 2015-12-10    3.88652264    0.40652401    3
RABT 2015-12-11 2022-06-17    0.90593265    0.02041374 1495
RABT 2022-06-18 2022-10-18    0.02125474    0.10941487   90
RABT 2022-10-19 2024-10-31    1.24712512    0.03300087  623
RABT 2024-11-01 2024-11-06    3.54355191    0.31199883    6
RABT 2024-11-07 2025-04-15    1.21697402    0.05527678  152
RAMO 1998-06-12 1998-06-18    1.25275140    0.27221103    7
RAMO 1998-06-19 1998-12-20   -0.29012252    0.05871774  176
RAMO 1998-12-21 1999-04-22    0.09187514    0.04762860  119
RAMO 1999-04-23 1999-08-04    0.91589586    0.07479937  101
RAMO 1999-08-05 1999-08-08   -2.84889120    0.51523670    4
RAMO 1999-08-09 2000-03-19    0.53270687    0.04312281  186
RAMO 2000-03-20 2000-03-20   -3.63552343    0.54640204    1
RAMO 2000-03-21 2000-06-27    0.50780871    0.06468101   99
RAMO 2000-06-28 2000-07-03    3.71058180    0.32758959    6
RAMO 2000-07-04 2000-07-22    0.20780009    0.23787329   15
RAMO 2000-07-23 2000-07-28    3.81407438    0.41200863    5
RAMO 2000-07-29 2000-09-21    1.16224320    0.15959785   40
RAMO 2000-09-22 2000-09-27   -1.68791586    0.39511406    6
RAMO 2000-09-28 2000-10-16    1.61711469    0.20903282   17
RAMO 2000-10-17 2001-07-01    0.45607150    0.03663102  254
RAMO 2001-07-02 2001-07-08   -2.03215456    0.34821084    7
RAMO 2001-07-09 2002-07-04    0.19200915    0.03563414  330
RAMO 2002-07-05 2003-06-13    0.51274877    0.03889087  254
RAMO 2003-06-14 2003-08-08   -0.31404937    0.11863734   53
RAMO 2003-08-09 2004-02-18    0.74737379    0.04737649  171
RAMO 2004-02-19 2007-01-04    0.36643465    0.02082431  986
RAMO 2007-01-05 2008-06-23    0.71427447    0.02724383  507
RAMO 2008-06-24 2008-06-27    2.95894593    0.36010135    4
RAMO 2008-06-28 2012-06-12    0.42391931    0.01875089 1194
RAMO 2012-06-13 2012-11-09    1.08839173    0.07354494  142
RAMO 2012-11-10 2013-05-25    0.54195013    0.04070738  185
RAMO 2013-05-26 2015-01-11    0.18070771    0.02887526  555
RAMO 2015-01-12 2017-04-03    0.42261856    0.02270170  763
RAMO 2017-04-04 2019-06-20    0.77900775    0.02372125  750
RAMO 2019-06-21 2025-12-29    0.51984613    0.01494175 1944
RBAY 2000-10-11 2000-11-02    0.18326213    0.24227409   21
RBAY 2000-11-03 2000-11-03    8.44446455    1.11678933    1
RBAY 2000-11-05 2002-08-02    1.03179592    0.15449194   67
RBAY 2002-08-03 2003-09-23    0.11748312    0.04890157  388
RBAY 2003-09-24 2003-09-30    2.15528211    0.35433779    7
RBAY 2003-10-01 2005-03-23   -0.32173466    0.09518176  174
RBAY 2005-03-24 2005-06-01    0.55296008    0.12047141   69
RBAY 2005-06-02 2005-06-18    1.69176875    0.18163280   17
RBAY 2005-06-19 2005-07-17   -0.36158403    0.14352704   29
RBAY 2005-07-18 2006-08-19    0.47297318    0.06292202  274
RBAY 2006-08-20 2006-08-23   -2.54866246    0.36537581    4
RBAY 2006-08-24 2007-04-05    0.49032263    0.08666994  181
RBAY 2008-05-20 2014-06-23   -0.14709091    0.02871589 1157
RBAY 2014-06-24 2019-05-31   -0.51417488    0.02740339 1220
RBAY 2019-06-01 2019-06-01    5.87624137    0.74889124    1
RBAY 2019-06-02 2025-11-17   -0.58589124    0.04181237  521
RCMN 2007-03-21 2008-01-05   -0.58594679    0.05482229  277
RCMN 2008-01-06 2008-01-12    1.86029221    0.37447982    6
RCMN 2008-01-13 2009-08-13   -0.42724277    0.04206687  496
RCMN 2009-08-14 2009-08-19    1.37437644    0.29208662    6
RCMN 2009-08-22 2009-08-30   -1.32972304    0.23848772    9
RCMN 2009-08-31 2010-07-15   -0.26602437    0.06311223  231
RCMN 2010-07-16 2010-07-17   -3.88897973    0.57613872    2
RCMN 2010-07-18 2012-10-17   -0.42653024    0.03959686  532
RCMN 2012-10-18 2013-07-13    0.22407941    0.08001213  161
RCMN 2013-07-14 2013-07-17    2.76199443    0.40739159    4
RCMN 2013-07-18 2013-09-04    0.33778842    0.11832896   40
RCMN 2013-09-05 2015-12-11   -0.29706939    0.05729451  280
RCMN 2015-12-12 2016-10-17   -0.75891753    0.05635875  275
RECF 2008-07-03 2015-11-09   -0.25290698    0.02634131 1903
RECF 2015-11-10 2018-02-21    0.12325200    0.04529527  630
RESO 2014-01-02 2014-01-29    0.60263528    0.02353853   27
RESO 2014-01-30 2014-02-28    0.40219710    0.02062866   27
RESO 2014-03-01 2014-03-16    0.22907046    0.03091780   16
RESO 2014-03-17 2015-02-05    0.45149978    0.00991290  295
RESO 2015-02-06 2015-04-30    0.26463330    0.01384561   79
RESO 2015-05-01 2015-05-21    0.63440194    0.05547889   20
RESO 2015-05-23 2015-10-22    0.31016615    0.02430061  131
RESO 2015-10-23 2016-04-25    0.43143569    0.00966765  166
RESO 2016-04-26 2016-11-26    0.24770280    0.01724465  176
RESO 2016-11-27 2017-11-21    0.55163599    0.00914597  307
RESO 2017-11-22 2017-11-27    0.17557834    0.06339455    6
RESO 2017-11-28 2017-12-14    0.62288317    0.03064555   17
RESO 2023-10-17 2023-10-18   -0.25671062    0.15161118    2
RESO 2023-10-20 2024-01-14    0.37382403    0.01821046   60
RESO 2024-01-15 2024-01-18    0.85792916    0.06115490    4
RESO 2024-01-19 2025-06-18    0.39896422    0.02049369   71
RESO 2025-06-20 2025-10-01    0.68415526    0.03114472  101
RESO 2025-10-02 2025-12-29    0.45437481    0.01950045   69
REUN 1998-12-17 2001-09-04   -0.38721591    0.06304240  274
REUN 2001-09-06 2001-10-11   -1.74778506    0.16986973   25
REUN 2001-10-12 2002-07-01   -0.49059073    0.07947829  190
REUN 2002-07-02 2002-07-12    1.13485424    0.25663517   10
REUN 2002-07-13 2002-07-14   -3.64882846    0.57385369    2
REUN 2002-07-15 2003-06-12   -0.44523823    0.06954570  181
REUN 2003-06-13 2004-07-26   -0.00703692    0.05127614  358
REUN 2004-07-27 2004-08-12    1.46694661    0.18903595   17
REUN 2004-08-13 2009-09-29    0.00433114    0.02535666 1480
REUN 2009-09-30 2009-10-04    1.96616712    0.38343682    5
REUN 2009-10-05 2011-06-08   -0.46150277    0.04650031  480
REUN 2011-06-09 2011-07-10   -1.44190612    0.17307732   25
REUN 2011-07-11 2015-12-23   -0.30080790    0.02443800 1591
REUN 2015-12-24 2016-01-17   -1.97238865    0.26798852   21
REUN 2016-01-18 2017-04-26   -0.03796698    0.04830213  460
REUN 2017-04-27 2017-08-01   -1.32302089    0.09344372   97
REUN 2017-08-02 2017-10-19   -0.54601544    0.09173726   79
REUN 2017-10-20 2018-01-16   -1.43627053    0.11904159   78
REUN 2018-01-19 2018-05-11    0.26622383    0.11915274  111
REUN 2018-05-12 2020-01-01   -0.35369341    0.03921684  588
REUN 2020-01-02 2020-06-18    0.69859238    0.09144343  165
REUN 2020-06-19 2020-06-20    4.63607532    0.64195462    2
REUN 2020-06-21 2020-08-28    0.46543401    0.09677160   69
REUN 2020-08-29 2023-09-28   -0.04705934    0.02956057 1104
REUN 2023-09-29 2024-03-25    0.48380225    0.08301050  176
REUN 2024-03-26 2024-05-03    1.64564280    0.19623471   39
REUN 2024-05-04 2025-12-30   -0.10163580    0.03907753  586
REYK 1996-01-13 1996-09-12    0.37846841    0.02596250  227
REYK 1996-09-14 1997-12-05    0.62920213    0.01901781  422
REYK 1997-12-06 1997-12-06    3.19943592    0.36022705    1
REYK 1997-12-07 1999-09-26    0.92919157    0.01700964  536
REYK 1999-09-27 2000-06-17    0.70755441    0.02419456  230
REYK 2000-06-18 2000-07-07    1.40134516    0.12126339   16
REYK 2000-07-08 2000-08-23   -0.07534322    0.07696730   41
REYK 2000-08-25 2003-03-25    0.57718732    0.01302838  881
REYK 2003-03-26 2008-03-26    0.33670067    0.00967822 1608
REYK 2008-03-27 2010-05-10    0.55570286    0.01412672  758
REYK 2010-05-11 2010-05-12   -1.33272183    0.27687698    2
REYK 2010-05-13 2013-06-24    0.59553563    0.01185355 1088
REYK 2013-06-25 2015-03-17    0.28024241    0.01584008  610
REYK 2015-03-18 2016-05-15    0.43645222    0.01931221  398
REYK 2016-05-16 2019-05-13    0.67562980    0.01220659 1019
REYK 2019-05-15 2019-08-01    1.06604481    0.05227964   77
REYK 2019-08-02 2019-08-06    2.55501863    0.22356808    5
REYK 2019-08-07 2019-12-03    0.88838580    0.04005633  112
REYK 2019-12-04 2020-04-16    0.53097650    0.02981870  134
REYK 2020-04-17 2020-09-03    1.01635624    0.03796704  137
REYK 2020-09-04 2021-06-24    0.72843939    0.02198532  291
REYK 2021-06-28 2021-08-22    1.20120910    0.07086587   48
REYK 2021-08-24 2022-04-06    0.59087786    0.02477052  223
REYK 2022-04-07 2022-07-26    0.94804146    0.04023452  109
REYK 2022-07-27 2023-12-14    0.65357680    0.01783282  498
REYK 2023-12-15 2024-03-04    0.39051798    0.03921530   78
REYK 2024-03-05 2024-11-13    0.74425323    0.02606933  251
REYK 2024-11-14 2025-03-24    0.46258822    0.03078974  128
REYK 2025-03-25 2025-09-22    0.89280042    0.03198898  179
REYK 2025-09-23 2025-12-30    0.53513446    0.03865418   99
REYZ 1998-09-15 2000-06-19    0.26369203    0.01990766  381
REYZ 2000-06-20 2000-07-02    1.39068981    0.13433488   13
REYZ 2000-07-05 2000-11-24    0.10071698    0.03994743  129
REYZ 2000-11-25 2001-02-25    0.56567160    0.03955553   88
REYZ 2001-02-27 2001-03-03   -0.44281163    0.14827279    5
REYZ 2001-03-04 2003-03-23    0.35752250    0.01481950  705
REYZ 2003-03-24 2003-06-01    0.00014483    0.04598953   63
REYZ 2003-06-02 2003-09-14    0.47351295    0.05301685   91
REYZ 2003-09-15 2004-01-03    0.06738771    0.03763286  110
REYZ 2004-01-04 2004-03-18    0.43447777    0.04106558   74
REYZ 2004-03-19 2004-05-29   -0.01247926    0.04269930   71
REYZ 2004-05-30 2005-02-17    0.35610219    0.02667567  251
REYZ 2005-02-18 2005-02-23   -0.61387734    0.15101827    6
REYZ 2005-02-24 2007-09-18    0.34618542    0.01336201  895
RGDG 2017-01-30 2020-06-24    0.57190616    0.01326585 1135
RGDG 2020-06-25 2020-07-01    1.37948989    0.15355027    7
RGDG 2020-07-02 2020-07-09   -0.32887190    0.15302945    8
RGDG 2020-07-10 2021-05-21    0.59120799    0.02945683  249
RGDG 2021-05-22 2021-05-22    3.45114977    0.46770943    1
RGDG 2021-05-23 2021-06-25    0.43073749    0.07149746   34
RGDG 2021-06-26 2021-06-30    1.60858076    0.17990731    5
RGDG 2021-07-01 2023-06-20    0.51054086    0.01681738  702
RGDG 2023-06-21 2025-12-30    0.37424073    0.01454061  917
RIGA 1999-03-02 1999-11-05    0.51190257    0.03498975  232
RIGA 1999-11-06 1999-11-08    2.14488913    0.26190954    3
RIGA 1999-11-09 2000-10-05    0.44641060    0.02492906  315
RIGA 2000-10-06 2000-10-06   -2.37345120    0.53188628    1
RIGA 2000-10-07 2001-01-24    0.70699111    0.03912732  106
RIGA 2001-01-25 2002-12-23    0.42756435    0.01789593  653
RIGA 2002-12-24 2003-03-06    0.78322877    0.03857120   72
RIGA 2003-03-07 2004-12-17    0.46105886    0.01911903  613
RIGA 2004-12-18 2005-11-22    0.27843007    0.02559152  317
RIGA 2005-11-23 2005-11-23    2.69152906    0.45364063    1
RIGA 2005-11-24 2012-10-06    0.49615416    0.00919137 2353
RIGA 2012-10-07 2022-12-03    0.31326257    0.02123046  443
RIGA 2022-12-04 2022-12-21   -0.74394649    0.08816267   18
RIGA 2022-12-22 2024-07-18    0.18913723    0.01827751  558
RIGA 2024-07-19 2024-08-19   -0.70861746    0.14490120   30
RIGA 2024-08-20 2025-02-07    0.32511205    0.03293213  171
RIGA 2025-02-08 2025-02-12    1.18814546    0.13986193    5
RIGA 2025-02-13 2025-12-30    0.17841030    0.02720001  314
RIO2 2007-03-16 2007-08-16    0.78115298    0.03954964  121
RIO2 2007-08-17 2007-08-17    3.43658740    0.39118186    1
RIO2 2007-08-18 2009-11-07    0.76509624    0.01625211  760
RIO2 2009-11-08 2012-12-01    0.61753163    0.01377404 1086
RIO2 2012-12-02 2016-03-10    0.38242369    0.01350381 1144
RIO2 2016-03-11 2016-07-07    0.74824728    0.04372609  114
RIO2 2016-07-08 2016-11-24    0.42266509    0.03554006  140
RIO2 2016-11-25 2016-11-29   -0.92912339    0.20909084    5
RIO2 2016-11-30 2017-06-17    0.31085745    0.03749157  168
RIO2 2017-06-18 2023-05-11    0.56026398    0.01005005 2044
RIO2 2023-05-12 2025-12-30    0.37866186    0.01448925  956
RIOG 1999-03-02 1999-06-14    0.37962445    0.05683214   88
RIOG 1999-06-15 1999-06-18    2.08590985    0.24927121    4
RIOG 1999-06-19 2000-10-02    0.38385967    0.02390985  430
RIOG 2000-10-03 2000-10-05   -1.41618274    0.30308529    3
RIOG 2000-10-07 2001-06-15    0.49853540    0.03511266  231
RIOG 2001-06-16 2001-06-21    1.67299024    0.20352909    6
RIOG 2001-06-22 2004-05-15    0.79569084    0.01662898  922
RIOG 2004-05-16 2004-05-21   -0.21520545    0.20803967    6
RIOG 2004-05-22 2004-05-29    1.79661586    0.18016764    8
RIOG 2004-05-30 2004-06-03   -0.00119035    0.22489254    5
RIOG 2004-06-04 2004-06-12    1.71094431    0.16618081    9
RIOG 2004-06-13 2005-02-10    0.80886285    0.03398782  211
RIOG 2005-02-11 2005-02-14   -0.86660375    0.29202453    4
RIOG 2005-02-15 2006-09-14    0.98361199    0.02155309  550
RIOG 2006-09-15 2006-09-25   -0.27138653    0.13033046   11
RIOG 2006-09-26 2007-02-28    0.86764223    0.04490709  134
RIOP 1996-06-11 1998-05-15    0.55078016    0.09509468   55
RIOP 1998-05-16 1998-05-23    2.53108478    0.25430841    8
RIOP 1998-05-26 1998-08-31   -0.02692687    0.07832914   77
RIOP 1998-09-01 1998-09-02    4.24092016    0.47332857    2
RIOP 1998-09-03 1998-11-21   -0.26517088    0.16265336   22
RIOP 1998-11-22 1998-11-27    3.49492098    0.43777476    4
RIOP 1998-12-04 1998-12-08   -0.93273954    0.48510493    3
RIOP 1998-12-09 1998-12-10    5.49968971    0.59412978    2
RIOP 1998-12-11 1999-02-10    0.34360754    0.18988588   19
RIOP 1999-02-12 1999-07-23   -0.96435227    0.08743145   64
RIOP 1999-07-24 2000-01-07    1.33439110    0.15488493   22
RIOP 2000-01-12 2000-06-27   -0.20310406    0.12113823   33
RIOP 2000-06-28 2000-12-14    1.05229174    0.09497463   55
RIOP 2000-12-16 2000-12-18    4.85508002    0.48510493    3
RIOP 2000-12-19 2011-05-16   -0.39562563    0.02265787 1082
RIOP 2011-05-17 2011-05-20    3.48989565    0.35964640    4
RIOP 2011-05-21 2015-11-09   -0.44128502    0.01935358 1457
RIOP 2015-11-10 2015-11-29   -2.50689677    0.19577882   20
RIOP 2015-11-30 2016-12-08   -0.57723143    0.03876940  373
RIOP 2016-12-09 2016-12-13    2.90268724    0.37576067    5
RIOP 2016-12-14 2017-10-25   -0.78317108    0.04138051  314
RIOP 2017-10-26 2017-11-09    1.63267551    0.21693573   15
RIOP 2017-11-10 2018-04-11   -0.76404494    0.06698658  147
RIOP 2018-04-12 2018-04-14    3.83966210    0.40387044    3
RIOP 2018-04-15 2021-12-31   -0.55380683    0.02168508 1179
RIOP 2022-01-01 2022-01-07    2.11628716    0.32547103    6
RIOP 2022-01-08 2023-06-01   -0.42799377    0.03352680  501
RIOP 2023-06-02 2025-11-30   -0.84751954    0.05458673  176
RIOP 2025-12-01 2025-12-09    2.28207433    0.28007546    9
RIOP 2025-12-10 2025-12-30   -0.04800885    0.18335243   21
ROSA 2007-01-02 2008-10-26    0.23946780    0.05298590  455
ROSA 2008-10-28 2008-11-11    3.06052350    0.43139205   12
ROSA 2008-11-12 2010-06-07    0.51083609    0.05554866  516
ROSA 2010-06-08 2010-06-09    4.85891645    0.73739615    2
ROSA 2010-06-10 2010-12-07    0.94473578    0.08342230  162
ROSA 2010-12-08 2010-12-17    3.72712214    0.53101759    7
ROSA 2010-12-18 2011-05-02    0.08741670    0.13560971  122
ROSA 2011-05-03 2011-05-11   -1.58870971    0.36251814    9
ROSA 2011-05-12 2013-08-11    0.61348211    0.04319474  712
ROTH 2010-02-08 2010-12-10    0.36514241    0.01903553  246
ROTH 2010-12-11 2011-07-07    0.20483212    0.02260623  188
ROTH 2011-07-08 2011-09-25    0.56888739    0.03095202   79
ROTH 2011-09-26 2012-09-24    0.18259396    0.01590981  352
ROTH 2012-09-25 2012-09-30    0.91648726    0.10841092    6
ROTH 2012-10-01 2014-07-27    0.21510929    0.01208817  618
ROTH 2014-07-28 2014-07-29    2.09252212    0.19766708    2
ROTH 2014-07-30 2014-08-22    0.31983640    0.05831257   23
ROTH 2014-08-23 2014-08-23    2.14969538    0.27966812    1
ROTH 2014-08-24 2015-12-02    0.26179292    0.02084572  199
ROTH 2015-12-03 2016-09-26    0.48818726    0.02157763  201
ROTH 2016-09-29 2016-09-30    1.77207730    0.18777322    2
ROTH 2016-10-08 2017-08-05    0.27471438    0.01837792  272
ROTH 2017-08-06 2017-09-10    0.55959314    0.04894056   32
ROTH 2017-09-11 2017-10-22   -0.27746462    0.05810918   27
ROTH 2017-10-25 2018-01-26    0.37513171    0.03054184   94
ROTH 2018-01-27 2018-02-01   -0.49479069    0.12378823    6
ROTH 2018-02-02 2019-09-03    0.30660353    0.01273236  554
ROTH 2019-09-04 2019-09-08    1.02090160    0.11875821    5
ROTH 2019-09-09 2020-06-12    0.18998192    0.01877646  267
ROTH 2020-06-13 2020-06-18    1.00100747    0.10840242    6
ROTH 2020-06-19 2022-10-08    0.34690836    0.02157530  164
ROTH 2022-10-09 2023-06-21   -0.01650446    0.03032895   95
ROTH 2023-06-22 2024-08-31    0.18922562    0.01459730  407
ROTH 2024-09-01 2024-10-10   -0.16355885    0.04352725   40
ROTH 2024-10-11 2025-05-09    0.21948773    0.02330295  184
ROTH 2025-05-10 2025-06-24   -0.17289592    0.04311314   45
ROTH 2025-06-25 2025-07-07    0.76065889    0.07566295   13
ROTH 2025-07-08 2025-07-13   -0.41040237    0.11412314    6
ROTH 2025-07-14 2025-12-30    0.34303284    0.02226040  166
SALU 2008-07-03 2010-08-04   -0.22681908    0.04199453  661
SALU 2010-08-05 2010-09-26   -1.28586976    0.12433134   52
SALU 2010-09-27 2012-01-15   -0.16874466    0.05554378  377
SALU 2012-01-16 2013-06-21   -0.65973827    0.05099639  473
SALU 2013-06-22 2015-01-08    0.09608128    0.04799740  480
SALU 2015-01-09 2016-08-06   -0.50684930    0.05030449  478
SALU 2016-08-07 2016-11-29    0.14833683    0.09042828  114
SALU 2016-11-30 2021-05-24   -0.51621315    0.02846550 1448
SALU 2021-05-25 2021-06-07   -2.66706436    0.31045461   14
SALU 2021-06-08 2021-06-14    1.50755348    0.44080180    7
SALU 2021-06-15 2021-12-11   -0.93027812    0.07653054  173
SALU 2021-12-12 2022-06-10   -0.03837733    0.09472865  157
SALU 2022-06-11 2022-12-18   -1.27206653    0.08208549  150
SALU 2022-12-19 2023-04-06   -0.13267200    0.13292679   81
SALU 2023-04-07 2024-02-09   -1.19129393    0.06084417  306
SALU 2024-02-10 2024-04-25    0.06957006    0.13700621   76
SALU 2024-04-26 2025-06-03   -1.20943911    0.05536528  383
SAMO 2017-01-30 2017-05-10    0.28534738    0.15347014   97
SAMO 2017-05-11 2017-05-11    9.10419615    1.44958128    1
SAMO 2017-05-12 2018-06-11    0.35901061    0.07538203  369
SAMO 2018-06-12 2018-10-08    1.12555661    0.12610646  117
SAMO 2018-10-09 2019-07-29    0.04824025    0.08788611  281
SAMO 2019-07-30 2019-08-14    1.97369338    0.33637324   16
SAMO 2019-08-15 2019-08-23   -1.64216235    0.45202109    9
SAMO 2019-08-24 2019-10-10    1.43642635    0.20124291   48
SAMO 2019-10-11 2021-10-18   -0.29387362    0.07758836  350
SAMO 2021-10-19 2021-12-13    0.87156732    0.19983964   55
SAMO 2021-12-14 2022-01-03   -1.54390047    0.31707691   21
SAMO 2022-01-04 2024-01-30    0.22010996    0.05422264  716
SAMO 2024-01-31 2024-02-23    2.35821655    0.32407178   24
SAMO 2024-02-24 2024-02-26   -4.73471860    0.91709543    3
SAMO 2024-02-27 2025-10-06    0.43649418    0.06041380  564
SAMO 2025-10-07 2025-11-10    2.33025639    0.25296168   35
SAMO 2025-11-11 2025-12-23    0.14516368    0.22322590   43
SAMO 2025-12-24 2025-12-30    2.85441040    0.54280241    7
SANT 1996-07-19 1996-09-09    0.18788245    0.19266142   29
SANT 1996-09-12 1996-10-03    3.46282970    0.29999124   17
SANT 1996-10-04 1998-05-04    0.24011221    0.07525985  276
SANT 1998-05-07 1999-09-09    1.43903327    0.06686929  252
SANT 1999-09-10 1999-12-28    0.19141133    0.15172218   69
SANT 1999-12-29 2000-03-22   -1.28883188    0.15892736   79
SANT 2000-03-23 2000-10-09    0.32208658    0.08149258  184
SANT 2000-10-10 2001-09-09    1.21596894    0.07580568  237
SANT 2001-09-10 2002-10-01    0.31977243    0.06101461  382
SANT 2002-10-03 2005-02-01    1.39244970    0.04178474  828
SANT 2005-02-02 2005-02-12    4.71667272    0.44674506   11
SANT 2005-02-13 2005-08-21    1.00329945    0.08239453  188
SANT 2005-08-22 2005-11-04   -0.04964182    0.14357937   70
SANT 2005-11-05 2007-01-13    1.43996606    0.05859069  424
SANT 2007-01-14 2007-02-23   -0.72633995    0.24949622   34
SANT 2007-02-24 2008-01-19    1.41282775    0.06483697  325
SANT 2008-01-20 2008-03-12   -0.49693977    0.19659720   53
SANT 2008-03-13 2011-05-28    1.08770219    0.03526119 1138
SANT 2011-05-29 2011-06-05    4.24234874    0.37123011    8
SANT 2011-06-06 2011-06-13    0.25675048    0.35978963    8
SANT 2011-06-14 2011-06-18    4.59860478    0.45510189    5
SANT 2011-06-19 2011-07-10    0.02659899    0.21059477   22
SANT 2011-07-11 2011-07-14    4.67267064    0.47759560    4
SANT 2011-07-15 2016-05-29    0.99739472    0.03916999  955
SANT 2016-05-30 2016-06-22   -0.42651959    0.20913963   24
SANT 2016-06-23 2016-09-30    1.56455932    0.10978493   91
SANT 2016-10-01 2017-11-22    0.51612522    0.06546964  317
SANT 2017-11-23 2023-05-08    1.16161028    0.02871427 1756
SANT 2023-05-09 2023-08-17    2.27592933    0.10148665  101
SANT 2023-08-18 2025-12-30    1.15181032    0.04078938  857
SAVO 2007-09-07 2008-02-24   -0.64177783    0.12482596   93
SAVO 2008-02-25 2008-02-26    6.54027833    0.97266120    2
SAVO 2008-02-28 2010-10-15   -0.46249340    0.04047098  864
SAVO 2010-10-16 2010-11-02    1.28429580    0.25735067   18
SAVO 2010-11-03 2011-12-21   -0.51828617    0.07044212  297
SAVO 2011-12-22 2011-12-23    4.40935997    0.86239701    2
SAVO 2011-12-24 2013-08-02   -0.78787777    0.05286680  544
SAVO 2013-08-03 2018-01-30   -0.34092181    0.03253924 1357
SAVO 2018-02-02 2018-02-06    3.57060676    0.61516495    5
SAVO 2018-02-07 2020-11-27   -0.22218414    0.03914188  929
SAVO 2020-11-28 2022-12-11   -0.79306964    0.04504930  714
SAVO 2022-12-12 2023-03-13   -1.70586814    0.14031853   87
SAVO 2023-03-14 2025-07-09   -0.64394420    0.04421874  753
SCH2 1997-09-02 1998-01-05    0.32448629    0.02539610  111
SCH2 1998-01-06 1999-03-03    0.07101330    0.01268042  378
SCH2 1999-03-04 1999-03-14   -0.87042340    0.06915527   10
SCH2 1999-03-15 1999-12-17   -0.17188836    0.02277838  230
SCH2 1999-12-18 2000-02-28    0.23354448    0.02165512   72
SCH2 2000-02-29 2000-11-27   -0.12240272    0.02203343  252
SCH2 2000-11-28 2001-03-08    0.36468143    0.01893832  101
SCH2 2001-03-09 2001-11-24   -0.15212671    0.02409592  246
SCH2 2001-12-02 2001-12-22   -1.95374634    0.05427862   14
SCH2 2001-12-23 2002-01-13   -1.22817774    0.04712848   17
SCH2 2002-01-14 2002-04-24   -0.61486118    0.02081679   99
SCH2 2002-04-25 2002-12-18   -0.05827004    0.02489532  216
SCH2 2002-12-19 2003-02-13    0.46089587    0.02472195   57
SCH2 2003-02-14 2005-01-28   -0.01547866    0.01079484  651
SCH2 2005-01-29 2005-03-19   -0.29560444    0.02647452   50
SCH2 2005-03-20 2006-11-08    0.14444702    0.01376380  539
SCH2 2006-11-09 2006-11-14   -0.60471105    0.10839526    6
SCH2 2006-11-15 2006-12-12    0.75628303    0.04394197   28
SCH2 2006-12-13 2008-10-28    0.03908435    0.01191088  584
SCH2 2008-10-29 2008-11-17   -0.50207988    0.06191879   20
SCH2 2008-11-18 2009-02-12    0.38525130    0.02120814   87
SCH2 2009-02-13 2009-12-20    0.03779826    0.01903159  256
SCH2 2009-12-21 2010-01-22   -0.68739862    0.03728875   26
SCH2 2010-02-02 2010-02-21   -0.18530971    0.04059295   18
SCH2 2010-02-22 2012-02-17    0.22314811    0.01102294  618
SCH2 2012-02-18 2017-05-02   -0.01043860    0.00653190 1695
SCH2 2017-05-03 2021-12-20   -0.12339552    0.00714612 1523
SCH2 2021-12-21 2022-01-25   -0.44381191    0.03196737   36
SCH2 2022-01-26 2025-12-03    0.09996815    0.00769225 1321
SCH2 2025-12-04 2025-12-30   -0.39477655    0.03908507   27
SCOR 2004-09-12 2006-08-08    0.38321391    0.01193811  519
SCOR 2006-08-09 2006-09-12   -0.16350925    0.07338919   34
SCOR 2006-09-13 2007-08-06    0.44582937    0.01507261  321
SCOR 2007-08-07 2007-08-20   -0.66890049    0.12500089   14
SCOR 2007-08-21 2008-02-23    0.36850084    0.01959426  186
SCOR 2008-02-24 2008-04-14    0.62268003    0.03040235   51
SCOR 2008-04-15 2009-01-05    0.34703498    0.01924257  253
SCOR 2009-01-06 2009-03-08    0.74553686    0.03005784   61
SCOR 2009-03-09 2010-04-12    0.38462650    0.01363998  394
SCOR 2010-04-13 2010-10-18    0.14663173    0.02599253  180
SCOR 2010-10-19 2011-04-17    0.45922667    0.01798002  173
SCOR 2011-04-18 2011-08-06    0.25139465    0.03405034  107
SCOR 2011-08-07 2011-08-13   -1.22164828    0.19094201    6
SCOR 2011-08-14 2014-05-31    0.38952564    0.00872731  971
SCOR 2014-06-01 2014-08-30   -0.11612883    0.04801132   88
SCOR 2014-08-31 2017-02-01    0.45877135    0.00978335  810
SCOR 2017-02-02 2017-04-26    0.66006649    0.02469989   83
SCOR 2017-04-29 2017-07-12    1.00450920    0.04461378   61
SCOR 2017-10-27 2018-05-07    0.53564646    0.01792537  174
SCOR 2018-05-08 2018-08-23    0.81083304    0.04151052   92
SCOR 2018-08-24 2019-04-11    0.46218210    0.01666184  229
SCOR 2019-04-12 2019-11-09    0.76055984    0.02368329  201
SCOR 2019-11-10 2021-11-06    0.52834470    0.01044819  706
SCOR 2021-11-07 2022-11-02    0.37022008    0.01483780  352
SCOR 2022-11-03 2022-12-07    0.71327743    0.04227452   34
SCOR 2022-12-08 2024-05-27    0.29256042    0.01146477  526
SCOR 2024-05-28 2024-09-03    0.60348611    0.04475039   94
SCOR 2024-09-04 2025-05-28    0.19226504    0.01563777  260
SCOR 2025-05-29 2025-09-14    0.76866203    0.04224844  103
SCOR 2025-09-15 2025-12-30    0.34498703    0.02552916  107
SCRZ 2017-01-30 2017-05-26    0.20961519    0.13577423   87
SCRZ 2017-05-27 2017-05-30    4.31346613    0.61785590    4
SCRZ 2017-05-31 2019-06-02    0.26859277    0.04954125  631
SCRZ 2019-06-03 2019-06-03   -7.01542052    1.09793266    1
SCRZ 2019-06-04 2019-06-22    1.51125439    0.25878521   18
SCRZ 2019-06-23 2019-07-08   -1.24425575    0.31619016   13
SCRZ 2019-07-09 2020-03-02    0.49441464    0.08329261  230
SCRZ 2020-03-04 2021-08-13   -0.42706729    0.05389533  516
SCRZ 2021-08-14 2021-08-22   -3.15576842    0.35011835    9
SCRZ 2021-08-23 2023-04-17   -0.57879301    0.05342975  561
SCRZ 2023-04-18 2023-07-16   -1.53304926    0.12397260   90
SCRZ 2023-07-17 2023-08-14    0.08883922    0.20555451   29
SCRZ 2023-08-15 2023-09-25   -1.73492105    0.18177869   42
SCRZ 2023-09-26 2024-05-27   -0.43073488    0.08433364  239
SCRZ 2024-05-28 2024-05-30   -5.60277136    0.71343855    3
SCRZ 2024-05-31 2025-12-30   -0.87553294    0.05583609  499
SCTB 2016-09-19 2017-04-19   -0.25458834    0.01362824  198
SCTB 2017-04-20 2017-04-28    0.04037999    0.05197308    9
SCTB 2017-04-29 2017-05-23   -0.33464650    0.03097870   25
SCTB 2017-05-24 2017-08-12    0.04067992    0.01981487   72
SCTB 2017-08-13 2017-08-19   -0.42278062    0.06428506    7
SCTB 2017-08-20 2017-10-02    0.00460880    0.02473650   41
SCTB 2017-10-03 2017-10-03   -0.81455834    0.15487983    1
SCTB 2017-10-04 2018-06-26   -0.14668094    0.01126648  265
SCTB 2018-06-27 2018-09-29   -0.01251698    0.01889008   75
SCTB 2018-09-30 2019-07-10   -0.23796935    0.01084066  281
SCTB 2019-07-11 2019-07-30    0.07316742    0.03804041   20
SCTB 2019-07-31 2020-03-20   -0.20145174    0.01272708  216
SCTB 2020-03-21 2020-03-29   -0.57560118    0.05719223    9
SCTB 2020-03-30 2020-06-15   -0.19648148    0.01791811   78
SCTB 2020-06-16 2020-07-12   -0.48610429    0.03272453   27
SCTB 2020-07-13 2020-08-26   -0.17882720    0.02535686   45
SCTB 2020-08-27 2020-10-04   -0.50545449    0.02504818   39
SCTB 2020-10-05 2021-06-21   -0.21871102    0.01217078  212
SCTB 2021-06-22 2021-06-26    0.40835856    0.07601625    5
SCTB 2021-06-27 2022-07-23   -0.23387940    0.00920464  372
SCTB 2022-07-24 2022-09-20   -0.38247662    0.02139696   59
SCTB 2022-09-21 2022-10-24   -0.57553561    0.02655038   34
SCTB 2022-10-25 2022-11-26   -0.21555322    0.03110324   33
SCTB 2022-11-27 2023-08-31   -0.39662346    0.01107049  274
SCTB 2023-09-01 2023-11-08   -0.59066386    0.01898367   69
SCTB 2023-11-09 2024-10-14   -0.37948608    0.01033947  307
SCTB 2024-10-16 2025-01-22   -0.53182607    0.02181147   93
SCTB 2025-01-23 2025-04-01   -0.28265791    0.02488146   64
SCTB 2025-04-03 2025-12-30   -0.45030799    0.01055897  259
SCUB 1999-01-02 2000-06-05   -1.19956673    0.08437753  291
SCUB 2000-06-06 2000-06-08    2.71292359    0.77385307    3
SCUB 2000-06-09 2000-10-13   -1.98916344    0.14206242  119
SCUB 2000-10-14 2000-10-20   -5.51950332    0.61448307    7
SCUB 2000-10-21 2002-03-09   -0.97871801    0.07593707  375
SCUB 2002-03-10 2002-03-11    5.30323388    0.99580626    2
SCUB 2002-03-12 2005-05-09   -0.77621417    0.04986557  881
SCUB 2005-05-10 2006-05-06   -0.21368658    0.09108466  249
SCUB 2006-05-07 2006-05-09   -6.26110472    0.87618378    3
SCUB 2006-05-10 2011-05-23   -0.32653790    0.03609097 1686
SCUB 2011-05-24 2018-06-21   -0.02497932    0.04405066 1094
SCUB 2018-07-25 2025-09-23   -0.79759095    0.03701774 1603
SELE 1997-05-09 1997-08-29    0.29261372    0.11718194  101
SELE 1997-08-30 1997-09-05    5.62764710    0.51024508    7
SELE 1997-09-06 1997-11-01    2.08461340    0.16453135   44
SELE 1997-11-02 1998-08-20    0.26034989    0.04392302  264
SELE 1998-08-25 1998-09-02   -3.48250943    0.46285521    9
SELE 1998-09-03 1998-11-12    1.93324168    0.11955594   63
SELE 1998-11-16 1999-05-30    0.02480840    0.04645109  184
SELE 1999-05-31 1999-12-28    0.57903333    0.07289352  177
SELE 1999-12-29 2000-02-29   -0.71555434    0.06781633   63
SELE 2000-03-01 2000-09-19    0.85110711    0.07699876  165
SELE 2000-09-20 2001-05-16   -0.09140651    0.04376861  225
SELE 2001-05-17 2001-09-02    1.39862180    0.12532552   99
SELE 2001-09-03 2004-03-17   -0.01046314    0.02561456  819
SELE 2004-03-18 2004-07-17    0.65533720    0.08185570  112
SELE 2004-07-18 2004-09-29   -0.91783759    0.16800599   65
SELE 2004-09-30 2004-10-06    2.97195336    0.36619959    7
SELE 2004-10-07 2006-04-26    0.07387937    0.03028983  525
SELE 2006-04-27 2008-08-16    0.58572899    0.02921828  756
SELE 2008-08-17 2009-02-09   -0.30409456    0.05415375  175
SELE 2009-02-10 2009-02-26   -1.53991214    0.13572108   17
SELE 2009-02-28 2009-11-04   -0.27761355    0.05984272  234
SELE 2009-11-05 2010-04-05   -1.01354266    0.04907707  145
SELE 2010-04-06 2011-02-04   -0.32429277    0.04810622  284
SELE 2011-02-05 2011-11-17   -0.71646766    0.05164733  264
SELE 2011-11-18 2011-12-22   -1.65412917    0.13244958   25
SELE 2011-12-23 2012-05-15   -0.49954999    0.05206889  136
SELE 2012-05-16 2012-07-25   -1.85995231    0.13696512   69
SELE 2012-07-26 2013-01-27   -0.37479039    0.05689216  182
SELE 2013-01-28 2013-02-06   -2.06389980    0.18097074    9
SELE 2013-02-07 2013-02-19   -0.49411375    0.15520299   13
SEY1 1995-10-21 1997-02-03   -4.36523017    0.38292130   14
SEY1 1997-02-05 2008-10-09   -0.94731151    0.03668312 1460
SEY1 2008-10-10 2009-09-01   -1.86861204    0.07821377  313
SEY1 2009-09-02 2012-11-28   -1.19478495    0.04789147  875
SEY1 2012-11-29 2013-11-26   -2.40025061    0.15630758   77
SEY1 2013-11-27 2014-04-12   -0.67750990    0.13329909  104
SEY1 2014-04-13 2014-05-22   -2.80389528    0.22355636   38
SEY1 2014-05-23 2016-03-02   -1.50328544    0.05808001  586
SEYG 2017-01-30 2017-04-16   -0.45834187    0.14893077   77
SEYG 2017-04-17 2017-09-27    0.71360150    0.09944825  154
SEYG 2017-09-28 2017-10-05    3.28970820    0.42877838    8
SEYG 2017-10-06 2018-03-12   -0.04398417    0.12513578  120
SEYG 2018-03-13 2018-03-16    3.37390149    0.64731202    4
SEYG 2018-03-17 2018-04-13   -0.95428121    0.25707296   28
SEYG 2018-04-14 2018-04-19    4.22819600    0.59200980    6
SEYG 2018-04-20 2018-06-12    0.71869217    0.20020151   50
SEYG 2018-06-13 2018-07-18    2.33003427    0.21635122   34
SEYG 2018-07-19 2019-05-27    0.32684371    0.07294112  313
SEYG 2019-05-28 2019-08-29    1.36757746    0.12315060   94
SEYG 2019-08-30 2019-09-02    4.76978176    0.54504564    4
SEYG 2019-09-03 2020-02-11    0.77123789    0.10619435  152
SEYG 2020-02-12 2020-02-21   -2.34102092    0.39554223   10
SEYG 2020-02-22 2021-02-14    0.36179970    0.07142693  331
SEYG 2021-02-15 2021-04-22   -0.88812873    0.16242209   67
SEYG 2021-04-23 2024-09-21    0.45154348    0.03669877 1217
SEYG 2024-09-22 2025-11-23   -0.24000622    0.06283943  422
SFER 1996-03-27 1997-02-18   -0.54485852    0.05158030  229
SFER 1997-02-19 1997-04-13    0.53147758    0.09305690   46
SFER 1997-04-14 1997-10-26   -0.87221109    0.07999824  112
SFER 1997-10-27 1997-10-31   -2.68456910    0.39115165    5
SFER 1997-11-01 1998-09-25   -0.15197951    0.06075097  187
SFER 1998-09-26 1998-11-04    0.64210981    0.13832856   39
SFER 1998-11-05 1998-11-17   -0.93620480    0.19976745   13
SFER 1998-11-18 1999-08-27    0.35266102    0.04589723  240
SFER 1999-08-30 1999-09-06   -2.22767836    0.35189729    8
SFER 1999-09-07 2000-01-17   -0.01473388    0.06678117  128
SFER 2000-01-18 2000-02-20    1.10996812    0.10994173   34
SFER 2000-02-21 2000-05-18    0.25702531    0.07092298   88
SFER 2000-05-19 2000-07-29   -0.68834025    0.10747751   66
SFER 2000-07-30 2002-12-08    0.06869226    0.02871184  727
SFER 2002-12-09 2004-04-09    0.35859443    0.03368288  457
SFER 2004-04-10 2005-02-12    0.00741219    0.04671069  281
SFER 2005-02-13 2005-02-13   -3.91016141    0.64181633    1
SFER 2005-02-14 2005-04-30    0.67198469    0.07538972   74
SFER 2005-05-01 2005-05-02   -3.16129606    0.51911716    2
SFER 2005-05-03 2005-06-16    0.12278035    0.11624733   45
SFER 2005-06-17 2005-06-20   -2.93620251    0.44506480    4
SFER 2005-06-21 2005-07-29    0.17668471    0.15842388   35
SFER 2005-07-30 2005-08-02    3.70619141    0.50785858    4
SFER 2005-08-03 2015-02-28    0.25935257    0.01298426 3377
SFER 2015-03-01 2015-03-05    2.22856270    0.27308821    5
SFER 2015-03-06 2015-04-19    0.04691988    0.09713757   44
SFER 2015-04-20 2019-01-30    0.60267918    0.02298868 1102
SFER 2019-01-31 2025-12-30    0.84436938    0.01716602 1977
SHAO 1995-01-25 1997-02-21    0.54788674    0.03009335  516
SHAO 1997-02-22 1997-03-15    1.47629940    0.13482733   20
SHAO 1997-03-16 1997-10-01    0.52982630    0.08491969  169
SHAO 1997-10-02 1997-10-14    3.25683387    0.34152824    7
SHAO 1997-10-15 1998-03-28    0.51604331    0.04438662  156
SHAO 1998-03-29 1999-01-03    1.24366759    0.05394139  253
SHAO 1999-01-04 2000-01-03    0.74255550    0.05181206  172
SHAO 2000-01-04 2000-01-04    3.63713649    0.43675893    1
SHAO 2000-01-05 2000-03-12    0.57339527    0.06555831   54
SHAO 2000-03-13 2000-10-04    1.33728145    0.11388229  119
SHAO 2000-10-05 2000-10-07   -2.91445103    0.52169300    3
SHAO 2000-10-08 2000-10-11    2.89198377    0.45179939    4
SHAO 2000-10-12 2001-12-26    0.81011875    0.03571387  374
SHAO 2001-12-30 2002-01-16    1.54222330    0.11118531   16
SHAO 2002-01-17 2002-04-10    0.43195913    0.06331888   78
SHAO 2002-04-11 2002-05-13    1.79154947    0.18978439   28
SHAO 2002-05-14 2002-12-16    0.79601751    0.08147200  163
SHAO 2002-12-20 2003-01-06   -0.08008521    0.14006711   12
SHAO 2003-01-07 2003-01-23    1.14365565    0.10918973   16
SHAO 2003-01-24 2006-03-14    0.19319845    0.02990199  532
SHAO 2006-03-15 2006-07-12    1.18228555    0.17364076   39
SHAO 2006-07-13 2010-05-12   -0.14665696    0.02284314  968
SHAO 2010-05-13 2010-10-25   -0.84891598    0.09765554  156
SHAO 2010-10-26 2013-01-05   -0.18376182    0.02570039  762
SHAO 2013-01-06 2018-10-04    0.12192320    0.01901298 1400
SHAO 2018-10-05 2018-10-05    5.28578979    0.90359878    1
SHAO 2018-10-06 2019-03-19   -0.01828140    0.04449942  162
SHAO 2020-12-07 2023-09-17    0.54186164    0.03726552  415
SIMO 2001-08-10 2002-01-18    0.01002280    0.08774628   83
SIMO 2002-01-19 2002-02-26   -1.54078097    0.22081952   20
SIMO 2002-02-27 2007-02-22   -0.19665375    0.02942099  728
SIMO 2007-02-23 2007-06-06    0.47867984    0.08553970   98
SIMO 2007-06-07 2007-07-18   -0.15940900    0.10297150   41
SIMO 2007-07-19 2007-07-28   -1.34600555    0.20077617   10
SIMO 2007-07-29 2008-11-13    0.15745674    0.04244969  282
SIMO 2008-11-14 2008-12-30    0.96672168    0.13730716   39
SIO3 1994-01-06 1994-05-21    1.34430205    0.05668956  125
SIO3 1994-05-22 1994-05-25   -1.24100166    0.31934818    4
SIO3 1994-05-30 1995-10-07    0.99730795    0.04059545  390
SIO3 1995-10-08 1995-10-12   -1.92574586    0.34820744    5
SIO3 1995-10-13 1996-07-08    0.80350841    0.04107086  268
SIO3 1996-07-09 1996-07-15   -3.29661371    0.49661607    5
SIO3 1996-07-17 1997-08-08    0.79129513    0.04009718  349
SIO3 1997-08-09 1997-08-16   -2.57459318    0.42022343    8
SIO3 1997-08-18 1997-09-28    1.22280901    0.17488756   39
SIO3 1997-09-30 1997-10-08   -1.11563641    0.26624152    9
SIO3 1997-10-09 1998-11-08    0.50869747    0.04268227  309
SIO3 1998-11-11 1999-01-15    1.27306426    0.08254106   63
SIO3 1999-01-16 1999-04-13    0.62126747    0.06919673   86
SIO3 1999-04-14 1999-04-18    2.88332143    0.27166043    5
SIO3 1999-04-19 1999-11-06    1.15361285    0.06028067  182
SIO3 1999-11-07 2001-01-08    0.38024683    0.03553032  406
SIO3 2001-01-09 2001-05-08   -0.00440313    0.05948974  114
SIO3 2001-05-09 2001-06-15   -0.64236230    0.11169339   38
SIO3 2001-06-16 2001-07-02    2.31443235    0.19842775   17
SIO3 2001-07-06 2001-09-02   -0.08456449    0.15068710   58
SIO3 2001-09-03 2001-09-05   -3.33828708    0.60476286    3
SIO3 2001-09-06 2001-10-27    0.84732831    0.12187726   52
SIO3 2001-10-28 2001-11-13   -0.80883204    0.17136018   17
SIO3 2001-11-14 2003-05-09    0.30983074    0.03138112  493
SIO3 2003-05-10 2003-05-22    1.76469256    0.17714250   13
SIO3 2003-05-23 2005-08-04    0.32807275    0.02646956  780
SIO3 2005-08-05 2005-09-08    2.01962931    0.21592451   28
SIO3 2005-09-09 2007-06-13    0.21350992    0.02928175  576
SIO3 2007-06-14 2007-08-21    1.41469942    0.12588660   64
SIO3 2007-08-22 2012-03-08    0.27603055    0.01865228 1493
SMST 2009-01-31 2009-12-16    0.55363133    0.06019146  209
SMST 2009-12-17 2010-02-07    1.11268537    0.07400312   48
SMST 2010-02-08 2010-12-09    0.42898703    0.06128460  233
SMST 2010-12-11 2010-12-12   -1.48760875    0.36438043    2
SMST 2010-12-14 2011-01-31    1.12995408    0.07640917   43
SMST 2011-02-01 2012-03-06    0.53535097    0.04117103  356
SMST 2012-03-08 2015-12-01   -1.02351114    0.02336192 1254
SMST 2015-12-02 2015-12-02   -4.16636594    0.51531174    1
SMST 2015-12-03 2020-02-14   -0.95910469    0.03668293  341
SMST 2020-02-15 2022-03-16    0.54639987    0.03299470  582
SMST 2022-03-17 2022-03-29   -0.97335297    0.21076521   13
SMST 2022-03-30 2023-07-09    0.46117792    0.04704939  361
SMST 2023-07-10 2023-09-29   -1.08143764    0.15012278   73
SMST 2023-09-30 2025-12-30    0.24186281    0.04487758  353
SOFI 1997-06-10 1997-09-17    0.45966989    0.07441267   97
SOFI 1997-09-18 1997-09-19   -3.23973768    0.44160286    2
SOFI 1997-09-20 1997-11-15    0.13289087    0.06919082   53
SOFI 1997-11-16 1998-02-08   -0.32552164    0.03989484   80
SOFI 1998-02-09 1998-05-29    0.06248333    0.04043441  100
SOFI 1998-05-30 2001-12-06   -0.29392014    0.01645862  874
SOFI 2001-12-07 2002-01-06   -0.84516023    0.07533247   23
SOFI 2002-01-07 2002-02-25   -0.07763776    0.04642498   50
SOFI 2002-02-26 2003-02-22   -0.58983163    0.02532943  316
SOFI 2003-02-23 2005-03-08   -0.36978123    0.01751538  656
SOFI 2005-03-09 2009-06-24   -0.21796243    0.01241434 1348
SOFI 2009-06-25 2014-05-18   -0.58139438    0.01270826 1276
SOFI 2014-05-19 2014-10-03   -1.12901507    0.06010989  136
SOFI 2014-10-04 2014-11-26   -0.17170430    0.06368127   53
SOFI 2014-11-27 2015-03-05   -0.66279138    0.03474644   99
SOFI 2015-03-06 2015-03-10   -1.92825233    0.16051142    5
SOFI 2015-03-11 2016-11-24   -0.71690542    0.01953494  612
SOFI 2016-11-25 2016-11-26    1.50982983    0.29894400    2
SOFI 2016-11-27 2017-11-04   -0.57853398    0.02480479  332
SOFI 2017-11-05 2018-03-25   -0.81097753    0.03029455  139
SOFI 2018-03-26 2020-03-06   -0.53776940    0.01721516  700
SOFI 2020-03-07 2020-04-06   -1.04537836    0.06627572   31
SOFI 2020-04-07 2020-12-30   -0.42256342    0.03465311  246
SOFI 2020-12-31 2021-01-20   -1.22740285    0.07568614   19
SOFI 2021-01-21 2022-12-15   -0.74647180    0.01826777  651
SOFI 2022-12-16 2023-06-28   -0.41073597    0.02888155  194
SOFI 2023-06-29 2023-08-20    0.42149268    0.11064348   48
SOFI 2023-08-21 2025-01-10   -0.45493207    0.02058721  482
SOFI 2025-01-11 2025-01-17   -1.59560549    0.12390698    7
SOFI 2025-01-18 2025-12-30   -0.39010445    0.02871688  261
SOL1 1995-05-05 1995-12-30    0.01193022    0.05733685  183
SOL1 1995-12-31 1996-02-23   -0.47493624    0.07985642   45
SOL1 1996-02-24 1997-12-21    0.23372585    0.02965996  618
SOL1 1997-12-22 1998-01-27   -0.59965439    0.08456070   37
SOL1 1998-01-28 1999-12-12   -0.02837172    0.02936830  617
SOL1 1999-12-13 1999-12-14   -2.62195804    0.36188740    2
SOL1 1999-12-15 2000-04-03   -0.03472560    0.05597363   93
SOL1 2000-04-04 2000-04-04   -4.34378359    0.72917198    1
SOL1 2000-04-08 2000-11-10   -0.77176074    0.06690984  195
SOL1 2000-11-11 2002-05-07   -0.06008387    0.02942669  487
SOL1 2002-05-08 2002-09-30    0.75259183    0.09584122  129
SOL1 2002-10-01 2003-09-28    0.08425538    0.03965917  330
SOL1 2003-09-29 2007-03-19    0.33386508    0.02151452 1009
SOL1 2007-03-20 2007-07-26    0.87547460    0.08694196   97
SOLA 2004-03-07 2004-03-25    0.42723051    0.22831639    7
SOLA 2004-03-26 2004-03-31   -1.15465317    0.27014760    5
SOLA 2004-04-01 2004-06-09    1.46120098    0.08975113   61
SOLA 2004-06-10 2004-07-19    0.85191256    0.09015264   24
SOLA 2004-07-20 2004-07-24    2.72668237    0.25579695    5
SOLA 2004-07-25 2007-05-30    0.71046789    0.06778090   92
SOLA 2007-05-31 2007-06-04   -1.20728981    0.23134117    4
SOLA 2007-06-05 2011-01-04    0.46523598    0.04753612  116
SOLA 2011-01-05 2011-01-07   -1.79766191    0.36515538    3
SOLA 2011-01-08 2011-12-15    0.16527358    0.05485938  110
SOLA 2011-12-16 2011-12-16    3.53776534    0.53943280    1
SOLA 2011-12-17 2012-03-25    0.31883987    0.05742665   96
SOLA 2012-03-26 2012-04-03   -1.11910815    0.22818713    8
SOLA 2012-04-04 2012-04-22    1.14768086    0.19521290   19
SOLA 2012-04-23 2012-07-20    0.04179629    0.05790599   87
SOLA 2012-07-21 2012-07-24   -1.98213283    0.28598968    4
SOLA 2012-07-25 2013-12-30    0.03901464    0.02325607  512
SPT0 2014-01-02 2014-04-24    0.10153319    0.03147475  113
SPT0 2014-04-25 2014-04-27   -1.28504508    0.21642941    3
SPT0 2014-04-28 2014-11-11    0.04042860    0.04020765  193
SPT0 2014-11-12 2014-12-04    0.58730824    0.08296103   23
SPT0 2014-12-05 2014-12-23   -0.23790398    0.07526001   19
SPT0 2014-12-24 2016-08-05    0.17973249    0.01711538  573
SPT0 2016-08-06 2018-05-19    0.82084709    0.01616847  624
SPT0 2018-05-20 2018-05-30    1.87251823    0.13579334   11
SPT0 2018-05-31 2020-10-05    0.84543594    0.01518841  829
SPT0 2020-10-06 2022-01-25    0.36623827    0.01890662  462
SPT0 2022-01-26 2023-02-23    0.22956466    0.02064806  382
SPT0 2023-02-24 2024-11-04    0.41376340    0.01787216  604
SPT0 2024-11-05 2024-11-10    1.52327042    0.17113344    6
SPT0 2024-11-11 2025-12-30    0.41881903    0.02035132  406
SSIA 2000-09-29 2000-11-03   -0.53096642    0.18996340   36
SSIA 2000-11-04 2000-11-08    3.01156084    0.51783305    5
SSIA 2000-11-09 2001-12-03   -0.01438280    0.06119841  322
SSIA 2001-12-07 2001-12-13    2.57670604    0.38890258    7
SSIA 2001-12-14 2012-04-30    0.04143467    0.02468129 1942
SSIA 2012-05-01 2013-02-19   -0.37591443    0.06294736  293
SSIA 2013-02-20 2013-07-30    0.40818196    0.09138156  158
SSIA 2013-07-31 2015-03-27   -0.24342581    0.04554265  565
SSIA 2015-03-28 2020-11-08    0.18646650    0.02887681 1461
SSIA 2020-11-09 2021-01-15   -0.79022846    0.12240632   68
SSIA 2021-01-16 2022-10-22   -0.15044407    0.05001702  496
SSIA 2022-10-23 2024-06-17   -0.74513472    0.05046378  449
SSIA 2024-06-18 2024-06-24    1.97571842    0.45350710    7
SSIA 2024-06-25 2025-12-30   -0.41352316    0.04697323  546
STHL 2011-08-27 2012-07-24   -0.29246492    0.03121013  303
STHL 2012-07-25 2012-08-10   -1.08900314    0.11559026   17
STHL 2012-08-11 2012-12-17    0.03159825    0.04397630  129
STHL 2012-12-18 2015-09-13   -0.31400075    0.01757935  957
STHL 2015-09-15 2015-09-18    1.10653939    0.23328126    4
STHL 2015-09-19 2015-11-11   -0.65491030    0.06893778   50
STHL 2015-11-12 2016-06-16   -0.22175455    0.04042863  215
STHL 2016-06-17 2016-06-19   -2.02568959    0.30676107    3
STHL 2016-06-20 2016-09-13   -0.57115821    0.05279090   82
STHL 2016-09-14 2016-10-01    0.30950781    0.11019499   18
STHL 2016-10-02 2016-10-04   -2.17588097    0.27984776    3
STHL 2016-10-05 2017-11-25   -0.11930144    0.02660456  404
STHL 2017-11-26 2018-02-17    0.42002076    0.07094430   69
STHL 2018-02-18 2018-07-14   -0.45636504    0.04763784  146
STHL 2018-07-15 2018-08-27    0.03035406    0.07189987   44
STHL 2018-08-28 2018-08-30    1.81051507    0.27838475    3
STHL 2018-08-31 2020-03-12   -0.16880208    0.02626128  399
STHL 2020-03-13 2020-07-20   -0.43663723    0.05058713  122
STHL 2020-07-21 2020-08-07   -1.21675503    0.11171238   18
STHL 2020-08-08 2020-10-19    0.10042966    0.05736975   69
STHL 2020-10-20 2021-04-23   -0.36333453    0.04372037  183
STHL 2021-04-24 2023-05-29   -0.59794852    0.01973522  754
STHL 2023-05-30 2023-06-04    0.62703260    0.22092398    6
STHL 2023-06-05 2025-07-12   -0.39344129    0.01949894  763
STHL 2025-07-13 2025-07-13   -3.75009443    0.46893774    1
STHL 2025-07-14 2025-12-30   -0.44297947    0.03858697  168
STJO 1994-01-06 1994-09-02    0.43449170    0.03701620  190
STJO 1994-09-03 1995-09-08    0.16520519    0.03124441  292
STJO 1995-09-10 1996-08-04   -0.11825149    0.02927773  294
STJO 1996-08-05 1997-05-05    0.20652724    0.03108728  243
STJO 1997-05-06 1997-05-08   -2.18564807    0.37655431    2
STJO 1997-05-09 1998-02-27    0.02881535    0.03318676  263
STJO 1998-02-28 1998-03-04   -1.46021267    0.20717979    4
STJO 1998-03-05 1999-01-19    0.09065733    0.03242531  283
STJO 1999-01-20 1999-04-15   -0.30970735    0.04738032   79
STJO 1999-04-16 1999-05-20    0.22475894    0.08894863   33
STJO 1999-05-21 1999-05-28   -1.55607072    0.20127675    7
STJO 1999-05-29 2000-02-29   -0.17677670    0.03364772  253
STJO 2000-03-01 2000-03-30   -0.70954544    0.07853071   29
STJO 2000-03-31 2002-02-02   -0.03218180    0.02189473  605
STJO 2002-02-03 2010-06-29    0.14800233    0.00982287 2743
STJO 2010-06-30 2023-03-02    0.06049777    0.00801393 4210
STJO 2023-03-04 2025-12-29    0.48265374    0.01792414  882
STK2 2014-01-02 2015-04-24    0.03593734    0.01502099  438
STK2 2015-04-25 2015-05-04    1.10024414    0.14917014   10
STK2 2015-05-05 2018-08-29    0.10244910    0.01110247 1063
STK2 2018-08-30 2021-06-05   -0.01686619    0.01121607  910
STK2 2021-06-06 2021-10-16    0.53357777    0.07291485  112
STK2 2021-10-17 2022-04-07   -0.12241855    0.02055084  170
STK2 2022-04-08 2022-07-05    0.31942285    0.06396918   81
STK2 2022-07-06 2022-07-10    2.79044478    0.50079770    3
STK2 2022-07-11 2024-07-13   -0.16261750    0.01381392  676
STK2 2024-07-14 2024-10-11    0.51795156    0.09200759   73
STK2 2024-10-12 2025-04-07   -0.27075757    0.02141696  166
STK2 2025-04-08 2025-12-30   -0.06124428    0.03158475  240
STR1 1998-06-16 1998-10-21    0.28331632    0.05173400   88
STR1 1998-10-23 1999-05-20    2.01069185    0.05529342  162
STR1 1999-05-21 1999-05-25    0.18616377    0.24364753    5
STR1 1999-05-26 1999-06-24    1.66229393    0.20308956    7
STR1 1999-06-25 2000-01-29   -0.09058709    0.04032637  198
STR1 2000-01-30 2002-10-13    0.23384721    0.01883960  931
STR1 2002-10-14 2005-02-23    0.58901801    0.02757525  529
STR1 2005-02-24 2005-02-28    2.96313384    0.39622138    5
STR1 2005-03-01 2005-06-09    0.78285869    0.06102467  100
STR1 2005-06-10 2005-07-08    0.06208598    0.08896354   29
STR1 2005-07-09 2022-12-11    0.70441688    0.01091834 2866
STR1 2022-12-12 2024-05-11    0.28450553    0.02749855  510
STR1 2024-05-12 2024-05-12    3.81008152    0.54481244    1
STR1 2024-05-13 2025-12-27    0.40123544    0.02420888  544
STR2 2000-02-23 2001-05-29    0.07367717    0.03263661  318
STR2 2001-05-30 2002-04-21   -0.30350427    0.03639453  260
STR2 2002-04-22 2002-04-24    2.14583001    0.36940936    3
STR2 2002-04-25 2002-10-03   -0.10573089    0.04172540  142
STR2 2002-10-04 2005-06-09    0.35329636    0.02656068  540
STR2 2005-06-10 2005-07-08   -0.22422231    0.08702467   29
STR2 2005-07-09 2010-01-27    0.40325368    0.01596816 1322
STR2 2010-01-28 2010-02-09   -1.05841201    0.24088473   12
STR2 2010-02-10 2010-02-25    1.68804731    0.24910047   11
STR2 2010-02-26 2012-06-10    0.35999758    0.02167299  733
STR2 2012-06-11 2014-03-06    0.52663959    0.02363869  613
STR2 2014-03-07 2014-03-10   -1.76822642    0.39134289    4
STR2 2014-03-11 2017-02-25    0.62856596    0.01806474 1056
STR2 2017-02-26 2020-12-09    0.35640476    0.01596672 1312
STR2 2020-12-10 2024-05-11    0.17113012    0.01721125 1213
STR2 2024-05-12 2024-05-12    3.55180425    0.53069642    1
STR2 2024-05-13 2025-05-12    0.12293046    0.03106100  358
STR2 2025-05-13 2025-05-24   -0.92950185    0.15319886   12
STR2 2025-05-25 2025-12-29    0.15860853    0.03640149  219
STR2 2025-12-30 2025-12-30   -3.48887187    0.78264476    1
SUNM 1999-01-15 1999-03-24    0.56180661    0.18797209   31
SUNM 1999-03-25 1999-05-26    2.33353287    0.18415869   25
SUNM 1999-05-27 2000-07-30    0.69873360    0.04783804  327
SUNM 2000-08-03 2001-05-16    3.23789265    0.11834989   56
SUNM 2001-07-05 2002-01-18    2.18012235    0.06763975  161
SUNM 2002-01-19 2002-01-25   -0.67817655    0.42049940    6
SUNM 2002-01-26 2002-05-07    1.74871963    0.11877679   86
SUNM 2002-05-08 2002-06-20    2.62881088    0.12875384   40
SUNM 2002-06-28 2003-03-19    1.14789643    0.06657913  167
SUNM 2003-03-20 2003-05-12    3.47660521    0.14301973   53
SUNM 2003-06-04 2005-11-04    1.63991538    0.07991860  104
SUNM 2005-11-05 2005-11-24    0.28886114    0.20682749   19
SUNM 2005-11-25 2006-06-13    1.73860363    0.08066263  164
SUNM 2006-06-15 2007-01-12    0.98797798    0.06776017  147
SUNM 2007-01-13 2008-09-19    1.42944438    0.04011912  489
SUNM 2008-09-20 2008-09-21    4.32210155    0.59634265    2
SUNM 2008-09-22 2010-05-09    1.19138990    0.04468133  407
SUTH 1998-04-16 1998-09-18    0.14686726    0.03590854  118
SUTH 1998-09-20 1998-09-20   -2.78041826    0.42276580    1
SUTH 1998-09-21 1999-07-12   -0.06402089    0.03543375  214
SUTH 1999-07-13 1999-07-26    0.62706844    0.09120377   13
SUTH 1999-07-27 1999-11-28    0.08222374    0.04346125   91
SUTH 1999-11-29 2000-01-25   -0.60723478    0.09327867   56
SUTH 2000-01-26 2000-03-14    0.59835723    0.13464384   37
SUTH 2000-03-15 2000-03-18   -1.67968778    0.37462062    4
SUTH 2000-03-21 2000-04-20    1.84298714    0.18699116    9
SUTH 2000-04-21 2000-04-25   -1.21985800    0.24425650    5
SUTH 2000-04-26 2000-08-23    0.01945339    0.03458925  117
SUTH 2000-08-24 2000-08-24   -2.98602611    0.34447978    1
SUTH 2000-08-26 2001-05-02    0.15132646    0.04151220  182
SUTH 2001-05-03 2001-05-04    2.42215416    0.33127195    2
SUTH 2001-05-05 2002-02-23    0.01139388    0.04143909  143
SUTH 2002-02-28 2002-08-11    0.62032138    0.03371405  160
SUTH 2002-08-12 2002-08-23   -0.13829681    0.09944275   12
SUTH 2002-08-24 2002-12-02    0.63341198    0.04726430   99
SUTH 2002-12-03 2002-12-06   -1.09860169    0.33665642    4
SUTH 2002-12-07 2003-04-20    0.99258305    0.06209925  130
SUTH 2003-04-21 2005-04-10    0.54025281    0.01846174  660
SUTH 2005-04-11 2005-04-14   -1.50154466    0.27308707    4
SUTH 2005-04-15 2006-04-17    0.58068828    0.03014336  291
SUTH 2006-04-18 2007-06-16    0.36453604    0.02318764  412
SUTH 2007-06-17 2007-07-05   -0.23708383    0.08293504   19
SUTH 2007-07-06 2011-12-17    0.27818035    0.01225844 1450
SUTH 2011-12-18 2013-07-03    0.47504410    0.02124641  544
SUTH 2013-07-04 2017-07-06    0.24425071    0.01300447 1290
SUTH 2017-07-07 2021-04-03    0.38228178    0.01336982 1259
SUTH 2021-04-04 2025-12-29    0.21669455    0.01172053 1622
SUTM 2002-03-08 2002-08-11    0.46107359    0.03305382  146
SUTM 2002-08-12 2002-08-23   -0.34492873    0.09490934   12
SUTM 2002-08-26 2002-12-02    0.33781740    0.04681656   88
SUTM 2002-12-03 2002-12-06   -1.30508376    0.32089881    4
SUTM 2002-12-07 2003-04-20    0.81999224    0.06599664  111
SUTM 2003-04-21 2003-12-24    0.35773651    0.02626225  236
SUTM 2003-12-25 2005-04-10    0.62619216    0.02383268  380
SUTM 2005-04-11 2005-04-14   -1.36135389    0.26524359    4
SUTM 2005-04-15 2006-04-17    0.72215775    0.02603721  320
SUTM 2006-04-18 2009-10-23    0.42476933    0.01254174 1219
SUTM 2009-10-24 2009-11-20   -0.17645093    0.09266476   28
SUTM 2009-11-21 2011-04-09    0.50318259    0.02220590  482
SUTM 2011-04-10 2011-04-19   -0.62922719    0.16775478   10
SUTM 2011-04-20 2012-05-04    0.45727070    0.02344257  366
SUTM 2012-05-05 2012-07-17    0.84750516    0.04366838   71
SUTM 2012-07-18 2013-05-22    0.51210149    0.02806669  288
SUTM 2013-05-23 2013-05-23    3.27978897    0.43707054    1
SUTM 2013-05-24 2013-07-09    0.62209709    0.05222635   47
SUTM 2013-07-10 2015-04-09    0.34960205    0.01835528  616
SUTM 2015-04-10 2015-04-12    2.24746519    0.30627692    3
SUTM 2015-04-13 2015-08-19    0.59901774    0.03482162  113
SUTM 2015-08-20 2016-08-16    0.39827128    0.02412620  345
SUTM 2016-08-17 2016-08-18   -1.09034533    0.23247946    2
SUTM 2016-08-19 2018-07-31    0.44981925    0.01741021  682
SUTM 2018-08-01 2018-08-06   -0.35983187    0.13422208    6
SUTM 2018-08-07 2021-07-10    0.50596771    0.01420282 1022
SUTM 2021-07-11 2021-11-17    0.29298093    0.03323064  130
SUTM 2021-11-18 2021-11-28   -0.79773627    0.15057241   11
SUTM 2021-11-29 2025-12-25    0.25763736    0.01184295 1446
SUTM 2025-12-26 2025-12-29   -1.31946014    0.32089881    4
SUTV 2009-12-13 2011-12-17    0.27483140    0.01796983  618
SUTV 2011-12-18 2012-07-04    0.47278287    0.03692648  193
SUTV 2012-07-05 2012-07-14    1.01386164    0.09856344   10
SUTV 2012-07-15 2013-07-03    0.36573285    0.02458260  349
SUTV 2013-07-04 2015-04-09    0.08717746    0.01856626  605
SUTV 2015-04-10 2015-04-12    2.08428332    0.28504452    3
SUTV 2015-04-13 2016-08-16    0.21962665    0.01995398  455
SUTV 2016-08-17 2016-08-18   -1.44396799    0.24035338    2
SUTV 2016-08-19 2017-10-29    0.24590184    0.02158544  417
SUWN 1997-12-01 1999-02-24   -0.07703280    0.02122669  396
SUWN 1999-02-25 2000-05-20    0.20758532    0.03019999  328
SUWN 2000-05-21 2000-10-26    0.95272650    0.10403170   81
SUWN 2000-11-05 2001-06-04    0.03237997    0.02918060  182
SUWN 2001-06-06 2001-10-03    0.81994301    0.10420176   88
SUWN 2001-10-04 2003-03-30   -0.23758480    0.02006503  459
SUWN 2003-03-31 2003-04-03    1.48783934    0.27814643    4
SUWN 2003-04-04 2003-12-04    0.04383258    0.04660696  218
SUWN 2003-12-05 2004-04-28   -0.39961726    0.02993098  143
SUWN 2004-04-29 2004-08-09   -1.10530987    0.09585081   87
SUWN 2004-08-11 2009-07-20   -0.27283497    0.01236371 1494
SUWN 2009-07-21 2009-08-21   -1.90019154    0.20064470   28
SUWN 2009-08-22 2010-05-28   -0.48676633    0.02630855  271
SUWN 2010-05-29 2010-09-09   -1.21584513    0.11278345   75
SUWN 2010-09-10 2011-03-20   -0.35462412    0.02917905  179
SUWN 2011-03-21 2011-11-09    0.03326370    0.05021495  217
SUWN 2011-11-10 2012-02-20   -0.47893250    0.03261810   99
SUWN 2012-02-21 2013-02-23   -0.23958907    0.02563973  344
SUWN 2013-02-24 2014-06-17   -0.05480120    0.02443762  416
SUWN 2014-06-18 2016-02-12   -0.52375624    0.02001195  491
SUWN 2016-02-13 2016-02-13   -2.74851279    0.34320031    1
SUWN 2016-02-14 2016-07-30   -0.30044757    0.04741756  152
SUWN 2016-07-31 2017-04-23   -0.75314136    0.02777608  239
SUWN 2017-04-24 2017-06-29   -1.84870945    0.10996000   52
SUWN 2017-06-30 2018-02-07   -0.46724247    0.03432512  186
SUWN 2018-02-08 2018-12-01   -0.94591210    0.04202936  147
SUWN 2018-12-02 2019-12-10   -1.20711922    0.02537616  345
SUWN 2020-01-15 2021-02-23   -0.35664832    0.03176276  221
SUWN 2021-02-24 2021-10-13    0.00766752    0.04700683  216
SUWN 2021-10-14 2025-12-30   -0.45269475    0.01346368 1266
SVTL 2004-12-03 2005-10-11    0.07406887    0.02246767  285
SVTL 2005-10-12 2005-10-14    2.10512719    0.27956936    3
SVTL 2005-10-15 2008-04-26    0.19175542    0.01234239  886
SVTL 2008-04-27 2008-05-05   -0.93932808    0.15219447    9
SVTL 2008-05-06 2008-12-13    0.24625861    0.03678879  201
SVTL 2008-12-14 2008-12-15    2.28336605    0.23207174    2
SVTL 2008-12-16 2009-03-04    0.54001941    0.03254048   78
SVTL 2009-03-05 2009-03-08    1.35201508    0.13200664    4
SVTL 2009-03-09 2010-04-06    0.47099310    0.01989196  350
SVTL 2010-04-07 2010-04-10    1.73905008    0.19522184    4
SVTL 2010-04-11 2010-05-10    0.68386662    0.07783568   30
SVTL 2010-05-11 2010-05-22   -0.86541514    0.17183624   10
SVTL 2010-05-23 2011-04-23    0.45609180    0.02140102  306
SVTL 2011-04-24 2011-04-26   -1.03967238    0.22542277    3
SVTL 2011-04-27 2011-10-23    0.18528173    0.04698708  165
SVTL 2011-10-24 2011-11-14    1.01227337    0.08606065   22
SVTL 2011-11-15 2012-03-02    0.32812038    0.02950989  105
SVTL 2012-03-03 2012-04-26    0.70840341    0.04175799   53
SVTL 2012-04-27 2013-02-12    0.39134674    0.02552517  275
SVTL 2013-02-13 2013-02-15    1.62895857    0.16226645    3
SVTL 2013-02-16 2013-05-25    0.53027623    0.03443330   92
SVTL 2013-05-26 2013-06-02   -0.72546287    0.19987581    8
SVTL 2013-06-03 2022-11-28    0.24812780    0.03491720  197
SVTL 2022-11-29 2022-12-03    1.12783018    0.15381783    5
SVTL 2022-12-04 2023-05-09    0.13316299    0.02448965  155
SVTL 2023-05-10 2023-05-17   -1.00376986    0.19211875    8
SVTL 2023-05-18 2024-10-10    0.22523323    0.01951784  485
SVTL 2024-10-11 2025-04-19   -0.02094688    0.02307689  188
SVTL 2025-04-20 2025-12-30    0.22083816    0.03116613  240
SYDN 2004-05-07 2008-08-29   -0.37825271    0.01771648 1496
SYDN 2008-08-30 2008-09-03    1.01941201    0.24610147    5
SYDN 2008-09-04 2012-09-26   -0.23577252    0.01853313 1391
SYDN 2012-09-27 2012-09-30    1.20702733    0.28846018    4
SYDN 2012-10-01 2014-08-14   -0.41728444    0.02735893  670
SYDN 2014-08-15 2014-08-26   -1.56819032    0.14909592   12
SYDN 2014-08-27 2015-04-28   -0.29727064    0.04992933  235
SYDN 2015-04-29 2015-04-30   -3.00067235    0.53982498    2
SYDN 2015-05-01 2015-09-11    0.07569769    0.05067310  134
SYDN 2015-09-12 2016-05-16   -0.66469819    0.05455642  211
SYDN 2016-05-18 2017-02-23   -0.16380853    0.04175963  257
SYDN 2017-02-24 2020-12-11   -0.52032686    0.01869070 1338
SYDN 2020-12-12 2025-12-30   -0.83099387    0.01849465 1426
SYOG 1995-07-24 1996-03-21    0.92846149    0.02177773  110
SYOG 1996-03-22 1997-02-22    0.71106179    0.01344142  266
SYOG 1997-02-26 1999-07-20    0.93625491    0.00849715  660
SYOG 1999-07-21 1999-10-27    0.70011714    0.02175180   79
SYOG 1999-10-28 2000-08-13    1.46005506    0.01477457  237
SYOG 2000-08-14 2000-12-30    1.77797406    0.01809654  138
SYOG 2000-12-31 2001-02-02    2.95371566    0.05285521   31
SYOG 2001-02-23 2001-11-23    1.60148452    0.01318920  250
SYOG 2001-11-26 2001-12-09    2.80809401    0.06952785   14
SYOG 2001-12-10 2001-12-19    3.79685493    0.09380159   10
SYOG 2002-01-13 2002-03-01    1.98288417    0.05577844   24
SYOG 2002-03-02 2002-03-19    1.10525271    0.05906060   18
SYOG 2002-03-20 2003-05-11    1.71939682    0.01100672  412
SYOG 2003-05-12 2003-10-31    1.45038495    0.01557286  167
SYOG 2003-11-01 2004-04-05    1.76478408    0.02098743  152
SYOG 2004-04-06 2004-10-30    1.40273014    0.01432294  203
SYOG 2004-10-31 2005-07-12    1.59796754    0.01517727  251
SYOG 2005-07-13 2005-10-06    1.25363028    0.02143394   80
SYOG 2005-10-07 2006-06-25    1.66877621    0.01471841  262
SYOG 2006-06-26 2007-01-19    1.10892148    0.01536199  193
SYOG 2007-01-20 2007-10-30    0.61593362    0.01285760  278
SYOG 2007-10-31 2009-06-23    0.75463834    0.00944443  593
SYOG 2009-06-24 2009-10-19    0.28564368    0.01806546  117
SYOG 2009-10-20 2012-03-31    0.67142455    0.00772984  865
SYOG 2012-04-01 2012-09-20    0.94962617    0.01571921  171
SYOG 2012-09-21 2014-01-08    0.70316039    0.01046077  452
SYOG 2014-01-09 2020-07-25    0.14034662    0.00498160 1989
SYOG 2020-07-26 2021-12-08    0.24804229    0.00997877  473
SYOG 2021-12-09 2024-10-26    0.12306984    0.00704603 1000
SYOG 2024-10-27 2025-12-30   -0.06300241    0.01192531  334
TABL 1995-10-21 1995-11-01   -0.70936395    0.09903367   12
TABL 1995-11-02 1996-02-18   -0.02333912    0.03268619  100
TABL 1996-02-19 1996-03-08   -0.52365265    0.07183996   19
TABL 1996-03-09 1996-03-18   -1.26582957    0.11071936    8
TABL 1996-03-19 1996-12-18   -0.33903154    0.02417053  244
TABL 1996-12-19 1997-05-09    0.01495639    0.02739537  137
TABL 1997-05-10 1997-05-20   -0.94801698    0.11885066   10
TABL 1997-05-21 1999-05-26   -0.21360890    0.01375947  701
TABL 1999-05-27 1999-05-28   -2.24935944    0.26575815    2
TABL 1999-05-29 2000-08-23   -0.20358379    0.01862383  416
TABL 2000-08-25 2000-08-30   -1.98993345    0.24221155    6
TABL 2000-08-31 2000-10-01    0.07212784    0.09022878   25
TABL 2000-10-02 2000-10-05   -1.63455568    0.19891605    3
TABL 2000-10-06 2001-05-22   -0.19442148    0.02173294  227
TABL 2001-05-23 2001-05-23   -3.31080731    0.37583877    1
TABL 2001-05-24 2002-09-06   -0.14296290    0.01853325  435
TABL 2002-09-07 2004-05-25    0.07621336    0.01431487  599
TABL 2004-05-26 2004-11-27   -0.19036104    0.03227576  175
TABL 2004-11-28 2005-05-11    0.14559630    0.02588455  155
TABL 2005-05-12 2005-05-16    1.35642360    0.16808021    5
TABL 2005-05-17 2006-01-25   -0.13247075    0.02480302  246
TABL 2006-01-26 2012-02-11    0.08759683    0.00789568 2113
TABL 2012-02-12 2013-11-11   -0.04719183    0.01507474  593
TABL 2013-11-12 2013-11-18    0.68636372    0.12398868    7
TABL 2013-11-19 2014-07-09   -0.37601788    0.02298356  221
TABL 2014-07-10 2016-12-13   -0.56905652    0.01312464  783
TABL 2016-12-14 2021-08-22   -0.34441862    0.00951147 1479
TABL 2021-08-23 2023-07-18   -0.17477955    0.01542387  564
TABL 2023-07-19 2023-11-09   -0.43929504    0.04235079  102
TABL 2023-11-10 2025-12-30    0.02076813    0.03973462   69
TABV 2009-12-14 2010-01-28   -0.10690152    0.04600057   46
TABV 2010-01-29 2010-09-03    0.14459036    0.02367026  195
TABV 2010-09-04 2011-01-09   -0.19330966    0.02828423  128
TABV 2011-01-10 2011-10-18    0.11779657    0.02072219  270
TABV 2011-10-19 2013-11-11   -0.10354323    0.01244028  668
TABV 2013-11-12 2013-11-18    0.53909543    0.10632432    7
TABV 2014-01-09 2014-07-27   -0.34798164    0.02613708  161
TABV 2014-07-29 2014-08-04    0.65431224    0.20954115    6
TABV 2014-08-05 2015-06-19   -0.53700002    0.01807317  306
TABV 2015-06-27 2015-06-27    2.12199776    0.42200378    1
TABV 2015-06-28 2015-10-04   -0.29024359    0.06136691   59
TABV 2015-10-05 2015-10-12   -1.08908637    0.11053375    8
TABV 2015-10-13 2015-10-14    0.86267211    0.22106751    2
TABV 2015-10-31 2017-01-13   -0.44608594    0.01578338  422
TABV 2017-01-14 2017-01-15   -1.84018625    0.22109102    2
TABV 2017-01-16 2019-02-01   -0.22325422    0.01237262  708
TABV 2019-02-02 2019-02-05    0.67749911    0.14844255    4
TABV 2019-02-06 2020-04-26   -0.27605750    0.01583222  390
TABV 2020-04-27 2020-06-02    0.12514508    0.05610416   34
TABV 2020-06-03 2024-11-14   -0.16933532    0.00850284 1542
TAH1 2000-08-26 2001-04-22   -0.76860857    0.08848908  220
TAH1 2001-04-23 2001-04-23   -7.19545403    1.43713855    1
TAH1 2001-04-25 2002-05-29   -0.05569949    0.07119528  362
TAH1 2002-05-30 2003-09-01    0.38604776    0.06291699  454
TAH1 2003-09-02 2003-09-24   -1.48799209    0.26719151   23
TAH1 2003-09-25 2003-11-02    0.81794055    0.21332336   39
TAH1 2003-11-03 2003-11-06    4.26737455    0.65628686    4
TAH1 2003-11-07 2006-04-13   -0.20020240    0.04496415  880
TAH1 2006-04-14 2012-10-31    0.35983278    0.02860188 2202
TAH1 2012-11-01 2013-02-22    1.59231813    0.19074631   45
TAH1 2013-02-23 2013-12-02    0.08603029    0.08089092  280
TAH1 2013-12-03 2013-12-16    1.78389253    0.35488491   14
TASH 2002-03-07 2002-11-03    1.81757144    0.14025569   31
TASH 2002-11-04 2003-06-22    0.77895671    0.05890007   97
TASH 2003-06-23 2003-09-11    2.37456543    0.11538804   77
TASH 2003-09-12 2004-06-14    0.57979858    0.04855479  186
TASH 2004-06-15 2004-09-28    1.72923899    0.09364835  105
TASH 2004-09-29 2004-10-02    4.29519453    0.37464203    4
TASH 2004-10-03 2005-04-18    0.71942041    0.04089097  173
TASH 2005-04-19 2005-05-07    3.34911473    0.20737297   15
TASH 2005-05-08 2005-10-09    1.30270452    0.08078357  137
TASH 2005-10-10 2005-11-18    0.47742828    0.10351818   40
TASH 2005-11-19 2005-11-21   -3.24922704    0.34338381    3
TASH 2005-11-22 2006-06-15    0.62975198    0.04182346  195
TASH 2006-06-16 2006-09-01    2.42753125    0.12211253   75
TASH 2006-09-02 2007-06-15    1.13657720    0.03868905  246
TASH 2007-06-19 2007-09-10    2.63969308    0.13759026   59
TASH 2007-09-12 2008-04-23    1.12843070    0.03925576  205
TASH 2008-04-24 2008-08-07    2.04438416    0.10198671   97
TASH 2008-08-08 2009-12-13    0.82879824    0.03019361  474
TASH 2009-12-14 2009-12-15   -1.75897067    0.31985883    2
TASH 2009-12-16 2011-01-05    0.71071058    0.03618858  241
TASH 2011-01-06 2011-01-15    1.70005648    0.13806137   10
TASH 2011-01-16 2011-04-21    0.31112863    0.05738710   95
TASH 2011-04-22 2011-08-24    1.21874673    0.09765664  102
TASH 2011-08-25 2012-04-13    0.33128291    0.03853175  217
TASH 2012-04-14 2012-04-21    2.92804360    0.27019891    8
TASH 2012-04-24 2017-10-24    0.37267290    0.01521385 1885
TASH 2017-10-25 2017-11-05    1.94473840    0.20507197   10
TASH 2017-11-06 2021-05-14    0.61214870    0.02080506  933
TASH 2021-05-15 2021-09-01   -0.22241656    0.10054807  107
TASH 2021-09-02 2025-12-30    0.66778062    0.01659820 1505
TCMS 2002-09-08 2003-01-20   -1.11602229    0.12462288   95
TCMS 2003-01-21 2003-02-10    0.76584215    0.24088857   17
TCMS 2003-02-11 2004-02-10   -0.51731216    0.07246319  333
TCMS 2004-02-11 2004-02-11    5.46009298    1.01903831    1
TCMS 2004-02-12 2004-07-03    0.04697159    0.12145590  119
TCMS 2004-07-04 2004-09-25   -1.65055322    0.17785112   84
TCMS 2004-09-26 2005-08-18   -0.62121126    0.07594003  287
TCMS 2005-08-20 2005-08-24   -4.87049800    0.72499192    5
TCMS 2005-08-25 2005-10-19    0.14643078    0.21405481   53
TCMS 2005-10-20 2005-10-31   -2.53776945    0.53711344    7
TCMS 2005-11-01 2005-11-06    3.43526390    0.61445378    5
TCMS 2005-11-07 2006-06-10   -0.61179622    0.09060186  171
TCMS 2006-06-11 2006-06-11    7.52224157    1.56050057    1
TCMS 2006-06-12 2007-01-15   -1.13247381    0.10371583  180
TCMS 2007-01-16 2007-01-16   -5.73888730    0.95949847    1
TCMS 2007-01-17 2007-02-25    0.14059180    0.16829605   35
TCMS 2007-02-26 2008-08-22   -1.03652036    0.06587610  404
TCMS 2008-08-24 2008-09-05   -3.49312413    0.45283935   13
TCMS 2008-09-07 2012-01-18   -0.56241888    0.04754845  751
TCMS 2012-01-19 2013-01-09   -1.56224686    0.14114022   63
TCMS 2013-01-10 2013-02-25    0.10913265    0.17334411   32
TCMS 2013-02-26 2013-06-17   -1.42983231    0.14919061   87
TCMS 2013-06-18 2013-12-05   -0.00992636    0.12497263  144
TCMS 2013-12-06 2013-12-30   -1.56456528    0.23697232   24
TEHN 2017-01-30 2017-05-14   -1.53940359    0.07357672   64
TEHN 2017-05-17 2017-07-14   -0.17109625    0.12424718   41
TEHN 2017-07-15 2017-08-26    0.82174941    0.12797052   35
TEHN 2017-08-27 2017-11-13   -0.69418956    0.08669877   57
TEHN 2017-11-16 2017-12-28    0.31553720    0.08791152   30
TEHN 2017-12-29 2018-01-26   -0.71793402    0.08766392   23
TEHN 2018-02-01 2018-02-15   -1.90594319    0.18048214    8
TEHN 2018-02-16 2018-07-24   -0.97954431    0.06755558   96
TEHN 2018-07-26 2018-08-01    1.74876194    0.40679554    4
TEHN 2018-08-02 2018-12-02   -0.35380900    0.09808451   44
TEHN 2018-12-03 2018-12-05    1.42297719    0.26210109    3
TEHN 2018-12-06 2018-12-17    0.04986190    0.14355868   10
TEHN 2018-12-18 2018-12-21   -1.34374057    0.22698620    4
TEHN 2019-08-27 2019-10-19    0.10318408    0.10543232   40
TEHN 2019-10-20 2019-10-23   -1.45209781    0.37612298    3
TEHN 2019-11-06 2019-11-12    1.51647828    0.23708210    7
TEHN 2019-11-23 2021-03-10   -0.65693320    0.03903553  198
TEHN 2021-03-11 2021-03-13   -2.26849457    0.28161872    3
TEHN 2021-03-28 2021-06-28   -0.60920868    0.09454138   69
TEHN 2021-06-29 2021-12-05   -1.21798431    0.10334970   44
TEHN 2021-12-06 2021-12-25    0.65898035    0.13105054   12
TEHN 2021-12-26 2022-01-21   -0.25471927    0.08484864   25
TEHN 2022-01-22 2022-03-11   -1.08749813    0.07818520   37
TEHN 2022-03-12 2022-03-25    0.29411539    0.34491108    2
THTG 2017-01-30 2017-11-17    1.06090235    0.06878123  274
THTG 2017-11-18 2017-11-20   -4.18352475    0.71133180    3
THTG 2017-11-21 2017-12-26    1.16966132    0.19655818   36
THTG 2017-12-27 2018-05-20    2.63788039    0.09904900  138
THTG 2018-05-21 2019-08-03    1.67232647    0.05530481  436
THTG 2019-08-04 2019-08-06   -1.79309025    0.58540539    3
THTG 2019-08-07 2021-05-13    2.29493116    0.04504019  644
THTG 2021-05-14 2021-05-15   -2.13192184    0.88629216    2
THTG 2021-05-16 2024-01-20    1.72613044    0.03701551  958
THTG 2024-01-21 2024-11-03    1.04266314    0.06719370  287
THTG 2024-11-04 2025-03-10    1.85186401    0.10473844  126
THTG 2025-03-11 2025-04-01    0.13620787    0.22872612   22
THTG 2025-04-02 2025-12-30    1.73954652    0.06977367  272
THTI 1998-11-23 2000-07-20   -0.86813148    0.06784806  371
THTI 2000-07-21 2000-08-25    0.59046112    0.20686928   36
THTI 2000-08-26 2001-04-22   -0.84956470    0.09345828  189
THTI 2001-04-23 2001-04-23   -6.99556833    1.35727657    1
THTI 2001-04-25 2003-09-01    0.33562019    0.04602308  800
THTI 2003-09-02 2003-09-24   -1.42602044    0.25138674   23
THTI 2003-09-25 2003-11-02    0.89454342    0.20360262   39
THTI 2003-11-03 2003-11-06    4.32316955    0.67909969    4
THTI 2003-11-07 2006-04-13   -0.17310827    0.04475951  844
THTI 2006-04-14 2009-02-19    0.50117648    0.04402200  862
THTI 2009-02-20 2009-02-25    3.39590306    0.50315359    6
THTI 2009-02-26 2010-10-09    0.74161441    0.05575723  541
THTI 2010-10-10 2012-03-05    0.14400850    0.05765169  507
THTI 2012-03-06 2014-12-10    0.57238685    0.04134160  987
THTI 2014-12-11 2015-02-14    1.46170961    0.15868044   66
THTI 2015-02-15 2016-03-11    0.28215197    0.06703177  373
THTI 2016-03-12 2016-06-15    1.75901214    0.13981090   95
THTI 2016-06-16 2016-06-18   -3.95844801    0.77726828    3
THTI 2016-06-19 2017-11-17    1.10183153    0.05765429  500
THTI 2017-11-18 2017-11-20   -4.11200796    0.78415678    3
THTI 2017-11-21 2018-02-13    1.78012226    0.14105682   85
THTI 2018-02-14 2018-05-20    3.14017535    0.13531828   96
THTI 2018-05-21 2019-08-03    1.71677859    0.06218442  440
THTI 2019-08-04 2019-08-06   -1.84199997    0.70316311    3
THTI 2019-08-07 2021-07-28    2.28696623    0.04855360  716
THTI 2021-07-29 2021-09-25    0.97615422    0.16113689   57
THTI 2021-09-26 2024-01-20    1.86082791    0.04609082  793
THTI 2024-01-21 2025-07-06    1.34588725    0.07802004  277
THU1 1995-05-04 1995-12-24   -0.07822474    0.02644353  177
THU1 1995-12-26 1996-02-18   -0.44678244    0.02771113   52
THU1 1996-02-19 1996-08-18   -0.11981129    0.02088815  176
THU1 1996-08-19 1997-06-04   -0.31961211    0.01777248  224
THU1 1997-06-05 1997-06-18   -1.19901130    0.11487393   14
THU1 1997-06-19 1997-12-22   -0.43600917    0.03232012  124
THU1 1997-12-23 1997-12-27    0.27965144    0.11005138    5
THU1 1997-12-28 1998-01-10   -0.95265078    0.06383823   11
THU1 1998-01-11 1998-03-24   -0.27181739    0.02461962   62
THU1 1998-03-25 1998-04-10   -1.22495188    0.06706290   10
THU1 1998-04-16 1998-04-27   -0.15539386    0.07500104   12
THU1 1998-04-28 1998-05-04   -0.79350191    0.09499178    7
THU1 1998-05-05 1998-05-08    0.32577262    0.12273931    4
THU1 1998-05-09 1998-06-06   -0.62018262    0.05015298   28
THU1 1998-06-07 1998-06-09   -2.41567561    0.24815605    3
THU1 1998-06-10 1999-01-04   -0.21984063    0.02461610  202
THU1 1999-01-06 1999-08-16   -0.47871712    0.01866221  187
THU1 1999-08-17 2000-03-24   -0.25749891    0.01779488  202
THU1 2000-04-01 2000-04-02   -1.86683607    0.18371429    2
THU1 2000-04-03 2000-11-08   -0.36281938    0.02403560  204
THU1 2000-11-09 2002-02-19   -0.06894443    0.01579768  207
THU1 2002-02-24 2002-02-25    1.65676131    0.13184756    2
THU1 2002-02-26 2002-03-16    0.53998447    0.05419767   13
THU1 2002-03-19 2002-03-27   -0.37659892    0.07497299    7
THU1 2002-03-28 2002-04-05    0.96137729    0.08156341    8
THU1 2002-04-14 2002-10-12   -0.07583875    0.04454185   73
THU1 2002-10-13 2002-10-13    1.72832193    0.34247896    1
THU1 2002-10-14 2002-11-17   -0.89415729    0.07437225   19
THU1 2002-11-19 2003-01-07   -0.22018075    0.04867958   26
THU1 2003-01-08 2003-01-12   -1.07991896    0.10105677    4
THU2 1998-11-20 2000-03-31    0.26430984    0.01058921  378
THU2 2000-04-01 2000-04-02   -1.03772646    0.13246020    2
THU2 2000-04-03 2004-04-20    0.20846480    0.00670028 1063
THU2 2004-04-21 2004-04-29   -0.29402375    0.06244234    9
THU2 2004-04-30 2005-12-08    0.26331436    0.01122868  497
THU2 2005-12-09 2006-01-04   -0.07609355    0.03622302   26
THU2 2006-01-05 2006-02-24    0.37383097    0.02404389   51
THU2 2006-02-25 2007-07-15    0.12403090    0.01023376  474
THU2 2007-07-16 2007-09-03   -0.35655387    0.06549023   43
THU2 2007-09-04 2009-07-15    0.21648549    0.00849911  653
THU2 2009-07-16 2009-09-04   -0.38355184    0.06508921   43
THU2 2009-09-05 2010-02-01    0.16650184    0.01754175  148
THU2 2010-02-02 2010-02-06   -0.60606766    0.07676633    5
THU2 2010-02-07 2011-02-09    0.06345320    0.01184541  345
THU2 2011-02-10 2011-02-14   -0.61309994    0.07676633    5
THU2 2011-02-15 2012-11-13    0.17149844    0.00946779  593
THU2 2012-11-14 2012-12-06   -0.18280975    0.04139531   23
THU2 2012-12-07 2017-01-16    0.12027462    0.00595817 1281
THU2 2017-01-17 2017-03-17    0.30833715    0.02155616   60
THU2 2017-03-18 2020-01-02    0.06852814    0.00779423  904
THU2 2020-01-03 2020-03-23   -0.12704730    0.01900158   77
THU2 2020-03-24 2021-03-20    0.11336226    0.01201375  342
THU2 2021-03-21 2021-04-20   -0.24176714    0.03133330   31
THU2 2021-04-21 2022-12-02    0.09630436    0.01025685  561
THU2 2022-12-03 2022-12-20    0.40694401    0.04544782   17
THU2 2022-12-21 2024-09-16    0.02366587    0.00897866  606
THU2 2024-09-17 2024-10-11    0.74054364    0.06569230   24
THU2 2024-10-13 2025-01-09    0.01741912    0.02180896   88
THU2 2025-01-10 2025-03-13   -0.25653802    0.02119411   63
THU2 2025-03-14 2025-12-30    0.22249323    0.01481831  271
THU3 2001-09-02 2004-04-23    0.22509886    0.00696194  905
THU3 2004-04-24 2004-04-29   -0.34767325    0.06991031    6
THU3 2004-04-30 2004-12-14    0.42303859    0.01972776  207
THU3 2004-12-15 2005-03-11    0.25508732    0.01846229   87
THU3 2005-03-12 2005-03-13   -0.61540057    0.11060708    2
THU3 2005-03-14 2006-02-24    0.34632783    0.01222164  324
THU3 2006-02-25 2007-07-15    0.14544146    0.00988564  476
THU3 2007-07-16 2007-09-03   -0.31017272    0.06232261   44
THU3 2007-09-04 2009-07-15    0.26478693    0.00848913  638
THU3 2009-07-16 2009-09-04   -0.30102911    0.06091613   45
THU3 2009-09-05 2010-02-01    0.24202758    0.01732728  146
THU3 2010-02-02 2010-02-06   -0.52635535    0.07657494    5
THU3 2010-02-07 2010-03-21    0.13788166    0.02493273   43
THU3 2010-03-22 2010-04-04   -0.19365363    0.04283124   14
THU3 2010-04-05 2011-01-03    0.20239571    0.01551746  261
THU3 2011-01-04 2011-01-14   -0.24387953    0.05188613   11
THU3 2011-01-15 2011-02-09    0.17121275    0.03369033   26
THU3 2011-02-10 2011-02-14   -0.57559734    0.07657494    5
THU3 2011-02-15 2014-01-09    0.20889818    0.00688315 1010
THU3 2014-01-10 2014-01-14    0.63953239    0.07695957    5
THU3 2014-01-15 2014-03-01    0.03236494    0.02523812   46
THU3 2014-03-02 2014-03-11   -0.28815232    0.04946499   10
THU3 2014-03-12 2014-12-26    0.19330593    0.01443243  279
THU3 2014-12-27 2015-03-17    0.02434095    0.01888228   80
THU3 2015-03-18 2015-03-19   -0.80722696    0.11060708    2
THU3 2015-03-20 2017-11-23    0.15517807    0.00736555  934
THU3 2017-11-24 2017-11-27   -0.55751271    0.10123265    4
THU3 2017-11-28 2017-12-10    0.44743963    0.05292989   13
THU3 2017-12-11 2019-01-04    0.04069148    0.01153546  358
THU3 2019-01-05 2019-01-24    0.30583737    0.03847978   20
TID1 1998-01-02 1998-03-01    1.03268688    0.14930493   41
TID1 1998-03-02 1999-05-20    0.25339368    0.03193016  387
TID1 1999-05-21 1999-05-24   -2.13675792    0.28972773    4
TID1 1999-05-25 1999-09-07    0.14338912    0.05588928   83
TID1 1999-09-10 2000-04-03   -0.55542517    0.13728773   18
TID1 2000-04-04 2002-04-21    0.45318078    0.02313606  729
TID1 2002-04-22 2002-04-22    3.84876078    0.64033970    1
TID1 2002-04-23 2009-06-17    0.67807697    0.01261856 2436
TID1 2009-06-18 2009-07-23    0.09081468    0.08254339   36
TID1 2009-07-24 2009-08-03    1.19563954    0.14734643   11
TID1 2009-08-04 2013-06-23    0.31161699    0.01724809 1331
TID1 2013-06-24 2013-06-26    2.36958246    0.29832825    3
TID1 2013-06-27 2014-09-23    0.30872454    0.02825419  440
TID1 2014-09-24 2016-04-27    0.55273759    0.02859990  517
TID1 2016-04-28 2019-07-06    0.84384646    0.01831443 1142
TID1 2019-07-07 2019-08-01    1.37446018    0.09509140   26
TID1 2019-08-02 2023-11-01    0.73564594    0.01610192 1485
TID1 2023-11-02 2025-12-30    0.50728102    0.02357872  695
TIDB 1996-06-28 1998-02-28    0.58061613    0.02869627  496
TIDB 1998-03-03 1999-05-20    0.22735563    0.03209351  396
TIDB 1999-05-21 1999-05-24   -2.16281870    0.28900936    4
TIDB 1999-05-25 2000-07-06   -0.03761222    0.05605096   83
TIDB 2000-07-07 2002-04-21    0.43134909    0.02611823  614
TIDB 2002-04-22 2002-04-22    3.91205380    0.64037023    1
TIDB 2002-04-23 2009-06-17    0.68173057    0.01282207 2420
TIDB 2009-06-18 2009-07-23    0.22998933    0.08587042   34
TIDB 2009-07-24 2009-08-05    1.39330491    0.13759409   13
TIDB 2009-08-06 2016-02-05    0.57070512    0.01348249 2238
TIDB 2016-02-06 2019-07-06    0.88408489    0.01831102 1207
TIDB 2019-07-07 2019-08-01    1.40510748    0.09520964   26
TIDB 2019-08-02 2023-10-14    0.77530820    0.01633826 1496
TIDB 2023-10-15 2025-12-30    0.58372148    0.02280541  799
TITZ 2001-10-26 2003-03-08    0.18572546    0.02377060  378
TITZ 2003-03-09 2007-04-13    0.33100186    0.01312628 1296
TITZ 2007-04-14 2007-04-16   -1.11673034    0.24334504    3
TITZ 2007-04-17 2008-02-29    0.44671937    0.02867505  305
TITZ 2008-03-01 2011-02-18    0.09669286    0.01493065 1026
TITZ 2011-02-19 2012-03-17    0.32481674    0.02393776  383
TITZ 2012-03-18 2012-03-28   -0.59656125    0.10830535   11
TITZ 2012-03-29 2013-12-30    0.20000679    0.02026368  619
TIXG 2010-10-22 2010-12-20    0.31223995    0.02199122   60
TIXG 2010-12-21 2010-12-31    0.91469797    0.04911078   10
TIXG 2011-01-01 2011-04-02    0.59530194    0.01531442   91
TIXG 2011-04-03 2011-12-26    0.40887987    0.01547087  238
TIXG 2011-12-27 2012-01-01    1.05733962    0.06226691    6
TIXG 2012-01-02 2014-01-20    0.52158052    0.00771696  645
TIXG 2014-01-21 2014-12-05    0.39844133    0.01243558  286
TIXG 2014-12-06 2015-01-19    0.69204498    0.02214237   45
TIXG 2015-01-20 2015-02-09    0.37415820    0.03067006   21
TIXG 2015-02-10 2015-02-13    0.92054717    0.07026343    4
TIXG 2015-02-14 2015-07-10    0.55312429    0.01897732  130
TIXG 2015-07-14 2015-11-18    0.30351687    0.02470855  106
TIXG 2015-11-19 2015-11-28    0.79793047    0.05399204   10
TIXG 2015-11-29 2015-12-18    0.31370040    0.03503026   20
TIXG 2015-12-19 2016-01-01    0.65600928    0.04118285   14
TIXG 2016-01-02 2016-01-13    0.17151098    0.04057722   12
TIXG 2016-01-14 2017-01-15    0.43022797    0.01078923  321
TIXG 2017-01-16 2017-01-29    0.71661658    0.03756721   14
TIXG 2017-01-30 2017-02-07    0.44240664    0.04684501    9
TIXG 2017-02-08 2017-02-24    0.83294504    0.03408277   17
TIXG 2017-02-25 2018-09-15    0.48983791    0.00938443  493
TIXG 2018-09-16 2018-10-27    0.72095666    0.03965769   38
TIXG 2018-10-28 2018-11-15    0.31259963    0.04344883   17
TIXG 2018-11-16 2019-03-31    0.67658954    0.01304194  132
TIXG 2019-04-02 2020-01-10    0.40953373    0.01419696  266
TIXG 2020-01-11 2020-03-08    0.15659209    0.01868855   58
TIXG 2020-03-09 2021-01-07    0.31501631    0.01352590  271
TIXG 2021-01-08 2021-05-25    0.10046142    0.01463321  131
TIXG 2021-05-27 2022-02-14    0.36997880    0.01356967  189
TIXG 2022-02-15 2022-06-03    0.20994325    0.01855539  104
TIXI 2002-03-20 2005-04-06    0.26682828    0.00667871  973
TIXI 2005-04-07 2005-04-19    0.85826585    0.06074919   13
TIXI 2005-04-20 2006-10-22    0.26484844    0.01054138  483
TIXI 2006-10-23 2007-03-10    0.10301088    0.01403441  134
TIXI 2007-03-11 2007-04-21    0.48318464    0.02953225   42
TIXI 2007-04-22 2007-12-06    0.22738723    0.01909822  195
TIXI 2007-12-07 2007-12-22   -0.17913676    0.04427119   15
TIXI 2007-12-23 2008-03-03    0.36900682    0.02600756   35
TIXI 2008-03-04 2008-05-30    0.16252906    0.02354617   85
TIXI 2008-05-31 2008-11-20   -0.13067289    0.02367324  162
TIXI 2008-11-21 2008-12-17   -0.63062167    0.03304221   27
TIXI 2008-12-18 2009-11-30   -0.08642984    0.01272954  279
TIXI 2009-12-01 2010-01-20    0.22113881    0.02501109   43
TIXI 2010-01-21 2010-02-23   -0.15023250    0.02554983   32
TIXI 2010-02-24 2010-04-21    0.08485155    0.02434098   56
TIXI 2010-04-22 2010-10-19   -0.18230544    0.02691117  161
TIXI 2010-10-28 2010-12-20    0.31987460    0.02379622   54
TIXI 2010-12-21 2011-02-24    0.61665017    0.01902350   63
TIXI 2011-02-25 2015-11-18    0.45698719    0.00546687 1544
TIXI 2015-11-19 2015-11-28    0.81695093    0.05441863   10
TIXI 2015-11-29 2017-02-07    0.38080277    0.00972286  405
TIXI 2017-02-08 2017-02-24    0.77820982    0.03398939   17
TIXI 2017-02-25 2018-05-29    0.44596554    0.01004416  431
TIXI 2018-05-30 2019-03-31    0.59839337    0.01207422  274
TIXI 2019-04-01 2020-01-09    0.42196158    0.01494214  267
TIXI 2020-01-10 2020-04-18    0.20066606    0.01632333   99
TIXI 2020-04-19 2020-12-25    0.38987087    0.01696974  230
TIXI 2020-12-26 2021-05-25    0.09134847    0.01439677  150
TIXI 2021-05-26 2021-05-30    1.20401846    0.13942480    5
TIXI 2021-05-31 2022-04-28    0.35423348    0.04902323   83
TIXJ 2005-12-25 2006-03-12    0.72236649    0.02244841   72
TIXJ 2006-03-13 2006-09-03    0.39977610    0.02467770  139
TIXJ 2006-09-04 2006-09-16   -0.10953518    0.07723666   13
TIXJ 2006-09-17 2006-09-27    0.86977611    0.08806334   10
TIXJ 2006-09-28 2006-12-11    0.19700078    0.02397550   75
TIXJ 2006-12-12 2007-04-03    0.49951963    0.01857994  110
TIXJ 2007-04-04 2007-04-14    0.88909467    0.05963952   11
TIXJ 2007-04-15 2007-12-29    0.26077508    0.01711816  241
TIXJ 2007-12-30 2008-03-03    0.73922156    0.02364017   64
TIXJ 2008-03-04 2008-05-03    0.30890718    0.02653133   58
TIXJ 2008-05-04 2008-05-30    1.06359152    0.07031325   27
TIXJ 2008-05-31 2008-11-20    0.63145007    0.02460941  144
TIXJ 2008-11-21 2008-12-18    0.36043834    0.03726149   27
TIXJ 2008-12-19 2008-12-19    1.59377596    0.20143849    1
TIXJ 2008-12-20 2009-01-11    0.79734760    0.04534053   21
TIXJ 2009-01-12 2009-02-06    1.15980615    0.03963400   26
TIXJ 2009-02-07 2009-11-30    0.74918210    0.02038342   83
TIXJ 2009-12-01 2010-01-05    1.00605959    0.03432538   35
TIXJ 2010-01-06 2010-01-20    1.35207845    0.05609094   15
TIXJ 2010-01-21 2010-04-13    0.90758725    0.02066335   83
TIXJ 2010-04-14 2010-04-14    2.11949770    0.19780189    1
TIXJ 2010-04-15 2010-04-21    1.10171362    0.07476209    7
TIXJ 2010-04-22 2010-05-15    0.48458902    0.05404228   24
TIXJ 2010-05-16 2010-05-17   -0.74981272    0.25834739    2
TIXJ 2010-05-18 2010-10-19    0.68395688    0.03075468  140
TLSE 2001-01-06 2001-05-22    0.49128517    0.05071373  113
TLSE 2001-05-23 2001-05-27    2.36158172    0.32911020    5
TLSE 2001-05-28 2003-03-12    0.29807795    0.03168322  490
TLSE 2003-03-13 2003-03-14    2.89228145    0.39852842    2
TLSE 2003-03-15 2004-06-05    0.40956010    0.03210856  407
TLSE 2004-06-06 2004-11-02   -0.17786213    0.08085379  133
TLSE 2004-11-04 2004-12-16    1.05022903    0.10125217   37
TLSE 2004-12-17 2005-03-11    0.43083281    0.05617520   81
TLSE 2005-03-12 2005-03-14    3.41224559    0.39852842    2
TLSE 2005-03-15 2005-03-18    0.47981126    0.28180215    4
TLSE 2005-03-19 2005-03-21    3.09316617    0.32539710    3
TLSE 2005-03-22 2005-04-24    0.69882447    0.09473741   34
TLSE 2005-04-25 2005-10-31    0.11031243    0.06494515  179
TLSE 2005-11-01 2005-11-03   -2.21966854    0.37059356    3
TLSE 2005-11-04 2006-11-07    0.63204230    0.03453609  362
TLSE 2006-11-08 2006-11-08   -3.33617457    0.64188687    1
TLSE 2006-11-09 2007-04-23    0.78197750    0.04196791  165
TLSE 2007-04-24 2007-05-01   -0.64378686    0.19935708    8
TLSE 2007-05-02 2009-05-17    0.66693300    0.02463995  685
TLSE 2009-05-18 2009-05-22    2.60720800    0.32911020    5
TLSE 2009-05-23 2011-05-08    0.40310807    0.02502395  687
TLSE 2011-05-09 2011-05-10    3.64063448    0.52036892    2
TLSE 2011-05-13 2019-02-18    0.33377016    0.01254947 2759
TLSE 2019-02-19 2023-07-08    0.67156189    0.01651372 1568
TLSE 2023-07-09 2023-09-05    1.34581175    0.13572030   55
TLSE 2023-09-06 2023-09-12   -1.30312290    0.35501818    7
TLSE 2023-09-13 2025-12-30    0.57688612    0.02307315  817
TN22 2008-01-09 2008-02-22    0.80693599    0.07936428   43
TN22 2008-02-23 2009-06-08    0.30836596    0.03389666  449
TN22 2009-06-09 2009-06-22    2.55442034    0.35021112   12
TN22 2009-06-24 2009-10-07    0.05893196    0.11290659  106
TN22 2009-10-08 2009-10-11    2.58257058    0.37519741    4
TN22 2009-10-12 2009-12-30    0.51833942    0.06915220   79
TN22 2009-12-31 2011-04-27    0.14578639    0.03101267  459
TN22 2011-04-28 2011-11-10    0.79147709    0.07128962  189
TN22 2011-11-11 2012-09-04    0.25511429    0.04113851  292
TN22 2012-09-05 2012-09-08    3.40529976    0.52116917    4
TN22 2012-09-09 2015-04-05    0.51046409    0.02384728  763
TN22 2015-04-06 2015-06-10   -0.29046295    0.11211293   63
TN22 2015-06-11 2015-06-27    2.13049817    0.29423619   17
TN22 2015-06-28 2015-10-30    0.25285125    0.10181038  104
TN22 2015-10-31 2015-11-06    1.97610202    0.22526313    7
TN22 2015-11-07 2020-03-09    0.67249995    0.01838285 1406
TN22 2020-03-10 2020-05-11    0.03022384    0.09523387   57
TN22 2020-05-12 2023-09-08    0.71662684    0.02826007  691
TN22 2023-09-09 2023-09-11   -3.67390916    0.60179432    3
TN22 2023-09-12 2023-11-09    0.54211505    0.10508398   54
TN22 2023-11-10 2023-11-12    2.84121141    0.33397353    3
TN22 2023-11-13 2024-11-08    0.48470656    0.04083264  318
TN22 2024-11-09 2024-11-10    3.20543793    0.40903236    2
TN22 2024-11-11 2025-12-20    0.44149594    0.03817246  329
TN22 2025-12-21 2025-12-30    1.54978974    0.18707795   10
TNML 2002-06-25 2003-01-20   -1.04349153    0.11785798  120
TNML 2003-01-21 2003-02-10    0.94104807    0.24042284   18
TNML 2003-02-11 2004-02-10   -0.38988786    0.07472401  321
TNML 2004-02-11 2004-02-11    5.61279810    1.07661843    1
TNML 2004-02-12 2004-05-27    0.23339482    0.13347079   90
TNML 2004-05-30 2005-07-20   -0.65555476    0.07068364  363
TNML 2005-07-21 2005-08-16    1.13054300    0.34487143   23
TNML 2005-08-18 2005-08-24   -3.83602992    0.66274668    6
TNML 2005-08-27 2005-09-22    1.25491337    0.34154747   25
TNML 2005-09-24 2005-10-31   -0.80343146    0.24231435   36
TNML 2005-11-01 2005-11-06    3.64025028    0.59281490    5
TNML 2005-11-07 2007-01-14   -0.66413341    0.06978287  342
TNML 2007-01-16 2007-01-16   -5.66253900    0.96043089    1
TNML 2007-01-17 2007-02-25    0.30144954    0.18244516   32
TNML 2007-02-26 2008-11-01   -0.87444117    0.06518129  432
TNML 2008-11-02 2008-11-05   -4.47666301    0.66278721    4
TNML 2008-11-07 2012-06-17   -0.49357027    0.04495497  827
TNML 2012-07-02 2012-07-04    6.46780012    0.99085380    3
TNML 2012-07-07 2013-01-09   -1.20394672    0.13443932  110
TNML 2013-01-10 2013-02-11    0.23331510    0.21071583   22
TNML 2013-02-27 2013-06-17   -1.45375760    0.16403074   69
TNML 2013-06-18 2013-11-08    0.55462781    0.15358487  101
TNML 2013-11-09 2013-11-14   -3.01106989    0.54116349    6
TNML 2013-11-15 2018-03-10   -0.18276950    0.09896707  160
TNML 2018-03-11 2018-03-12    4.64153639    0.81697089    2
TNML 2018-03-13 2018-09-12   -0.69301322    0.15753801   92
TNML 2018-09-13 2018-09-22    4.22827634    0.57698701    9
TNML 2018-09-23 2023-12-25   -0.53647669    0.07128223  306
TONG 2017-02-18 2017-10-11   -0.25260074    0.08187464  201
TONG 2017-10-12 2017-10-12    7.35896001    1.23036224    1
TONG 2017-10-13 2018-10-15   -0.24517938    0.07008531  292
TONG 2018-10-16 2018-10-17    4.73985384    0.86999748    2
TONG 2018-10-18 2019-07-28   -0.60346185    0.08187338  266
TONG 2019-07-29 2019-08-11    1.17625025    0.26058879   14
TONG 2019-08-12 2021-08-28   -0.21776982    0.05296139  511
TONG 2021-08-29 2024-11-06    0.11081269    0.04968130  639
TOUL 1997-02-25 1997-05-27    0.20561557    0.06489841   81
TOUL 1997-05-28 1997-05-29    3.95326527    0.62637920    2
TOUL 1997-05-30 1998-12-12    0.24019753    0.03061653  510
TOUL 1998-12-13 1998-12-14    2.76829719    0.39720215    2
TOUL 1998-12-15 2000-12-30    0.11272474    0.02683403  578
TOW2 1995-05-30 1996-06-27   -0.66041381    0.06710784  233
TOW2 1996-07-04 1996-07-12    1.42057121    0.30118188    7
TOW2 1996-07-13 1999-04-28   -0.44590792    0.03842023  688
TOW2 1999-04-29 2000-02-02   -1.10418037    0.06853019  217
TOW2 2000-02-03 2003-04-14   -0.52001367    0.03108035 1116
TOW2 2003-04-15 2003-08-03    0.12950067    0.08933934  109
TOW2 2003-08-04 2010-02-15   -0.56881471    0.02129136 2301
TOW2 2010-02-16 2014-09-27   -0.29019575    0.02546664 1563
TOW2 2014-09-28 2016-07-15   -0.57142505    0.04122610  649
TOW2 2016-07-16 2016-07-17    3.18007882    0.56345971    2
TOW2 2016-07-18 2016-07-28   -0.66540995    0.24026003   11
TOW2 2016-07-29 2016-08-01   -2.94130351    0.39866541    4
TOW2 2016-08-02 2018-08-06   -0.35543733    0.03831526  695
TOW2 2018-08-07 2019-10-31    0.03845930    0.04750104  434
TOW2 2019-11-01 2021-06-30   -0.56967124    0.04348175  604
TOW2 2021-07-01 2021-08-30   -1.51117170    0.10662103   56
TOW2 2021-08-31 2025-03-27   -0.40106562    0.02960321 1190
TOW2 2025-03-28 2025-07-11   -1.35194710    0.11314650   73
TOW2 2025-07-12 2025-12-30   -0.40603963    0.07135271  171
TRAB 1999-12-12 2000-01-28    1.55405801    0.09924161   42
TRAB 2000-01-31 2000-03-26    0.61370834    0.09002031   53
TRAB 2000-03-27 2001-02-08    1.55597928    0.05643321  297
TRAB 2001-02-09 2001-02-13    3.07436352    0.26457198    5
TRAB 2001-02-14 2001-03-09    1.06436810    0.13022497   24
TRAB 2001-03-10 2001-03-14    4.19963948    0.33427178    5
TRAB 2001-03-15 2001-03-21    1.49286705    0.28251122    7
TRAB 2001-03-22 2001-03-23    5.00562955    0.52853009    2
TRAB 2001-03-24 2001-04-18    1.91512750    0.18287329   26
TRAB 2001-04-19 2001-10-03    0.82285924    0.13827858  102
TRAB 2001-10-04 2001-10-05    5.62885323    0.73814153    2
TRAB 2001-10-06 2002-09-15    0.94707580    0.05386138  274
TRAB 2002-09-16 2002-11-23    2.31115242    0.13167875   62
TRAB 2002-11-24 2003-12-27    0.78608206    0.04526963  384
TRAB 2003-12-28 2004-02-04    1.53366588    0.10009327   39
TRAB 2004-02-05 2004-02-29    0.07271510    0.12612974   22
TRAB 2004-03-01 2004-03-22    1.25571929    0.15935782   22
TRAB 2004-03-23 2004-03-26    4.54165462    0.37372721    4
TRAB 2004-03-27 2004-09-19    1.30366512    0.10641824  164
TRAB 2004-09-20 2004-10-01    4.69627041    0.47116271    9
TRAB 2004-10-02 2004-10-27    1.63635621    0.20877795   25
TRAB 2004-10-28 2005-01-02    0.32933756    0.11156276   53
TRAB 2005-01-03 2005-04-04    1.11076905    0.07394351   78
TRAB 2005-04-05 2005-06-15    2.27591554    0.14801178   64
TRAB 2005-06-16 2006-02-12    1.00908552    0.06003051  225
TRAB 2006-02-13 2006-02-19   -0.23769247    0.22360414    7
TRAB 2006-02-20 2006-06-16    2.00278831    0.08666689  114
TRAB 2006-06-17 2007-05-16    1.09619439    0.05876379  230
TRAB 2007-05-17 2007-05-27    3.93223319    0.36693617   11
TRAB 2007-06-02 2007-11-27    0.72775315    0.12084103  106
TRO1 1998-03-14 1999-03-30    0.55069373    0.02000505  295
TRO1 1999-03-31 1999-08-14   -0.06401505    0.03510814  124
TRO1 1999-08-15 2001-11-19    0.32675076    0.01276874  765
TRO1 2001-11-20 2002-05-24    0.51423543    0.02261948  178
TRO1 2002-05-25 2002-05-30    1.95722940    0.14665933    6
TRO1 2002-05-31 2002-06-07   -0.22299038    0.15917220    8
TRO1 2002-06-08 2002-06-12    2.12184663    0.23487920    4
TRO1 2002-06-13 2002-08-03   -0.12661130    0.07470280   52
TRO1 2002-08-04 2004-04-20    0.41897481    0.01414907  581
TRO1 2004-04-21 2004-05-07    0.92188576    0.07733548   17
TRO1 2004-05-08 2004-06-28    0.01844629    0.05653656   52
TRO1 2004-06-29 2006-01-08    0.46913696    0.01571788  528
TRO1 2006-01-09 2006-02-18    0.92192553    0.04593837   40
TRO1 2006-02-19 2007-02-20    0.38834329    0.01853625  353
TRO1 2007-02-21 2007-03-28    0.83932872    0.04688451   36
TRO1 2007-03-29 2008-05-07    0.46359274    0.01775801  374
TRO1 2008-05-08 2008-10-31    0.13164294    0.03517387  163
TRO1 2008-11-01 2009-01-27    0.48584581    0.03485491   81
TRO1 2009-01-28 2009-02-01    1.65444034    0.13156084    5
TRO1 2009-02-02 2009-05-19    0.50988308    0.02954522   99
TRO1 2009-05-20 2009-10-22    0.06301807    0.04052565  138
TRO1 2009-10-23 2013-05-08    0.46245849    0.00969266 1242
TRO1 2013-05-09 2013-05-31    1.09121733    0.07839271   21
TRO1 2013-06-01 2014-05-26    0.42350316    0.01864883  345
TRO1 2014-05-27 2014-06-16    1.03481583    0.09480951   21
TRO1 2014-06-17 2014-09-01    0.13386246    0.06389674   72
TRO1 2014-09-02 2021-12-12    0.56307748    0.00694838 2510
TRO1 2021-12-13 2023-11-04    0.42879294    0.01365834  661
TRO1 2023-11-05 2023-12-07   -0.00348381    0.05659684   33
TRO1 2023-12-08 2025-12-30    0.48022165    0.01299039  714
TROM 1994-01-06 1994-04-26    0.37192186    0.03475796   73
TROM 1994-04-27 1994-04-28    1.96772386    0.19876457    2
TROM 1994-04-29 1994-11-01    0.51110581    0.03716413  163
TROM 1994-11-02 1994-11-25   -0.06507890    0.07771390   23
TROM 1994-11-26 1994-12-01    1.27095645    0.16358802    5
TROM 1994-12-02 1996-08-27    0.33615691    0.01543051  555
TROM 1996-08-28 1996-09-07    1.26440906    0.16017170   11
TROM 1996-09-08 1998-06-09    0.15899398    0.02966522  141
TROM 1998-06-10 1998-07-09    1.01586228    0.11000259   21
TROM 1998-07-10 2002-01-03    0.22992398    0.01465066  732
TROM 2002-01-04 2002-01-05    1.70492819    0.22086212    2
TROM 2002-01-06 2002-05-24    0.29323275    0.02673327  130
TROM 2002-05-25 2002-05-30    1.84809829    0.15301342    6
TROM 2002-06-01 2002-06-07   -0.48838007    0.18179216    7
TROM 2002-06-08 2002-06-12    2.08125019    0.24048842    4
TROM 2002-06-13 2002-07-26   -0.27166224    0.08222893   44
TROM 2002-07-27 2003-02-14    0.20402698    0.02893555  185
TROM 2003-02-15 2003-02-20    1.09620620    0.12652648    6
TROM 2003-02-21 2004-04-02    0.20311109    0.01819016  384
TROM 2004-04-05 2004-04-06   -1.13594934    0.19876457    2
TROM 2004-04-07 2004-05-07    0.44600204    0.05318167   31
TROM 2004-05-08 2004-06-28   -0.20659910    0.05853269   52
TROM 2004-06-29 2006-01-08    0.22914854    0.01692633  520
TROM 2006-01-09 2006-02-19    0.73098630    0.05339480   34
TROM 2006-02-20 2007-02-14    0.14897006    0.01987834  343
TROM 2007-02-15 2007-03-25    0.44281398    0.04705609   38
TROM 2007-03-26 2007-03-28    1.22464849    0.16232207    3
TROM 2007-03-29 2008-12-27    0.18223614    0.01551392  617
TROM 2008-12-28 2009-02-19    0.61628977    0.04890507   41
TROM 2009-02-20 2009-05-05    0.21721468    0.03432109   70
TSEA 1999-06-29 2002-06-14    0.14615527    0.01474231  600
TSEA 2002-06-15 2002-06-18    2.70681037    0.27385892    4
TSEA 2002-06-19 2002-07-30    0.37589566    0.08892396   41
TSEA 2002-07-31 2002-08-05    2.41344733    0.21387136    6
TSEA 2002-08-06 2002-12-07    0.32358208    0.04100103   89
TSEA 2002-12-24 2003-01-13   -0.35358842    0.06473959   21
TSEA 2003-01-14 2003-01-16   -1.56408655    0.17106213    3
TSEA 2003-02-02 2004-06-18    0.23476939    0.02236651  277
TSEA 2004-06-19 2004-09-10    0.80823278    0.06270291   70
TSEA 2004-09-11 2005-03-05    0.03461902    0.02521429  161
TSEA 2005-03-06 2005-04-30    0.54198093    0.04197507   53
TSEA 2005-05-01 2006-05-02    0.13941803    0.02123980  292
TSEA 2006-05-22 2006-05-30    1.80603821    0.16511909    7
TSEA 2006-06-02 2006-12-13    0.23544804    0.03255869  163
TSEA 2006-12-16 2007-01-13   -0.52323901    0.05512319   29
TSEA 2007-01-14 2007-01-23   -1.75543894    0.09369458   10
TSEA 2007-03-03 2009-01-26    0.07702747    0.01456474  625
TSEA 2009-01-27 2009-04-28   -0.24870751    0.03916545   57
TSEA 2009-04-29 2010-01-12    0.38839016    0.02474634  253
TSEA 2010-01-13 2010-09-09   -0.00888684    0.02464250  224
TSEA 2010-09-10 2010-09-24    1.47439858    0.11677006   15
TSEA 2010-09-25 2013-12-03    0.14627424    0.01065299 1110
TSEA 2013-12-04 2014-01-17   -0.50229580    0.04426209   45
TSEA 2014-01-18 2015-03-30    0.20604560    0.01690662  406
TSEA 2015-03-31 2015-12-16   -0.03846201    0.02588315  228
TSEA 2015-12-17 2016-03-14    0.42925764    0.03150921   87
TSEA 2016-03-15 2016-08-26   -0.06115315    0.03441677  154
TSEA 2016-08-27 2016-12-12    0.32847392    0.03482373  107
TSEA 2016-12-13 2017-02-28   -0.16606069    0.03518632   71
TSEA 2017-03-01 2023-07-13    0.24753462    0.00763555 2214
TSKB 1994-01-08 1995-07-08    0.51856257    0.04821642  142
TSKB 1995-07-24 1995-08-21    2.41079769    0.27647800   18
TSKB 1995-08-22 1995-11-18    0.71624865    0.10382559   69
TSKB 1995-11-19 1996-01-12   -0.19063653    0.08446202   33
TSKB 1996-01-13 1996-05-10    0.40311211    0.05770672   85
TSKB 1996-05-11 1996-08-05    1.50340346    0.13474549   59
TSKB 1996-08-09 1997-03-13    0.67358297    0.04104540  173
TSKB 1997-03-14 1998-01-11    0.06473793    0.04396687  268
TSKB 1998-01-12 1998-10-10    0.42241230    0.04181790  256
TSKB 1998-10-13 1998-10-24   -1.15117002    0.27734264   10
TSKB 1998-10-25 1999-03-07    0.75147871    0.04212022  129
TSKB 1999-03-08 1999-05-04    0.06707769    0.08735030   52
TSKB 1999-05-05 2001-02-23    0.74728007    0.02703766  569
TSKB 2001-02-24 2001-07-12    0.14041040    0.06971902  114
TSKB 2001-07-13 2004-12-25    0.75394414    0.01943506 1132
TSKB 2004-12-26 2010-02-24    0.58111798    0.01447619 1834
TSKB 2010-02-25 2010-02-26   -1.57375992    0.31004799    2
TSKB 2010-02-27 2014-05-30    0.52496630    0.01655119 1486
TSKB 2014-05-31 2014-07-14   -0.55139883    0.15851116   43
TSKB 2014-07-15 2016-07-29    0.31751106    0.02385107  718
TSKB 2016-07-30 2016-08-05   -2.92595150    0.44426709    7
TSKB 2016-08-06 2019-07-04    0.36442018    0.02001209  938
TSKB 2019-07-05 2019-09-11   -0.48851178    0.13991304   68
TSKB 2019-09-12 2022-06-07    0.51485847    0.01991054  962
TSKB 2022-06-08 2022-09-16   -0.90901997    0.11390380   95
TSKB 2022-09-17 2023-05-21    0.41799016    0.03702635  232
TSKB 2023-05-22 2023-07-30   -0.66334190    0.12589722   68
TSKB 2023-08-01 2025-09-17    0.18828199    0.02357389  755
TSKB 2025-09-18 2025-12-30    0.66309864    0.07714767   81
TUVA 2017-01-30 2021-11-16    0.29225739    0.04797855  614
TUVA 2021-11-17 2025-12-30   -0.29015233    0.04264607  795
TWTF 2001-11-10 2003-12-08   -1.09327576    0.04333277  701
TWTF 2003-12-09 2003-12-29    0.61261718    0.21707146   18
TWTF 2003-12-30 2004-05-21   -0.71314723    0.09503304  100
TWTF 2004-05-22 2004-05-23    5.71608103    0.95944307    2
TWTF 2004-05-28 2005-10-31   -1.08806712    0.05516373  464
TWTF 2005-11-01 2005-11-06    2.97334734    0.49850930    6
TWTF 2005-11-07 2006-06-07   -1.13507835    0.07119211  209
TWTF 2006-06-09 2006-06-11    4.18762623    0.82840394    3
TWTF 2006-06-12 2008-11-01   -1.48057767    0.04124334  810
TWTF 2008-11-02 2008-11-05   -5.07543848    0.61054671    4
TWTF 2008-11-06 2009-04-26   -1.15797241    0.07636603  165
TWTF 2009-04-27 2009-05-13    1.46330147    0.32115373   17
TWTF 2009-05-14 2010-01-20   -0.93894492    0.07832479  239
TWTF 2010-01-21 2010-03-20   -2.13552012    0.12109136   58
TWTF 2010-03-21 2012-01-17   -1.01251288    0.04652749  632
TWTF 2012-01-18 2012-03-22   -1.91276941    0.11689178   62
TWTF 2012-03-23 2012-06-29   -0.97414020    0.13300939   94
TWTF 2012-07-02 2012-07-05    4.31164897    0.69652678    4
TWTF 2012-07-06 2013-06-16   -1.38768529    0.06308657  320
TWTF 2013-07-02 2013-11-08   -0.22522693    0.12546786  121
TWTF 2013-11-09 2014-07-03   -1.16962406    0.07016360  222
TWTF 2014-07-04 2014-07-06    4.85509771    0.80427985    3
TWTF 2014-07-07 2020-05-29   -0.94825198    0.02595547 1877
TWTF 2020-05-30 2020-08-01   -2.29835112    0.17642251   64
TWTF 2020-08-02 2022-05-26   -1.22943305    0.04444366  638
TWTF 2022-05-27 2022-06-22   -2.97634285    0.27824899   26
TWTF 2022-06-23 2022-08-22   -0.06307968    0.18644270   57
TWTF 2022-08-23 2024-03-22   -1.07521541    0.04639840  564
TWTF 2024-03-23 2024-07-02   -2.62141902    0.20414057   39
TWTF 2024-07-03 2025-12-30   -0.82663170    0.05061891  534
TXES 2003-11-25 2008-06-21    0.17799103    0.04106743  238
TXES 2008-06-22 2009-04-27   -0.32024962    0.04435135  275
TXES 2009-04-28 2009-06-21    0.64212552    0.14183751   54
TXES 2009-06-22 2009-10-30   -0.93733626    0.10632073  100
TXES 2009-10-31 2009-11-05    1.27451445    0.26746465    6
TXES 2009-11-08 2010-05-26   -0.25824081    0.05086231  168
TXES 2010-05-27 2010-05-31   -4.12672171    0.45187523    5
TXES 2010-06-01 2011-05-23   -0.62063754    0.05352740  235
TXES 2011-05-24 2011-06-30    0.43466109    0.18858947   37
TXES 2011-07-01 2011-08-04   -1.79695739    0.19858581   35
TXES 2011-08-05 2011-08-14    2.66478634    0.41494264    9
TXES 2011-08-15 2011-08-24   -3.16507207    0.39364915   10
TXES 2011-08-25 2012-10-21   -0.34206641    0.03892637  395
TXES 2012-10-22 2013-02-04    0.43442320    0.06322590   89
TXES 2013-02-05 2013-07-02   -0.18420627    0.06748175  137
TXES 2013-07-03 2013-09-09   -1.71579000    0.14571233   68
TXES 2013-09-10 2013-09-16   -4.28266358    0.44709225    7
TXES 2013-09-17 2013-11-23   -0.71457473    0.09221887   67
TXES 2013-11-24 2014-02-26    0.10278268    0.06069578   87
TXES 2014-02-27 2014-11-24   -0.81696796    0.07886720  111
TXES 2014-11-25 2015-02-23    0.09306333    0.06030718   87
TXES 2015-02-24 2015-02-24    3.09508944    0.57564274    1
TXES 2015-02-25 2015-08-29   -0.55454659    0.07018289  171
TXES 2015-08-30 2015-09-11   -3.54447690    0.33055247   13
TXES 2015-09-12 2015-10-22   -0.86795886    0.13993856   41
TXES 2015-10-23 2019-10-11   -0.02326929    0.02033000 1336
TXES 2019-10-12 2021-03-06   -0.46491186    0.03240276  456
TXES 2021-03-07 2023-09-30    0.05070717    0.03679281  460
TXES 2023-10-01 2023-10-03    2.72567100    0.44229672    3
TXES 2023-10-04 2025-12-30    0.32383287    0.02729832  731
UFPR 2007-09-06 2007-09-08    1.83269136    0.45884222    3
UFPR 2007-09-11 2008-10-22   -0.21117333    0.04855733  277
UFPR 2008-10-23 2008-11-05    1.40168501    0.24637297   14
UFPR 2008-11-08 2009-06-29   -0.12706804    0.05874166  225
UFPR 2009-06-30 2009-07-02    2.33424839    0.38256262    3
UFPR 2009-07-03 2009-10-05   -0.25972415    0.07032562   94
UFPR 2009-10-06 2009-10-06   -4.77205618    0.90734597    1
UFPR 2009-10-07 2009-11-18    0.47119975    0.14450228   41
UFPR 2009-11-19 2009-11-30   -1.63447229    0.27418027   12
UFPR 2009-12-01 2009-12-03    2.82700782    0.60506384    3
UFPR 2009-12-04 2010-01-29   -0.73816303    0.13668569   55
UFPR 2010-01-30 2010-03-23    0.71437910    0.14698583   48
UFPR 2010-03-24 2012-02-01   -0.22481542    0.03189242  623
UFPR 2012-02-03 2012-02-11    2.05741076    0.34237939    9
UFPR 2012-02-12 2012-06-18   -0.17435418    0.07458518  125
UFPR 2012-06-19 2012-06-19    4.50478249    0.71931467    1
UFPR 2012-06-20 2022-08-07   -0.11467678    0.01371957 3473
UFPR 2022-08-08 2023-08-20   -0.39751249    0.04285718  349
UFPR 2023-08-21 2023-08-27   -1.93709416    0.23652961    7
UFPR 2023-08-28 2025-12-30   -0.31067906    0.02866176  828
ULAB 2001-01-02 2001-10-28    0.03618450    0.01544692  235
ULAB 2001-10-29 2002-01-21   -0.26306346    0.02070742   60
ULAB 2002-01-22 2003-02-14   -0.07290637    0.01186919  239
ULAB 2003-02-15 2003-11-10    0.16078651    0.02097120  158
ULAB 2003-11-12 2003-12-06   -0.37002355    0.04002107   18
ULAB 2003-12-07 2004-02-16   -0.07545009    0.01933261   53
ULAB 2004-02-17 2004-02-18   -0.84143344    0.09959288    2
ULAB 2004-02-19 2006-12-13   -0.00124094    0.00814651  748
ULAB 2006-12-14 2007-02-26    0.12147164    0.01658953   72
ULAB 2007-02-27 2007-02-27    1.21558627    0.14084560    1
ULAB 2007-02-28 2008-02-07    0.00423552    0.01251993  305
ULAB 2008-02-08 2008-03-31   -0.20765558    0.02380488   49
ULAB 2008-04-01 2010-03-31    0.01381423    0.00872462  446
ULAB 2010-04-01 2010-12-09   -0.19765046    0.02023346  217
ULAB 2010-12-10 2011-08-04   -0.02716172    0.01358013  217
ULAB 2011-08-08 2013-12-27    0.07807569    0.00775773  712
ULAB 2013-12-28 2016-11-26   -0.06285582    0.00727920  817
ULAB 2016-11-27 2018-04-19    0.17325771    0.00903107  426
ULAB 2018-04-20 2019-11-10    0.31098608    0.01179773  480
ULAB 2019-11-11 2020-02-08    0.10638778    0.01560410   90
ULAB 2020-02-09 2020-02-16   -0.46817970    0.04979644    8
ULAB 2020-02-22 2020-03-31   -0.03235546    0.02941060   39
ULAB 2020-04-03 2020-11-23    0.31603557    0.02226240  227
ULAB 2020-11-24 2020-12-25   -0.38042228    0.02610914   32
ULAB 2020-12-26 2021-03-10   -0.11556322    0.01685458   75
ULAB 2021-03-11 2022-12-23    0.16304177    0.00939163  601
ULAB 2022-12-26 2023-01-08   -0.30295037    0.04061906   12
ULAB 2023-01-12 2023-12-16    0.05296257    0.01287537  310
ULAB 2023-12-17 2024-02-02   -0.35290825    0.02053170   47
ULAB 2024-02-03 2025-12-30    0.09065770    0.00949974  566
UNB3 2014-01-02 2014-01-10   -0.17282821    0.11591039    8
UNB3 2014-01-11 2014-01-12   -1.30452611    0.23182079    2
UNB3 2014-01-13 2017-08-25    0.10495827    0.01474343  925
UNB3 2017-08-26 2017-10-19    0.86282402    0.11048959   39
UNB3 2017-10-20 2022-12-06    0.25633566    0.01074690 1688
UNB3 2022-12-07 2022-12-07   -1.97924322    0.35625648    1
UNB3 2022-12-08 2025-12-30    0.17129725    0.01361616 1015
UNBJ 2006-08-20 2013-01-30    0.30303282    0.00949089 2226
UNBJ 2013-01-31 2013-01-31   -1.28176783    0.32854784    1
UNBJ 2013-02-01 2017-01-19    0.10809105    0.01238376 1318
UNBJ 2017-01-20 2022-12-06    0.27577754    0.01012306 1980
UNBJ 2022-12-07 2022-12-07   -2.04906903    0.35988732    1
UNBJ 2022-12-08 2025-12-30    0.16212995    0.01419408  983
UNBN 2014-01-02 2014-01-12   -0.44447698    0.12272859   10
UNBN 2014-01-13 2017-09-10    0.16991753    0.02865106  238
UNBN 2017-09-14 2017-09-19    1.82216656    0.27190321    6
UNBN 2017-09-20 2022-02-11    0.30290077    0.01198759 1289
UNSA 2000-01-02 2000-06-11    3.17742427    0.11643099  148
UNSA 2000-06-12 2000-07-26    1.29842890    0.17235321   45
UNSA 2000-07-27 2002-03-12    3.77307157    0.07358958  361
UNSA 2002-03-13 2002-05-04    5.59979054    0.21675952   45
UNSA 2002-05-05 2004-05-12    3.71304273    0.05177312  694
UNSA 2004-05-13 2004-09-13    2.32192674    0.13659563   80
UNSA 2004-09-14 2005-04-04    3.44622140    0.11233130  173
UNSA 2005-04-05 2005-04-19    5.92894827    0.38398220   15
UNSA 2005-04-20 2006-03-06    2.92292993    0.08355378  262
UNSA 2006-03-07 2006-03-08   11.16837920    1.01526332    2
UNSA 2006-03-10 2007-07-03    2.74095302    0.06662627  411
UNSA 2007-07-04 2007-07-07    8.65572962    0.56190526    4
UNSA 2007-07-08 2007-09-27    2.86206814    0.13877293   79
UNSA 2007-09-28 2007-10-03    6.81618149    0.58607882    6
UNSA 2007-10-04 2011-02-08    2.44005384    0.04252718 1039
UNSA 2011-02-09 2013-08-31    1.79155090    0.04908951  767
UNSA 2013-09-01 2013-09-13   -1.50117687    0.37341589   13
UNSA 2013-09-14 2014-10-19    1.91670241    0.06925189  390
UNSA 2014-10-20 2014-10-31   -1.09730023    0.44608584   12
UNSA 2014-11-01 2014-11-11    4.78571650    0.43896707   11
UNSA 2014-11-12 2015-05-30    1.55656585    0.15675618   84
UNSA 2015-05-31 2016-05-09    3.54938541    0.07878106  301
UNSA 2016-05-10 2016-07-06    2.17825125    0.16115361   58
UNSA 2016-07-07 2016-08-05    4.18925473    0.20822651   30
UNSA 2016-08-06 2016-09-29    1.83785506    0.17707532   53
UNSA 2016-09-30 2018-03-27    3.11024056    0.06260332  498
UNSA 2018-03-28 2018-10-02    2.07987271    0.09437651  181
UNSA 2018-10-03 2019-07-14    3.25916020    0.08641817  261
UNSA 2019-07-15 2020-03-17    2.51639380    0.09241289  227
UNSA 2020-03-18 2025-12-30    1.47123087    0.02989120 2067
UNTR 2014-03-25 2015-06-05   -0.04545480    0.03536204  370
UNTR 2015-06-08 2015-06-11    3.37298560    0.48425793    4
UNTR 2015-06-12 2015-09-24    0.45996177    0.11238489   82
UNTR 2015-09-25 2015-09-29    2.32093838    0.39076043    5
UNTR 2015-09-30 2016-03-31   -0.05361494    0.04704546  159
UNTR 2016-04-01 2016-04-03    2.12109506    0.39385609    3
UNTR 2016-04-04 2017-06-20    0.32604277    0.04229112  281
UNTR 2018-05-12 2018-05-28   -0.87737689    0.19796868   13
UNTR 2018-05-31 2020-11-19    0.40694280    0.02746049  719
URUM 1998-11-02 1998-11-12    1.29253048    0.11329598   11
URUM 1998-11-15 1999-05-06    0.41933816    0.03171635  131
URUM 1999-05-09 1999-08-20    1.42129890    0.09059757   93
URUM 1999-08-25 1999-12-27    0.43681629    0.04433877   81
URUM 1999-12-28 2000-05-12    0.01380924    0.03159859  130
URUM 2000-05-13 2000-09-25    0.86818656    0.07448361  125
URUM 2000-09-26 2000-12-31   -0.09633837    0.03919449   93
URUM 2001-01-01 2001-01-02   -1.77306112    0.19870180    2
URUM 2001-01-03 2001-06-02    0.09638971    0.03210368  140
URUM 2001-06-03 2004-12-25    0.42376355    0.01293326 1199
URUM 2004-12-26 2005-03-21    0.14044205    0.03464088   83
URUM 2005-03-22 2006-08-08   -0.31989303    0.03311838  273
URUM 2006-08-11 2007-07-02    0.09625606    0.02397588  303
URUM 2007-07-03 2007-09-11   -1.75543269    0.11163806   65
URUM 2007-09-12 2008-05-12   -0.53249069    0.02449540  239
URUM 2008-05-13 2008-10-06   -1.38137413    0.08318694   88
URUM 2008-10-07 2009-12-30   -0.41202541    0.02131731  383
URUM 2009-12-31 2010-01-05   -1.55248217    0.11658586    6
URUM 2010-01-06 2010-01-21   -0.18531280    0.07025170   16
URUM 2010-01-22 2010-01-24   -2.25147585    0.16223934    3
URUM 2010-01-25 2010-04-27   -0.60155398    0.03982472   89
URUM 2010-04-28 2010-11-08   -1.18269157    0.04908500  187
URUM 2010-11-09 2011-11-05   -0.68137795    0.02367307  330
URUM 2011-11-06 2017-10-31   -0.40757887    0.00997436 1854
URUM 2017-11-02 2019-12-17    0.20619615    0.01646071  696
URUM 2019-12-18 2020-03-23   -0.13923933    0.03209669   97
URUM 2020-03-24 2020-11-29    0.87622813    0.03810134  229
URUM 2020-11-30 2021-01-02   -0.49453675    0.05343548   34
URUM 2021-01-03 2022-11-07    0.20714711    0.01770563  650
URUM 2022-11-08 2025-12-30   -0.09466152    0.01297105 1102
URUS 2014-01-02 2014-03-14    0.63508868    0.10870790   62
URUS 2014-03-15 2014-03-15    4.19132975    0.70274838    1
URUS 2014-03-16 2016-02-29    0.12585565    0.02624676  629
URUS 2016-03-01 2016-03-31    1.26661521    0.12621734   31
URUS 2016-04-01 2016-04-10   -0.27479483    0.24010168   10
URUS 2016-04-11 2016-04-11    5.35827055    0.75926817    1
URUS 2016-04-12 2016-07-26   -0.14449021    0.06505759   68
URUS 2016-07-27 2016-08-08    1.49250686    0.13232994   13
URUS 2016-08-13 2017-09-18    0.25562479    0.03464107  359
URUS 2017-09-19 2017-09-20    3.44084663    0.48308369    2
URUS 2017-09-21 2018-03-02    0.29512061    0.08169387  119
URUS 2018-03-03 2018-03-08   -1.22768398    0.28689583    6
URUS 2018-03-09 2018-04-16    1.09489919    0.14433290   26
URUS 2018-04-17 2020-10-12    0.22928115    0.09566735   48
USN3 2004-07-15 2005-07-07    0.33933491    0.03298327  353
USN3 2005-07-08 2005-07-20   -1.64445603    0.31734119   13
USN3 2005-07-21 2007-11-25    0.43871965    0.02222925  813
USN3 2007-11-26 2007-11-26   -2.98497392    0.56175825    1
USN3 2007-11-27 2008-10-20    0.32902987    0.03523387  308
USN3 2008-10-21 2009-01-10   -0.11875819    0.05906552   79
USN3 2009-01-11 2011-09-07    0.26051040    0.02056365  914
USN3 2011-09-08 2011-11-30   -0.29438916    0.07266833   83
USN3 2011-12-01 2012-03-18    0.33064038    0.04603692  106
USN3 2012-03-19 2012-03-25   -0.62447540    0.18134697    7
USN3 2012-03-26 2012-04-20    0.75553852    0.11728938   26
USN3 2012-04-21 2012-05-26   -0.30839541    0.12302779   36
USN3 2012-05-27 2012-05-31    2.05670319    0.34874741    5
USN3 2012-06-01 2013-12-30    0.14529475    0.02741542  556
USNA 1995-05-05 1997-12-30    0.46920489    0.02412224  790
USNA 1998-01-06 1998-01-08   -1.35850403    0.26114595    3
USNA 1998-01-09 1999-02-07    0.27359308    0.03264985  373
USNA 1999-02-08 1999-03-02    0.78553148    0.10190175   23
USNA 1999-03-03 2000-11-10    0.03027308    0.03068511  543
USNA 2000-11-11 2002-01-28    0.36415636    0.03045919  387
USNA 2002-01-29 2002-02-01    1.77207934    0.22976419    4
USNA 2002-02-02 2002-05-07    0.52396403    0.06188218   86
USNA 2002-05-08 2002-08-11    1.53599320    0.12536866   77
USNA 2002-08-12 2003-10-17    0.47020422    0.03601824  356
USNA 2003-10-18 2005-11-29    0.81031575    0.02490360  684
USNO 1997-05-02 1998-01-05    0.48554927    0.04781357  242
USNO 1998-01-06 1998-01-08   -1.54555930    0.27084556    3
USNO 1998-01-09 1998-09-29    0.26137077    0.04238469  255
USNO 1998-09-30 1998-10-01   -3.15426139    0.56635707    2
USNO 1998-10-02 1999-10-05   -0.08893029    0.03561497  326
USNO 1999-10-06 2000-08-31   -0.37234677    0.04098219  247
USNO 2000-09-01 2000-09-02   -4.22213875    0.67447014    2
USNO 2000-09-03 2002-04-21   -0.15617800    0.02546120  565
USNO 2002-04-22 2002-07-08    0.66385473    0.10630108   67
USNO 2002-07-11 2005-07-07    0.01769837    0.02027041 1013
USNO 2005-07-08 2005-07-20   -2.13178317    0.32358485   13
USNO 2005-07-21 2008-10-20    0.03298329    0.02035619 1028
USNO 2008-10-21 2009-01-27   -0.45081856    0.05693795   86
USNO 2009-01-28 2009-01-28   -2.66245289    0.46911827    1
USNO 2009-01-29 2011-01-19   -0.04046789    0.02558569  627
USNO 2011-01-20 2012-12-07    0.35134136    0.02617244  633
USNO 2012-12-08 2013-12-30    0.08034798    0.03455483  325
USNO 2013-12-31 2014-07-30   -0.59664219    0.06184115   93
USNO 2014-07-31 2014-08-03   -3.69870941    0.54146737    4
USNO 2014-08-04 2015-03-18   -0.04749817    0.04168129  189
USUD 1994-01-08 1998-01-12   -0.21142993    0.01904792  795
USUD 1998-01-13 1998-02-06    1.73178969    0.07586958   23
USUD 1998-02-07 1998-02-14   -0.89401341    0.14164694    7
USUD 1998-02-15 1999-05-08    0.30135178    0.02599869  417
USUD 1999-05-09 1999-10-24    1.07145249    0.08472461  125
USUD 1999-10-25 2000-01-17    0.26980953    0.04916679   82
USUD 2000-01-18 2000-02-15    0.84569538    0.06824889   29
USUD 2000-02-16 2000-03-03    2.14868053    0.09948309   15
USUD 2000-03-04 2000-04-23    0.58454973    0.07584129   37
USUD 2000-04-24 2000-10-04    1.83150490    0.07791706  146
USUD 2000-10-19 2002-03-07   -0.09439044    0.02368503  469
USUD 2002-03-08 2002-12-29    0.19769308    0.03887382  267
USUD 2002-12-30 2003-02-15    0.72692391    0.05458977   45
USUD 2003-02-16 2012-01-29   -0.18168175    0.01011882 2993
USUD 2012-01-30 2012-02-07    0.98499985    0.12379381    9
USUD 2012-02-08 2013-12-21   -0.18429756    0.02269074  631
USUD 2013-12-22 2014-02-03    0.56357131    0.05839125   41
USUD 2014-02-04 2014-02-23   -0.43564785    0.09089328   17
USUD 2014-02-24 2014-03-12    1.36833417    0.14834599    8
USUD 2014-03-13 2014-12-20   -0.22203026    0.04226101  236
USUD 2014-12-21 2015-01-19    1.15144730    0.06930506   30
USUD 2015-01-20 2015-02-20    1.81694971    0.06524992   32
USUD 2015-02-27 2018-12-23    0.07198292    0.01546647 1343
USUD 2018-12-24 2022-02-17   -0.22951440    0.01639646 1096
USUD 2022-02-18 2022-03-01    0.91617514    0.10942105   12
USUD 2022-03-04 2024-12-27   -0.32243144    0.01824035  996
USUD 2024-12-28 2025-01-10    0.37637489    0.10319140   13
USUD 2025-01-11 2025-03-06   -0.66219977    0.05048225   55
USUD 2025-03-07 2025-03-22    0.55795742    0.10963084   16
USUD 2025-03-23 2025-12-30   -0.21937099    0.04054190  267
VACO 2005-03-11 2006-11-06    0.58896192    0.01934480  561
VACO 2006-11-07 2007-10-12    0.80016200    0.02539304  292
VACO 2007-10-14 2007-11-20    0.21356881    0.07345082   38
VACO 2007-11-21 2008-02-28    0.85334847    0.03723607   94
VACO 2008-02-29 2014-07-04    0.45389451    0.01501292  825
VACO 2014-07-05 2014-10-04   -0.04305086    0.07101730   86
VACO 2014-10-05 2014-10-13    1.33732945    0.17698095    9
VACO 2014-10-14 2015-06-25    0.51066129    0.02654583  225
VACO 2015-06-26 2015-07-05   -0.90176912    0.21840567   10
VACO 2015-07-09 2017-02-12    0.34752891    0.02047201  442
VACO 2017-02-13 2019-06-08    0.59363992    0.01864554  587
VACO 2019-06-09 2019-11-04    1.04825732    0.06290125   90
VACO 2019-11-05 2021-12-12    0.63132463    0.02248739  433
VALD 2003-03-05 2003-05-15   -0.19921367    0.04428473   72
VALD 2003-05-16 2003-05-24    0.96564966    0.20049097    7
VALD 2003-05-25 2004-03-31   -0.36331141    0.02269703  279
VALD 2004-04-01 2004-04-02    1.91070318    0.28776830    2
VALD 2004-04-03 2005-03-19   -0.40147747    0.02150890  313
VALD 2005-03-20 2006-01-03   -0.17823204    0.02831005  257
VALD 2006-01-04 2006-02-06   -0.76411142    0.04819193   27
VALD 2006-02-07 2007-01-01   -0.04191308    0.02359009  306
VALD 2007-01-02 2007-01-05    0.80802884    0.12521730    4
VALD 2007-01-06 2007-11-19    0.01137202    0.02307553  297
VALD 2007-11-20 2007-12-03   -0.65009415    0.09947602   14
VALD 2007-12-04 2009-11-01   -0.11357672    0.01564422  607
VALD 2009-11-02 2012-02-11    0.25279347    0.01344648  721
VALD 2012-02-12 2012-12-17    0.10279818    0.02593004  270
VALD 2012-12-18 2013-02-23    0.40562186    0.03180376   66
VALD 2013-02-24 2017-01-17    0.09614114    0.01095856 1241
VALD 2017-01-18 2017-01-24    1.04709686    0.09465538    7
VALD 2017-01-25 2023-12-13    0.19290955    0.00792818 2308
VALD 2023-12-14 2024-03-15    0.38939445    0.02786916   91
VALD 2024-03-16 2025-12-26    0.18069771    0.01796761  519
VALD 2025-12-27 2025-12-30   -0.56833566    0.14823977    4
VENE 1996-08-16 1996-11-05   -4.15870462    0.09564720   79
VENE 1996-11-06 1996-12-20   -5.87792010    0.09138805   43
VENE 1996-12-21 1997-01-30   -4.18868004    0.07883543   41
VENE 1997-01-31 1997-02-23   -2.33724840    0.09577992   24
VENE 1997-02-24 1997-03-03   -4.71092353    0.16942999    8
VENE 1997-03-04 1997-04-28   -5.76542090    0.07352748   56
VENE 1997-04-29 1997-05-06   -8.34336394    0.27386434    8
VENE 1997-05-07 1997-09-06   -5.62157592    0.09572537  120
VENE 1997-10-01 1998-01-23   -2.72663917    0.05845365  106
VENE 1998-01-24 1998-04-23   -2.25480100    0.05500131   87
VENE 1998-04-24 1998-10-28   -3.23338040    0.06851675  185
VENE 1998-10-30 1999-02-08   -2.53779649    0.05464016  101
VENE 1999-02-09 1999-05-25   -3.18393512    0.05561274  105
VENE 1999-05-26 1999-08-21   -4.06486062    0.11991431   85
VENE 1999-08-26 1999-10-16   -7.36051828    0.12349556   49
VENE 1999-10-17 1999-12-31   -6.50143649    0.07491792   66
VENE 2000-01-01 2000-02-02   -7.42465111    0.08605020   33
VENE 2000-02-03 2000-02-08   -5.22069535    0.19112141    6
VENE 2000-02-09 2000-03-01   -7.40469935    0.10774682   19
VENE 2000-03-02 2000-03-08   -8.88974688    0.18881425    7
VENE 2000-03-09 2000-03-15   -6.30666417    0.20394269    6
VENE 2000-03-16 2000-03-26   -8.60305729    0.15797333   10
VENE 2000-03-27 2000-12-03   -7.23822892    0.05606878  211
VENE 2000-12-04 2000-12-06   -4.71048228    0.30647454    3
VENE 2000-12-07 2001-01-25   -6.48912582    0.09360902   31
VENE 2001-02-03 2004-11-28    0.64913836    0.01823352 1335
VENE 2004-11-29 2004-12-08   -0.45186315    0.17505983   10
VENE 2004-12-09 2004-12-16    1.80608714    0.18767656    8
VENE 2004-12-17 2007-04-12    0.59472248    0.02284328  726
VENE 2007-04-13 2007-07-24    1.35711108    0.09090308   90
VESL 1998-01-16 1998-02-05    0.17538823    0.05803201   20
VESL 1998-02-06 1998-02-24    0.88044398    0.06406913   15
VESL 1998-08-13 1998-08-28   -0.10030469    0.04974209   14
VESL 1998-08-29 1998-09-01    0.99290030    0.09094158    4
VESL 1998-09-02 1999-01-27    0.30211000    0.01779042  117
VESL 1999-01-28 1999-02-22    0.90554147    0.08324388    9
VESL 1999-02-23 1999-06-04    0.32199856    0.02102113   82
VESL 1999-06-05 1999-06-11   -0.25628238    0.07036624    7
VESL 1999-06-12 1999-06-17    0.77286462    0.07600422    6
VESL 1999-06-18 1999-08-20    0.13089745    0.02724992   44
VESL 1999-08-21 1999-08-25   -0.62444361    0.08323444    5
VESL 1999-08-26 1999-09-10    0.12813999    0.04401009   16
VESL 1999-09-12 1999-09-18    0.92906843    0.06452864    7
VESL 1999-09-19 1999-10-16    0.13851472    0.03297322   27
VESL 1999-10-17 1999-10-24   -0.49554261    0.07011871    6
VESL 1999-10-25 2000-10-11    0.20850066    0.01110728  295
VESL 2000-10-12 2000-12-27    0.43646051    0.02494437   60
VESL 2000-12-28 2001-06-13    0.22299864    0.02021448  107
VESL 2001-06-14 2001-06-23    0.83115376    0.05887262   10
VESL 2001-06-24 2003-05-25    0.44983774    0.01009163  401
VESL 2003-05-26 2003-05-30    1.10503217    0.07681585    5
VESL 2003-05-31 2003-10-22    0.51151923    0.01510533  137
VESL 2003-10-23 2005-01-01    0.36788242    0.01066777  323
VESL 2005-01-02 2005-07-21    0.52243569    0.01580027  158
VESL 2005-07-22 2006-07-26    0.67788229    0.01478497  186
VESL 2006-07-27 2007-12-22    0.19621914    0.01023729  331
VESL 2007-12-23 2008-03-13    0.46866690    0.02940215   66
VESL 2008-03-14 2009-04-17    0.24420404    0.01039171  336
VESL 2009-04-18 2009-12-16    0.12242978    0.01460772  158
VESL 2009-12-17 2012-12-19    0.27514265    0.00611456  987
VIL0 1997-10-31 1999-03-13    0.16927506    0.01413960  458
VIL0 1999-03-14 1999-03-14   -1.70375341    0.24944558    1
VIL0 1999-03-15 2003-04-17    0.08164002    0.00861641 1410
VIL0 2003-04-18 2003-04-21   -0.91170757    0.14863204    4
VIL0 2003-04-22 2009-06-23    0.08832349    0.00705908 2139
VIL0 2009-06-24 2009-06-26   -1.85952588    0.29803501    3
VIL0 2009-06-27 2010-11-13    0.07981495    0.01596257  462
VIL0 2010-11-14 2010-12-03    0.52581222    0.06784535   20
VIL0 2010-12-04 2011-10-31    0.19878111    0.01834842  317
VIL0 2011-11-01 2011-11-06   -0.74305725    0.12728881    6
VIL0 2011-11-07 2013-12-13    0.14410618    0.01185336  747
VIL0 2013-12-14 2023-11-09   -0.16383433    0.01708688  356
VIL0 2023-11-10 2023-11-20    0.49583318    0.09400902   11
VIL0 2023-11-21 2024-03-03   -0.15959824    0.02548318  103
VIL0 2024-03-04 2024-03-19    0.29734891    0.06236140   16
VIL0 2024-03-20 2025-01-11   -0.25559745    0.02099949  288
VIL0 2025-01-12 2025-01-15    0.66129170    0.12471415    4
VIL0 2025-01-16 2025-12-30   -0.29005332    0.01799588  339
VILL 1994-11-24 1994-12-21   -3.20996387    0.11602168   19
VILL 1994-12-23 1995-09-30    0.13175811    0.03697165  256
VILL 1995-10-01 1996-01-29   -0.50673886    0.05022158  114
VILL 1996-01-30 1997-04-20    0.07589584    0.02669972  427
VILL 1997-04-21 1997-04-22   -3.09200864    0.38664029    2
VILL 1997-04-23 1998-01-08   -0.46676900    0.04151346  255
VILL 1998-01-09 1998-02-01   -1.29591597    0.09541548   24
VILL 1998-02-02 2000-03-19   -0.01612528    0.02310635  641
VILL 2000-03-20 2000-07-24   -0.91522764    0.06090055  113
VILL 2000-07-25 2001-03-01   -0.31958080    0.04060591  206
VILL 2001-03-02 2001-03-25   -1.17356821    0.11727937   15
VILL 2001-03-26 2004-11-05   -0.09580209    0.01724336 1194
VILL 2004-11-06 2004-11-06   -4.81991294    0.56247275    1
VILL 2004-11-07 2005-06-03   -0.03940949    0.03722116  181
VILL 2005-06-04 2005-06-06    4.50694477    0.44308183    3
VILL 2005-06-07 2005-08-23    0.19675890    0.10796383   62
VILL 2005-08-24 2005-09-05    2.73624144    0.25838384   11
VILL 2005-09-06 2006-05-27   -0.01596468    0.03296187  262
VILL 2006-05-28 2006-07-19   -1.10254740    0.10902671   52
VILL 2006-07-20 2006-09-28    0.16062794    0.10148662   71
VILL 2006-09-29 2006-12-11   -0.61465878    0.08611583   49
VILL 2006-12-12 2012-03-12    0.19765107    0.01325964 1869
VILL 2012-03-13 2012-04-07   -0.57035598    0.09304672   26
VILL 2012-04-08 2016-05-13    0.07615969    0.01522774 1464
VILL 2016-05-14 2017-07-05    0.25943981    0.02939787  408
VILL 2017-07-06 2017-10-05    1.02681859    0.08857148   90
VILL 2017-10-06 2019-12-10    0.33023654    0.02075124  788
VILL 2019-12-11 2021-06-26   -0.04130735    0.02377523  543
VILL 2021-06-27 2022-02-11    0.34902709    0.04080592  223
VILL 2022-02-12 2025-12-30    0.07314854    0.01574013 1387
VIS0 1999-03-02 2000-04-19    0.18910185    0.02090187  376
VIS0 2000-04-20 2000-04-26   -0.92389041    0.14132203    7
VIS0 2000-04-27 2005-11-21    0.13134681    0.00939920 1957
VIS0 2005-11-22 2005-11-23    2.14958592    0.27542090    2
VIS0 2005-11-24 2006-02-25    0.35950284    0.03407720   94
VIS0 2006-02-26 2007-04-23    0.15072998    0.01955926  413
VIS0 2007-04-24 2008-01-05    0.43447052    0.03000262  242
VIS0 2008-01-06 2008-02-06    0.05734985    0.05665069   32
VIS0 2008-02-07 2008-02-12    0.99683286    0.12073304    6
VIS0 2008-02-13 2008-02-13   -1.06671565    0.29573435    1
VIS0 2008-02-14 2008-05-04    0.24310547    0.03767930   81
VIS0 2008-05-05 2008-06-09    0.84816814    0.07808398   36
VIS0 2008-06-10 2010-01-08    0.23657557    0.01809485  558
VIS0 2010-01-09 2010-01-24    0.75131591    0.08177714   16
VIS0 2010-01-25 2011-11-03    0.19941129    0.01654333  629
VIS0 2011-11-04 2011-11-25    0.79598273    0.08304253   22
VIS0 2011-11-26 2023-05-14    0.16308948    0.01331726  871
VIS0 2023-05-15 2024-12-28    0.43087305    0.01801194  576
VIS0 2024-12-29 2025-02-05    0.11496921    0.05253443   38
VIS0 2025-02-06 2025-12-30    0.50912187    0.02368123  318
VNDP 2022-11-28 2024-06-17   -0.09514405    0.02861843  441
VNDP 2024-06-18 2024-09-07    0.54858034    0.09998317   80
VNDP 2024-09-08 2024-09-09    2.99464135    0.56253854    2
VNDP 2024-09-10 2024-09-25   -0.35116749    0.19888741   16
VNDP 2024-09-26 2024-10-12    1.19217180    0.17467450   17
VNDP 2024-10-13 2025-12-30   -0.04310966    0.03135779  443
VOIM 2017-01-30 2017-10-01    0.20827290    0.06028664  238
VOIM 2017-10-02 2017-10-11    2.36725399    0.36952268   10
VOIM 2017-10-12 2018-07-06   -0.04402895    0.07317274  236
VOIM 2018-07-07 2018-07-14   -1.41922847    0.25158129    8
VOIM 2018-07-15 2019-08-19    0.31824180    0.04842363  395
VOIM 2019-08-20 2019-08-22   -2.52304086    0.43667287    3
VOIM 2019-08-23 2021-01-08    0.40112628    0.04644757  486
VOIM 2021-01-09 2021-01-15   -2.29617191    0.46496640    7
VOIM 2021-01-16 2021-03-24    0.86138728    0.16456397   68
VOIM 2021-03-25 2021-04-07   -1.51064702    0.33098561   14
VOIM 2021-04-08 2022-07-20    0.18221003    0.04522917  462
VOIM 2022-07-21 2022-08-26   -0.82959976    0.12201028   37
VOIM 2022-08-27 2023-04-11    0.17642914    0.07718104  223
VOIM 2023-04-12 2025-12-30   -0.46244034    0.03778839  640
VTSP 2007-12-01 2008-04-06    0.21534004    0.03321031  116
VTSP 2008-04-07 2008-04-11    1.57647162    0.22261051    5
VTSP 2008-04-12 2008-04-15   -0.29702773    0.24888611    4
VTSP 2008-04-16 2008-04-23    1.76481776    0.17598906    8
VTSP 2008-05-01 2009-01-24   -0.06116376    0.03534947  237
VTSP 2009-01-25 2011-05-18    0.13949581    0.01643839  795
VTSP 2011-05-19 2011-05-21   -2.46914153    0.40443251    3
VTSP 2011-05-22 2015-10-18   -0.00264603    0.01359808 1242
VTSP 2015-10-19 2018-12-21    0.20355970    0.01427952 1099
VTSP 2018-12-22 2018-12-22   -1.94549237    0.37525977    1
VTSP 2018-12-23 2022-10-25    0.11598478    0.01772350  751
VTSP 2022-10-26 2024-02-27    0.32086459    0.02025866  461
VTSP 2024-02-28 2025-12-30    0.15723938    0.02057039  580
WARK 2017-01-30 2017-08-23    0.10870996    0.04520741  186
WARK 2017-08-24 2017-08-28   -1.36505790    0.24414544    5
WARK 2017-08-29 2019-09-15   -0.05992395    0.02330841  705
WARK 2019-09-16 2022-11-01    0.23481323    0.01857405 1124
WARK 2022-11-03 2022-11-03    3.32216044    0.65486075    1
WARK 2022-11-04 2025-12-30    0.01782211    0.01878302 1118
WDC1 1999-03-26 1999-10-17    0.71575877    0.05705955  194
WDC1 1999-10-18 1999-10-18    3.89608698    0.59160095    1
WDC1 1999-10-19 2000-08-31    0.47351129    0.03395496  302
WDC1 2000-09-01 2000-09-02   -2.92592884    0.62700681    2
WDC1 2000-09-03 2002-04-21    0.75735567    0.02396591  570
WDC1 2002-04-22 2002-10-09    1.38162772    0.07185716  150
WDC1 2002-10-10 2002-10-11   -1.12750086    0.41832504    2
WDC1 2002-10-12 2003-04-01    0.70600512    0.03792811  172
WDC1 2003-04-02 2003-04-05    2.62874849    0.28821984    4
WDC1 2003-04-06 2006-07-16    0.89233742    0.01836793 1132
WDC3 2006-08-18 2008-01-10    0.59049899    0.02861912  492
WDC3 2008-01-11 2008-01-11   -1.72321361    0.45646593    1
WDC3 2008-01-12 2010-06-05    0.37027236    0.02060525  835
WEL1 1999-03-15 2003-01-05   -0.34280689    0.02422829  766
WEL1 2003-01-06 2009-01-12   -0.08109336    0.01581978 1886
WES2 1994-01-06 1994-12-09   -0.11698823    0.03438902  285
WES2 1994-12-10 1995-02-07   -0.72758966    0.06982138   37
WES2 1995-02-08 1996-01-01   -0.16756030    0.03931176  241
WES2 1996-01-02 1996-01-28   -0.95314970    0.08111702   25
WES2 1996-01-29 1997-01-26   -0.44918977    0.03119110  330
WES2 1997-01-27 1997-11-07   -0.21624360    0.03930020  246
WES2 1997-11-08 2000-08-31   -0.66929111    0.01873656  894
WES2 2000-09-01 2001-02-09   -1.26611821    0.04142429  152
WES2 2001-02-10 2001-02-10   -3.47261793    0.39129783    1
WES2 2001-02-11 2001-05-27   -1.58185904    0.05193241  101
WES2 2001-05-28 2008-01-06   -0.62434872    0.01279067 1949
WES2 2008-01-07 2008-01-11    0.61543323    0.18138317    5
WES2 2008-01-12 2018-10-05   -0.46427162    0.01141216 2411
WES2 2018-10-06 2018-11-20   -1.37658996    0.08995616   42
WES2 2018-11-27 2021-06-18   -0.43615059    0.02660627  407
WES2 2021-06-19 2022-04-02   -0.16249543    0.03667047  168
WGTN 2005-03-24 2012-07-25    0.01873487    0.01285177 2238
WGTN 2012-07-26 2012-07-29    1.26377185    0.24953190    4
WGTN 2012-07-30 2016-08-01   -0.09623841    0.01609019 1441
WGTN 2016-08-02 2020-02-12    0.36864525    0.01769681 1178
WGTN 2020-02-15 2020-02-26    1.86436414    0.23645680   10
WGTN 2020-02-27 2020-08-19    0.70987478    0.04395248  169
WGTN 2020-08-21 2023-06-25    0.39655665    0.01935088 1026
WGTN 2023-06-26 2025-12-30    0.23477412    0.01997844  904
WHIT 1995-06-11 1996-06-07   -0.08488682    0.03892822   90
WHIT 1996-06-08 1997-01-11    0.46264741    0.01976357  182
WHIT 1997-01-12 1997-01-12   -0.85622713    0.20359917    1
WHIT 1997-01-13 1997-03-05    0.68658272    0.02798971   52
WHIT 1997-03-06 1998-04-21    0.38750201    0.01209012  387
WHIT 1998-04-22 1998-11-13    0.18854842    0.02357683  179
WHIT 1998-11-15 1998-12-21   -0.30406134    0.03600793   37
WHIT 1998-12-22 1999-06-27    0.03318328    0.01676055  180
WHIT 1999-06-28 1999-10-30    0.36119419    0.03069759  117
WHIT 1999-10-31 2000-07-23    0.60571408    0.01540831  232
WHIT 2000-07-24 2001-11-21    0.18603907    0.01196579  463
WHIT 2001-11-22 2002-01-09    0.85400745    0.03216086   45
WHIT 2002-01-10 2002-10-14    0.15050080    0.01596255  254
WHIT 2002-10-15 2002-12-28    0.59103718    0.02739811   69
WHIT 2002-12-29 2005-11-06    0.29541686    0.00791679  999
WHIT 2005-11-07 2006-02-06    0.58910177    0.02214497   92
WHIT 2006-02-07 2006-09-30    0.36284807    0.01751472  232
WHIT 2006-10-01 2007-01-18    0.56360634    0.02431912   88
WHIT 2007-01-19 2008-04-07    0.28282623    0.01132287  434
WHIT 2008-04-08 2008-05-24    0.56312809    0.03674177   46
WHIT 2008-05-25 2008-05-27    1.88436538    0.17179695    3
WHIT 2008-05-28 2008-11-22    0.34721951    0.02493323  156
WHIT 2008-11-23 2015-04-17    0.03945943    0.00544247 2015
WHIT 2015-04-18 2017-01-12   -0.06099481    0.01033625  626
WHIT 2017-01-13 2019-10-22    0.08070629    0.00833869  863
WHIT 2019-10-23 2019-12-29    0.30537729    0.02764293   65
WHIT 2019-12-30 2023-05-03    0.03659336    0.00698451 1194
WHIT 2023-05-04 2023-11-07    0.29195653    0.02408565  177
WHIT 2023-11-08 2025-12-03    0.11237067    0.00905056  743
WHIT 2025-12-04 2025-12-30   -0.14200658    0.04219975   27
WILL 1994-01-06 1994-06-19   -0.23411837    0.02922714  139
WILL 1994-06-20 1994-06-25    1.71419051    0.23813462    5
WILL 1994-06-27 1996-02-13    0.37772432    0.01730816  502
WILL 1996-02-14 1996-07-16    0.56290025    0.03032665  151
WILL 1996-07-17 1997-01-09    0.21483464    0.03044986  170
WILL 1997-01-10 1997-01-11    1.82639291    0.20998071    2
WILL 1997-01-12 2002-10-16    0.37428046    0.00833323 2017
WILL 2002-10-17 2002-11-07    1.11311390    0.08361665   22
WILL 2002-11-08 2004-06-20    0.45465283    0.01898080  372
WILL 2004-06-21 2004-06-21   -2.75665511    0.53248520    1
WILL 2004-06-22 2005-05-01    0.17368544    0.02062127  303
WILL 2005-05-02 2005-06-24   -0.38948861    0.06437455   54
WILL 2005-06-25 2006-05-19    0.13597870    0.02050612  311
WILL 2006-05-20 2006-08-11   -0.30610724    0.06410320   75
WILL 2006-08-12 2008-12-02    0.18813516    0.01319919  819
WILL 2008-12-03 2009-01-24    0.72852976    0.04291182   48
WILL 2009-01-25 2015-01-22    0.19077563    0.00812732 2043
WILL 2015-01-23 2015-03-17    0.51454795    0.04001222   52
WILL 2015-03-18 2017-05-03    0.21568432    0.01342201  742
WILL 2017-05-04 2018-01-16    0.45691426    0.02634216  249
WILL 2018-01-17 2018-02-25    0.05598552    0.04542104   40
WILL 2018-02-26 2020-09-28    0.39797156    0.01314573  816
WILL 2020-09-29 2020-10-04    2.11890336    0.19042503    6
WILL 2020-10-05 2021-11-01    0.36222717    0.01937243  361
WILL 2021-11-02 2022-01-08   -0.18757139    0.03756308   68
WILL 2022-01-09 2022-10-11    0.10384855    0.02373723  269
WILL 2022-10-12 2022-10-19    1.30231070    0.17865209    6
WILL 2022-10-20 2023-04-29   -0.02634232    0.02241800  192
WILL 2023-04-30 2023-11-02    0.37051124    0.03815517  181
WILL 2023-11-03 2025-12-30    0.07120721    0.01331594  732
WIND 2003-06-25 2003-07-21    0.50267229    0.06741551   27
WIND 2003-07-22 2003-07-28    1.33865971    0.14044979    6
WIND 2003-07-29 2003-08-26    0.08185972    0.07276531   28
WIND 2003-08-27 2007-06-04    0.66723874    0.05904344  123
WIND 2007-06-05 2009-09-20    0.14014841    0.01954387  749
WIND 2009-09-21 2009-09-25   -1.56660458    0.20895056    5
WIND 2009-09-26 2010-05-06   -0.01175593    0.05789973  215
WIND 2010-05-07 2010-05-08    3.44545690    0.39608653    2
WIND 2010-05-09 2011-04-08    0.21402313    0.03051213  322
WIND 2011-04-09 2011-04-11   -3.30173130    0.49388748    3
WIND 2011-04-12 2011-04-30    0.53946741    0.19625098   19
WIND 2011-05-01 2011-05-05   -2.28211237    0.28007547    4
WIND 2011-05-06 2012-09-16    0.21147983    0.02698949  270
WIND 2012-09-17 2012-09-24   -1.06812198    0.16518993    8
WIND 2012-09-25 2013-07-03    0.27736761    0.04038379  264
WIND 2013-07-04 2013-07-09    1.13694671    0.14044979    6
WIND 2013-07-10 2014-12-11   -0.20204927    0.03804000  185
WIND 2014-12-12 2015-05-17    0.64729378    0.07402887  147
WIND 2015-05-18 2015-07-18   -0.00888993    0.05398689   53
WIND 2015-07-19 2015-07-22    1.41378047    0.17201516    4
WIND 2015-07-23 2015-08-23    0.14120687    0.06772410   31
WIND 2015-08-24 2015-08-24   -3.94911877    0.39100962    1
WIND 2015-08-25 2018-06-03    0.05477586    0.02271806  686
WIND 2018-06-04 2018-06-04    2.28727717    0.37529460    1
WIND 2018-06-05 2020-06-29    0.40340260    0.02008803  719
WIND 2020-06-30 2022-07-16   -0.01166178    0.02088019  592
WIND 2022-07-17 2022-07-25   -0.87302722    0.11467678    9
WIND 2022-07-26 2024-09-26   -0.18457017    0.02107368  657
WIND 2024-09-27 2024-09-27   -2.67424345    0.46722766    1
WIND 2024-09-28 2025-12-30   -0.40774186    0.02871190  397
WROC 1997-01-03 1999-06-29    0.57378729    0.01393411  887
WROC 1999-06-30 2001-01-22    0.23256914    0.03098029  245
WROC 2001-01-26 2002-02-16   -0.17632473    0.02174290  355
WROC 2002-02-17 2002-02-17    1.38351065    0.31279498    1
WROC 2002-02-19 2002-08-21   -0.42285211    0.03718176  144
WROC 2002-08-22 2002-08-27    1.23004154    0.26182525    6
WROC 2002-08-28 2003-05-16   -0.18693592    0.02540116  223
WROC 2003-05-17 2003-06-14    0.48957636    0.11938764   24
WROC 2003-06-15 2004-12-06   -0.32502098    0.01978931  506
WROC 2004-12-07 2004-12-14    0.50627319    0.12723420    8
WROC 2004-12-15 2005-08-03   -0.36032401    0.02678015  222
WROC 2005-08-04 2006-02-28   -0.09282078    0.02972537  188
WROC 2006-03-01 2006-11-14   -0.34232033    0.03011624  248
WROC 2006-11-15 2007-04-06    0.08874745    0.03081478  122
WROC 2007-04-10 2010-05-09    0.48346551    0.01295409 1072
WROC 2010-05-10 2010-07-03   -0.14825977    0.08277250   51
WROC 2010-07-04 2012-04-26    0.44042112    0.01663792  614
WROC 2012-04-27 2012-05-01   -0.72285373    0.17679920    5
WROC 2012-05-03 2013-01-05    0.38024993    0.03187528  238
WROC 2013-01-06 2013-10-30    0.07148101    0.02573572  283
WROC 2013-10-31 2023-02-10    0.42123583    0.03250737  122
WROC 2023-02-11 2023-02-16    1.39730535    0.12769802    6
WROC 2023-02-17 2023-06-17    0.55272865    0.03644176  118
WROC 2023-06-18 2023-10-07    1.48983214    0.06151517  100
WROC 2023-10-08 2024-05-24    0.55330768    0.03046358  165
WROC 2024-05-25 2024-09-08    1.37608136    0.07178074   79
WROC 2024-09-09 2025-12-30    0.66927652    0.01960557  467
WSRT 1997-06-27 1999-04-02    0.23446233    0.01865048  633
WSRT 1999-04-03 1999-12-30   -0.06469952    0.03371840  242
WSRT 1999-12-31 2004-05-13    0.25581604    0.01178886 1537
WSRT 2004-05-14 2004-09-04   -0.27514395    0.06102250  111
WSRT 2004-09-05 2005-04-03    0.31316306    0.02973485  207
WSRT 2005-04-13 2005-12-18   -0.03979525    0.03440738  241
WSRT 2005-12-19 2006-03-25    0.27296754    0.03900122   97
WSRT 2006-03-26 2006-11-04   -0.18218171    0.03727993  217
WSRT 2006-11-05 2007-05-25    0.21247878    0.02941536  189
WSRT 2007-05-26 2007-07-14   -0.45608685    0.09249463   47
WSRT 2007-07-15 2009-06-24    0.20120016    0.01768483  699
WSRT 2009-06-25 2009-07-08   -1.16711908    0.19877288   12
WSRT 2009-07-09 2010-03-23    0.22426725    0.02919819  256
WSRT 2010-03-24 2010-09-28   -0.10620910    0.04109474  169
WSRT 2010-09-29 2012-01-02    0.24337412    0.02214238  445
WSRT 2012-01-03 2012-01-03   -1.95796999    0.39153323    1
WSRT 2012-01-04 2017-02-02    0.09216703    0.01107871 1778
WSRT 2017-02-03 2021-03-10    0.79731044    0.01238167 1419
WSRT 2021-03-11 2021-05-18    0.42294547    0.04878535   69
WSRT 2021-05-19 2022-09-02    0.80319948    0.02326113  456
WSRT 2022-09-03 2022-09-04    3.41229955    0.45282077    2
WSRT 2022-09-07 2025-12-30    0.61534023    0.01393373 1145
WTZA 1997-11-26 1998-10-11    0.66705740    0.02620437  186
WTZA 1998-10-12 2001-11-22    0.50556529    0.01343558 1027
WTZA 2001-11-23 2001-12-02   -0.31986999    0.11866467   10
WTZA 2001-12-03 2004-12-06    0.46426264    0.01340218  993
WTZA 2004-12-07 2004-12-09    1.90663569    0.18888351    3
WTZA 2004-12-10 2006-11-24    0.50785120    0.01641236  660
WTZA 2006-11-25 2006-12-03    1.36695890    0.12191791    9
WTZA 2006-12-04 2009-07-26    0.65996103    0.01376056  881
WTZA 2009-07-27 2009-08-08    1.63259974    0.19383226   13
WTZA 2009-08-09 2012-11-23    0.49669943    0.01247531 1176
WTZA 2012-11-24 2013-02-24    0.23371283    0.03322695   91
WTZA 2013-02-25 2023-05-11    0.47974378    0.02084623  403
WTZA 2023-05-12 2025-02-07    0.66007257    0.01744065  609
WTZA 2025-02-08 2025-05-17    0.43156967    0.03813910   97
WTZL 2016-06-18 2016-07-26   -0.07144494    0.13243815   33
WTZL 2016-07-27 2021-01-05    0.72492613    0.01545334  667
WTZL 2021-01-06 2023-11-02    0.54558746    0.01363427  895
WTZL 2023-11-03 2023-12-10    0.23995076    0.06123914   38
WTZL 2023-12-11 2024-10-02    0.75897687    0.02281361  290
WTZR 1995-09-08 1996-02-11    0.47359395    0.04947274   57
WTZR 1996-02-12 1996-02-26   -0.13651275    0.07682226   15
WTZR 1996-02-27 1996-12-01    0.40099781    0.02859283  269
WTZR 1996-12-02 1996-12-02   -1.66123231    0.32892146    1
WTZR 1996-12-05 1997-03-10    0.52237616    0.03188316   96
WTZR 1997-03-11 1997-04-20    0.03524652    0.05539695   41
WTZR 1997-04-21 1998-10-22    0.46437162    0.02018921  492
WTZR 1998-10-23 1998-12-22    0.19606195    0.04789291   61
WTZR 1998-12-23 1999-01-26    0.73936411    0.05791091   30
WTZR 1999-01-27 2001-11-22    0.34352196    0.01344408  981
WTZR 2001-11-23 2001-12-02   -0.50192710    0.11874597   10
WTZR 2001-12-03 2004-12-06    0.30857074    0.01268681 1038
WTZR 2004-12-07 2004-12-09    1.66142172    0.18990290    3
WTZR 2004-12-11 2006-11-06    0.28409615    0.01601948  666
WTZR 2006-11-07 2008-03-10    0.49038108    0.01764015  476
WTZR 2008-03-11 2008-03-29   -0.09703699    0.07186583   19
WTZR 2008-03-30 2009-02-06    0.46415290    0.02609960  298
WTZR 2009-02-07 2011-06-13    0.22669528    0.01417826  804
WTZR 2011-06-14 2014-07-01    0.05400850    0.01314225 1002
WTZR 2014-07-02 2014-10-01   -0.36198680    0.07790002   66
WTZR 2014-10-02 2016-12-10    0.14823499    0.01491617  769
WTZR 2016-12-11 2016-12-11   -1.57408008    0.32892146    1
WTZR 2016-12-12 2018-04-08    0.29136930    0.01788805  448
WTZR 2018-04-09 2018-08-15    0.71381488    0.05438059  104
WTZR 2018-08-16 2018-08-19    2.54290535    0.33670243    4
WTZR 2018-08-20 2021-01-05    0.41021311    0.01425088  845
WTZR 2021-01-06 2023-12-10    0.30521154    0.01339577  975
WTZR 2023-12-11 2025-02-23    0.53262485    0.01869085  426
WTZR 2025-02-24 2025-03-29    0.10683335    0.05329943   34
WTZR 2025-03-30 2025-12-30    0.47837866    0.02937439  267
WTZZ 1999-02-06 2003-11-05    0.13866053    0.01082072 1544
WTZZ 2003-11-07 2003-12-12    0.67823283    0.06228832   36
WTZZ 2003-12-13 2004-12-06    0.30730557    0.02242706  350
WTZZ 2004-12-07 2004-12-09    1.71254588    0.19888887    3
WTZZ 2004-12-10 2006-11-24    0.39805287    0.01604529  686
WTZZ 2006-11-25 2006-12-03    1.24971605    0.12457664    9
WTZZ 2006-12-04 2009-08-09    0.54655588    0.01339801  942
WTZZ 2009-08-10 2010-12-24    0.36397888    0.01990636  450
WTZZ 2010-12-25 2011-01-08   -0.12880453    0.08419342   15
WTZZ 2011-01-09 2011-06-05    0.50157714    0.03157406  129
WTZZ 2011-06-06 2014-07-01    0.22062130    0.01321338 1043
WTZZ 2014-07-02 2014-10-04   -0.24010475    0.06706952   92
WTZZ 2014-10-05 2014-10-13    1.18334655    0.17224475    9
WTZZ 2014-10-14 2016-01-26    0.26444906    0.01893990  453
WTZZ 2016-01-27 2016-02-05   -0.38356276    0.09615441   10
WTZZ 2016-02-06 2018-01-22    0.32050144    0.01615809  670
WTZZ 2018-01-23 2021-01-06    0.53064295    0.01330070 1030
WTZZ 2021-01-07 2022-12-18    0.35620798    0.01817860  588
WTZZ 2022-12-20 2025-02-23    0.57211159    0.01616947  645
WTZZ 2025-02-24 2025-03-29    0.14452262    0.05626929   33
WTZZ 2025-03-30 2025-12-30    0.53892793    0.03103716  247
WUHN 1996-01-25 1997-08-03    1.45060143    0.04687700  360
WUHN 1997-08-04 1997-11-11    2.53128665    0.10994789   92
WUHN 1997-11-12 1998-01-21    0.72705853    0.07354111   66
WUHN 1998-01-22 1998-07-15    1.52885282    0.06689228  164
WUHN 1998-07-16 1998-11-24    2.89500344    0.09305734  128
WUHN 1998-11-25 1998-12-18    1.94130364    0.12641241   23
WUHN 1998-12-19 1998-12-23    5.15162990    0.25815566    5
WUHN 1998-12-24 1999-12-26    1.56609950    0.04585689  317
WUHN 1999-12-27 2000-01-04    3.07798508    0.18754781    9
WUHN 2000-01-05 2000-04-29    0.65182553    0.07514577   67
WUHN 2000-04-30 2000-05-15    3.29947692    0.31233175   15
WUHN 2000-05-16 2002-01-01    1.01720113    0.03644222  556
WUHN 2002-01-02 2002-01-14    2.11330043    0.15139184   13
WUHN 2002-01-15 2002-03-05    0.44916493    0.09350272   43
WUHN 2002-03-06 2004-08-31    1.33538510    0.02928620  872
WUHN 2004-09-01 2004-12-15    1.85693979    0.08163963  105
WUHN 2004-12-16 2006-10-22    0.99271348    0.03274632  648
WUHN 2006-10-23 2007-05-06    0.00357519    0.05081357  180
WUHN 2007-05-07 2007-12-29   -0.88481421    0.06349868  229
WUHN 2007-12-30 2008-01-11    0.51634993    0.15827315   12
WUHN 2008-01-12 2009-02-06   -0.60567144    0.04354739  325
WUHN 2009-02-07 2011-05-23   -0.02112733    0.02995457  746
WUHN 2011-05-24 2016-03-17   -0.80461984    0.02517947 1108
WUHN 2016-03-18 2016-08-16    0.16870293    0.10982985  125
WUHN 2016-08-17 2022-03-23    1.15599017    0.04956199  203
WUHN 2022-03-24 2022-10-25    1.75269234    0.08155236  202
WUHN 2022-10-26 2024-07-01    0.88897383    0.03267145  575
WUHN 2024-07-02 2024-12-03    1.56330011    0.08476340  147
WUHN 2024-12-04 2025-01-04    0.39075704    0.13081120   19
WUHN 2025-01-05 2025-12-30    2.13314008    0.04505346  343
XIAN 1996-05-21 1996-10-21    2.62587214    0.14853730   71
XIAN 1996-10-22 1997-01-29    1.14236543    0.05979153   87
XIAN 1997-01-31 1997-04-26    0.29263489    0.08272367   72
XIAN 1997-04-28 1997-11-07    1.80081026    0.09486788  157
XIAN 1997-11-11 1997-11-18   -0.20905410    0.24197977    8
XIAN 1997-11-19 1997-11-24    2.60801866    0.34221107    4
XIAN 1997-11-25 1997-12-11   -0.00815485    0.14788026   13
XIAN 1997-12-12 1998-01-12    1.09909697    0.09223259   28
XIAN 1998-01-13 1998-01-24   -0.16530635    0.13920103   12
XIAN 1998-01-25 1998-02-15    1.25312547    0.11843421   21
XIAN 1998-02-19 1998-04-14    0.00639388    0.10427292   49
XIAN 1998-04-15 1998-11-30    2.52318132    0.08598170  137
XIAN 1998-12-01 1998-12-16    1.01644070    0.12298614   16
XIAN 1998-12-17 1998-12-21    2.65809803    0.22000429    5
XIAN 1998-12-22 1999-02-26    0.84168358    0.07213677   51
XIAN 1999-02-27 1999-04-05    0.01783650    0.13237788   32
XIAN 1999-04-06 1999-04-07    5.09864313    0.62578267    2
XIAN 1999-04-08 1999-06-08    0.85390736    0.16162078   45
XIAN 1999-06-10 1999-11-03    2.35114861    0.17239010   66
XIAN 1999-11-04 2007-02-20    0.26374083    0.05292300  241
XIAN 2007-03-03 2007-03-18   -1.55211738    0.24901464    9
XIAN 2007-03-19 2008-01-01   -0.03815546    0.07156776  157
XIAN 2008-01-02 2008-01-10    0.80002138    0.16073551    9
XIAN 2008-01-11 2008-02-15   -1.23520007    0.10754400   22
XIAN 2008-02-16 2010-12-22   -0.34089122    0.03089248  603
XIAN 2010-12-23 2011-06-27   -0.73342841    0.05353175  176
XIAN 2011-06-28 2011-07-09    1.90434205    0.42119634   12
XIAN 2011-07-11 2011-10-02   -1.17145262    0.15107252   80
XIAN 2011-10-03 2011-11-22    0.11188672    0.11172532   51
XMIS 2005-06-30 2009-11-21   -0.15380771    0.02991935 1351
XMIS 2009-11-22 2009-11-28   -3.15030075    0.43599122    7
XMIS 2009-11-29 2014-07-22   -0.04620566    0.02966567 1456
XMIS 2014-07-23 2014-07-25    4.09705167    0.60524430    3
XMIS 2014-07-26 2015-12-30   -0.31675807    0.04710700  510
XMIS 2015-12-31 2016-12-03    0.33553715    0.06259067  308
XMIS 2016-12-04 2016-12-11    3.87553348    0.43145791    8
XMIS 2016-12-12 2017-05-04    0.28748143    0.13073074  102
XMIS 2017-05-05 2017-08-04   -1.09314208    0.12528153   87
XMIS 2017-08-05 2019-04-27   -0.10976423    0.04699727  586
XMIS 2019-04-28 2019-04-29   -5.58782810    1.07279248    2
XMIS 2019-04-30 2022-08-13   -0.45518738    0.03328426 1127
XMIS 2022-08-14 2022-08-16   -5.45490714    0.50426625    3
XMIS 2022-08-17 2025-12-30   -0.72081127    0.03315312 1092
YAKT 2001-03-05 2001-11-20   -0.04259491    0.01990483  227
YAKT 2001-11-21 2002-04-18    0.42253023    0.01513653  128
YAKT 2002-04-19 2002-12-02   -0.39603167    0.02204012  213
YAKT 2002-12-03 2003-03-21   -0.07411762    0.01600966  106
YAKT 2003-03-22 2004-11-06   -0.40109057    0.01150355  525
YAKT 2004-11-07 2004-11-26   -1.03569799    0.03934066   19
YAKT 2004-11-27 2005-11-04   -0.22159174    0.01378450  298
YAKT 2005-11-14 2006-03-19   -0.73459516    0.01760273   88
YAKT 2006-03-20 2006-11-19   -0.33720655    0.02181726  225
YAKT 2006-11-21 2007-01-16    0.04243547    0.02445925   44
YAKT 2007-01-17 2007-02-05   -0.64160274    0.03747407   20
YAKT 2007-02-06 2008-01-17    0.09934651    0.01377894  312
YAKT 2008-01-18 2008-03-04    0.54947375    0.02393100   46
YAKT 2008-03-05 2009-11-23   -0.31883514    0.01064939  571
YAKT 2009-11-24 2010-04-18    0.20171879    0.01457420  144
YAKT 2010-04-19 2014-02-11   -0.28417127    0.00676803 1180
YAKT 2014-02-12 2014-04-02   -0.72507565    0.02500461   50
YAKT 2014-04-03 2015-10-31   -0.36079680    0.01151628  531
YAKT 2015-11-01 2016-01-22   -1.40915998    0.01814571   83
YAKT 2016-01-23 2016-02-09   -1.90957859    0.03851029   18
YAKT 2016-02-10 2016-03-25   -1.07737026    0.02748583   39
YAKT 2016-03-26 2017-01-28   -0.62503773    0.01473813  304
YAKT 2017-01-29 2017-03-20    0.28336986    0.02343320   51
YAKT 2017-03-21 2018-03-19   -0.48522749    0.01241223  333
YAKT 2018-03-20 2018-04-01   -1.58153936    0.05341339   13
YAKT 2018-04-04 2018-11-23   -0.17305065    0.02248364  229
YAKT 2018-11-24 2019-03-11   -0.92268898    0.01576547  108
YAKT 2019-03-12 2019-12-31   -0.60191886    0.01578752  283
YAKT 2020-01-01 2020-04-06   -0.97958931    0.01773089   97
YAKT 2020-04-08 2022-05-09   -0.57953280    0.00873044  697
YAKZ 1997-11-16 1998-12-10    0.31640619    0.01102195  309
YAKZ 1998-12-11 1999-02-27    0.13553153    0.01698980   74
YAKZ 1999-02-28 1999-08-29    0.42781087    0.02973921  141
YAKZ 1999-08-30 1999-09-13    0.98399863    0.11596257   15
YAKZ 1999-09-14 1999-11-01    0.18625560    0.04239006   49
YAKZ 1999-11-02 2000-01-01   -0.09622496    0.01955344   61
YAKZ 2000-01-02 2000-02-05    0.19312435    0.02334516   35
YAKZ 2000-02-06 2000-02-08    0.75072968    0.08754458    3
YAKZ 2000-02-09 2000-03-13    0.26352103    0.02661732   30
YAKZ 2000-03-14 2000-03-28    0.04389790    0.03508426   15
YAKZ 2000-03-29 2000-10-01    0.45271474    0.03249199  153
YAKZ 2000-10-02 2000-10-03    2.21909892    0.19183968    2
YAKZ 2000-10-04 2001-03-11    0.42174087    0.01243160  159
YAKZ 2001-03-12 2001-03-25    0.14956333    0.03631565   14
YAKZ 2001-03-26 2001-03-30    0.89168752    0.06076771    5
YAKZ 2001-03-31 2001-06-21    0.19204897    0.04235625   70
YAR1 1994-01-06 1995-10-25   -0.03900409    0.05070334  232
YAR1 1995-10-26 1995-12-28   -1.03067790    0.14569191   43
YAR1 1995-12-29 1996-06-04    0.13997597    0.09329157  120
YAR1 1996-06-09 1996-06-14   -2.59185966    0.36125766    5
YAR1 1996-06-15 1996-12-29   -0.27917676    0.06090365  141
YAR1 1996-12-31 1997-04-17    0.73889482    0.12007144   75
YAR1 1997-04-18 1997-09-24   -0.14891545    0.07969228   97
YAR1 1997-09-25 1999-04-30   -0.79766311    0.03842231  493
YAR1 1999-05-01 1999-05-29   -2.21257097    0.20988559   26
YAR1 1999-05-30 2002-05-11   -1.06733265    0.02951260  780
YAR2 1999-04-22 2004-09-14   -0.74946494    0.02251909  852
YAR2 2004-09-15 2004-11-21   -1.12195295    0.07383497   67
YAR2 2004-11-22 2004-12-05   -2.15115013    0.18410299   14
YAR2 2004-12-06 2006-11-20   -0.72431043    0.02562141  678
YAR2 2006-11-21 2011-02-10   -0.28934028    0.01771701 1451
YAR2 2011-02-12 2011-02-15   -3.52920503    0.52394280    3
YAR2 2011-02-16 2012-01-16   -0.46594039    0.03690209  316
YAR2 2012-01-17 2012-01-21    2.26368951    0.41863081    5
YAR2 2012-01-22 2014-11-20   -0.18278231    0.02129385  972
YAR2 2014-11-21 2017-12-07    0.09687490    0.02092468 1008
YAR2 2017-12-08 2017-12-10   -2.13291467    0.41574221    3
YAR2 2017-12-12 2020-09-29    0.22148109    0.02173691  956
YAR2 2020-09-30 2022-11-06   -0.06281708    0.02431336  747
YAR2 2022-11-07 2025-12-30   -0.32948317    0.02010747 1112
YAR3 2007-07-11 2011-02-10    0.13008825    0.01883874 1142
YAR3 2011-02-12 2011-02-15   -3.16254125    0.47840254    3
YAR3 2011-02-16 2012-01-16    0.06839452    0.03525893  320
YAR3 2012-01-17 2012-01-21    2.60793102    0.41100998    5
YAR3 2012-01-22 2012-12-03    0.23128925    0.03558362  310
YAR3 2012-12-04 2012-12-05    2.74150339    0.49779149    2
YAR3 2012-12-06 2015-02-14    0.05184998    0.02334611  781
YAR3 2015-02-15 2015-02-17    3.08979118    0.47840254    3
YAR3 2015-02-18 2017-03-06    0.16382651    0.02401201  714
YAR3 2017-03-07 2020-11-08    0.33675273    0.01762108 1295
YAR3 2020-11-09 2023-01-01    0.13091458    0.02381248  738
YAR3 2023-01-02 2024-12-19   -0.08037149    0.02413322  705
YAR3 2024-12-20 2025-01-01   -1.41711178    0.20681485   12
YAR3 2025-01-02 2025-12-30   -0.17749864    0.03385116  360
YARR 1998-11-09 1999-04-27   -0.38669694    0.08291503   93
YARR 1999-05-02 1999-05-20   -2.58911110    0.24184700    7
YARR 1999-05-22 2000-10-17   -0.63297942    0.03361246  382
YARR 2000-10-18 2000-10-30   -1.72345732    0.16014286   13
YARR 2000-10-31 2003-05-12   -0.55310372    0.02721778  604
YARR 2003-05-13 2004-09-14   -0.23514056    0.03920361  287
YARR 2004-09-15 2004-12-25   -0.91425587    0.06809839   92
YARR 2004-12-26 2004-12-26   -4.92878388    0.76426839    1
YARR 2004-12-28 2006-11-20   -0.47144213    0.02658585  646
YARR 2006-11-21 2011-02-10   -0.03912153    0.03053562  534
YARR 2011-02-12 2011-02-15   -3.41929836    0.50588627    3
YARR 2011-02-16 2012-01-17   -0.21936932    0.03790116  309
YARR 2012-01-18 2012-01-21    2.68925384    0.44445113    4
YARR 2012-01-22 2015-02-14   -0.24194169    0.02093797 1047
YARR 2015-02-15 2015-02-17    2.87676663    0.50588627    3
YARR 2015-02-18 2017-12-07    0.00344019    0.02132600  984
YARR 2017-12-08 2017-12-10   -2.10783612    0.44125056    3
YARR 2017-12-12 2021-06-19    0.17572696    0.01955303 1245
YARR 2021-06-20 2021-06-22   -2.38639261    0.37832183    3
YARR 2021-06-23 2024-07-12   -0.09486315    0.02050458 1090
YARR 2024-07-13 2025-12-30   -0.27645107    0.02865077  529
YCBA 2011-05-26 2011-07-02    1.97414174    0.17266882   38
YCBA 2011-07-03 2012-05-26    0.91994115    0.07323368  322
YCBA 2012-05-27 2012-06-04    4.02730302    0.37303837    9
YCBA 2012-06-05 2012-08-20    1.91115665    0.11660445   77
YCBA 2012-08-21 2013-12-15    0.92318889    0.05994788  473
YCBA 2013-12-16 2014-01-18    2.63177262    0.26819620   34
YCBA 2014-01-19 2014-05-14    0.20760809    0.12838389  116
YCBA 2014-05-15 2014-05-19   -2.62651863    0.52955177    5
YCBA 2014-05-20 2015-01-07    0.82924605    0.08330089  220
YCBA 2015-01-08 2015-03-23    1.98733615    0.18052477   75
YCBA 2015-03-24 2015-05-18    0.40652763    0.16670428   54
YCBA 2015-05-19 2015-05-20   -3.48865061    0.83729486    2
YCBA 2015-05-21 2015-07-31    1.54450004    0.12686315   66
YCBA 2015-08-01 2015-08-04   -1.90472345    0.53762459    4
YCBA 2015-08-05 2016-03-21    1.30114073    0.10189405  190
YCBA 2016-03-22 2016-04-15   -0.37808957    0.27541797   21
YCBA 2016-04-16 2016-07-29    1.83282543    0.10564674  104
YCBA 2016-07-30 2016-08-01    5.23931295    0.57969186    3
YCBA 2016-08-02 2017-04-10    0.55456075    0.08962061  247
YCBA 2017-04-11 2017-04-12   -4.78931959    0.84752440    2
YCBA 2017-04-13 2018-05-31    0.47037160    0.07350566  283
YCBA 2018-06-01 2018-06-09    2.94130917    0.35038832    9
YCBA 2018-06-10 2018-07-11    0.95472872    0.18073030   32
YCBA 2018-07-12 2018-07-15    3.47103654    0.48669077    4
YCBA 2018-07-16 2018-09-21    0.16511371    0.13383617   67
YCBA 2018-09-22 2018-09-27   -3.19649506    0.51524814    6
YCBA 2018-11-17 2019-06-07    0.27130007    0.10508133  173
YCBA 2019-06-08 2019-06-29    2.10323837    0.24115378   19
YEBE 2000-10-01 2000-10-06    1.12560638    0.26066854    6
YEBE 2000-10-07 2001-02-11   -0.21630918    0.04075985  125
YEBE 2001-02-12 2001-02-26    0.27789847    0.09687723   15
YEBE 2001-02-27 2001-03-26   -0.62376098    0.08399605   28
YEBE 2001-03-27 2004-12-07    0.07996904    0.01462520 1276
YEBE 2004-12-08 2004-12-09   -1.98703439    0.29742113    2
YEBE 2004-12-10 2005-03-09    0.25598276    0.04341211   90
YEBE 2005-03-10 2005-03-10    2.42607116    0.45152382    1
YEBE 2005-03-13 2005-04-25   -0.14948080    0.06806190   44
YEBE 2005-04-26 2005-08-23    0.55819060    0.06151104  115
YEBE 2005-08-24 2005-09-05    2.31292006    0.22326696   12
YEBE 2005-09-06 2005-11-17    0.07887126    0.07032816   70
YEBE 2005-11-18 2005-11-21   -1.21417290    0.23459945    4
YEBE 2005-11-22 2006-05-24    0.37310819    0.03385009  167
YEBE 2006-05-25 2006-07-16   -0.42329304    0.10586642   41
YEBE 2006-07-17 2008-02-19    0.25785923    0.02181217  557
YEBE 2008-02-20 2008-02-21   -1.25153108    0.26530922    2
YEBE 2008-02-22 2012-03-25    0.09495465    0.01355183 1429
YEBE 2012-03-26 2012-04-07   -0.80260306    0.12521643   13
YEBE 2012-04-08 2022-12-22    0.00404758    0.02072011  652
YEBE 2022-12-23 2025-12-30    0.55577090    0.01555170 1081
YELL 1994-01-06 1995-12-05    0.49571602    0.01377419  557
YELL 1995-12-06 1996-02-14    0.79413827    0.02663568   71
YELL 1996-02-15 1996-08-15    0.47908624    0.02668606  162
YELL 1996-08-16 1996-11-08   -0.27185988    0.04596077   78
YELL 1996-11-09 1997-05-19    0.13963511    0.01796157  191
YELL 1997-05-20 1998-01-30   -0.21004027    0.02152715  235
YELL 1998-01-31 1998-01-31    1.88742089    0.21882385    1
YELL 1998-02-01 2000-02-03    0.00706954    0.01169480  676
YELL 2000-02-04 2000-02-29   -0.45394342    0.04299934   26
YELL 2000-03-01 2000-08-08    0.10389438    0.02994488  141
YELL 2000-08-09 2000-11-15   -0.31234986    0.04145596   92
YELL 2000-11-16 2001-03-17    0.26026445    0.02062305  120
YELL 2001-03-18 2002-04-02   -0.16954184    0.01598952  354
YELL 2002-04-03 2004-11-29   -0.00578564    0.01064852  907
YELL 2004-11-30 2005-03-12   -0.27824421    0.02204384  103
YELL 2005-03-13 2006-01-24    0.12456427    0.01890523  306
YELL 2006-01-25 2006-03-17   -0.24456287    0.03037614   52
YELL 2006-03-18 2009-11-05   -0.00920844    0.00894324 1265
YELL 2009-11-06 2010-01-24   -0.50245155    0.02616481   80
YELL 2010-01-25 2010-03-03   -0.14757475    0.03602563   37
YELL 2010-03-04 2010-03-16    0.49561062    0.06068241   13
YELL 2010-03-17 2011-11-02    0.08514951    0.01462111  534
YELL 2011-11-03 2012-02-12   -0.22066887    0.02291573  102
YELL 2012-02-13 2012-07-08    0.12316088    0.02662774  140
YELL 2012-07-09 2012-12-18   -0.17836526    0.02846963  152
YELL 2012-12-19 2015-04-19    0.12247970    0.01038077  747
YELL 2015-04-20 2016-01-13   -0.13795935    0.02234146  252
YELL 2016-01-14 2023-12-26    0.06371055    0.00583921 2701
YELL 2023-12-27 2025-03-09   -0.11763616    0.01376414  417
YELL 2025-03-10 2025-12-30    0.13098828    0.02124614  262
YIBL 2003-07-14 2003-08-12   -1.02774273    0.32666049   23
YIBL 2003-08-13 2003-09-04    1.86933098    0.33335419   23
YIBL 2003-09-05 2003-09-09    5.35441332    0.64103637    5
YIBL 2003-09-12 2004-01-19   -0.33342911    0.09872172  103
YIBL 2004-01-20 2006-03-19    0.69029750    0.06159442  299
YIBL 2006-03-21 2006-03-21    6.58073153    0.85633036    1
YIBL 2006-03-27 2007-01-11    0.91290630    0.08702957  171
YIBL 2007-01-12 2007-01-13    4.25320398    0.52763228    2
YIBL 2007-01-14 2007-01-20    0.71122335    0.28203132    7
YIBL 2007-01-21 2007-01-21    5.15089314    0.74618473    1
YIBL 2007-01-22 2007-02-07    0.52891891    0.21143497   15
YIBL 2007-02-08 2007-03-25    1.92881785    0.15704097   32
YIBL 2007-03-27 2010-05-18    0.85870433    0.03876763  783
YIBL 2010-05-19 2010-05-22    4.51649380    0.57757693    4
YIBL 2010-05-23 2012-07-06    0.72104153    0.06381627  297
YIBL 2012-07-07 2012-08-05   -1.07626320    0.28188665   29
YIBL 2012-08-06 2012-08-13    3.46104780    0.58032843    8
YIBL 2012-08-14 2014-08-05    0.55057674    0.04759956  545
YIBL 2014-08-06 2023-11-28    1.32513047    0.06591680  247
YKRO 1999-07-19 1999-08-17    3.76055567    0.29985459   15
YKRO 1999-08-18 1999-09-05    1.51954636    0.29674276   17
YKRO 1999-09-06 1999-09-06   -6.39325052    1.23438935    1
YKRO 1999-09-07 2004-07-19    1.99774132    0.12780753  102
YKRO 2004-07-20 2004-07-23    8.65989571    0.55851471    4
YKRO 2004-07-24 2009-01-04    2.33788758    0.11080566  135
YKRO 2009-01-05 2009-01-28    5.56997521    0.34055470   21
YKRO 2009-01-29 2009-09-12    2.03062339    0.09674552  201
YKRO 2009-09-13 2009-11-20    0.77107318    0.14747111   69
YKRO 2009-11-21 2014-12-11    1.82242839    0.04981289  745
YKRO 2014-12-12 2015-01-17    4.38814747    0.26005984   37
YKRO 2015-01-18 2015-09-09    2.30268268    0.09321061  227
YKRO 2015-09-10 2015-11-12    0.93958554    0.15195496   64
YKRO 2015-11-13 2016-01-28    2.98502930    0.17837670   71
YKRO 2016-01-29 2016-12-13    1.62123657    0.09149053  227
YKRO 2016-12-14 2017-01-13    3.74951714    0.28440406   31
YKRO 2017-01-14 2017-01-15   11.00871713    1.10352336    2
YKRO 2017-01-16 2017-01-21    1.43455567    0.63711951    6
YKRO 2017-01-22 2017-01-24    8.15076601    0.90102305    3
YKRO 2017-01-25 2017-05-25    2.55648899    0.17467430   93
YKRO 2017-05-26 2017-07-13    0.79543374    0.25494611   23
YKRO 2017-07-14 2017-08-17    3.49539159    0.20533348   32
YKRO 2017-08-18 2017-12-03    1.77301065    0.12381698  101
YKRO 2017-12-04 2018-02-11    4.34093614    0.19461049   69
YKRO 2018-02-12 2019-11-07    1.45125356    0.13503927   92
YKRO 2019-11-08 2020-07-06    2.94067146    0.16557537   70
YKRO 2020-07-07 2023-07-04    0.81411693    0.04788583  861
YKRO 2023-07-05 2024-08-23    0.15393533    0.06942170  380
YKRO 2024-08-24 2025-01-05    1.07503943    0.11311939  133
YKRO 2025-01-06 2025-12-30    0.31276684    0.07541966  337
YSSK 1999-08-04 2000-04-19    0.08678555    0.01767328  205
YSSK 2000-04-20 2000-07-26    0.55189253    0.05868910   92
YSSK 2000-07-27 2002-12-19    0.08861404    0.00997331  817
YSSK 2002-12-20 2002-12-22   -0.42052892    0.10812509    3
YSSK 2002-12-23 2003-03-22    0.26072608    0.01886242   90
YSSK 2003-03-23 2003-03-27    0.95712181    0.11201371    5
YSSK 2003-03-28 2005-01-29    0.19044624    0.01151456  623
YSSK 2005-01-30 2005-02-06   -0.23015753    0.05638197    8
YSSK 2005-02-07 2007-11-10    0.20707424    0.00942368  921
YSSK 2007-11-11 2007-11-11    2.16964690    0.28175641    1
YSSK 2007-11-12 2010-05-16    0.14893767    0.00876740  833
YSSK 2010-05-17 2011-01-13    0.45325158    0.02230282  198
YSSK 2011-01-14 2011-01-24    0.08572844    0.05175498   11
YSSK 2011-01-25 2011-02-06    0.55022058    0.04544196   13
YSSK 2011-02-07 2011-02-21    0.05782932    0.04026721   15
YSSK 2011-02-22 2011-02-22    1.15599679    0.15595424    1
YSSK 2011-02-23 2012-11-03    0.22237079    0.01293113  566
YSSK 2012-11-04 2012-11-12    1.05364346    0.09391880    9
YSSK 2012-11-13 2013-02-23    0.32375342    0.01793630  103
YSSK 2013-02-24 2013-08-16    0.03623279    0.02956045  159
YSSK 2013-08-19 2014-11-11    0.24798321    0.01422902  403
YSSK 2014-11-12 2014-12-08   -0.11131858    0.04625320   27
YSSK 2014-12-09 2015-12-06    0.14509992    0.01526455  334
YSSK 2015-12-07 2016-01-16    0.37367214    0.02888193   39
YSSK 2016-01-17 2016-03-08    0.59992540    0.02338288   52
YSSK 2016-03-09 2019-12-08    0.22665779    0.00810767 1247
YSSK 2019-12-09 2020-02-22    0.38668532    0.02037511   70
YSSK 2020-02-23 2021-01-01    0.12203502    0.01917286  294
YSSK 2021-01-02 2021-02-15    0.33918210    0.02473164   45
YSSK 2021-02-16 2022-05-09    0.16943011    0.01348516  384
ZAMB 2002-06-03 2002-08-13    1.47737153    0.07406218   65
ZAMB 2002-08-14 2002-08-23   -0.76779054    0.20775295   10
ZAMB 2002-08-24 2003-05-31    0.95175221    0.05999543  244
ZAMB 2003-06-01 2003-06-02    4.15012644    0.42909371    2
ZAMB 2003-06-03 2003-08-22    1.20413859    0.07113009   71
ZAMB 2003-08-23 2003-08-31   -0.17569303    0.21899083    9
ZAMB 2003-09-01 2003-10-29    1.50803396    0.10300425   59
ZAMB 2003-10-30 2004-04-16    0.70743804    0.08319091  170
ZAMB 2004-04-17 2004-06-30    2.12594620    0.08420665   74
ZAMB 2004-07-01 2004-10-21    1.47845679    0.06362262  110
ZAMB 2004-10-22 2004-12-03    3.04211027    0.19450382   26
ZAMB 2004-12-04 2005-02-17    0.56575716    0.16869592   43
ZAMB 2005-02-18 2006-06-13    2.11080475    0.07891967  115
ZAMB 2006-06-14 2008-05-04    1.14253090    0.03284618  611
ZAMB 2008-05-05 2008-05-06    4.19652348    0.56406025    2
ZAMB 2008-05-07 2012-04-17    0.55378153    0.09741758  110
ZAMB 2012-04-18 2014-10-10    1.13499326    0.02704954  821
ZAMB 2014-10-11 2016-07-05    0.65985633    0.04782162  341
ZAMB 2016-07-06 2016-08-23    1.50366932    0.08596735   49
ZAMB 2016-08-24 2017-06-02    0.53586150    0.05577479  281
ZAMB 2017-06-03 2017-07-03    1.45930038    0.10814704   31
ZAMB 2017-07-04 2019-05-12    0.81785448    0.03409133  542
ZAMB 2019-05-13 2019-05-17    2.99715989    0.35674302    5
ZAMB 2019-05-18 2019-11-23    1.01490384    0.05284668  165
ZAMB 2019-11-24 2020-11-17    0.29026261    0.04544334  296
ZAMB 2020-11-18 2021-03-09    0.96553632    0.10494860  110
ZAMB 2021-03-10 2022-11-03    0.12901173    0.03231521  579
ZAMB 2022-11-04 2023-01-20    0.98164290    0.12120701   78
ZAMB 2023-01-21 2025-12-30    0.31023670    0.03635727  431
ZECK 1997-07-13 1998-04-25    0.67177556    0.03148646  248
ZECK 1998-04-26 1998-11-07    1.49714024    0.05960861  192
ZECK 1998-11-08 1999-06-07    0.73945627    0.03241804  204
ZECK 1999-06-08 1999-06-25    2.27490909    0.22023514   17
ZECK 1999-06-26 2001-08-05    0.56969142    0.02126980  669
ZECK 2001-08-06 2001-08-08   -3.63884104    0.59477207    3
ZECK 2001-08-09 2005-10-10    0.45799549    0.01612760 1219
ZECK 2006-07-30 2006-09-15    2.16970718    0.15531695   42
ZECK 2006-09-16 2007-05-18    0.79728058    0.03162171  234
ZECK 2007-05-19 2007-08-25    1.57285594    0.10195543   85
ZECK 2007-08-28 2008-04-23    0.77444100    0.03140491  236
ZECK 2008-04-24 2008-04-24    5.53286262    0.59324496    1
ZECK 2008-04-28 2008-12-04    1.11599547    0.05104562  216
ZECK 2008-12-05 2010-10-21    0.71332104    0.02165428  647
ZECK 2010-10-22 2010-12-18    1.16026467    0.06712338   55
ZECK 2010-12-19 2013-04-21    0.57893186    0.01858989  775
ZECK 2013-04-22 2013-11-02    0.14728566    0.06307297  181
ZECK 2013-11-03 2013-11-10    1.72929789    0.18268378    8
ZECK 2013-11-11 2015-03-26    0.59935577    0.02278267  484
ZECK 2015-03-27 2015-03-28    2.69614100    0.29812183    2
ZECK 2015-03-29 2017-08-04    0.49793760    0.02017076  790
ZECK 2017-08-08 2017-09-22    1.90068539    0.16440811   36
ZECK 2017-09-23 2018-09-26    0.65219011    0.02971724  346
ZECK 2018-09-27 2019-11-06    0.85813980    0.02891754  382
ZECK 2019-11-07 2019-11-19    1.86603585    0.14330895   13
ZECK 2019-11-20 2022-12-03    0.78680152    0.01672626 1079
ZECK 2022-12-04 2022-12-05   -1.30269881    0.29897793    2
ZECK 2022-12-06 2024-04-16    0.83426061    0.02292145  452
ZECK 2024-04-17 2024-04-28    1.97272245    0.17125507   12
ZECK 2024-04-29 2025-12-30    0.64542330    0.02433457  590
ZIM2 2007-11-10 2007-12-20   -0.47963811    0.07211248   41
ZIM2 2007-12-21 2008-01-01    0.77866994    0.12066056   12
ZIM2 2008-01-02 2008-04-07   -0.35673417    0.04099320   97
ZIM2 2008-04-08 2008-10-29   -0.90113579    0.04487591  200
ZIM2 2008-10-31 2009-04-02   -0.30998981    0.03406084  154
ZIM2 2009-04-03 2009-05-24   -0.73384905    0.07521227   41
ZIM2 2009-05-26 2011-09-29   -0.02411345    0.01839798  831
ZIM2 2011-09-30 2011-10-03    2.47940763    0.31666257    4
ZIM2 2011-10-04 2012-03-14    0.05886221    0.03484652  161
ZIM2 2012-03-15 2014-04-21   -0.15957334    0.01858964  738
ZIM2 2014-04-22 2014-04-24   -2.03411203    0.26190954    3
ZIM2 2014-04-25 2014-10-19   -0.33450369    0.05063061  175
ZIM2 2014-10-20 2015-04-18   -0.02208738    0.03306620  172
ZIM2 2015-04-19 2015-04-19   -3.01970115    0.45364063    1
ZIM2 2015-04-20 2015-11-16   -0.01902564    0.04588258  197
ZIM2 2015-11-17 2016-03-08   -0.39963464    0.03925922  110
ZIM2 2016-03-09 2017-12-06    0.10480155    0.02139709  623
ZIM2 2017-12-07 2018-01-06   -0.42774846    0.07439886   31
ZIM2 2018-01-07 2018-01-09    1.30369078    0.22492854    3
ZIM2 2018-01-10 2018-04-26   -0.10260127    0.03989927  107
ZIM2 2018-04-27 2018-05-06    0.98732890    0.15888918   10
ZIM2 2018-05-07 2020-08-08    0.01920539    0.01850181  787
ZIM2 2020-08-09 2020-08-20   -1.37774141    0.22937145   12
ZIM2 2020-08-21 2022-07-12   -0.14195374    0.01931631  670
ZIM2 2022-07-13 2022-09-12   -0.89355179    0.10586239   54
ZIM2 2022-09-13 2023-09-04   -0.08453230    0.02701260  352
ZIM2 2023-09-05 2023-09-10   -2.22833864    0.30013742    6
ZIM2 2023-09-11 2025-12-30    0.00715863    0.01794600  810
ZIM3 2017-01-30 2017-12-06    0.08692658    0.03063289  305
ZIM3 2017-12-07 2018-01-06   -0.43360196    0.08791095   27
ZIM3 2018-01-07 2018-01-09    1.29580275    0.22497802    3
ZIM3 2018-01-10 2018-04-26   -0.07603765    0.03999458  105
ZIM3 2018-04-27 2018-05-06    0.99531342    0.15536687    9
ZIM3 2018-05-07 2020-08-08    0.02554299    0.01853206  786
ZIM3 2020-08-09 2020-08-18   -1.37002485    0.24453303   10
ZIM3 2020-08-19 2022-03-07   -0.10972533    0.02135446  555
ZIM3 2022-03-08 2022-11-25   -0.36939364    0.03632195  241
ZIM3 2022-11-26 2023-09-04   -0.04605033    0.02941948  279
ZIM3 2023-09-05 2023-09-10   -2.10940550    0.30299259    6
ZIM3 2023-09-11 2025-12-30   -0.02588423    0.01809595  809
ZIMJ 1999-02-08 2001-04-30   -0.12395190    0.02073218  606
ZIMJ 2001-05-01 2001-11-16    0.40612816    0.05229354  164
ZIMJ 2001-11-17 2005-05-25   -0.06418139    0.01487251 1190
ZIMJ 2005-05-26 2005-05-29   -3.12182090    0.40923072    2
ZIMJ 2005-05-30 2005-11-05   -0.05928227    0.05889154  148
ZIMJ 2005-11-06 2005-11-07    2.14098103    0.33022924    2
ZIMJ 2005-11-08 2006-02-14    0.16699124    0.04522566   92
ZIMJ 2006-02-15 2006-06-07   -0.20613442    0.04650433  109
ZIMJ 2006-06-08 2006-07-30   -1.18414975    0.12807198   39
ZIMJ 2006-07-31 2007-10-04    0.05151099    0.02762384  400
ZIMJ 2007-10-05 2007-11-05    0.83432943    0.10593297   32
ZIMJ 2007-11-06 2007-12-20   -0.16054357    0.07653599   35
ZIMJ 2007-12-21 2007-12-26    1.35549685    0.17787641    6
ZIMJ 2007-12-29 2010-04-07   -0.05621445    0.01979200  700
ZIMJ 2010-04-08 2013-05-24    0.25702872    0.04593412  205
ZIMJ 2013-05-25 2015-04-18   -0.15575411    0.02033889  668
ZIMJ 2015-04-19 2015-04-19   -2.86597614    0.49823318    1
ZIMJ 2015-04-20 2015-11-16    0.12058345    0.04584668  202
ZIMJ 2015-11-17 2016-03-08   -0.50600203    0.04016488  112
ZIMJ 2016-03-09 2017-01-03    0.28633322    0.03687831  195
ZIMJ 2017-01-04 2017-03-09   -0.02903496    0.05128777   65
ZIMJ 2017-03-10 2017-11-21    0.51011049    0.03775856  251
ZIMJ 2017-11-22 2018-01-06   -0.22341786    0.06474556   46
ZIMJ 2018-01-07 2018-01-09    1.47083451    0.24257113    3
ZIMJ 2018-01-10 2018-04-09    0.00775391    0.04446355   90
ZIMJ 2018-04-10 2018-05-14    0.83708356    0.09039989   34
ZIMJ 2018-05-15 2018-10-07    0.25378311    0.06167813  141
ZIMJ 2018-10-08 2018-11-10    0.97141826    0.09773759   34
ZIMJ 2018-11-11 2019-04-09    0.04998089    0.03601880  141
ZIMJ 2019-04-10 2019-09-09    0.50775592    0.05724406  134
ZIMM 1994-01-06 1994-06-17   -0.45664590    0.03691110  150
ZIMM 1994-06-18 1994-08-09   -1.52101609    0.11356468   47
ZIMM 1994-08-10 1995-12-28   -0.58821155    0.02401695  463
ZIMM 1995-12-29 1996-01-02   -2.66703002    0.23165641    3
ZIMM 1996-01-03 1996-12-31   -0.52718157    0.02704818  354
ZIMM 1997-01-01 1997-01-23   -0.98423984    0.08165888   23
ZIMM 1997-01-24 2003-04-30   -0.37104404    0.01071886 2186
ZIMM 2003-05-01 2003-05-06    1.36290303    0.22971528    6
ZIMM 2003-05-09 2005-10-16   -0.34302619    0.01806158  842
ZIMM 2005-10-17 2005-10-19   -2.52791482    0.36096876    3
ZIMM 2005-10-20 2006-02-14   -0.07209552    0.04014433  115
ZIMM 2006-02-15 2006-07-10   -0.55871757    0.04198118  143
ZIMM 2006-07-11 2006-07-30   -2.44496658    0.22103497   13
ZIMM 2006-07-31 2007-04-19   -0.13093772    0.03095952  242
ZIMM 2007-04-20 2007-04-30   -1.25434143    0.14331792   10
ZIMM 2007-05-01 2007-12-20   -0.22987382    0.03958019  231
ZIMM 2007-12-21 2008-01-01    0.96581384    0.11692345   12
ZIMM 2008-01-02 2011-10-03   -0.20325011    0.01394329 1329
ZIMM 2011-10-04 2011-11-01   -1.72575328    0.11479019   29
ZIMM 2011-11-02 2015-04-18   -0.25385916    0.01416130 1212
ZIMM 2015-04-19 2015-04-19   -3.03813152    0.45321107    1
ZIMM 2015-04-20 2015-11-16   -0.05310759    0.04553394  198
ZIMM 2015-11-17 2016-03-08   -0.60381575    0.03822615  113
ZIMM 2016-03-09 2017-03-09   -0.02962363    0.02668826  358
ZIMM 2017-03-10 2017-10-14    0.31607497    0.04060440  212
ZIMM 2017-10-15 2018-04-09   -0.15537250    0.03244893  175
ZIMM 2018-04-10 2018-05-14    0.58379517    0.08263131   35
ZIMM 2018-05-15 2020-08-08    0.02090748    0.01830647  802
ZIMM 2020-08-09 2023-01-18   -0.16246308    0.01737914  851
ZIMM 2023-01-19 2025-12-30    0.03971728    0.01572071 1045
ZWE2 2004-10-27 2005-03-31    0.39595502    0.02561934  144
ZWE2 2005-04-01 2005-09-02    0.99756806    0.04694394  145
ZWE2 2005-09-03 2005-10-08    1.98883172    0.09829068   34
ZWE2 2005-10-09 2005-10-13    3.54035167    0.22216966    5
ZWE2 2005-10-14 2006-01-07    0.71238191    0.03970993   77
ZWE2 2006-01-08 2006-01-09    2.19177135    0.18783992    2
ZWE2 2006-01-10 2006-01-26    0.58496793    0.06442856   17
ZWE2 2006-01-27 2006-03-13    0.16264346    0.04413314   45
ZWE2 2006-03-14 2006-12-08    0.67026535    0.03033613  238
ZWE2 2006-12-09 2006-12-12    1.99523965    0.16302816    4
ZWE2 2006-12-13 2007-01-18    0.71200867    0.04801302   37
ZWE2 2007-01-19 2007-03-03    0.25076701    0.04522547   40
ZWE2 2007-03-04 2007-05-22    0.72520554    0.04356718   79
ZWE2 2007-05-24 2007-06-19    1.95428376    0.16434803   12
ZWE2 2007-06-20 2009-06-22    0.51394323    0.01526913  676
ZWE2 2009-06-23 2010-04-06    0.38290691    0.02280643  269
ZWE2 2010-04-07 2010-04-12    1.62970556    0.17219935    6
ZWE2 2010-04-13 2013-01-27    0.40869913    0.01349956  921
ZWE2 2013-01-28 2013-02-10   -0.12581550    0.07663847   14
ZWE2 2013-02-11 2013-02-27    0.75077988    0.07196733   17
ZWE2 2013-02-28 2013-05-06    0.28891692    0.04508941   65
ZWE2 2013-05-07 2013-08-23   -0.21673940    0.06338113  102
ZWE2 2013-08-24 2014-05-02    0.35143603    0.02268935  245
ZWE2 2014-05-03 2014-11-09    0.00102311    0.04419590  170
ZWE2 2014-11-10 2014-12-17    0.92542169    0.05922251   32
ZWE2 2014-12-19 2016-01-11    0.30784201    0.01998803  369
ZWE2 2016-01-12 2016-01-29   -0.16050846    0.06261331   18
ZWE2 2016-01-30 2017-01-28    0.29253235    0.02212948  268
ZWE2 2017-01-29 2017-01-30    1.67638449    0.18783992    2
ZWE2 2017-01-31 2017-05-30    0.37433751    0.04281873   78
ZWEN 1995-03-17 1995-06-08    0.84733259    0.08688026   33
ZWEN 1995-06-09 1995-06-20    2.42857397    0.22622601   12
ZWEN 1995-06-21 1996-01-07    0.81235434    0.03591965  176
ZWEN 1996-01-08 1996-01-15    1.97982838    0.11443745    8
ZWEN 1996-01-17 1996-10-29    0.86088145    0.02965417  249
ZWEN 1996-10-30 1996-11-24    0.48604872    0.07532787   23
ZWEN 1996-11-25 1996-11-25    2.40424948    0.35287551    1
ZWEN 1996-11-26 1996-11-30   -0.00324032    0.15781073    5
ZWEN 1996-12-01 1996-12-14    1.49009137    0.08879733   12
ZWEN 1996-12-15 1997-08-26    0.88700352    0.03266752  176
ZWEN 1997-08-27 1997-08-29    3.54893352    0.46174609    3
ZWEN 1997-08-30 1997-11-08    0.54274920    0.06401589   68
ZWEN 1997-11-09 1998-01-30    1.27502138    0.03598954   81
ZWEN 1998-01-31 1998-03-16    0.95553008    0.04742528   44
ZWEN 1998-03-17 1998-04-01    1.55193383    0.08305311   16
ZWEN 1998-04-02 1998-12-28    0.79391579    0.03187225  237
ZWEN 1998-12-29 1999-01-26    1.44477767    0.05977482   29
ZWEN 1999-01-27 1999-06-06    0.79427782    0.03480780  124
ZWEN 1999-06-07 1999-07-17    1.81743306    0.13787187   34
ZWEN 1999-07-21 1999-10-31    0.47934317    0.07827875   65
ZWEN 1999-11-01 1999-11-01    3.34093041    0.35287551    1
ZWEN 1999-11-02 2003-01-18    0.51762159    0.01707944  496
ZWEN 2003-01-19 2004-03-07    0.76802468    0.03336786   89
ZWEN 2004-03-08 2004-03-15    1.55100620    0.11558075    8
ZWEN 2004-03-16 2004-05-08    0.98343948    0.05861618   50
ZWEN 2004-05-09 2004-05-28   -0.18018069    0.16387651   14
ZWEN 2004-05-29 2004-11-05    0.58520209    0.05544596  138
