name     tbegin       tend     mu_L     mu_R     se_L     se_R  np_L  np_R    tstat       pval signif
ABMF 2014-08-04 2014-11-23  -0.3913  -0.2624  +0.0698  +0.0688   195   218  -1.3146  1.886e-01     0
ABMF 2015-09-15 2015-11-26  -0.2624  -0.2335  +0.0688  +0.0517   218   368  -0.3357  7.371e-01     0
ABMF 2017-11-03 2017-11-04  -0.2335  +0.1486  +0.0517  +0.0219   368  2152  -6.8032  1.023e-11     1
ABMF 2024-02-09 2024-02-10  +0.1486  +0.0610  +0.0219  +0.0643  2152   235  +1.2901  1.970e-01     0
ABMF 2024-10-03 2024-10-24  +0.0610  +0.2264  +0.0643  +0.0589   235   293  -1.8971  5.781e-02     0
ABMF 2025-08-15 2025-08-18  +0.2264  +0.4741  +0.0589  +0.0951   293   134  -2.2149  2.676e-02     0
ABPO 2014-09-23 2015-07-24  -0.5227  -0.3922  +0.0600  +0.0625   196   228  -1.5062  1.320e-01     0
ABPO 2016-03-27 2016-03-29  -0.3922  -0.3478  +0.0625  +0.0497   228   254  -0.5560  5.782e-01     0
ABPO 2020-04-07 2020-05-11  +0.0669  -0.3088  +0.0425  +0.0505   542   326  +5.6933  1.246e-08     1
ABPO 2021-04-07 2021-06-15  -0.3088  -0.5857  +0.0505  +0.0618   326   154  +3.4713  5.179e-04     1
ABPO 2021-11-17 2021-11-23  -0.5857  -0.3649  +0.0618  +0.0403   154   608  -2.9946  2.748e-03     1
ABPO 2024-08-18 2025-05-04  +0.3863       NA  +0.0624       NA   231    NA       NA         NA    NA
ADE1 2000-05-02 2000-05-02  +0.2462  +0.6754  +0.0345  +0.0159   344  1564 -11.3011  1.296e-29     1
ADE1 2006-01-03 2006-02-15  +0.3100  +0.5189  +0.0329  +0.0161   382  1540  -5.7022  1.183e-08     1
ADIS 2010-01-23 2010-01-24  +0.1485  +0.3065  +0.0428  +0.0538   356   223  -2.2976  2.159e-02     1
ADIS 2010-12-06 2011-01-13  +0.3065  +0.2230  +0.0538  +0.0402   223   394  +1.2422  2.142e-01     0
ADIS 2013-01-26 2013-04-05  +0.5638  +0.3336  +0.0506  +0.0298   255   752  +3.9202  8.846e-05     1
ADIS 2015-09-25 2016-01-30  +0.3336  +0.0796  +0.0298  +0.0541   752   232  +4.1131  3.904e-05     1
ADIS 2019-01-16 2019-01-24  +0.5688  +0.5661  +0.0326  +0.0736   603   134  +0.0332  9.735e-01     0
ADIS 2019-10-30 2019-12-26  +0.5661  +0.2734  +0.0736  +0.0448   134   315  +3.3971  6.811e-04     1
ADIS 2021-02-05 2022-04-24  +0.2734  +0.2300  +0.0448  +0.0365   315   489  +0.7511  4.526e-01     0
ADIS 2024-01-03 2024-03-01  +0.2300  +0.1857  +0.0365  +0.0322   489   636  +0.9092  3.632e-01     0
AIRA 2005-06-24 2005-07-13  -0.1796  +0.2156  +0.0258  +0.0869   835   125  -4.3604  1.298e-05     1
AIRA 2008-09-12 2008-10-05  -0.3180  -0.5694  +0.0233  +0.0511   988   134  +4.4773  7.558e-06     1
AIRA 2009-02-24 2009-02-26  -0.5694  -0.5928  +0.0511  +0.0413   134   330  +0.3553  7.223e-01     0
AIRA 2010-02-07 2010-03-03  -0.5928  -0.8654  +0.0413  +0.0366   330   407  +4.9361  7.970e-07     1
AIRA 2011-10-27 2011-11-11  -1.4536  -0.8493  +0.0799  +0.0434   167   232  -6.6496  2.939e-11     1
AIRA 2025-09-28 2025-12-30  -0.4339       NA  +0.0244       NA   950    NA       NA         NA    NA
ALBH 1994-01-06 1994-04-10       NA  +0.4125       NA  +0.0329    NA   352       NA         NA    NA
ALBH 1995-06-29 1995-08-17  +0.4125  +0.2436  +0.0329  +0.0259   352   526  +4.0306  5.564e-05     1
ALBH 1997-01-31 1997-02-11  +0.2436  +0.0580  +0.0259  +0.0390   526   258  +3.9673  7.271e-05     1
ALBH 1997-11-08 1998-02-21  +0.0580  -0.0573  +0.0390  +0.0502   258   121  +1.8154  6.946e-02     0
ALBH 1998-06-23 1998-08-03  -0.0573  +0.3177  +0.0502  +0.0227   121   657  -6.8098  9.777e-12     1
ALBH 2000-06-30 2000-08-01  +0.3177  +0.1945  +0.0227  +0.0226   657   670  +3.8485  1.189e-04     1
ALBH 2002-06-20 2002-11-05  +0.1945  +0.2927  +0.0226  +0.0238   670   557  -2.9938  2.755e-03     1
ALBH 2004-05-30 2004-07-24  +0.2927  +0.2168  +0.0238  +0.0133   557  1984  +2.7862  5.333e-03     1
ALBH 2013-06-03 2013-09-15  +0.1064  +0.0743  +0.0187  +0.0342   946   254  +0.8243  4.098e-01     0
ALBH 2014-06-02 2014-06-11  +0.0743  +0.2645  +0.0342  +0.0233   254   641  -4.5999  4.226e-06     1
ALBH 2022-09-26 2022-10-17  +0.7148  +0.7163  +0.0124  +0.0174  2312  1148  -0.0724  9.422e-01     0
ALGO 1994-01-06 1994-03-01       NA  +0.4886       NA  +0.0469    NA   146       NA         NA    NA
ALGO 1994-08-26 1994-11-04  +0.4886  +0.2136  +0.0469  +0.0244   146   307  +5.2066  1.923e-07     1
ALGO 1996-01-24 1996-02-23  +0.2136  +0.0954  +0.0244  +0.0264   307   307  +3.2941  9.873e-04     1
ALGO 1997-01-25 1997-03-22  +0.0954  +0.1693  +0.0264  +0.0312   307   262  -1.8095  7.037e-02     0
ALGO 1998-01-09 1998-02-28  +0.1693  -0.1721  +0.0312  +0.0347   262   253  +7.3167  2.541e-13     1
ALGO 1998-11-30 1998-12-12  -0.1721  -0.0160  +0.0347  +0.0180   253   585  -3.9957  6.450e-05     1
ALGO 2006-12-01 2006-12-13  +0.0412  +0.1349  +0.0117  +0.0187  1529   463  -4.2543  2.097e-05     1
ALGO 2008-04-18 2008-04-22  +0.1349  +0.0744  +0.0187  +0.0126   463  1248  +2.6852  7.250e-03     1
ALGO 2012-03-18 2012-03-22  +0.0744  +0.0676  +0.0126  +0.0197  1248   562  +0.2937  7.690e-01     0
ALGO 2013-12-22 2014-01-08  +0.0676  +0.0566  +0.0197  +0.0076   562  3181  +0.5186  6.040e-01     0
ALGO 2024-01-24 2024-03-15  +0.0566  +0.0810  +0.0076  +0.0194  3181   554  -1.1701  2.419e-01     0
ALIC 1995-02-21 1996-10-08       NA  +0.0981       NA  +0.0354    NA   319       NA         NA    NA
ALIC 1998-03-01 1998-08-13  +0.0981  -1.1133  +0.0354  +0.0509   319   194 +19.5331  5.742e-85     1
ALIC 1999-04-02 1999-04-03  -1.1133  -1.4872  +0.0509  +0.0362   194   241  +5.9849  2.166e-09     1
ALIC 2000-06-14 2000-11-06  -0.3752  -0.6606  +0.0557  +0.0431   145   242  +4.0491  5.141e-05     1
ALIC 2001-07-18 2001-07-22  -0.6606  -0.7755  +0.0431  +0.0286   242   406  +2.2195  2.646e-02     0
ALIC 2023-07-27 2023-07-30  -0.6493  -0.2769  +0.0247  +0.0489   651   160  -6.8003  1.044e-11     1
ALRT 2002-11-20 2002-12-22       NA  +0.3795       NA  +0.0122    NA   139       NA         NA    NA
ALRT 2003-05-15 2003-07-14  +0.3795  +0.5224  +0.0122  +0.0080   139   475  -9.7979  1.149e-22     1
ALRT 2004-12-11 2005-03-13  +0.5224  +0.5723  +0.0080  +0.0087   475   370  -4.2148  2.500e-05     1
ALRT 2006-04-09 2006-04-28  +0.5723  +0.5346  +0.0087  +0.0165   370   189  +2.0143  4.397e-02     0
ALRT 2006-11-11 2007-02-04  +0.5346  +0.3009  +0.0165  +0.0125   189   231 +11.2789  1.668e-29     1
ALRT 2007-09-29 2008-05-07  +0.3009  +0.6916  +0.0125  +0.0097   231   307 -24.6856 1.526e-134     1
ALRT 2010-11-19 2011-04-25  +0.5174  +0.4255  +0.0077  +0.0058   547   910  +9.5216  1.706e-21     1
ALRT 2014-01-25 2014-04-19  +0.4255  +0.4278  +0.0058  +0.0156   910   195  -0.1387  8.897e-01     0
ALRT 2019-02-18 2025-12-14  +0.5573       NA  +0.0087       NA   383    NA       NA         NA    NA
AMC2 1998-10-22 1999-03-08       NA  -0.3651       NA  +0.0482    NA   128       NA         NA    NA
AMC2 1999-11-17 2000-03-25  -0.3651  -0.4512  +0.0482  +0.0467   128   175  +1.2814  2.000e-01     0
AMC2 2001-09-10 2001-09-13  -0.9584  -1.0985  +0.0213  +0.0215   308   267  +4.6214  3.812e-06     1
AMC2 2003-02-04 2003-02-15  -0.5846  -0.6759  +0.0265  +0.0114   207  1237  +3.1651  1.551e-03     1
AMC2 2006-09-16 2006-11-28  -0.6759  -0.6369  +0.0114  +0.0222  1237   303  -1.5587  1.191e-01     0
AMC2 2007-11-09 2008-02-13  -0.6369  -0.9271  +0.0222  +0.0148   303   683 +10.8824  1.398e-27     1
AMC2 2010-02-18 2010-02-25  -0.9271  -1.0802  +0.0148  +0.0280   683   271  +4.8392  1.304e-06     1
AMC2 2011-09-27 2011-10-04  -0.8418  -0.8717  +0.0242  +0.0201   270   392  +0.9521  3.410e-01     0
AMC2 2012-11-09 2012-11-10  -0.8717  -0.9677  +0.0201  +0.0150   392   693  +3.8242  1.312e-04     1
AMC2 2014-12-04 2014-12-07  -0.9677  -0.9567  +0.0150  +0.0244   693   200  -0.3825  7.021e-01     0
AMC2 2015-07-11 2015-09-09  -0.9567  -0.8756  +0.0244  +0.0180   200   441  -2.6756  7.459e-03     1
AMC2 2016-12-26 2017-04-17  -0.8756  -0.7446  +0.0180  +0.0217   441   329  -4.6474  3.362e-06     1
ANKR 1997-04-23 1997-04-27  +0.3024  +0.6266  +0.0213  +0.0466   497   171  -6.3238  2.552e-10     1
ANKR 1997-12-01 1998-01-07  +0.6266  +0.8195  +0.0466  +0.0341   171   204  -3.3411  8.345e-04     1
ANKR 1999-07-13 2000-09-15  +0.2200  -0.1405  +0.0305  +0.0329   201   143  +8.0309  9.673e-16     1
ANKR 2001-04-23 2001-09-04  -0.1405  -0.2540  +0.0329  +0.0269   143   326  +2.6682  7.627e-03     1
ANKR 2002-12-29 2003-06-14  -0.5728  -0.7442  +0.0449  +0.0460   120   165  +2.6652  7.695e-03     1
ANKR 2010-03-19 2010-03-27  -0.3909  -0.4172  +0.0192  +0.0131   658  1349  +1.1312  2.580e-01     0
ANKR 2014-04-20 2014-04-25  -0.4172  -0.3620  +0.0131  +0.0260  1349   381  -1.8975  5.776e-02     0
ANKR 2015-06-02 2015-08-08  -0.3620  -0.3869  +0.0260  +0.0189   381   693  +0.7768  4.373e-01     0
ANKR 2019-09-04 2019-09-14  -0.8721  -1.3058  +0.0191  +0.0267   645   379 +13.1880  1.029e-39     1
ANKR 2021-11-02 2021-12-23  -1.0342       NA  +0.0288       NA   220    NA       NA         NA    NA
ANTC 2002-07-02 2002-11-24       NA  +0.6931       NA  +0.0504    NA   251       NA         NA    NA
ANTC 2004-05-05 2004-05-20  +0.1536  +0.3064  +0.0783  +0.0241   147  1060  -1.8654  6.212e-02     0
ANTC 2007-09-29 2008-03-14  +0.3064  +0.2022  +0.0241  +0.0456  1060   260  +2.0215  4.323e-02     0
ANTC 2008-12-01 2008-12-12  +0.2022  +0.4192  +0.0456  +0.0877   260   133  -2.1963  2.807e-02     0
ANTC 2009-04-28 2009-06-11  +0.4192  +0.0846  +0.0877  +0.0473   133   282  +3.3584  7.838e-04     1
ANTC 2010-04-04 2010-04-10  +0.0846  +0.0430  +0.0473  +0.0363   282   459  +0.6977  4.854e-01     0
ANTC 2011-07-21 2011-09-12  +0.0430  +0.1509  +0.0363  +0.0463   459   318  -1.8333  6.675e-02     0
ANTC 2012-07-30 2012-08-08  +0.1509  -0.0748  +0.0463  +0.0546   318   237  +3.1519  1.622e-03     1
ANTC 2013-04-24 2013-04-26  -0.0748  -0.3566  +0.0546  +0.0610   237   121  +3.4400  5.816e-04     1
ANTC 2013-09-08 2013-09-11  -0.3566  +0.1309  +0.0610  +0.0318   121   586  -7.0842  1.399e-12     1
ANTC 2021-02-06 2021-02-07  +0.1309  +0.5404  +0.0318  +0.0679   586   141  -5.4605  4.749e-08     1
ANTC 2021-07-12 2021-07-24  +0.5404  +0.2662  +0.0679  +0.0245   141  1063  +3.7976  1.461e-04     1
AOML 1998-06-05 1998-08-15  -0.6636  -1.0639  +0.0795  +0.0658   178   312  +3.8779  1.054e-04     1
AOML 1999-07-22 1999-10-03  -1.0639  -1.2048  +0.0658  +0.0771   312   215  +1.3893  1.647e-01     0
AREG 2017-01-30 2017-08-31       NA  +1.3916       NA  +0.0614    NA   206       NA         NA    NA
AREG 2018-04-05 2018-04-23  +1.3916  +1.7313  +0.0614  +0.0552   206   149  -4.1164  3.848e-05     1
AREG 2018-10-04 2018-10-20  +1.7313  +1.4654  +0.0552  +0.0400   149   386  +3.9035  9.480e-05     1
AREG 2019-11-16 2020-05-06  +1.4654  +1.3072  +0.0400  +0.0552   386   142  +2.3195  2.037e-02     1
AREG 2020-09-27 2021-05-12  +1.3072  +1.2010  +0.0552  +0.0455   142   265  +1.4832  1.380e-01     0
AREG 2022-02-05 2022-04-20  +1.2010  +1.0530  +0.0455  +0.0435   265   299  +2.3490  1.882e-02     1
AREG 2023-02-21 2023-03-05  +1.0530  +1.3017  +0.0435  +0.0306   299   623  -4.6740  2.954e-06     1
AREG 2024-11-27 2025-01-07  +1.3017  +1.3162  +0.0306  +0.0440   623   299  -0.2693  7.877e-01     0
AREG 2025-11-08 2025-12-30  +1.3162       NA  +0.0440       NA   299    NA       NA         NA    NA
AREQ 1994-04-18 1995-09-12       NA  +1.4735       NA  +0.0423    NA   534       NA         NA    NA
AREQ 1998-02-28 1998-03-10  +1.4735  +1.1651  +0.0423  +0.0304   534   914  +5.9176  3.266e-09     1
AREQ 2001-08-10 2002-03-25  +1.1651  +2.1470  +0.0304  +0.0486   914   376 -17.1363  7.951e-66     1
AREQ 2003-09-22 2004-03-08  +2.1470  +1.3138  +0.0486  +0.0747   376   142  +9.3463  9.076e-21     1
AREQ 2004-07-29 2004-09-06  +1.3138  +1.4940  +0.0747  +0.0243   142  1525  -2.2925  2.188e-02     1
AREQ 2009-03-30 2009-04-07  +1.4940  +1.1613  +0.0243  +0.0530  1525   315  +5.7047  1.166e-08     1
AREQ 2010-03-05 2010-03-18  +1.1613  +0.9788  +0.0530  +0.0558   315   250  +2.3706  1.776e-02     1
AREQ 2014-02-02 2014-04-20  +1.5614  +1.4934  +0.0283  +0.0215  1133  1854  +1.9119  5.589e-02     0
AREQ 2019-11-16 2019-12-26  +1.4934  +1.0477  +0.0215  +0.0569  1854   254  +7.3242  2.404e-13     1
AREV 2011-11-08 2012-06-03       NA  +1.7144       NA  +0.0537    NA   312       NA         NA    NA
AREV 2013-12-23 2014-08-22  +1.0783  +1.6045  +0.0817  +0.0898   137   135  -4.3336  1.467e-05     1
AREV 2015-01-05 2015-01-18  +1.6045  +1.4304  +0.0898  +0.0512   135   344  +1.6838  9.222e-02     0
AREV 2016-01-08 2016-03-30  +1.4304  +1.3981  +0.0512  +0.0585   344   226  +0.4156  6.777e-01     0
AREV 2016-11-13 2017-09-11  +1.3981       NA  +0.0585       NA   226    NA       NA         NA    NA
ARTU 2000-01-06 2000-01-30  +0.1605  +0.2982  +0.0307  +0.0124   140   752  -4.1606  3.174e-05     1
ARTU 2002-04-14 2002-04-26  +0.2982  +0.5807  +0.0124  +0.0512   752   142  -5.3614  8.258e-08     1
ARTU 2006-01-13 2006-02-16  +0.3905  +0.4862  +0.0189  +0.0133   354   824  -4.1478  3.357e-05     1
ARTU 2009-12-25 2010-02-21  +0.2882  +0.4070  +0.0174  +0.0259   398   263  -3.8127  1.374e-04     1
ARTU 2010-12-05 2011-02-07  +0.4070  +0.2221  +0.0259  +0.0177   263   322  +5.8975  3.691e-09     1
ARTU 2013-01-28 2013-03-19  -0.1162  +0.0753  +0.0243  +0.0299   254   243  -4.9726  6.607e-07     1
ARTU 2013-11-28 2014-02-26  +0.0753  +0.0244  +0.0299  +0.0117   243   980  +1.5838  1.132e-01     0
ARTU 2017-01-05 2017-01-11  +0.0244  +0.1430  +0.0117  +0.0200   980   332  -5.1260  2.960e-07     1
ARTU 2017-12-28 2018-01-06  +0.1430  +0.1108  +0.0200  +0.0189   332   340  +1.1730  2.408e-01     0
ARTU 2019-01-12 2019-02-20  +0.1108  +0.1661  +0.0189  +0.0146   340   646  -2.3186  2.042e-02     1
ARTU 2021-01-10 2021-02-15  +0.1661  +0.0534  +0.0146  +0.0250   646   258  +3.8977  9.713e-05     1
ASC1 1996-05-02 1996-07-05       NA  -0.5050       NA  +0.0385    NA   537       NA         NA    NA
ASC1 1999-11-14 2000-01-03  -0.5050  -0.6100  +0.0385  +0.0303   537   879  +2.1421  3.219e-02     0
ASC1 2003-12-28 2004-01-10  -0.6100  -0.3730  +0.0303  +0.0540   879   319  -3.8287  1.288e-04     1
ASCG 2023-12-13 2024-01-15  -0.9075  -1.0321  +0.0493  +0.0424   212   310  +1.9175  5.518e-02     0
ASPA 2019-08-24 2019-09-08  -0.7750  -1.1803  +0.0773  +0.0439   257   793  +4.5572  5.183e-06     1
ASPA 2024-04-22 2024-04-23  +0.1104  -0.3076  +0.0527  +0.1123   543   128  +3.3687  7.553e-04     1
ASPA 2024-09-01 2024-09-02  -0.3076  -0.7024  +0.1123  +0.0764   128   257  +2.9069  3.650e-03     1
ASPA 2025-05-19 2025-12-30  -0.7024       NA  +0.0764       NA   257    NA       NA         NA    NA
AUCK 1997-12-17 1998-04-16  -0.0493  +0.1176  +0.0246  +0.0448   649   162  -3.2664  1.089e-03     1
AUCK 2001-05-02 2001-05-13  -0.5664  -0.2614  +0.0437  +0.0438   236   164  -4.9280  8.310e-07     1
AZGB 2015-09-25 2015-11-26  -0.3884  +0.0910  +0.0410  +0.0277   187   318  -9.6842  3.520e-22     1
AZGB 2016-11-03 2016-11-03  +0.0910  +0.4932  +0.0277  +0.0101   318  2272 -13.6304  2.642e-42     1
BADG 2005-12-26 2006-02-12  +0.0567  +0.1001  +0.0280  +0.0265   237   239  -1.1254  2.604e-01     0
BADG 2006-11-08 2007-02-14  +0.1001  +0.0487  +0.0265  +0.0171   239   309  +1.6295  1.032e-01     0
BADG 2010-01-28 2010-03-16  +0.0356  +0.2107  +0.0142  +0.0169   457   444  -7.9392  2.035e-15     1
BADG 2011-09-09 2011-10-12  +0.2107  +0.1369  +0.0169  +0.0185   444   166  +2.9425  3.256e-03     1
BADG 2012-03-29 2012-09-22  +0.1369  -0.2646  +0.0185  +0.0235   166   124 +13.4196  4.643e-41     1
BADG 2018-01-12 2018-01-18  +0.1750  +0.2963  +0.0259  +0.0147   133   405  -4.0733  4.636e-05     1
BADG 2021-01-17 2021-05-17  +0.1177  -0.3004  +0.0135  +0.0514   634   151  +7.8610  3.811e-15     1
BADG 2023-01-25 2023-02-18  +0.1471  +0.2257  +0.0142  +0.0105   436  1003  -4.4514  8.533e-06     1
BAKE 2003-03-05 2003-05-25       NA  +0.2588       NA  +0.0157    NA   222       NA         NA    NA
BAKE 2004-01-27 2004-04-01  +0.2588  +0.1323  +0.0157  +0.0168   222   239  +5.5025  3.745e-08     1
BAKE 2004-12-23 2005-04-07  +0.1323  +0.3406  +0.0168  +0.0182   239   211  -8.4063  4.231e-17     1
BAKE 2005-12-14 2006-06-06  +0.3406  +0.5238  +0.0182  +0.0235   211   164  -6.1672  6.950e-10     1
BAKE 2006-12-04 2007-03-31  +0.5238  +0.4400  +0.0235  +0.0153   164   153  +2.9906  2.784e-03     1
BAKE 2010-03-09 2010-03-15  +0.4400  +0.5830  +0.0153  +0.0096   153   535  -7.9228  2.322e-15     1
BAKE 2011-12-01 2012-01-30  +0.5830  +0.5306  +0.0096  +0.0133   535   270  +3.1954  1.396e-03     1
BAKE 2012-12-09 2013-02-08  +0.5306  +0.4777  +0.0133  +0.0074   270   680  +3.4778  5.056e-04     1
BAKE 2020-11-11 2021-02-06  +0.2684  +0.2720  +0.0162  +0.0164   238   188  -0.1589  8.738e-01     0
BAKE 2021-09-04 2021-12-09  +0.2720  +0.3373  +0.0164  +0.0056   188  1380  -3.7623  1.683e-04     1
BAKO 1994-08-06 1994-09-13       NA  +0.0724       NA  +0.0686    NA   401       NA         NA    NA
BAKO 1999-08-02 1999-09-09  +0.0724  -1.1634  +0.0686  +0.0866   401   239 +11.1894  4.597e-29     1
BAKO 2000-08-11 2000-08-22  -1.1634  -2.0272  +0.0866  +0.0889   239   234  +6.9597  3.409e-12     1
BAKO 2001-08-18 2002-03-05  -2.0272  -0.1517  +0.0889  +0.0740   234   329 -16.2090  4.355e-59     1
BAKO 2003-03-20 2003-07-19  -0.1517  +0.3125  +0.0740  +0.0985   329   190  -3.7674  1.649e-04     1
BAKO 2005-07-22 2005-11-01  -0.8856  -0.7885  +0.0609  +0.0921   484   189  -0.8791  3.794e-01     0
BAKO 2007-01-17 2007-02-05  +0.6909  +0.0803  +0.0964  +0.0534   211   641  +5.5393  3.036e-08     1
BAKO 2015-09-17 2015-10-21  +0.7980  +0.6543  +0.0285  +0.0373  2224  1292  +3.0579  2.229e-03     1
BAKO 2022-11-20 2022-11-28  -0.5404  -0.0713  +0.0677  +0.0566   415   546  -5.3161  1.060e-07     1
BAKO 2025-06-15 2025-12-28  -0.0713       NA  +0.0566       NA   546    NA       NA         NA    NA
BAN2 2002-12-09 2003-03-26       NA  +0.8897       NA  +0.0680    NA   280       NA         NA    NA
BAN2 2004-01-20 2007-03-21  +0.8897  +2.5821  +0.0680  +0.1046   280   129 -13.5634  6.602e-42     1
BAN2 2011-09-23 2011-11-01  +1.5480  +0.5690  +0.0957  +0.0851   132   149  +7.6444  2.100e-14     1
BAN2 2012-04-06 2012-05-07  +0.5690  +1.4291  +0.0851  +0.0959   149   134  -6.7051  2.013e-11     1
BAN2 2012-09-19 2013-01-14  +1.4291       NA  +0.0959       NA   134    NA       NA         NA    NA
BARH 1998-10-03 1999-01-25       NA  +0.4071       NA  +0.0156    NA   977       NA         NA    NA
BARH 2002-03-09 2002-04-18  +0.4071  +0.5270  +0.0156  +0.0195   977   599  -4.8023  1.569e-06     1
BARH 2004-04-16 2004-04-25  +0.5270  +0.3870  +0.0195  +0.0298   599   294  +3.9276  8.581e-05     1
BARH 2014-01-11 2014-01-12  +0.2376  +0.1539  +0.0107  +0.0214  2144   553  +3.4926  4.783e-04     1
BARH 2015-10-01 2015-10-02  +0.1539  +0.2309  +0.0214  +0.0157   553   986  -2.8999  3.732e-03     1
BARH 2018-08-11 2018-10-05  +0.2309  +0.2684  +0.0157  +0.0138   986  1253  -1.8002  7.182e-02     0
BARH 2022-10-14 2022-10-14  +0.2684  +0.1390  +0.0138  +0.0154  1253  1036  +6.2527  4.035e-10     1
BDOS 2009-03-26 2009-05-03  -0.4009  -0.1695  +0.0353  +0.0327  1039  1234  -4.8097  1.511e-06     1
BHR1 1996-06-24 1997-06-27       NA  +3.0208       NA  +0.0802    NA   170       NA         NA    NA
BHR1 1998-03-10 1998-10-13  +3.0208  +2.8564  +0.0802  +0.0399   170   558  +1.8348  6.654e-02     0
BHR1 2001-04-27 2001-05-11  +2.8564  +2.9058  +0.0399  +0.0623   558   227  -0.6681  5.041e-01     0
BHR1 2002-05-21 2004-01-16  +2.9058  +2.8678  +0.0623  +0.0517   227   324  +0.4692  6.389e-01     0
BHR1 2005-05-18 2005-08-14  +2.8678  +2.7290  +0.0517  +0.0912   324   122  +1.3240  1.855e-01     0
BHR1 2008-02-21 2008-07-26  +4.2160       NA  +0.0574       NA   292    NA       NA         NA    NA
BILI 1999-09-05 1999-10-05       NA  -0.0333       NA  +0.0156    NA   149       NA         NA    NA
BILI 2001-01-27 2001-02-19  +0.1795  +0.0846  +0.0159  +0.0176   247   247  +4.0096  6.082e-05     1
BILI 2001-12-15 2002-01-24  +0.0846  -0.0563  +0.0176  +0.0199   247   149  +5.3107  1.092e-07     1
BILI 2002-07-21 2002-12-04  -0.0563  +0.1482  +0.0199  +0.0144   149   237  -8.3248  8.449e-17     1
BILI 2003-08-30 2003-11-02  +0.1482  +0.1564  +0.0144  +0.0114   237   338  -0.4436  6.573e-01     0
BILI 2004-12-25 2005-03-24  +0.1564  +0.3585  +0.0114  +0.0173   338   252  -9.7718  1.487e-22     1
BILI 2005-12-23 2006-05-12  +0.3585  +0.1473  +0.0173  +0.0343   252   130  +5.5020  3.756e-08     1
BILI 2006-10-20 2007-02-07  +0.1473  +0.2962  +0.0343  +0.0177   130   246  -3.8611  1.129e-04     1
BILI 2007-11-08 2008-03-05  +0.2962  +0.0722  +0.0177  +0.0243   246   143  +7.4553  8.964e-14     1
BILI 2008-11-09 2008-11-17  +0.0722       NA  +0.0243       NA   143    NA       NA         NA    NA
BISK 2014-01-02 2014-06-01       NA  -0.0040       NA  +0.0537    NA   139       NA         NA    NA
BISK 2014-10-25 2015-06-11  -0.0040  +0.3085  +0.0537  +0.0231   139   383  -5.3438  9.103e-08     1
BISK 2019-01-09 2019-01-13  +0.5447  +0.7105  +0.0228  +0.0171   383   686  -5.8159  6.030e-09     1
BJCO 2010-03-15 2010-03-24  +0.9156  +0.9623  +0.0706  +0.0339   323  1395  -0.5962  5.511e-01     0
BJCO 2014-12-25 2015-01-03  +0.9623  +1.2015  +0.0339  +0.0528  1395   572  -3.8145  1.365e-04     1
BJCO 2017-12-22 2017-12-27  +1.0186  +1.0593  +0.1036  +0.1102   125   155  -0.2690  7.879e-01     0
BJCO 2018-12-01 2022-06-25  +1.0593       NA  +0.1102       NA   155    NA       NA         NA    NA
BJFS 2000-07-20 2001-02-21  +0.6398  +1.0762  +0.0256  +0.0555   255   145  -7.1402  9.322e-13     1
BJFS 2001-08-06 2002-01-18  +1.0762  +0.8969  +0.0555  +0.0224   145   365  +2.9972  2.725e-03     1
BJFS 2003-03-22 2003-03-31  +0.8969  +1.2210  +0.0224  +0.0407   365   205  -6.9760  3.037e-12     1
BJFS 2005-02-14 2005-02-26  +0.7662  +0.8103  +0.0223  +0.0199   370   604  -1.4730  1.407e-01     0
BJFS 2013-02-23 2013-02-27  +0.0811  +0.2506  +0.0150  +0.0196   779   597  -6.8694  6.446e-12     1
BJFS 2015-01-02 2015-02-18  +0.2506  +0.0283  +0.0196  +0.0153   597   918  +8.9518  3.498e-19     1
BJFS 2018-03-12 2018-03-14  +0.0283  +0.1266  +0.0153  +0.0199   918   580  -3.9091  9.263e-05     1
BJFS 2025-08-21 2025-12-30  +0.2589       NA  +0.0109       NA  1752    NA       NA         NA    NA
BJNM 2014-01-02 2014-02-25       NA  +0.5986       NA  +0.0317    NA   270       NA         NA    NA
BJNM 2015-01-02 2015-01-28  +0.5986  +0.3167  +0.0317  +0.0343   270   219  +6.0370  1.570e-09     1
BJNM 2015-12-05 2016-03-21  +0.3167  +0.4928  +0.0343  +0.0433   219   237  -3.1916  1.415e-03     1
BJNM 2016-12-02 2017-01-04  +0.4928  +0.5514  +0.0433  +0.0237   237   190  -1.1863  2.355e-01     0
BJNM 2018-03-12 2018-03-14  +0.5514  +0.6722  +0.0237  +0.0205   190   400  -3.8618  1.126e-04     1
BNDY 2022-09-11 2022-09-11  -0.1098  +0.0487  +0.0152  +0.0287  4104  1161  -4.8799  1.061e-06     1
BOAV 2014-12-02 2014-12-06  +0.3863  +0.1935  +0.0580  +0.0748   311   171  +2.0375  4.160e-02     0
BOAV 2023-09-28 2024-02-05  -0.7872  -0.3750  +0.0599  +0.0860   264   144  -3.9319  8.429e-05     1
BOAV 2024-08-19 2025-01-24  -0.3750  -0.5228  +0.0860  +0.0735   144   198  +1.3071  1.912e-01     0
BOAV 2025-08-14 2025-12-30  -0.5228       NA  +0.0735       NA   198    NA       NA         NA    NA
BOGO 2016-02-17 2016-02-22  +0.1818  +0.0663  +0.0174  +0.0262   482   285  +3.6775  2.356e-04     1
BOGO 2020-12-14 2020-12-23  +0.4796  +0.3305  +0.0116  +0.0238  1234   301  +5.6204  1.905e-08     1
BOGO 2021-10-28 2021-11-21  +0.3305  +0.3557  +0.0238  +0.0137   301   795  -0.9167  3.593e-01     0
BOGT 1994-11-05 1995-07-02       NA  +0.3031       NA  +0.0610    NA   138       NA         NA    NA
BOGT 1996-11-19 2002-11-10  +0.3031  -0.7694  +0.0610  +0.0426   138   313 +14.4196  3.894e-47     1
BOGT 2003-12-29 2005-10-10  -0.7694  -0.5021  +0.0426  +0.0274   313   779  -5.2845  1.260e-07     1
BOGT 2008-01-29 2008-02-04  -0.5021  -0.9665  +0.0274  +0.0463   779   258  +8.6432  5.468e-18     1
BOGT 2025-10-29 2025-12-30  -0.7404       NA  +0.0164       NA  2165    NA       NA         NA    NA
BOR1 1996-04-22 1996-04-23  +0.5226  +0.6142  +0.0182  +0.0189   553   627  -3.4848  4.925e-04     1
BOR1 1998-02-05 1998-02-13  +0.6142  +0.7445  +0.0189  +0.0240   627   362  -4.2654  1.995e-05     1
BOR1 1999-08-01 1999-08-13  +0.3993  +0.3425  +0.0390  +0.0282   132   220  +1.1803  2.379e-01     0
BOR1 2000-04-22 2000-04-24  +0.3425  +0.4135  +0.0282  +0.0142   220  1059  -2.2522  2.431e-02     1
BOR1 2003-05-27 2003-06-10  +0.4135  +0.2276  +0.0142  +0.0135  1059  1204  +9.5040  2.021e-21     1
BOR1 2014-07-09 2014-08-15  +0.0787  +0.1085  +0.0145  +0.0171   932   692  -1.3289  1.839e-01     0
BOR1 2016-07-23 2016-07-24  +0.1085  +0.5622  +0.0171  +0.0338   692   189 -11.9855  4.231e-33     1
BOR1 2017-02-03 2017-02-05  +0.5622  +0.4301  +0.0338  +0.0128   189  1305  +3.6557  2.565e-04     1
BOR1 2020-11-05 2020-12-09  +0.4301  +0.2910  +0.0128  +0.0191  1305   482  +6.0540  1.413e-09     1
BOR1 2024-11-05 2025-01-21  +0.8635  +0.5810  +0.0460  +0.0254   181   336  +5.3746  7.676e-08     1
BRAZ 1995-04-21 1996-08-30       NA  +0.1470       NA  +0.0764    NA   147       NA         NA    NA
BRAZ 1997-06-07 2000-01-20  +0.1470  -0.2785  +0.0764  +0.0719   147   132  +4.0570  4.970e-05     1
BRAZ 2000-07-17 2000-09-16  -0.2785  -0.2544  +0.0719  +0.0475   132   305  -0.2791  7.802e-01     0
BRAZ 2001-10-09 2001-10-31  -0.2544  -0.5039  +0.0475  +0.0391   305   499  +4.0569  4.974e-05     1
BRAZ 2009-11-21 2009-11-23  -0.3675  -0.0968  +0.0231  +0.0175  1309  2171  -9.3358  1.002e-20     1
BRAZ 2017-01-02 2017-04-07  -0.0968  -0.0763  +0.0175  +0.0551  2171   169  -0.3538  7.235e-01     0
BREW 2001-11-17 2002-03-26       NA  +0.6101       NA  +0.0539    NA   173       NA         NA    NA
BREW 2004-03-08 2004-04-08  -0.1026  +0.0388  +0.0360  +0.0395   129   244  -2.6475  8.109e-03     1
BREW 2004-12-18 2005-05-08  +0.0388  -0.1521  +0.0395  +0.0212   244   636  +4.2590  2.054e-05     1
BREW 2007-02-16 2007-04-08  -0.1521  -0.1205  +0.0212  +0.0249   636   533  -0.9670  3.335e-01     0
BREW 2008-09-30 2008-10-04  -0.1205  -0.0913  +0.0249  +0.0302   533   240  -0.7437  4.570e-01     0
BREW 2009-06-05 2009-08-06  -0.0913  -0.1871  +0.0302  +0.0302   240   256  +2.2417  2.498e-02     1
BREW 2011-12-25 2012-01-09  -0.1406  -0.1326  +0.0250  +0.0175   421   821  -0.2618  7.935e-01     0
BREW 2023-04-25 2023-05-26  -0.1326  -0.0596  +0.0175  +0.0184   821   881  -2.8750  4.040e-03     1
BREW 2025-12-07 2025-12-30  -0.0596       NA  +0.0184       NA   881    NA       NA         NA    NA
BRFT 2006-10-23 2007-01-23  -0.7615  -0.2506  +0.0786  +0.0488   211   537  -5.5234  3.326e-08     1
BRMU 1994-01-06 1994-05-23       NA  -0.1832       NA  +0.0848    NA   144       NA         NA    NA
BRMU 1994-11-21 1994-11-22  -0.1832  -0.4026  +0.0848  +0.0364   144   547  +2.3780  1.740e-02     1
BRMU 1996-07-31 1996-08-01  -0.4026  -0.2953  +0.0364  +0.0420   547   457  -1.9308  5.351e-02     0
BRMU 1997-12-17 1998-04-11  -0.2953  -0.6396  +0.0420  +0.0311   457   817  +6.5818  4.648e-11     1
BRMU 2000-09-08 2000-09-08  -0.6396  -0.4166  +0.0311  +0.0197   817  2021  -6.0540  1.413e-09     1
BRMU 2006-11-09 2006-11-09  -0.4166  -0.2276  +0.0197  +0.0255  2021  1165  -5.8758  4.209e-09     1
BRST 2014-07-20 2014-08-12  -0.3790  -0.2367  +0.0358  +0.0199   195   757  -3.4721  5.164e-04     1
BRST 2017-03-14 2017-07-01  +0.2381  +0.6781  +0.0405  +0.0557   157   138  -6.3945  1.611e-10     1
BRST 2018-05-14 2018-09-07  +0.1790  +0.1777  +0.0367  +0.0231   166   535  +0.0315  9.749e-01     0
BRST 2021-05-08 2021-05-24  +0.3500  +0.4965  +0.0261  +0.0577   410   134  -2.3140  2.067e-02     1
BRST 2021-10-08 2021-10-14  +0.4965  +0.3695  +0.0577  +0.0261   134   427  +2.0065  4.480e-02     0
BRST 2023-01-08 2023-06-16  +0.3695  +0.1617  +0.0261  +0.0335   427   275  +4.8909  1.004e-06     1
BRST 2024-03-25 2024-04-06  +0.1617  +0.4378  +0.0335  +0.0421   275   204  -5.1340  2.836e-07     1
BRST 2024-10-31 2024-11-11  +0.4378  +0.2952  +0.0421  +0.0268   204   406  +2.8572  4.274e-03     1
BRUS 1996-12-17 1996-12-20  +0.1862  +0.2154  +0.0174  +0.0357   928   144  -0.7369  4.612e-01     0
BRUS 2004-11-20 2004-12-24  +0.0129  +0.3105  +0.0289  +0.0208   328   596  -8.3584  6.356e-17     1
BRUS 2011-11-09 2012-02-13  +0.3480       NA  +0.0154       NA  1129    NA       NA         NA    NA
BRUX 2015-10-08 2015-11-05  +0.4467  +0.2587  +0.0150  +0.0291  1252   310  +5.7464  9.116e-09     1
BRUX 2024-09-19 2024-10-10  +0.3432  +0.5068  +0.0205  +0.0251   637   435  -5.0514  4.385e-07     1
BSHM 2000-11-20 2001-03-01       NA  +0.0978       NA  +0.0582    NA   133       NA         NA    NA
BSHM 2001-11-25 2002-03-25  +0.0978  +0.0145  +0.0582  +0.0462   133   211  +1.1211  2.622e-01     0
BSHM 2007-03-24 2007-06-16  +0.0145  -0.2000  +0.0462  +0.0296   211   508  +3.9070  9.343e-05     1
BSHM 2010-03-10 2010-03-15  -0.2000  +0.0426  +0.0296  +0.0397   508   320  -4.9031  9.435e-07     1
BSHM 2011-02-03 2011-02-08  +0.0426  -0.1417  +0.0397  +0.0144   320  2281  +4.3712  1.236e-05     1
BSHM 2018-10-10 2018-10-11  +0.4588  +0.1170  +0.0443  +0.0161   254  1846  +7.2517  4.116e-13     1
BUE2 2006-04-01 2006-08-12  +0.0390  +0.2728  +0.0876  +0.0435   154   342  -2.3915  1.678e-02     1
BUE2 2007-09-04 2007-09-15  +0.2728  +0.1138  +0.0435  +0.0442   342   357  +2.5644  1.034e-02     1
BUE2 2008-09-27 2008-09-30  +0.1138  +0.1280  +0.0442  +0.0544   357   271  -0.2020  8.399e-01     0
BUE2 2009-07-16 2009-07-16  +0.1280  +0.4171  +0.0544  +0.0621   271   179  -3.5036  4.590e-04     1
BUE2 2010-02-02 2010-02-07  +0.4171  +0.2936  +0.0621  +0.0588   179   184  +1.4447  1.485e-01     0
CAGL 1996-09-04 1997-05-09  -1.0070  -0.9734  +0.0684  +0.0776   141   133  -0.3256  7.447e-01     0
CAGL 1998-05-27 1998-09-11  -0.4432  -0.4470  +0.0407  +0.0495   227   158  +0.0600  9.522e-01     0
CAGL 1999-07-31 1999-10-14  -0.9705  -0.3261  +0.0586  +0.0471   150   152  -8.5715  1.022e-17     1
CAGL 2000-04-29 2000-07-27  -0.3261  -0.5449  +0.0471  +0.0363   152   400  +3.6792  2.339e-04     1
CAGL 2007-11-16 2007-12-03  +0.4988  +0.1274  +0.0659  +0.0202   176  1102  +5.3849  7.248e-08     1
CAGL 2012-11-12 2012-11-14  -0.1957  -0.0782  +0.0287  +0.0394   604   290  -2.4111  1.590e-02     1
CAGS 2014-01-02 2014-01-06       NA  -0.1923       NA  +0.0228    NA   333       NA         NA    NA
CAGS 2015-01-13 2015-01-29  -0.1923  -0.2804  +0.0228  +0.0255   333   306  +2.5770  9.966e-03     1
CAGS 2015-12-27 2016-01-11  -0.2804  -0.2094  +0.0255  +0.0274   306   253  -1.9001  5.742e-02     0
CAGS 2016-11-05 2016-11-17  -0.2094  -0.3799  +0.0274  +0.0170   253   586  +5.2901  1.223e-07     1
CAGS 2022-10-05 2023-02-10  +0.2117  -0.1701  +0.0676  +0.0195   126   557  +5.4250  5.794e-08     1
CAGS 2024-11-10 2024-11-11  -0.1701  -0.4409  +0.0195  +0.0254   557   264  +8.4542  2.811e-17     1
CAGS 2025-11-08 2025-12-30  -0.4409       NA  +0.0254       NA   264    NA       NA         NA    NA
CAGZ 2002-06-05 2002-07-14       NA  +1.2763       NA  +0.0630    NA   136       NA         NA    NA
CAGZ 2003-10-16 2003-10-22  +0.5714  +0.8520  +0.0464  +0.0198   224  1094  -5.5609  2.684e-08     1
CAGZ 2011-03-14 2011-03-15  +0.9359  +0.8140  +0.0234  +0.0239   775   845  +3.6426  2.699e-04     1
CALL 2009-07-08 2009-12-27       NA  -0.4538       NA  +0.1246    NA   149       NA         NA    NA
CALL 2010-07-27 2010-07-29  -0.4538  -0.9666  +0.1246  +0.1310   149   179  +2.8366  4.559e-03     1
CALL 2011-02-12 2011-11-15  -0.9666  -0.0332  +0.1310  +0.0824   179   369  -6.0310  1.630e-09     1
CALL 2012-11-27 2012-12-03  -0.0332  -0.1826  +0.0824  +0.1197   369   162  +1.0277  3.041e-01     0
CALL 2016-03-29 2018-04-26  -0.0376       NA  +0.0812       NA   383    NA       NA         NA    NA
CARR 1995-01-07 1995-01-07  +0.0530  -0.3342  +0.0678  +0.0424   160   329  +4.8399  1.299e-06     1
CARR 1996-02-09 1996-02-15  -0.3342  -0.1872  +0.0424  +0.0649   329   141  -1.8959  5.798e-02     0
CARR 1996-07-08 1996-08-25  -0.1872  -0.1130  +0.0649  +0.0304   141   589  -1.0355  3.004e-01     0
CARR 1998-04-28 1999-10-26  -0.1130  -0.2489  +0.0304  +0.0490   589   191  +2.3559  1.848e-02     1
CARR 2000-05-20 2000-06-26  -0.2489  -0.4283  +0.0490  +0.0744   191   156  +2.0138  4.404e-02     0
CARR 2001-03-19 2001-05-13  -0.4283  -0.1585  +0.0744  +0.0294   156   679  -3.3707  7.498e-04     1
CAS1 1994-07-23 1995-02-21       NA  +0.0599       NA  +0.0163    NA   241       NA         NA    NA
CAS1 1996-04-13 1996-08-06  +0.0599  -0.1918  +0.0163  +0.0228   241   126  +8.9803  2.701e-19     1
CAS1 1997-02-28 1997-11-05  -0.1918  -0.2703  +0.0228  +0.0125   126   428  +3.0168  2.554e-03     1
CAS1 1999-08-20 2000-02-03  -0.2703  -0.0253  +0.0125  +0.0229   428   130  -9.4034  5.284e-21     1
CAS1 2005-04-05 2005-06-05  +0.1824  +0.5000  +0.0105  +0.0204   596   141 -13.8436  1.391e-43     1
CAS1 2016-08-10 2016-08-12  +0.0175  +0.1270  +0.0084  +0.0049   942  2738 -11.2807  1.634e-29     1
CAS1 2024-07-20 2024-09-02  +0.1270  +0.0833  +0.0049  +0.0120  2738   449  +3.3696  7.529e-04     1
CCJ2 2017-11-09 2017-11-18  -0.0136  -0.2586  +0.0290  +0.0253   901  1098  +6.3723  1.862e-10     1
CCJ2 2021-02-13 2021-04-09  -0.2586  -0.4576  +0.0253  +0.0311  1098   781  +4.9657  6.844e-07     1
CCJ2 2023-07-01 2023-08-17  -0.4576  +0.0707  +0.0311  +0.0481   781   297  -9.2330  2.631e-20     1
CCJ2 2024-06-20 2024-09-22  +0.0707  -0.1209  +0.0481  +0.0408   297   451  +3.0391  2.373e-03     1
CCJM 2002-02-03 2002-02-07  -0.0301  +0.3296  +0.0539  +0.0234   322  1629  -6.1198  9.372e-10     1
CCJM 2006-09-23 2006-09-27  +0.3296  +0.0951  +0.0234  +0.0232  1629  1569  +7.1239  1.049e-12     1
CEDU 2000-01-31 2000-02-17  -0.8342  -0.6479  +0.0378  +0.0511   270   147  -2.9318  3.371e-03     1
CEDU 2000-08-08 2000-09-11  -0.6479  -0.6674  +0.0511  +0.0427   147   274  +0.2920  7.703e-01     0
CEDU 2001-06-24 2001-07-04  -0.6674  -0.5424  +0.0427  +0.0287   274   457  -2.4290  1.514e-02     1
CEDU 2002-11-18 2002-11-27  -0.5424  -0.3802  +0.0287  +0.0233   457   823  -4.3940  1.113e-05     1
CEDU 2005-05-06 2005-05-09  -0.3802  -0.9303  +0.0233  +0.0365   823   314 +12.7182  4.683e-37     1
CEDU 2006-05-10 2006-06-20  -0.9303  -0.6409  +0.0365  +0.0258   314   630  -6.4791  9.230e-11     1
CEDU 2008-05-09 2008-05-13  -0.6409  -0.3816  +0.0258  +0.0194   630  1075  -8.0319  9.594e-16     1
CEDU 2012-07-08 2012-09-15  -0.7738  -0.7815  +0.0357  +0.0270   337   622  +0.1710  8.643e-01     0
CEDU 2014-06-08 2014-10-02  -0.7815  -0.4762  +0.0270  +0.0290   622   545  -7.6996  1.365e-14     1
CEDU 2016-05-23 2016-10-05  -0.4762  -0.2913  +0.0290  +0.0190   545  1183  -5.3292  9.862e-08     1
CEDU 2024-08-22 2024-08-30  -0.6227  -0.5679  +0.0164  +0.0317  1520   410  -1.5380  1.240e-01     0
CFAG 1999-06-04 1999-08-29  +2.2102  +2.6416  +0.0865  +0.0820   131   225  -3.6204  2.941e-04     1
CFAG 2000-05-03 2000-09-26  +2.6416  +3.0625  +0.0820  +0.1133   225   146  -3.0089  2.622e-03     1
CFAG 2001-02-20 2001-07-29  +3.0625  +1.7513  +0.1133  +0.0752   146   192  +9.6396  5.438e-22     1
CFAG 2002-02-23 2002-07-06  +1.7513  +1.6728  +0.0752  +0.0795   192   132  +0.7173  4.732e-01     0
CFAG 2002-12-12 2002-12-21  +1.6728  +1.5466  +0.0795  +0.0386   132   624  +1.4277  1.534e-01     0
CFAG 2005-07-12 2005-10-22  +1.5466  +1.4720  +0.0386  +0.0400   624   592  +1.3411  1.799e-01     0
CFAG 2009-04-28 2009-05-01  +0.9727  +1.0803  +0.0383  +0.0575   647   189  -1.5591  1.190e-01     0
CFAG 2009-11-17 2009-11-22  +1.0803  +1.1067  +0.0575  +0.1032   189   150  -0.2232  8.233e-01     0
CFAG 2010-05-16 2010-07-11  +1.1067  +0.5218  +0.1032  +0.0717   150   155  +4.6541  3.255e-06     1
CGGN 2011-09-16 2012-01-21       NA  +0.7395       NA  +0.0846    NA   124       NA         NA    NA
CGGN 2012-11-07 2013-01-20  +0.7395  +1.0088  +0.0846  +0.0663   124   201  -2.5055  1.223e-02     1
CGGN 2013-11-27 2014-01-02  +1.0088  +0.7202  +0.0663  +0.0684   201   160  +3.0283  2.460e-03     1
CGGN 2015-11-19 2016-07-11  +0.7202       NA  +0.0684       NA   160    NA       NA         NA    NA
CHAN 2005-12-03 2006-04-01  +0.5856  +0.3938  +0.0367  +0.0319   183   205  +3.9425  8.065e-05     1
CHAN 2006-12-19 2007-02-02  +0.3938  +0.2624  +0.0319  +0.0253   205   248  +3.2271  1.251e-03     1
CHAN 2008-01-01 2008-01-07  +0.2624  +0.0314  +0.0253  +0.0127   248   587  +8.1646  3.224e-16     1
CHAN 2009-11-04 2010-02-24  +0.0314  -0.0209  +0.0127  +0.0116   587   789  +3.0502  2.287e-03     1
CHAN 2012-11-11 2013-01-28  -0.0209  +0.1231  +0.0116  +0.0264   789   216  -4.9989  5.766e-07     1
CHAN 2013-12-03 2025-12-30  +0.1231       NA  +0.0264       NA   216    NA       NA         NA    NA
CHAT 1998-11-13 1998-11-21  -0.4445  -0.6286  +0.0232  +0.0503   687   167  +3.3223  8.928e-04     1
CHAT 1999-06-13 1999-06-15  -0.6286  -0.5051  +0.0503  +0.0211   167   823  -2.2636  2.360e-02     1
CHAT 2004-06-18 2004-06-21  -0.0858  +0.2411  +0.0521  +0.0118   158  2713  -6.1212  9.289e-10     1
CHPG 2017-01-30 2018-04-23       NA  -0.4731       NA  +0.0783    NA   136       NA         NA    NA
CHPG 2018-09-07 2018-09-11  -0.4731  -0.6047  +0.0783  +0.0270   136  1568  +1.5895  1.120e-01     0
CHPG 2023-02-11 2023-03-11  -0.6047  -0.8561  +0.0270  +0.0359  1568   860  +5.5948  2.209e-08     1
CHPG 2025-08-05 2025-12-30  -0.8561       NA  +0.0359       NA   860    NA       NA         NA    NA
CHPI 2004-05-01 2004-06-08  +0.3403  -0.4937  +0.0669  +0.0583   273   319  +9.3944  5.756e-21     1
CHPI 2009-10-26 2009-10-27  +0.0654  -0.0653  +0.0291  +0.0591  1364   329  +1.9825  4.743e-02     0
CHPI 2010-09-27 2010-10-02  -0.0653  +0.0980  +0.0591  +0.0254   329  1768  -2.5380  1.115e-02     1
CHPI 2017-08-07 2018-04-13  -0.4544  -0.0062  +0.0750  +0.0781   224   146  -4.1402  3.470e-05     1
CHPI 2018-09-07 2018-09-11  -0.0062  -0.3029  +0.0781  +0.0263   146  1705  +3.6018  3.161e-04     1
CHTI 2019-03-17 2019-03-25  +0.0162  +0.1026  +0.0170  +0.0146   994  1342  -3.8416  1.223e-04     1
CHUM 1997-10-14 1998-12-16       NA  +0.1688       NA  +0.0548    NA   158       NA         NA    NA
CHUM 1999-06-07 2000-11-27  +0.1688  +0.0008  +0.0548  +0.0395   158   307  +2.4857  1.293e-02     1
CHUM 2002-01-22 2002-09-29  +0.0008  -0.0235  +0.0395  +0.0360   307   356  +0.4545  6.495e-01     0
CHUM 2006-03-24 2006-03-28  +0.0859  +0.3879  +0.0402  +0.0308   373   705  -5.9564  2.579e-09     1
CHUM 2008-06-28 2008-08-22  +0.3879  +0.0413  +0.0308  +0.0229   705  1181  +9.0184  1.908e-19     1
CHUM 2013-03-17 2013-03-30  -0.2627  +0.0455  +0.0499  +0.0442   151   331  -4.6201  3.835e-06     1
CHUR 1995-08-01 1996-06-09  +0.2218  -0.0586  +0.0174  +0.0236   338   173  +9.5491  1.308e-21     1
CHUR 1998-01-09 1998-05-21  +0.1943  +0.1518  +0.0149  +0.0316   318   157  +1.2149  2.244e-01     0
CHUR 1998-12-02 1999-01-31  +0.1518  +0.1915  +0.0316  +0.0180   157   281  -1.0904  2.755e-01     0
CHUR 1999-11-30 2000-03-19  +0.1915  +0.1441  +0.0180  +0.0125   281   566  +2.1624  3.059e-02     0
CHUR 2001-12-03 2002-02-20  +0.1441  +0.2491  +0.0125  +0.0109   566   642  -6.3504  2.148e-10     1
CHUR 2004-01-27 2004-06-03  +0.2491  +0.3134  +0.0109  +0.0147   642   448  -3.5129  4.432e-04     1
CHUR 2005-11-15 2006-02-25  +0.3134  +0.3738  +0.0147  +0.0121   448   569  -3.1699  1.525e-03     1
CHUR 2007-11-26 2008-01-24  +0.3738  +0.3009  +0.0121  +0.0097   569   877  +4.6842  2.810e-06     1
CIC1 1999-10-25 1999-10-25  +0.3684  +0.1376  +0.0644  +0.0586   192   120  +2.6487  8.081e-03     1
CIC1 2000-03-25 2000-09-08  +0.1376  +0.0344  +0.0586  +0.0506   120   187  +1.3336  1.823e-01     0
CIC1 2001-05-09 2001-05-24  +0.0344  +0.1366  +0.0506  +0.0406   187   343  -1.5763  1.150e-01     0
CIC1 2005-04-22 2005-08-26  +0.5912  +0.3584  +0.0499  +0.0430   164   293  +3.5335  4.101e-04     1
CIC1 2007-07-21 2007-11-13  +0.3584  +0.4512  +0.0430  +0.0329   293   535  -1.7158  8.620e-02     0
CIC1 2009-09-26 2009-12-13  +0.4512       NA  +0.0329       NA   535    NA       NA         NA    NA
CICE 1995-08-31 1996-01-06  +0.2299  +0.2198  +0.0817  +0.0526   122   157  +0.1039  9.173e-01     0
CICE 1996-06-13 1996-10-28  +0.2198  -0.0699  +0.0526  +0.0291   157   693  +4.8201  1.435e-06     1
CICE 1998-12-27 1999-02-07  -0.0699       NA  +0.0291       NA   693    NA       NA         NA    NA
CKIS 2018-10-06 2019-04-09  -0.3261  -0.2382  +0.0528  +0.0583   428   390  -1.1167  2.641e-01     0
CKIS 2020-12-14 2020-12-21  -0.2382  -0.9081  +0.0583  +0.1077   390   153  +5.4705  4.488e-08     1
CKIS 2021-06-12 2021-06-16  -0.9081  -0.5807  +0.1077  +0.0350   153  1025  -2.8922  3.826e-03     1
CKIS 2025-01-01 2025-01-02  -0.5807  -0.6552  +0.0350  +0.0599  1025   358  +1.0736  2.830e-01     0
CNMR 2004-01-07 2004-02-20  -0.2350  -0.7599  +0.1118  +0.0410   146  1025  +4.4101  1.033e-05     1
CNMR 2009-03-19 2009-03-23  -1.7088  -1.2209  +0.0678  +0.0677   379   385  -5.0919  3.545e-07     1
CNMR 2012-06-05 2012-06-10  -0.9050  -1.1681  +0.0582  +0.0553   519   572  +3.2780  1.045e-03     1
CNMR 2014-02-02 2014-05-01  -1.1681  -0.9506  +0.0553  +0.0512   572   667  -2.8869  3.891e-03     1
CNMR 2016-05-22 2016-05-30  -0.9506  -0.2982  +0.0512  +0.0796   667   276  -6.8929  5.469e-12     1
CNMR 2019-07-28 2019-08-13  -0.9155  -0.7894  +0.0551  +0.0399   567  1087  -1.8545  6.367e-02     0
COCO 1996-06-16 1996-09-29       NA  -0.1765       NA  +0.0806    NA   166       NA         NA    NA
COCO 1997-10-22 1998-03-09  -0.1765  -0.2127  +0.0806  +0.0984   166   129  +0.2850  7.756e-01     0
COCO 1998-08-24 1998-09-23  -0.2127  -0.7540  +0.0984  +0.0830   129   148  +4.2051  2.610e-05     1
COCO 1999-07-01 1999-12-19  -0.7540  -0.1314  +0.0830  +0.0741   148   225  -5.5986  2.161e-08     1
COCO 2002-05-21 2002-07-19  -0.9159  -1.3361  +0.0504  +0.0691   438   184  +4.9160  8.832e-07     1
COCO 2007-03-04 2007-03-04  -1.0135  -0.3347  +0.0697  +0.0295   190  1204  -8.9651  3.101e-19     1
COCO 2010-10-27 2010-11-08  -0.3347  -0.6094  +0.0295  +0.0451  1204   544  +5.1002  3.392e-07     1
COCO 2012-06-08 2012-06-14  -0.6094  -1.0198  +0.0451  +0.0416   544   575  +6.6880  2.263e-11     1
CONZ 2002-05-16 2002-09-02       NA  -0.9137       NA  +0.0620    NA   152       NA         NA    NA
CONZ 2003-03-03 2003-03-18  -0.9137  -0.5393  +0.0620  +0.0362   152   404  -5.2179  1.810e-07     1
CONZ 2004-05-09 2004-05-17  -0.5393  -0.4355  +0.0362  +0.0236   404   944  -2.4033  1.625e-02     1
CONZ 2007-03-27 2007-04-06  -0.4355  -0.2416  +0.0236  +0.0419   944   260  -4.0377  5.397e-05     1
CONZ 2007-12-26 2008-02-27  -0.2416  -0.4475  +0.0419  +0.0359   260   412  +3.7341  1.884e-04     1
CONZ 2009-05-11 2009-05-12  -0.4475  -0.5828  +0.0359  +0.0265   412   719  +3.0322  2.428e-03     1
CONZ 2011-07-05 2011-08-15  -0.5828  -0.2276  +0.0265  +0.0315   719   511  -8.6281  6.236e-18     1
CONZ 2013-01-18 2013-04-18  -0.2276  -0.2448  +0.0315  +0.0405   511   303  +0.3356  7.371e-01     0
CONZ 2014-02-23 2014-07-12  -0.2448  -0.2780  +0.0405  +0.0451   303   258  +0.5466  5.847e-01     0
CORD 1999-08-04 2000-07-26       NA  +2.0455       NA  +0.0679    NA   172       NA         NA    NA
CORD 2001-05-26 2001-07-27  +2.0455  +1.8740  +0.0679  +0.0618   172   230  +1.8672  6.188e-02     0
CORD 2003-06-10 2003-08-10  +1.8740  +2.0133  +0.0618  +0.0742   230   131  -1.4438  1.488e-01     0
CORD 2003-12-24 2005-04-05  +2.0133  +2.0497  +0.0742  +0.0683   131   128  -0.3610  7.181e-01     0
CORD 2005-08-21 2005-08-22  +2.0497  +1.2153  +0.0683  +0.0454   128   352 +10.1771  2.509e-24     1
CORD 2014-10-14 2014-10-18  +1.2153  +0.8398  +0.0454  +0.0765   352   200  +4.2203  2.439e-05     1
CORD 2015-06-01 2015-08-20  +0.8398  +1.2601  +0.0765  +0.0286   200   994  -5.1454  2.670e-07     1
COYQ 1999-01-17 1999-04-03       NA  +0.6195       NA  +0.0278    NA   364       NA         NA    NA
COYQ 2000-08-19 2000-08-22  +0.6195  +0.6744  +0.0278  +0.0123   364  1786  -1.8029  7.141e-02     0
COYQ 2009-07-16 2009-10-20  +0.6744  +0.5649  +0.0123  +0.0291  1786   386  +3.4660  5.282e-04     1
COYQ 2011-06-01 2011-06-03  +0.5649  +0.5720  +0.0291  +0.0193   386   742  -0.2035  8.387e-01     0
COYQ 2018-10-17 2018-10-31  +0.5720       NA  +0.0193       NA   742    NA       NA         NA    NA
CPVG 2017-03-04 2018-04-04       NA  +0.1811       NA  +0.0446    NA   231       NA         NA    NA
CPVG 2019-01-29 2019-04-10  +0.1811  +0.0034  +0.0446  +0.0420   231   288  +2.9021  3.707e-03     1
CPVG 2020-01-24 2020-01-24  +0.0034  -0.3201  +0.0420  +0.0429   288   274  +5.3885  7.106e-08     1
CPVG 2020-11-16 2020-12-05  -0.3201  -0.3886  +0.0429  +0.0392   274   281  +1.1774  2.391e-01     0
CPVG 2023-07-30 2023-08-01  -0.7401  -0.8876  +0.0271  +0.0578   610   170  +2.3118  2.079e-02     1
CPVG 2024-01-21 2024-02-05  -0.8876  -0.8684  +0.0578  +0.0310   170   460  -0.2932  7.694e-01     0
CPXF 2007-07-25 2008-02-29       NA  +0.2268       NA  +0.0279    NA   307       NA         NA    NA
CPXF 2009-01-13 2009-01-24  +0.2268  +0.3744  +0.0279  +0.0365   307   129  -3.2139  1.310e-03     1
CPXF 2009-06-08 2009-08-22  +0.3744  +0.4436  +0.0365  +0.0333   129   191  -1.4010  1.612e-01     0
CPXF 2010-03-04 2010-03-05  +0.4436  +0.2169  +0.0333  +0.0189   191   645  +5.9203  3.214e-09     1
CPXF 2012-01-22 2012-02-11  +0.2169  +0.2662  +0.0189  +0.0212   645   489  -1.7370  8.239e-02     0
CPXF 2013-07-17 2013-10-07  +0.2662  +0.0923  +0.0212  +0.0217   489   467  +5.7416  9.378e-09     1
CPXF 2015-02-12 2015-02-12  +0.0923  +0.0690  +0.0217  +0.0381   467   128  +0.5323  5.945e-01     0
CPXF 2015-06-27 2015-06-28  +0.0690  +0.2363  +0.0381  +0.0292   128   255  -3.4835  4.948e-04     1
CPXF 2016-04-06 2016-04-09  +0.2363  +0.3346  +0.0292  +0.0272   255   322  -2.4633  1.376e-02     1
CPXF 2021-04-11 2022-06-16  +0.5263  -0.0633  +0.0144  +0.0277  1136   267 +18.8860  1.487e-79     1
CPXF 2023-04-29 2023-05-03  -0.0633  -0.0776  +0.0277  +0.0171   267   799  +0.4367  6.623e-01     0
CRAO 2008-02-26 2008-05-22  -0.2608  -0.2025  +0.0282  +0.0172   632  1671  -1.7680  7.705e-02     0
CRAR 1999-01-03 2000-04-08       NA  +0.4697       NA  +0.0084    NA   448       NA         NA    NA
CRAR 2003-11-30 2004-03-18  +0.1585  +0.1441  +0.0066  +0.0090   660   376  +1.2985  1.941e-01     0
CRAR 2005-04-05 2005-07-21  +0.1441  +0.2028  +0.0090  +0.0088   376   380  -4.6800  2.868e-06     1
CRAR 2006-08-12 2006-11-22  +0.2028  +0.1133  +0.0088  +0.0184   380   140  +4.3922  1.122e-05     1
CRAR 2008-06-07 2008-07-27  +0.2750  +0.1885  +0.0085  +0.0116   405   253  +6.0149  1.799e-09     1
CRAR 2009-04-11 2009-07-27  +0.1885  +0.2073  +0.0116  +0.0088   253   374  -1.2929  1.960e-01     0
CRAR 2011-03-04 2011-06-17  +0.0119  +0.0610  +0.0146  +0.0086   188   390  -2.9009  3.720e-03     1
CRAR 2013-05-28 2013-09-22  -0.2509  -0.3728  +0.0118  +0.0054   246  1027  +9.4233  4.373e-21     1
CRO1 1996-09-26 1996-11-25  +0.0574  +0.3350  +0.0723  +0.0666   318   382  -2.8241  4.742e-03     1
CRO1 1998-01-10 1998-01-19  +0.3350  +0.5964  +0.0666  +0.0624   382   421  -2.8636  4.188e-03     1
CRO1 1999-07-10 1999-07-15  +0.5964  -0.3194  +0.0624  +0.0885   421   212  +8.4570  2.743e-17     1
CRO1 2000-04-27 2000-11-16  -0.3194  +0.1203  +0.0885  +0.0540   212   565  -4.2413  2.222e-05     1
CRO1 2003-01-19 2003-01-26  +0.8672  +0.5404  +0.1005  +0.0456   179   820  +2.9610  3.067e-03     1
CTWN 2008-07-03 2008-11-26       NA  -0.9397       NA  +0.0356    NA   408       NA         NA    NA
CTWN 2010-02-28 2010-03-03  -0.9397  -0.6236  +0.0356  +0.0590   408   139  -4.5845  4.551e-06     1
CTWN 2010-07-27 2010-07-30  -0.6236  -0.7017  +0.0590  +0.0518   139   143  +0.9941  3.202e-01     0
CTWN 2012-10-12 2012-10-18  +1.5042  -0.4960  +0.0392  +0.0461   299   208 +33.0355 2.509e-239     1
DAEJ 2000-09-19 2001-09-08  +0.5763  +0.4568  +0.0248  +0.0184   476   705  +3.8740  1.071e-04     1
DAEJ 2003-12-14 2004-08-10  +0.4568  +0.4080  +0.0184  +0.0295   705   208  +1.4006  1.613e-01     0
DAEJ 2005-11-12 2006-01-29  -0.2523  +0.0308  +0.0587  +0.0295   191   312  -4.3076  1.651e-05     1
DAEJ 2007-01-08 2007-01-23  +0.0308  -0.2743  +0.0295  +0.0390   312   220  +6.2358  4.494e-10     1
DAEJ 2017-01-28 2017-07-06  -0.1232  +0.1784  +0.0157  +0.0247   985   468 -10.2862  8.133e-25     1
DAEJ 2021-07-01 2021-09-26  +0.2504  +0.0584  +0.0207  +0.0127   518  1452  +7.9097  2.580e-15     1
DAKA 2002-03-23 2002-04-09       NA  +0.4884       NA  +0.0942    NA   137       NA         NA    NA
DAKA 2002-10-29 2002-12-06  +0.4884  +0.1750  +0.0942  +0.0527   137   292  +2.9037  3.688e-03     1
DAKA 2004-02-26 2004-02-27  +0.1750  -0.0457  +0.0527  +0.0494   292   302  +3.0534  2.263e-03     1
DARW 1998-06-27 1998-07-06  -0.3028  -0.6586  +0.0641  +0.0431   267   606  +4.6058  4.110e-06     1
DARW 2001-04-16 2001-07-03  -0.6586  -0.9907  +0.0431  +0.0816   606   192  +3.5980  3.206e-04     1
DARW 2002-03-11 2002-05-25  -0.9907  -0.6807  +0.0816  +0.0312   192  1192  -3.5471  3.894e-04     1
DARW 2007-05-30 2007-06-29  -0.3722  -0.3642  +0.0678  +0.0556   282   336  -0.0910  9.275e-01     0
DARW 2008-08-10 2008-08-23  -0.3642  -0.7465  +0.0556  +0.0504   336   518  +5.0937  3.512e-07     1
DARW 2012-03-29 2012-07-22  +0.3297  -0.0423  +0.0945  +0.0569   191   361  +3.3737  7.416e-04     1
DARW 2018-05-10 2018-05-17  -0.0381  +0.4652  +0.0485  +0.0357   582   872  -8.3598  6.283e-17     1
DARW 2025-10-30 2025-12-30  -0.1144       NA  +0.0259       NA  1784    NA       NA         NA    NA
DAV1 1994-07-29 1995-09-15       NA  -0.2708       NA  +0.0095    NA   410       NA         NA    NA
DAV1 1998-02-15 1998-10-09  -0.2708  -0.9045  +0.0095  +0.0140   410   205 +37.5379  0.000e+00     1
DAV1 1999-07-24 1999-08-13  -0.9045  -0.1283  +0.0140  +0.0134   205   211 -40.0559  0.000e+00     1
DAV1 2005-01-07 2005-05-01  +0.0987  +0.0052  +0.0072  +0.0091   714   446  +8.0769  6.643e-16     1
DAV1 2006-07-28 2006-09-21  +0.0052  -0.1438  +0.0091  +0.0120   446   276  +9.9245  3.256e-23     1
DAVR 1999-11-03 1999-11-19       NA  -0.1318       NA  +0.0144    NA   185       NA         NA    NA
DAVR 2001-06-18 2002-01-30  +0.1737  +0.0865  +0.0133  +0.0140   179   191  +4.5125  6.407e-06     1
DAVR 2002-08-22 2002-12-27  +0.0865  +0.0201  +0.0140  +0.0118   191   245  +3.6156  2.997e-04     1
DAVR 2003-11-09 2003-11-21  +0.0201  -0.0484  +0.0118  +0.0095   245   433  +4.5117  6.431e-06     1
DAVR 2005-03-07 2007-08-10  -0.0484  +0.0212  +0.0095  +0.0097   433   404  -5.1326  2.858e-07     1
DGAR 1997-08-03 1998-01-20  -0.4888  -0.3011  +0.0919  +0.1105   206   134  -1.3052  1.918e-01     0
DGAR 1998-11-16 1999-01-09  -0.3011  -0.8075  +0.1105  +0.0727   134   320  +3.8279  1.292e-04     1
DGAR 2000-10-19 2000-10-28  -0.8075  -0.5302  +0.0727  +0.0497   320   702  -3.1490  1.639e-03     1
DGAR 2005-08-20 2005-09-26  -0.5302  -0.1412  +0.0497  +0.0377   702  1235  -6.2355  4.504e-10     1
DGAR 2009-08-15 2009-08-23  -0.1412  -0.4109  +0.0377  +0.0475  1235   763  +4.4452  8.783e-06     1
DGAR 2011-10-03 2012-01-26  -0.4109  -0.4072  +0.0475  +0.0323   763  1667  -0.0644  9.487e-01     0
DGAR 2017-03-12 2017-03-14  -0.4072  -0.1443  +0.0323  +0.0545  1667   573  -4.1488  3.342e-05     1
DGAR 2019-05-20 2019-06-13  -0.1443  -0.5456  +0.0545  +0.0397   573  1096  +5.9498  2.684e-09     1
DGAR 2023-04-13 2023-04-19  -1.1639  -0.8185  +0.0793  +0.0479   271   763  -3.7279  1.931e-04     1
DGAR 2025-06-02 2025-06-08  -0.8185  -0.5785  +0.0479  +0.0918   763   205  -2.3193  2.038e-02     1
DGAV 2012-01-23 2012-06-04  +0.2477  -0.3904  +0.1019  +0.0314   149  1507  +5.9841  2.176e-09     1
DRAG 2000-02-08 2000-10-13       NA  +1.6438       NA  +0.0517    NA   232       NA         NA    NA
DRAG 2001-10-13 2001-10-13  +1.6438  +1.8774  +0.0517  +0.0307   232   710  -3.8825  1.034e-04     1
DRAG 2004-10-11 2004-10-20  +1.8774  +1.9276  +0.0307  +0.0301   710   751  -1.1703  2.419e-01     0
DRAG 2010-01-16 2010-12-06  +1.9070  +2.0203  +0.0475  +0.0349   306   557  -1.9222  5.459e-02     0
DRAG 2012-08-21 2012-09-19  +2.0203  +2.2098  +0.0349  +0.0495   557   245  -3.1303  1.746e-03     1
DRAO 1994-06-10 1994-07-30  +0.2393  -0.1190  +0.0394  +0.0231   130   466  +7.8495  4.176e-15     1
DRAO 1997-03-18 1997-11-07  +0.0126  +0.2692  +0.0313  +0.0271   185   320  -6.1990  5.681e-10     1
DRAO 1998-10-09 1998-11-08  +0.2692  +0.4646  +0.0271  +0.0299   320   191  -4.8400  1.299e-06     1
DRAO 1999-05-23 1999-06-06  +0.4646  +0.0734  +0.0299  +0.0299   191   259  +9.2431  2.395e-20     1
DRAO 2001-03-19 2001-03-24  -0.1748  +0.3938  +0.0328  +0.0177   148   782 -15.2751  1.121e-52     1
DRAO 2003-05-28 2003-09-05  +0.3938  +0.2716  +0.0177  +0.0314   782   184  +3.3921  6.936e-04     1
DRAO 2004-03-10 2004-04-13  +0.2716  +0.2128  +0.0314  +0.0095   184  2705  +1.7936  7.287e-02     0
DRAO 2011-12-25 2012-01-07  +0.2128  +0.1411  +0.0095  +0.0145  2705  1081  +4.1301  3.626e-05     1
DRAO 2015-02-22 2015-03-13  +0.1411  +0.1114  +0.0145  +0.0246  1081   382  +1.0393  2.987e-01     0
DRAO 2021-11-30 2021-12-02  +0.3553  +0.1731  +0.0179  +0.0128   728  1401  +8.2840  1.191e-16     1
DUBO 1996-10-22 1996-12-31       NA  +0.7740       NA  +0.0173    NA   381       NA         NA    NA
DUBO 1998-02-14 1998-04-28  +0.7740  +1.3745  +0.0173  +0.0605   381   127  -9.5468  1.337e-21     1
DUBO 2000-03-27 2000-04-20  +0.2706  +0.7788  +0.0218  +0.0502   169   161  -9.2802  1.692e-20     1
DUBO 2000-10-18 2001-01-18  +0.7788  +0.4233  +0.0502  +0.0141   161   643  +6.8157  9.382e-12     1
DUBO 2003-01-18 2003-03-13  +0.4233  +0.5559  +0.0141  +0.0266   643   268  -4.4072  1.047e-05     1
DUBO 2004-01-02 2004-03-26  +0.5559  +0.4078  +0.0266  +0.0095   268  1562  +5.2438  1.573e-07     1
DUBO 2012-03-10 2012-03-25  +0.1643  -0.0504  +0.0106  +0.0078  1079  2248 +16.3683  3.219e-60     1
DUBO 2023-09-22 2024-02-05  -0.0758  -0.2491  +0.0234  +0.0163   255   531  +6.0676  1.298e-09     1
DUBO 2025-08-23 2025-12-30  -0.2491       NA  +0.0163       NA   531    NA       NA         NA    NA
DUM1 1999-03-03 1999-03-11  +0.3269  -0.0165  +0.0148  +0.0218   324   143 +13.0436  6.916e-39     1
DUM1 2002-02-03 2002-03-06  +0.4654  +0.3390  +0.0102  +0.0218   668   146  +5.2603  1.438e-07     1
DUM1 2004-05-26 2004-06-26  +0.5574  +0.2220  +0.0108  +0.0212   601   128 +14.0636  6.354e-45     1
DUM1 2006-09-16 2006-09-20  +0.4501  +0.5464  +0.0143  +0.0156   347   300  -4.5547  5.246e-06     1
DUM1 2007-07-24 2007-10-16  +0.5464  +0.6669  +0.0156  +0.0215   300   165  -4.5295  5.912e-06     1
DUM1 2008-05-06 2008-05-11  +0.6669  +0.6912  +0.0215  +0.0148   165   318  -0.9305  3.521e-01     0
DUM1 2010-08-07 2010-11-12  +0.4867  +0.4054  +0.0126  +0.0172   430   265  +3.8199  1.335e-04     1
DUM1 2012-06-06 2012-08-27  +0.2790  +0.0334  +0.0158  +0.0161   289   281 +10.8909  1.274e-27     1
DUM1 2013-06-08 2013-08-12  +0.0334  -0.2269  +0.0161  +0.0213   281   134  +9.7427  1.983e-22     1
EIL1 2000-03-29 2000-06-16  +0.2071  -0.1079  +0.0168  +0.0233   370   222 +10.9823  4.649e-28     1
EIL1 2001-02-09 2001-02-23  -0.1079  +0.0278  +0.0233  +0.0268   222   210  -3.8218  1.325e-04     1
EIL1 2001-10-07 2003-03-26  +0.0278  +0.0074  +0.0268  +0.0183   210   403  +0.6287  5.296e-01     0
EIL1 2004-08-06 2005-01-15  +0.0074  +0.3020  +0.0183  +0.0233   403   225  -9.9431  2.702e-23     1
EIL1 2007-01-12 2007-02-12  +0.3255  +0.1049  +0.0252  +0.0126   231   712  +7.8261  5.031e-15     1
EIL1 2009-02-12 2009-03-12  +0.1049  +0.1208  +0.0126  +0.0166   712   387  -0.7662  4.436e-01     0
EIL1 2010-04-15 2010-07-19  +0.1208       NA  +0.0166       NA   387    NA       NA         NA    NA
EISL 1994-05-04 1995-06-28       NA  -0.9591       NA  +0.0358    NA   898       NA         NA    NA
EISL 2000-03-16 2000-05-13  -0.9591  -1.2569  +0.0358  +0.0497   898   401  +4.8648  1.145e-06     1
EISL 2004-09-12 2004-12-12  -0.8744       NA  +0.0453       NA   498    NA       NA         NA    NA
EPRT 1998-10-03 1999-01-24       NA  +0.5044       NA  +0.0225    NA   476       NA         NA    NA
EPRT 2003-10-14 2003-11-29  +0.3017  +0.4449  +0.0191  +0.0324   671   140  -3.8064  1.410e-04     1
EPRT 2004-04-22 2004-04-22  +0.4449  +0.2442  +0.0324  +0.0127   140  1489  +5.7664  8.099e-09     1
EPRT 2010-03-07 2010-03-21  +0.2442  +0.1300  +0.0127  +0.0223  1489   578  +4.4561  8.346e-06     1
ETAD 2008-10-30 2008-12-17  +0.1803  +0.0491  +0.0538  +0.0573   212   193  +1.6685  9.523e-02     0
ETAD 2010-01-20 2011-11-13  +0.0491  +0.2231  +0.0573  +0.0480   193   283  -2.3276  1.993e-02     1
ETAD 2013-01-01 2013-10-02  +0.2231       NA  +0.0480       NA   283    NA       NA         NA    NA
FAA1 2016-06-08 2016-06-18  +0.3442  +1.1045  +0.0804  +0.0548   239   498  -7.8166  5.426e-15     1
FAA1 2017-11-18 2018-05-20  +1.1045  +1.7744  +0.0548  +0.0626   498   390  -8.0488  8.363e-16     1
FAA1 2019-08-05 2019-08-06  +1.7744  +2.3921  +0.0626  +0.0466   390   697  -7.9146  2.481e-15     1
FAA1 2021-07-22 2021-09-25  +2.3921  +1.8294  +0.0466  +0.0429   697   820  +8.8861  6.331e-19     1
FAIR 1994-10-06 1994-12-07  +1.5459  +1.1677  +0.0259  +0.0150   181   362 +12.6359  1.338e-36     1
FAIR 1998-01-29 1998-02-18  +0.5783  +0.2971  +0.0129  +0.0202   599   264 +11.7241  9.586e-32     1
FAIR 1998-12-21 1999-01-20  +0.2971  +0.3066  +0.0202  +0.0156   264   323  -0.3733  7.089e-01     0
FAIR 2003-12-09 2004-02-05  +0.6719  +0.6644  +0.0090  +0.0090  1232  1132  +0.5830  5.599e-01     0
FAIR 2015-01-05 2015-02-16  +0.5363  +0.3920  +0.0060  +0.0212  2699   268  +6.5397  6.165e-11     1
FAIR 2015-11-25 2015-12-29  +0.3920  +0.3420  +0.0212  +0.0146   268   411  +1.9425  5.208e-02     0
FAIR 2017-02-24 2017-03-24  +0.3420  +0.4890  +0.0146  +0.0285   411   205  -4.5874  4.488e-06     1
FAIR 2018-03-04 2018-03-12  +1.4401  +1.2530  +0.0219  +0.0098   133  1024  +7.7913  6.631e-15     1
FAIR 2021-12-25 2022-01-22  +0.9467  +0.8440  +0.0176  +0.0180   325   320  +4.0747  4.607e-05     1
FAIR 2022-12-19 2023-03-07  +0.8440  +1.1662  +0.0180  +0.0129   320   610 -14.5596  5.075e-48     1
FAIR 2024-12-13 2025-04-01  +1.1662  +1.5022  +0.0129  +0.0273   610   214 -11.1236  9.634e-29     1
FAIR 2025-11-05 2025-12-30  +1.5022       NA  +0.0273       NA   214    NA       NA         NA    NA
FAIV 2009-12-13 2011-05-27       NA  -0.0415       NA  +0.0196    NA   234       NA         NA    NA
FAIV 2012-02-10 2012-03-19  -0.0415  +0.1751  +0.0196  +0.0242   234   200  -6.9495  3.665e-12     1
FAIV 2012-10-12 2012-12-08  +0.1751  +0.0916  +0.0242  +0.0178   200   234  +2.7785  5.461e-03     1
FAIV 2013-08-10 2014-04-05  +0.0916  +0.0470  +0.0178  +0.0148   234   347  +1.9290  5.373e-02     0
FAIV 2015-04-28 2015-06-20  +0.0470  -0.2600  +0.0148  +0.0274   347   147  +9.8500  6.854e-23     1
FAIV 2015-11-25 2016-03-02  -0.2600  -0.0295  +0.0274  +0.0143   147   365  -7.4520  9.191e-14     1
FAIV 2017-03-14 2017-04-24  -0.0295  +0.0148  +0.0143  +0.0326   365   156  -1.2436  2.137e-01     0
FALE 1997-10-24 1997-10-28  -0.1703  +0.1126  +0.0949  +0.1217   245   137  -1.8327  6.684e-02     0
FALE 1998-03-30 1998-04-15  +0.1126  -0.3688  +0.1217  +0.0827   137   328  +3.2712  1.071e-03     1
FALE 1999-04-28 1999-05-03  -0.3688  -0.1967  +0.0827  +0.0589   328   661  -1.6948  9.011e-02     0
FALE 2001-08-18 2001-11-01  -0.1967  +0.3249  +0.0589  +0.0734   661   416  -5.5393  3.037e-08     1
FALE 2003-02-16 2004-04-07  +0.3249  +0.3802  +0.0734  +0.0508   416   888  -0.6191  5.359e-01     0
FALE 2007-01-15 2007-01-15  +0.3802  +0.6896  +0.0508  +0.0694   888   451  -3.5967  3.223e-04     1
FLIN 1996-12-03 1997-01-05  +0.9889  +0.7583  +0.0359  +0.0216   168   256  +5.4999  3.800e-08     1
FLIN 1998-12-07 1999-01-18  +0.9698  +0.9824  +0.0172  +0.0239   352   228  -0.4288  6.681e-01     0
FLIN 1999-09-27 2000-03-03  +0.9824  +0.5661  +0.0239  +0.0065   228  2645 +16.7796  3.444e-63     1
FLIN 2012-01-16 2012-03-08  -0.0727  +0.0663  +0.0263  +0.0323   207   190  -3.3320  8.623e-04     1
FLIN 2012-10-14 2013-01-09  +0.0663  -0.0172  +0.0323  +0.0204   190   295  +2.1850  2.889e-02     0
FLIN 2013-11-24 2014-01-24  -0.0172  -0.2488  +0.0204  +0.0162   295   376  +8.9027  5.451e-19     1
FLIN 2015-12-13 2016-01-18  +0.1366  +0.1719  +0.0269  +0.0151   237   421  -1.1469  2.514e-01     0
FLIN 2018-11-14 2019-01-27  -0.0345  -0.0600  +0.0163  +0.0111   535   959  +1.2951  1.953e-01     0
FLIN 2021-11-29 2022-01-31  -0.0600  -0.0768  +0.0111  +0.0272   959   125  +0.5715  5.677e-01     0
FLIN 2022-06-09 2023-03-04  -0.0768  +0.0377  +0.0272  +0.0201   125   318  -3.3816  7.206e-04     1
FLIN 2024-01-31 2024-02-03  +0.0377  -0.0153  +0.0201  +0.0137   318   633  +2.1757  2.957e-02     0
FLIN 2025-12-08 2025-12-30  -0.0153       NA  +0.0137       NA   633    NA       NA         NA    NA
FLRS 2008-07-15 2008-10-24       NA  -0.0328       NA  +0.0181    NA  2060       NA         NA    NA
FLRS 2015-02-20 2015-03-09  -0.0328  +0.0107  +0.0181  +0.0270  2060   940  -1.3389  1.806e-01     0
FLRS 2018-01-14 2018-05-18  +0.0107  +0.1108  +0.0270  +0.0531   940   261  -1.6816  9.264e-02     0
FLRS 2019-02-20 2019-03-04  +0.1108  +0.2480  +0.0531  +0.0385   261   445  -2.0911  3.652e-02     0
FORT 1997-10-04 1998-05-05  -0.9382  -2.1318  +0.0685  +0.1091   512   198  +9.2660  1.933e-20     1
FORT 1999-04-18 2000-07-27  -2.1318  -2.7922  +0.1091  +0.0460   198  1160  +5.5785  2.426e-08     1
FRDN 2015-10-01 2015-10-06  +0.1976  +0.3338  +0.0186  +0.0090   588  2440  -6.5858  4.526e-11     1
FRDN 2022-12-07 2023-01-18  +0.3338  +0.2360  +0.0090  +0.0141  2440   985  +5.8275  5.625e-09     1
FTNA 2022-10-26 2022-11-01  -1.0082  -0.7426  +0.0428  +0.0919  1142   266  -2.6200  8.793e-03     1
FUNC 2014-01-02 2014-09-11       NA  +0.6957       NA  +0.0551    NA   200       NA         NA    NA
FUNC 2015-04-06 2015-05-09  +0.6957  +0.4233  +0.0551  +0.0387   200   404  +4.0463  5.204e-05     1
FUNC 2016-07-22 2016-08-23  +0.4233  +0.3550  +0.0387  +0.0476   404   263  +1.1153  2.647e-01     0
FUNC 2017-06-16 2017-06-25  +0.3550  +0.8480  +0.0476  +0.0557   263   217  -6.7304  1.692e-11     1
FUNC 2018-02-24 2018-03-09  +0.8480  +0.6898  +0.0557  +0.0494   217   256  +2.1254  3.355e-02     0
FUNC 2018-12-06 2018-12-08  +0.6898  +0.6547  +0.0494  +0.0373   256   435  +0.5666  5.710e-01     0
FUNC 2020-02-22 2020-02-24  +0.6547  +0.6705  +0.0373  +0.0477   435   270  -0.2602  7.947e-01     0
FUNC 2020-12-03 2021-01-21  +0.6705  +0.7148  +0.0477  +0.0427   270   337  -0.6928  4.884e-01     0
FUNC 2022-01-15 2022-01-22  +0.7148  +0.5726  +0.0427  +0.0297   337   696  +2.7360  6.219e-03     1
FUNC 2024-01-11 2024-04-11  +0.5726  +0.4696  +0.0297  +0.0556   696   207  +1.6356  1.019e-01     0
FUNC 2024-11-08 2024-11-10  +0.4696  +0.4512  +0.0556  +0.0417   207   354  +0.2647  7.913e-01     0
GALA 1996-02-04 1998-05-21       NA  +0.6210       NA  +0.0641    NA   347       NA         NA    NA
GALA 2000-08-30 2000-10-21  +0.6210  +0.8153  +0.0641  +0.0515   347   497  -2.3630  1.813e-02     1
GALA 2002-04-27 2002-11-08  +0.8153       NA  +0.0515       NA   497    NA       NA         NA    NA
GANP 2005-03-18 2005-03-19  +0.5535  +0.4613  +0.0167  +0.0145   503   762  +4.1760  2.967e-05     1
GANP 2007-05-22 2007-06-15  +0.4613  +0.3190  +0.0145  +0.0261   762   238  +4.7704  1.839e-06     1
GANP 2008-02-22 2008-02-24  +0.3190  +0.2620  +0.0261  +0.0197   238   392  +1.7441  8.114e-02     0
GANP 2009-04-04 2009-04-07  +0.2620  +0.1013  +0.0197  +0.0207   392   371  +5.6201  1.909e-08     1
GANP 2012-02-24 2012-03-03  +0.2302  +0.0990  +0.0191  +0.0141   397   817  +5.5227  3.339e-08     1
GANP 2014-07-06 2015-03-28  +0.0990  +0.3369  +0.0141  +0.0163   817   645 -11.0368  2.539e-28     1
GANP 2018-04-14 2018-04-25  +0.6734  +0.9080  +0.0181  +0.0455   435   159  -4.7868  1.695e-06     1
GANP 2018-10-08 2019-02-18  +0.9080  +0.9237  +0.0455  +0.0166   159   632  -0.3249  7.452e-01     0
GANP 2020-11-28 2021-02-11  +0.9237  +0.8187  +0.0166  +0.0124   632  1049  +5.0737  3.901e-07     1
GANP 2024-02-02 2024-02-06  +0.8187  +0.7351  +0.0124  +0.0160  1049   659  +4.1274  3.668e-05     1
GLPS 2003-07-09 2004-05-16  +0.1461  -0.1086  +0.0746  +0.0341   172   762  +3.1062  1.895e-03     1
GLPS 2006-10-17 2006-12-27  -0.1086  +0.2799  +0.0341  +0.0847   762   139  -4.2555  2.086e-05     1
GLPS 2007-05-31 2007-06-04  +0.2799  +0.1037  +0.0847  +0.0314   139   891  +1.9508  5.108e-02     0
GLPS 2010-08-18 2010-08-25  +0.1037  +0.3912  +0.0314  +0.0445   891   451  -5.2792  1.298e-07     1
GLPS 2015-01-06 2015-01-22  -0.1993  +0.3466  +0.0441  +0.0911   459   125  -5.3920  6.968e-08     1
GLPS 2016-12-03 2016-12-04  -0.5227  +0.3049  +0.0535  +0.0444   290   453 -11.8976  1.218e-32     1
GLPS 2018-03-23 2018-04-15  +0.3049  -0.0112  +0.0444  +0.0377   453   618  +5.4280  5.699e-08     1
GLPS 2023-01-28 2023-05-27  -1.1696  -1.6401  +0.0641  +0.0557   199   272  +5.5393  3.037e-08     1
GLPS 2024-03-11 2024-06-23  -1.6401  -1.6197  +0.0557  +0.0634   272   206  -0.2420  8.088e-01     0
GLPS 2025-03-02 2025-04-25  -1.6197  -1.4721  +0.0634  +0.0584   206   249  -1.7111  8.707e-02     0
GLSV 1998-09-06 1999-05-24  +0.7322  +1.0046  +0.0516  +0.0519   136   153  -3.7217  1.979e-04     1
GLSV 2000-11-25 2000-11-26  +0.4914  +0.6051  +0.0239  +0.0284   362   190  -3.0646  2.179e-03     1
GLSV 2001-06-16 2001-08-09  +0.6051  +0.4675  +0.0284  +0.0248   190   307  +3.6488  2.635e-04     1
GLSV 2002-07-01 2002-09-09  +0.4675  +0.5263  +0.0248  +0.0147   307   893  -2.0406  4.129e-02     0
GLSV 2005-11-17 2006-01-17  +0.8668  +0.5645  +0.0360  +0.0173   238   677  +7.5751  3.587e-14     1
GLSV 2008-02-11 2008-02-12  +0.5645  +0.1387  +0.0173  +0.0189   677   623 +16.5970  7.331e-62     1
GLSV 2015-02-24 2015-02-24  +0.3428  +0.3244  +0.0191  +0.0132   508  1198  +0.7927  4.279e-01     0
GLSV 2020-01-02 2020-02-09  +0.5088  +0.3919  +0.0206  +0.0383   495   123  +2.6856  7.241e-03     1
GMAS 2003-04-13 2008-12-07       NA  -0.7867       NA  +0.0722    NA   133       NA         NA    NA
GMAS 2009-07-24 2009-08-02  -0.7867  -0.8760  +0.0722  +0.0600   133   211  +0.9513  3.415e-01     0
GMAS 2010-04-18 2011-05-06  -0.8760  -0.4885  +0.0600  +0.0653   211   207  -4.3695  1.245e-05     1
GMAS 2011-12-10 2011-12-11  -0.4885  -0.1278  +0.0653  +0.0661   207   142  -3.8813  1.039e-04     1
GMAS 2012-05-08 2012-05-08  -0.1278  -0.7181  +0.0661  +0.0708   142   184  +6.0952  1.093e-09     1
GMAS 2012-11-18 2012-11-21  -0.7181  -0.2991  +0.0708  +0.0736   184   120  -4.1032  4.075e-05     1
GMSD 2007-07-06 2007-08-31  -0.1281  -0.0664  +0.0307  +0.0154   978  3960  -1.7950  7.265e-02     0
GODE 1994-01-06 1994-10-09       NA  +0.8433       NA  +0.0416    NA   134       NA         NA    NA
GODE 1995-11-03 1995-11-04  +0.5029  +1.1017  +0.0558  +0.0349   161   208  -9.1016  8.901e-20     1
GODE 1996-06-06 1996-09-16  +1.1017  +1.2158  +0.0349  +0.0336   208   230  -2.3562  1.846e-02     1
GODE 1997-10-04 1998-01-08  +0.6106  +1.1581  +0.0780  +0.0434   121   142  -6.1313  8.717e-10     1
GODE 1998-06-02 2000-10-01  +1.1581  +0.6180  +0.0434  +0.0446   142   138  +8.6781  4.023e-18     1
GODE 2003-09-19 2014-01-12  +0.6180  +1.0583  +0.0446  +0.0456   138   122  -6.9025  5.109e-12     1
GODE 2015-04-30 2015-10-02  +1.1221  +1.3216  +0.0349  +0.0122   189  2144  -5.3867  7.175e-08     1
GODE 2022-01-02 2022-01-03  +1.3216  +1.1502  +0.0122  +0.0153  2144  1389  +8.7394  2.344e-18     1
GODZ 2007-04-21 2007-04-25  +0.7766  +0.8116  +0.0183  +0.0561  1038   181  -0.5926  5.534e-01     0
GODZ 2007-11-26 2007-11-26  +0.8116  +0.6687  +0.0561  +0.0401   181   245  +2.0726  3.820e-02     0
GODZ 2014-01-03 2014-01-12  +0.6186  +0.6819  +0.0154  +0.0255  1552   540  -2.1234  3.372e-02     0
GODZ 2015-08-15 2015-09-07  +0.6819  +0.8677  +0.0255  +0.0334   540   258  -4.4219  9.786e-06     1
GODZ 2016-05-30 2016-10-08  +0.8677  +0.8939  +0.0334  +0.0354   258   207  -0.5387  5.901e-01     0
GODZ 2023-11-01 2024-02-01  +1.3422       NA  +0.0677       NA   156    NA       NA         NA    NA
GOL2 1999-03-10 2000-11-26       NA  +0.5533       NA  +0.0221    NA   502       NA         NA    NA
GOL2 2018-07-16 2018-09-06  +0.5533  +0.3846  +0.0221  +0.0282   502   254  +4.7037  2.555e-06     1
GOL2 2019-05-22 2019-06-19  +0.3846  +0.4171  +0.0282  +0.0446   254   155  -0.6153  5.384e-01     0
GOL2 2019-12-07 2019-12-08  +0.4171  +0.3371  +0.0446  +0.0370   155   134  +1.3799  1.676e-01     0
GOL2 2020-04-21 2020-04-24  +0.3371  +0.5134  +0.0370  +0.0186   134   736  -4.2587  2.056e-05     1
GOL2 2022-08-02 2022-08-18  +0.5134  +0.3520  +0.0186  +0.0283   736   260  +4.7667  1.873e-06     1
GOL2 2023-05-18 2023-08-16  +0.3520  +0.3107  +0.0283  +0.0269   260   318  +1.0594  2.894e-01     0
GOL2 2024-07-12 2024-11-24  +0.3107  +0.5746  +0.0269  +0.0249   318   378  -7.2117  5.527e-13     1
GOL2 2025-12-20 2025-12-30  +0.5746       NA  +0.0249       NA   378    NA       NA         NA    NA
GOLD 1994-01-06 1994-03-12       NA  +0.7770       NA  +0.0326    NA   372       NA         NA    NA
GOLD 1997-05-10 1997-07-19  +0.5708  +0.4034  +0.0314  +0.0440   295   153  +3.0980  1.948e-03     1
GOLD 1998-01-13 1998-01-18  +0.4034  +0.2965  +0.0440  +0.0451   153   152  +1.6962  8.984e-02     0
GOLD 1998-07-19 1999-06-07  +0.2965  +0.7538  +0.0451  +0.0760   152   128  -5.1717  2.319e-07     1
GOLD 2000-10-07 2000-10-09  +0.7538  +0.1844  +0.0760  +0.0375   128   153  +6.7140  1.893e-11     1
GOLD 2001-03-21 2001-03-26  +0.1844  +0.3687  +0.0375  +0.0290   153   354  -3.8847  1.025e-04     1
GOLD 2007-08-05 2007-09-29  +0.4057  +0.2735  +0.0134  +0.0099  1613  2977  +7.9422  1.987e-15     1
GOLD 2019-05-22 2019-06-19  +0.4795  +0.4354  +0.0235  +0.0171   527  1042  +1.5172  1.292e-01     0
GOLD 2022-08-02 2022-08-18  +0.4354  +0.3248  +0.0171  +0.0312  1042   261  +3.1069  1.891e-03     1
GOLD 2023-05-18 2023-05-23  +0.3248  +0.2437  +0.0312  +0.0305   261   312  +1.8599  6.289e-02     0
GOPE 1995-09-17 1996-04-20       NA  -1.0379       NA  +0.0163    NA   626       NA         NA    NA
GOPE 1998-02-10 1998-04-17  -1.0379  -0.9485  +0.0163  +0.0262   626   276  -2.8959  3.780e-03     1
GOPE 1999-01-27 1999-02-01  -0.9485  -1.0898  +0.0262  +0.0268   276   258  +3.7733  1.611e-04     1
GOPE 2014-10-05 2014-10-13  +0.0292  +0.5075  +0.0429  +0.0206   160   376 -10.0551  8.720e-24     1
GOPE 2015-11-01 2015-11-05  +0.5075  +0.3362  +0.0206  +0.0230   376   261  +5.5511  2.839e-08     1
GOPE 2024-06-20 2024-09-08  +0.4113  +0.4735  +0.0111  +0.0183  1229   468  -2.9120  3.591e-03     1
GOUG 2003-08-12 2003-08-29  +0.0131  -0.4346  +0.0217  +0.0461  1335   294  +8.7883  1.519e-18     1
GOUG 2007-08-05 2008-09-17  +0.0731       NA  +0.0426       NA   365    NA       NA         NA    NA
GRAS 1995-02-23 1995-05-26       NA  -0.1634       NA  +0.0251    NA   439       NA         NA    NA
GRAS 1997-02-15 1997-04-23  -0.1634  +0.0527  +0.0251  +0.0218   439   664  -6.4981  8.135e-11     1
GRAS 1999-11-25 2000-03-18  -0.3719  -0.1791  +0.0583  +0.0306   146   317  -2.9278  3.414e-03     1
GRAS 2003-09-12 2003-09-18  +0.1202  +0.2525  +0.0222  +0.0351   717   296  -3.1895  1.425e-03     1
GRAS 2004-10-04 2004-11-04  +0.2525  +0.2064  +0.0351  +0.0167   296  1082  +1.1893  2.343e-01     0
GRAS 2008-02-07 2008-02-29  +0.2064  +0.1193  +0.0167  +0.0162  1082  1228  +3.7399  1.841e-04     1
GRAS 2011-10-04 2011-10-22  +0.1193  -0.0982  +0.0162  +0.0212  1228   687  +8.1325  4.204e-16     1
GRAS 2013-09-19 2013-09-22  -0.0982  -0.1162  +0.0212  +0.0173   687  1016  +0.6572  5.110e-01     0
GRAS 2016-08-01 2016-08-26  -0.1162  +0.1460  +0.0173  +0.0153  1016  1278 -11.3550  7.001e-30     1
GRAS 2020-04-01 2020-05-12  +0.1460  +0.2516  +0.0153  +0.0150  1278  1354  -4.9225  8.543e-07     1
GRAS 2024-05-10 2024-05-11  +0.2516  +0.0002  +0.0150  +0.0514  1354   196  +4.6894  2.740e-06     1
GRAS 2024-11-28 2024-12-06  +0.0002  +0.2286  +0.0514  +0.0286   196   375  -3.8805  1.043e-04     1
GRAZ 1994-01-06 1994-01-17       NA  +0.7222       NA  +0.0259    NA   340       NA         NA    NA
GRAZ 1995-12-12 1996-01-04  +0.4226  +0.6045  +0.0309  +0.0338   284   161  -3.9727  7.107e-05     1
GRAZ 1996-12-24 1997-01-06  +0.2096  +0.3555  +0.0432  +0.0179   174   695  -3.1229  1.791e-03     1
GRAZ 2003-08-07 2003-12-27  +0.3316  +0.1927  +0.0218  +0.0280   504   305  +3.9119  9.159e-05     1
GRAZ 2004-11-15 2005-01-20  +0.1927  +0.2858  +0.0280  +0.0250   305   354  -2.4770  1.325e-02     1
GRAZ 2007-04-15 2007-04-28  +0.4331  +0.3016  +0.0307  +0.0226   152   543  +3.4481  5.646e-04     1
GRAZ 2008-11-05 2008-11-05  +0.3016  +0.2054  +0.0226  +0.0125   543  1442  +3.7229  1.970e-04     1
GRAZ 2012-12-19 2013-01-10  +0.2054  +0.0262  +0.0125  +0.0191  1442   653  +7.8447  4.341e-15     1
GRAZ 2014-11-20 2015-01-15  +0.0262  +0.1519  +0.0191  +0.0209   653   506  -4.4415  8.933e-06     1
GRAZ 2025-02-10 2025-03-25  +0.4272  +0.4792  +0.0087  +0.0340  2967   269  -1.4823  1.383e-01     0
GUAM 1995-02-03 1995-07-29       NA  -1.3806       NA  +0.0902    NA   188       NA         NA    NA
GUAM 1997-02-08 1997-08-12  -0.2237  -0.8729  +0.1070  +0.0811   122   229  +4.8348  1.333e-06     1
GUAM 1998-07-04 1999-05-15  -0.8729  -1.2570  +0.0811  +0.0741   229   259  +3.4963  4.718e-04     1
GUAM 2000-07-23 2000-11-25  -1.2570  -1.3361  +0.0741  +0.0439   259   778  +0.9198  3.577e-01     0
GUAM 2003-05-14 2003-05-21  -1.3361  -0.8046  +0.0439  +0.0247   778  2436 -10.5653  4.314e-26     1
GUAM 2010-06-19 2010-10-07  -0.8046  -0.4079  +0.0247  +0.0270  2436  2027 -10.8592  1.804e-27     1
GUAM 2017-01-14 2017-03-25  -0.4079  -0.3283  +0.0270  +0.0851  2027   185  -0.8930  3.719e-01     0
GUAO 2002-06-16 2002-10-01       NA  -0.4259       NA  +0.0283    NA   124       NA         NA    NA
GUAO 2003-02-07 2003-03-31  -0.4259  -0.6245  +0.0283  +0.0433   124   187  +3.8374  1.243e-04     1
GUAO 2003-11-01 2003-11-02  -0.6245  -0.5372  +0.0433  +0.0156   187   647  -1.8954  5.803e-02     0
GUAO 2005-10-13 2006-04-18  -0.5372  -0.0499  +0.0156  +0.0411   647   192 -11.0754  1.651e-28     1
GUAO 2007-04-28 2007-09-15  -0.4549  -0.4048  +0.0253  +0.0222   147   275  -1.4867  1.371e-01     0
GUAO 2011-01-03 2011-04-25  -0.9051  -0.3852  +0.0201  +0.0223   417   269 -17.2984  4.836e-67     1
GUAO 2012-04-03 2012-04-28  -0.3852  -0.5571  +0.0223  +0.0510   269   169  +3.0881  2.014e-03     1
GUAO 2012-10-29 2012-11-09  -0.5571  -0.7481  +0.0510  +0.0256   169   132  +3.3485  8.126e-04     1
GUAO 2013-11-08 2013-12-30  -0.1520       NA  +0.0375       NA   220    NA       NA         NA    NA
GUAT 2001-03-06 2001-03-22  -1.0277  -0.6626  +0.0678  +0.0705   209   204  -3.7326  1.895e-04     1
GUAT 2001-11-05 2002-01-22  -0.6626  -0.7341  +0.0705  +0.0594   204   290  +0.7764  4.375e-01     0
GUAT 2002-12-09 2002-12-11  -0.7341  -0.4362  +0.0594  +0.0502   290   394  -3.8313  1.275e-04     1
GUAT 2004-03-29 2004-04-13  -0.4362  -0.4881  +0.0502  +0.0755   394   176  +0.5718  5.674e-01     0
GUAT 2004-10-24 2005-04-04  -0.4881  -0.9030  +0.0755  +0.0848   176   149  +3.6550  2.572e-04     1
GUAT 2006-01-15 2006-01-17  +0.0817  -0.4006  +0.0865  +0.0288   127  1238  +5.2917  1.212e-07     1
GUAT 2009-11-13 2009-11-14  -0.4006  +0.0618  +0.0288  +0.0663  1238   241  -6.3955  1.601e-10     1
GUAT 2010-07-20 2010-10-23  +0.0618  -0.3594  +0.0663  +0.0559   241   319  +4.8580  1.186e-06     1
GUAT 2011-10-26 2011-10-29  -0.3594  -0.3166  +0.0559  +0.0224   319  2018  -0.7111  4.770e-01     0
GUAT 2018-09-20 2018-10-21  -0.3166  -0.4466  +0.0224  +0.0535  2018   368  +2.2422  2.495e-02     1
GUAT 2019-12-25 2019-12-28  -0.4466  -0.4949  +0.0535  +0.0385   368   665  +0.7333  4.634e-01     0
GUAT 2023-09-10 2023-10-30  -0.4949  -0.7278  +0.0385  +0.0534   665   346  +3.5351  4.076e-04     1
GUUG 2004-03-17 2004-03-18  -0.3540  -0.1890  +0.0862  +0.0569   174   371  -1.5987  1.099e-01     0
GUUG 2005-12-31 2006-04-06  +0.2651  -0.2056  +0.0712  +0.0418   229   668  +5.6990  1.205e-08     1
GUUG 2008-06-16 2008-06-20  -0.2056  -0.8899  +0.0418  +0.0867   668   135  +7.1121  1.143e-12     1
GUUG 2010-06-26 2010-09-27  -0.1507  -0.1479  +0.0472  +0.0221   565  2418  -0.0530  9.578e-01     0
HARB 2000-08-12 2000-09-13       NA  +0.4824       NA  +0.0359    NA   307       NA         NA    NA
HARB 2001-08-18 2001-08-19  +0.4824  +0.3807  +0.0359  +0.0337   307   325  +2.0674  3.869e-02     0
HARB 2002-08-07 2002-08-10  +0.3807  +0.4714  +0.0337  +0.0450   325   249  -1.6142  1.065e-01     0
HARB 2003-05-21 2003-06-12  +0.4714  +0.3675  +0.0450  +0.0278   249   331  +1.9635  4.959e-02     0
HARB 2005-03-25 2005-04-08  +0.9037  +0.9069  +0.0716  +0.0332   171   255  -0.0400  9.681e-01     0
HARB 2007-02-27 2007-08-29  +1.0117  +0.6156  +0.0695  +0.0519   163   236  +4.5669  4.951e-06     1
HARB 2008-05-15 2008-10-06  +0.6156  +0.5922  +0.0519  +0.0630   236   197  +0.2877  7.736e-01     0
HARB 2009-05-07 2009-08-23  +0.5922  +0.3875  +0.0630  +0.0496   197   253  +2.5512  1.074e-02     1
HARB 2011-04-08 2011-05-08  +0.0114  -0.1398  +0.0323  +0.0352   331   212  +3.1643  1.555e-03     1
HARB 2013-07-06 2013-07-06  +0.1134  -0.0304  +0.0259  +0.0108   545  2948  +5.1308  2.885e-07     1
HERS 1999-03-10 1999-05-01  +0.4896  +1.5758  +0.0277  +0.0290   369   343 -27.0563 3.222e-161     1
HERS 2004-07-29 2004-08-24  +0.3354  +0.6051  +0.0171  +0.0323   928   235  -7.3775  1.612e-13     1
HERS 2005-04-23 2005-05-03  +0.6051  +0.4972  +0.0323  +0.0305   235   319  +2.4294  1.512e-02     1
HERS 2012-01-06 2012-03-15  -0.2152  -0.1616  +0.0433  +0.0134   205  1578  -1.1829  2.369e-01     0
HERS 2022-05-14 2022-08-17  +0.1885  +0.1935  +0.0116  +0.0154  2068  1207  -0.2608  7.942e-01     0
HERT 2004-07-29 2004-08-24  +0.1861  +0.4740  +0.0243  +0.0321   478   232  -7.1470  8.870e-13     1
HERT 2005-04-23 2005-05-03  +0.4740  +0.3158  +0.0321  +0.0226   232   582  +4.0271  5.648e-05     1
HERT 2007-01-31 2007-02-04  +0.3158  +0.4213  +0.0226  +0.0135   582  1494  -4.0058  6.181e-05     1
HERT 2012-01-04 2012-03-15  +0.1698  +0.2613  +0.0428  +0.0132   213  1614  -2.0437  4.098e-02     0
HERT 2022-05-14 2022-08-17  +0.5557  +0.4523  +0.0116  +0.0155  2011  1188  +5.3332  9.651e-08     1
HLFX 2002-12-21 2003-01-12       NA  +0.0721       NA  +0.0178    NA   732       NA         NA    NA
HLFX 2005-03-08 2005-03-08  +0.0721  -0.0667  +0.0178  +0.0340   732   269  +3.6146  3.008e-04     1
HLFX 2006-01-15 2006-01-22  -0.0667  +0.0528  +0.0340  +0.0164   269   969  -3.1655  1.548e-03     1
HLFX 2008-12-01 2008-12-02  +0.0528  +0.1004  +0.0164  +0.0125   969  1514  -2.3030  2.128e-02     1
HLFX 2013-04-23 2013-04-26  +0.1004  +0.0602  +0.0125  +0.0140  1514  1280  +2.1425  3.215e-02     0
HLFX 2017-02-25 2017-03-02  +0.0602  +0.1800  +0.0140  +0.0131  1280  1499  -6.2503  4.097e-10     1
HLFX 2021-08-07 2021-09-21  +0.1800  +0.2655  +0.0131  +0.0131  1499  1457  -4.6165  3.903e-06     1
HNLC 1999-12-03 1999-12-04  -0.4534  -0.8397  +0.0409  +0.0694   788   254  +4.7927  1.645e-06     1
HNLC 2000-09-14 2000-09-20  -0.8397  -0.4277  +0.0694  +0.0854   254   183  -3.7420  1.825e-04     1
HNLC 2001-03-31 2001-06-21  -0.4277  +0.2482  +0.0854  +0.0951   183   162  -5.2875  1.240e-07     1
HNLC 2001-12-21 2002-01-24  +0.2482  +0.0001  +0.0951  +0.0470   162   572  +2.3396  1.930e-02     1
HNLC 2003-09-09 2003-09-14  +0.0001  -0.3995  +0.0470  +0.1088   572   124  +3.3718  7.469e-04     1
HNLC 2005-11-12 2005-12-06  +0.2183  -0.0242  +0.0557  +0.0207   399  3006  +4.0780  4.543e-05     1
HNLC 2018-02-28 2018-03-12  -0.0242  +0.2254  +0.0207  +0.0369  3006   961  -5.8973  3.696e-09     1
HNLC 2025-12-13 2025-12-20  +0.2254       NA  +0.0369       NA   961    NA       NA         NA    NA
HNPT 1995-12-21 1996-04-21       NA  +0.3170       NA  +0.0362    NA   350       NA         NA    NA
HNPT 1998-01-05 1998-01-08  +1.0866  +0.7668  +0.0507  +0.0457   229   244  +4.6875  2.766e-06     1
HNPT 1998-10-09 1999-03-02  +0.7668  +1.1882  +0.0457  +0.0374   244   329  -7.1387  9.418e-13     1
HNPT 2000-02-22 2000-05-10  +1.1882  -0.3629  +0.0374  +0.0805   329   148 +17.4740  2.260e-68     1
HNPT 2015-08-15 2015-11-10  -0.0173  +0.6912  +0.0802  +0.0196   126  1135  -8.5771  9.727e-18     1
HNPT 2022-05-01 2022-08-09  +0.7183  +0.4425  +0.0258  +0.0423   599   257  +5.5692  2.560e-08     1
HOB2 1995-12-02 1996-10-18       NA  +0.0334       NA  +0.0343    NA   270       NA         NA    NA
HOB2 1998-08-13 1999-01-15  -0.2514  -0.5429  +0.0446  +0.0386   148   204  +4.9395  7.834e-07     1
HOB2 1999-09-02 1999-12-01  -0.5429  -0.0385  +0.0386  +0.0314   204   317 -10.1361  3.822e-24     1
HOB2 2004-12-04 2004-12-20  +0.2637  +0.3505  +0.0182  +0.0084   902  4472  -4.3318  1.479e-05     1
HOB2 2022-01-24 2022-02-01  +0.2420  +0.4589  +0.0348  +0.0196   233   827  -5.4282  5.694e-08     1
HOFN 1997-06-30 1997-07-28       NA  -0.5034       NA  +0.0308    NA   224       NA         NA    NA
HOFN 2000-04-29 2001-09-10  -0.5034  +0.5294  +0.0308  +0.0346   224   160 -22.3114 2.866e-110     1
HOFN 2002-03-21 2002-04-25  +0.5294  +0.4359  +0.0346  +0.0172   160   772  +2.4211  1.547e-02     1
HOFN 2004-07-05 2004-07-13  +0.4359  +0.5802  +0.0172  +0.0234   772   504  -4.9711  6.656e-07     1
HOFN 2006-11-02 2008-01-29  +0.5802  +0.4047  +0.0234  +0.0133   504  1270  +6.5225  6.913e-11     1
HOFN 2021-06-26 2021-07-02  +0.4511  +0.4070  +0.0193  +0.0195   566   586  +1.6059  1.083e-01     0
HOFN 2023-03-31 2023-04-20  +0.4070  +0.5344  +0.0195  +0.0339   586   232  -3.2537  1.139e-03     1
HOLB 1994-01-06 1994-04-27       NA  +0.2712       NA  +0.0184    NA   723       NA         NA    NA
HOLB 1996-07-25 1996-07-28  +0.2712  +0.1890  +0.0184  +0.0124   723  1557  +3.7040  2.123e-04     1
HOLB 2001-12-25 2001-12-30  +0.5725  -0.3305  +0.0315  +0.0308   266   261 +20.4969  2.296e-93     1
HOLB 2003-08-13 2003-12-23  +0.0163  +0.0442  +0.0273  +0.0187   290   684  -0.8412  4.002e-01     0
HOLB 2005-11-21 2006-03-08  +0.0442  +0.2322  +0.0187  +0.0308   684   273  -5.2219  1.771e-07     1
HOLB 2007-02-07 2008-12-12  +0.2322  -0.1672  +0.0308  +0.0138   273  1188 +11.8399  2.427e-32     1
HOLB 2025-08-24 2025-12-30  +0.0649       NA  +0.0170       NA   842    NA       NA         NA    NA
HOLM 2003-12-05 2004-01-25  +0.5285  +0.4656  +0.0122  +0.0120   398   354  +3.6817  2.317e-04     1
HOLM 2006-12-20 2007-04-05  +0.4498  +0.6510  +0.0137  +0.0147   308   283 -10.0072  1.417e-23     1
HOLM 2008-02-18 2008-02-25  +0.6510  +0.5217  +0.0147  +0.0099   283   593  +7.3001  2.875e-13     1
HOLM 2009-12-18 2009-12-26  +0.5217  +0.4943  +0.0099  +0.0142   593   295  +1.5810  1.139e-01     0
HOLM 2010-11-10 2011-05-22  +0.4943  +0.2876  +0.0142  +0.0283   295   147  +6.5341  6.401e-11     1
HOLM 2011-11-19 2011-12-25  +0.2876  +0.2889  +0.0283  +0.0138   147   301  -0.0406  9.676e-01     0
HOLM 2012-11-23 2012-12-16  +0.2889  +0.3225  +0.0138  +0.0089   301   653  -2.0467  4.069e-02     0
HOLM 2014-12-30 2015-05-10  +0.3225  +0.1282  +0.0089  +0.0203   653   198  +8.7559  2.024e-18     1
HOLM 2016-01-06 2016-04-24  +0.1282  +0.1417  +0.0203  +0.0182   198   232  -0.4924  6.225e-01     0
HOLM 2025-10-08 2025-12-30  +0.4070       NA  +0.0195       NA   320    NA       NA         NA    NA
HRAO 1996-09-28 1996-10-03       NA  +0.6241       NA  +0.0425    NA   205       NA         NA    NA
HRAO 2000-06-20 2000-06-20  +0.2739  +0.5180  +0.0282  +0.0295   514   402  -5.9851  2.162e-09     1
HRAO 2001-08-18 2001-08-29  +0.5180  +0.3884  +0.0295  +0.0295   402   576  +3.1048  1.904e-03     1
HRAO 2003-04-24 2003-05-04  +0.3884  +0.0041  +0.0295  +0.0367   576   235  +8.1581  3.404e-16     1
HRAO 2004-01-05 2004-04-07  +0.0041  +0.4471  +0.0367  +0.0392   235   162  -8.2520  1.557e-16     1
HRAO 2005-03-25 2005-08-10  +0.9623  +1.2211  +0.0766  +0.0616   168   133  -2.6332  8.459e-03     1
HRAO 2007-06-15 2008-03-12  +0.3722  +0.1328  +0.0310  +0.0309   398   426  +5.4726  4.435e-08     1
HRAO 2009-06-08 2009-08-29  +0.1328  +0.2290  +0.0309  +0.0562   426   240  -1.5010  1.334e-01     0
HRAO 2011-07-06 2011-10-22  -0.1951  -0.1440  +0.0298  +0.0276   413   577  -1.2577  2.085e-01     0
HRAO 2013-07-06 2013-07-06  -0.1440  -0.4261  +0.0276  +0.0427   577   266  +5.5479  2.892e-08     1
HRM1 2004-08-01 2004-08-24  +0.3025  +0.5694  +0.0117  +0.0301  1896   242  -8.2681  1.361e-16     1
HRM1 2005-04-29 2005-04-29  +0.5694  +0.4489  +0.0301  +0.0117   242  1928  +3.7298  1.916e-04     1
HYDE 2002-10-30 2002-12-09       NA  +1.9415       NA  +0.0850    NA   168       NA         NA    NA
HYDE 2003-06-23 2004-06-06  +1.9415  +0.0393  +0.0850  +0.0869   168   179 +15.6454  3.572e-55     1
HYDE 2005-01-03 2005-01-04  +0.0393  +1.2406  +0.0869  +0.1001   179   122  -9.0591  1.316e-19     1
HYDE 2012-03-14 2012-03-20  +0.5173  +0.2863  +0.0410  +0.0436   726   713  +3.8591  1.138e-04     1
HYDE 2014-12-09 2014-12-11  +0.2863  +0.6545  +0.0436  +0.0698   713   253  -4.4754  7.626e-06     1
HYDE 2015-09-18 2016-08-13  +0.6545  +1.2387  +0.0698  +0.0427   253   725  -7.1411  9.259e-13     1
HYDE 2025-07-02 2025-08-12  -0.3102       NA  +0.0915       NA   171    NA       NA         NA    NA
IDDR 2008-04-06 2008-10-15       NA  +0.3543       NA  +0.0270    NA   129       NA         NA    NA
IDDR 2009-05-10 2009-05-23  +0.3543  +0.2511  +0.0270  +0.0469   129   145  +1.9055  5.672e-02     0
IDDR 2009-11-02 2009-11-10  +0.2511  +0.2189  +0.0469  +0.0160   145   397  +0.6512  5.149e-01     0
IDDR 2011-02-14 2011-02-18  +0.2189  +0.2686  +0.0160  +0.0100   397  1185  -2.6368  8.370e-03     1
IDDR 2014-12-11 2015-04-19  +0.2686  +0.1556  +0.0100  +0.0173  1185   492  +5.6515  1.591e-08     1
IDDR 2016-11-07 2017-03-18  +0.1556  +0.1523  +0.0173  +0.0259   492   255  +0.1070  9.148e-01     0
IDDR 2017-12-30 2017-12-30  +0.1523  +0.1257  +0.0259  +0.0115   255   854  +0.9368  3.489e-01     0
IDDR 2021-02-07 2022-10-23  +0.1257  +0.1016  +0.0115  +0.0125   854   644  +1.4129  1.577e-01     0
IDDR 2025-04-05 2025-12-30  +0.1016       NA  +0.0125       NA   644    NA       NA         NA    NA
IISC 1998-01-02 2000-08-24       NA  -0.2609       NA  +0.0518    NA   440       NA         NA    NA
IISC 2003-01-05 2003-03-26  -0.2609  -0.0762  +0.0518  +0.0690   440   267  -2.1408  3.229e-02     0
IISC 2004-01-13 2004-05-02  -0.0762  -1.1809  +0.0690  +0.0841   267   176 +10.1568  3.091e-24     1
IISC 2005-04-04 2005-08-23  +0.1858  -0.4421  +0.0896  +0.0622   128   313  +5.7557  8.630e-09     1
IISC 2008-01-03 2008-01-06  +0.5551  +0.1264  +0.0503  +0.0423   475   664  +6.5230  6.892e-11     1
IISC 2011-02-16 2011-02-19  -0.5596  -0.1256  +0.0708  +0.0233   221  2164  -5.8219  5.820e-09     1
IISC 2021-12-03 2021-12-18  -0.6512  -1.4603  +0.0448  +0.0419   616   677 +13.1957  9.290e-40     1
IISC 2023-12-29 2024-02-17  -1.4603  -0.7277  +0.0419  +0.0759   677   210  -8.4508  2.894e-17     1
IISC 2024-09-18 2025-02-01  -0.7277  -0.9328  +0.0759  +0.0616   210   324  +2.0985  3.586e-02     0
ILHA 2009-05-06 2009-09-13  +0.6819  +0.1616  +0.0621  +0.1247   387   124  +3.7343  1.883e-04     1
ILHA 2010-02-22 2011-05-12  +0.1616  +0.6667  +0.1247  +0.0516   124   469  -3.7431  1.818e-04     1
IMPZ 1998-02-19 2000-05-21       NA  +0.2841       NA  +0.1216    NA   132       NA         NA    NA
IMPZ 2001-09-21 2001-10-23  +0.2841  +0.3913  +0.1216  +0.0919   132   240  -0.7030  4.821e-01     0
IMPZ 2004-08-30 2004-12-28  -0.6628  -0.5512  +0.0966  +0.0628   176   418  -0.9686  3.328e-01     0
IMPZ 2007-08-28 2007-08-29  -0.5512  -0.6081  +0.0628  +0.0653   418   376  +0.6279  5.301e-01     0
IMPZ 2009-09-13 2009-11-26  -0.6081  -0.6744  +0.0653  +0.0595   376   502  +0.7518  4.522e-01     0
IMPZ 2012-08-28 2012-10-26  -0.6744  -0.4185  +0.0595  +0.0468   502   794  -3.3822  7.190e-04     1
IMPZ 2018-12-11 2018-12-27  -0.4185  -0.7830  +0.0468  +0.0593   794   487  +4.8285  1.376e-06     1
IMPZ 2024-04-27 2024-10-23  -0.7830  -2.1971  +0.0593  +0.1023   487   195 +11.9638  5.500e-33     1
IMPZ 2025-05-11 2025-12-30  -2.1971       NA  +0.1023       NA   195    NA       NA         NA    NA
INEG 1999-12-01 2001-09-26       NA  -0.3125       NA  +0.0367    NA   373       NA         NA    NA
INEG 2006-07-05 2006-07-29  -0.3125  -0.1372  +0.0367  +0.0274   373   764  -3.8311  1.276e-04     1
INEG 2011-05-07 2011-06-16  -0.1372  -0.1641  +0.0274  +0.0359   764   506  +0.5971  5.505e-01     0
INEG 2013-07-31 2013-12-15  +0.3513  -0.0160  +0.0475  +0.0464   234   283  +5.5355  3.103e-08     1
INEG 2014-10-12 2014-12-06  -0.0160  -0.2247  +0.0464  +0.0460   283   283  +3.1975  1.386e-03     1
INEG 2015-10-04 2015-12-14  -0.2247  -0.3893  +0.0460  +0.0175   283  1929  +3.3474  8.158e-04     1
INVK 2004-12-23 2005-02-16  +0.0020  -0.0540  +0.0109  +0.0162   458   258  +2.8700  4.105e-03     1
INVK 2007-10-14 2008-01-12  -0.0696  -0.1229  +0.0204  +0.0090   210   675  +2.3920  1.676e-02     1
INVK 2013-02-04 2013-03-15  -0.1320  -0.1282  +0.0102  +0.0080   559   907  -0.2930  7.695e-01     0
INVK 2015-11-27 2016-04-05  -0.1282  -0.2206  +0.0080  +0.0187   907   202  +4.5370  5.707e-06     1
INVK 2017-01-12 2017-03-21  -0.2206  -0.0735  +0.0187  +0.0082   202   898  -7.2009  5.983e-13     1
INVK 2020-02-01 2020-03-14  -0.0735  -0.1400  +0.0082  +0.0095   898   656  +5.2986  1.167e-07     1
INVK 2022-01-19 2022-03-01  -0.1400  -0.1393  +0.0095  +0.0100   656   591  -0.0500  9.601e-01     0
INVK 2023-11-25 2024-03-20  -0.1393  -0.0435  +0.0100  +0.0102   591   606  -6.7058  2.003e-11     1
INVK 2025-12-07 2025-12-30  -0.0435       NA  +0.0102       NA   606    NA       NA         NA    NA
IQAL 2009-09-27 2010-02-19       NA  +0.4712       NA  +0.0133    NA   302       NA         NA    NA
IQAL 2011-01-05 2011-05-04  +0.4712  +0.5578  +0.0133  +0.0194   302   207  -3.6770  2.360e-04     1
IQAL 2011-12-16 2012-04-24  +0.5578  +0.4620  +0.0194  +0.0201   207   190  +3.4300  6.036e-04     1
IQAL 2012-12-25 2013-03-02  +0.4620  +0.4482  +0.0201  +0.0061   190  1223  +0.6571  5.111e-01     0
IQAL 2017-03-08 2017-03-11  +0.4482  +0.4151  +0.0061  +0.0059  1223  1266  +3.9178  8.938e-05     1
IQAL 2021-01-22 2021-01-31  +0.4151  +0.2862  +0.0059  +0.0157  1266   126  +7.6768  1.632e-14     1
IQAL 2023-04-10 2023-08-07  +0.4299  +0.3179  +0.0087  +0.0123   467   231  +7.4428  9.861e-14     1
IQAL 2024-09-16 2025-03-29  +0.5245  +0.3810  +0.0245  +0.0159   152   259  +4.9147  8.891e-07     1
IQUI 2010-06-16 2010-10-18  +0.2409  +0.0968  +0.0768  +0.0462   340   936  +1.6092  1.076e-01     0
IQUI 2013-11-20 2014-02-04  +0.0968  +0.0919  +0.0462  +0.0936   936   223  +0.0469  9.626e-01     0
IQUI 2015-06-04 2015-08-02  +0.0919  -0.2663  +0.0936  +0.0729   223   393  +3.0198  2.529e-03     1
IRKJ 2002-01-21 2002-04-22  +0.4703  +1.0745  +0.0219  +0.0478   148   138 -11.4933  1.426e-30     1
IRKJ 2002-09-30 2003-07-10  +1.0745  +0.5146  +0.0478  +0.0195   138   202 +10.8478  2.043e-27     1
IRKJ 2004-11-19 2004-11-19  +0.7822  +0.6169  +0.0208  +0.0122   269   601  +6.8495  7.408e-12     1
IRKJ 2009-09-26 2009-10-13  +0.5389  +0.4643  +0.0112  +0.0112   641   580  +4.7175  2.387e-06     1
IRKJ 2013-11-27 2013-12-05  +0.5113  +0.5719  +0.0107  +0.0152   701   349  -3.2589  1.118e-03     1
IRKJ 2025-02-01 2025-02-22  +0.0917  -0.0410  +0.0069  +0.0215  1796   268  +5.8673  4.429e-09     1
IRKJ 2025-12-09 2025-12-30  -0.0410       NA  +0.0215       NA   268    NA       NA         NA    NA
IRKT 1996-12-04 1997-01-29  +0.1198  +0.1282  +0.0177  +0.0181   374   350  -0.3292  7.420e-01     0
IRKT 1998-02-12 1998-03-10  +0.1282  -0.2826  +0.0181  +0.0244   350   265 +13.5189  1.210e-41     1
IRKT 1998-12-24 1999-02-12  -0.2826  -0.0380  +0.0244  +0.0217   265   296  -7.4955  6.605e-14     1
IRKT 1999-12-30 2000-04-29  -0.0380  +0.2612  +0.0217  +0.0237   296   258  -9.3138  1.233e-20     1
IRKT 2006-11-07 2007-03-12  -0.1568  -0.1785  +0.0205  +0.0123   310   873  +0.9061  3.649e-01     0
IRKT 2009-11-14 2009-11-30  -0.1785  -0.3289  +0.0123  +0.0171   873   370  +7.1434  9.105e-13     1
IRKT 2011-01-09 2011-02-15  -0.3289  -0.2769  +0.0171  +0.0245   370   203  -1.7402  8.183e-02     0
IRKT 2011-12-12 2012-02-25  -0.2769  -0.3045  +0.0245  +0.0138   203   646  +0.9785  3.278e-01     0
ISBA 2009-01-02 2009-01-28       NA  -0.2622       NA  +0.0536    NA   221       NA         NA    NA
ISBA 2009-10-27 2009-10-30  -0.2622  +0.4743  +0.0536  +0.0268   221   738 -12.2880  1.051e-34     1
ISBA 2012-04-08 2012-04-13  +0.4743  +0.6065  +0.0268  +0.0317   738   561  -3.1827  1.459e-03     1
ISBA 2014-03-05 2014-03-09  +0.6065  +1.0470  +0.0317  +0.0552   561   202  -6.9171  4.611e-12     1
ISBA 2016-04-02 2016-06-30  +0.4790  +1.6240  +0.0536  +0.0773   156   137 -12.1766  4.142e-34     1
ISBA 2016-11-17 2017-03-11  +1.6240  +1.2941  +0.0773  +0.0554   137   231  +3.4703  5.199e-04     1
ISBA 2017-11-04 2017-11-08  +1.2941  +0.7112  +0.0554  +0.0550   231   147  +7.4669  8.210e-14     1
ISBA 2018-04-06 2018-04-08  +0.7112  +1.1330  +0.0550  +0.0654   147   181  -4.9355  7.995e-07     1
ISBA 2018-10-09 2018-11-13  +1.1330  +0.3700  +0.0654  +0.0596   181   123  +8.6216  6.603e-18     1
ISBA 2019-03-23 2019-09-05  +0.3700  +0.7698  +0.0596  +0.0644   123   160  -4.5554  5.228e-06     1
ISBA 2020-12-05 2021-02-24  +0.7698  +0.3891  +0.0644  +0.0301   160   640  +5.3553  8.543e-08     1
ISBA 2023-05-22 2023-07-11  +0.3891       NA  +0.0301       NA   640    NA       NA         NA    NA
JAB1 1997-08-12 1999-06-25       NA  -0.6138       NA  +0.0962    NA   191       NA         NA    NA
JAB1 2000-08-26 2000-09-10  -1.4056  -0.5401  +0.0987  +0.0313   126  1686  -8.3612  6.206e-17     1
JAB1 2008-01-17 2008-10-13  -0.5401       NA  +0.0313       NA  1686    NA       NA         NA    NA
JOG2 2014-05-15 2014-09-08  +0.2858  +0.6814  +0.1241  +0.0539   124   672  -2.9244  3.451e-03     1
JOG2 2017-12-24 2018-04-03  +0.6814  +1.2192  +0.0539  +0.0768   672   331  -5.7338  9.823e-09     1
JOG2 2019-03-29 2019-04-03  +1.2192  +1.1357  +0.0768  +0.0662   331   450  +0.8246  4.096e-01     0
JOG2 2023-09-11 2024-01-15  +0.3221  +0.2522  +0.0609  +0.0539   533   676  +0.8595  3.901e-01     0
JOG2 2025-11-27 2025-12-30  +0.2522       NA  +0.0539       NA   676    NA       NA         NA    NA
JOZ2 2004-11-26 2005-03-26  -0.5557  -0.3910  +0.0268  +0.0200   239   502  -4.9265  8.371e-07     1
JOZ2 2007-12-05 2008-02-25  -0.2103  +0.6298  +0.0212  +0.0282   368   218 -23.8148 2.348e-125     1
JOZ2 2012-04-27 2012-05-03  +0.4466  +0.3455  +0.0123  +0.0159  1063   644  +5.0324  4.844e-07     1
JOZ2 2020-02-10 2020-02-10  +0.6050  +0.6141  +0.0199  +0.0252   401   303  -0.2805  7.791e-01     0
JOZ2 2023-07-14 2023-09-30  +0.4273  +0.4207  +0.0139  +0.0298   838   145  +0.2010  8.407e-01     0
JOZE 1994-12-26 1995-01-27  +0.7230  -0.1160  +0.0258  +0.0255   321   330 +23.1276 2.442e-118     1
JOZE 1996-02-04 1996-03-06  -0.1160  -0.0231  +0.0255  +0.0188   330   629  -2.9278  3.413e-03     1
JOZE 1999-11-18 1999-11-26  +0.2645  -0.0193  +0.0175  +0.0316   690   141  +7.8537  4.040e-15     1
JOZE 2002-11-23 2003-02-21  +0.2341  +0.0301  +0.0157  +0.0148   911   985  +9.4335  3.968e-21     1
JOZE 2005-12-17 2006-02-18  +0.0301  +0.0934  +0.0148  +0.0329   985   232  -1.7556  7.916e-02     0
JOZE 2006-11-06 2007-02-13  +0.0934  +0.3750  +0.0329  +0.0176   232   655  -7.5507  4.331e-14     1
JOZE 2009-02-13 2009-02-24  +0.3750  +0.1282  +0.0176  +0.0134   655  1126 +11.1415  7.880e-29     1
JOZE 2012-04-27 2012-05-03  +0.1282  +0.0049  +0.0134  +0.0323  1126   238  +3.5250  4.236e-04     1
JOZE 2013-01-19 2013-02-23  +0.0049  +0.0078  +0.0323  +0.0128   238  1299  -0.0821  9.346e-01     0
JOZE 2016-12-01 2016-12-07  +0.0078  +0.3030  +0.0128  +0.0122  1299  1347 -16.7044  1.217e-62     1
JPLM 1998-03-24 1998-04-21  -0.0564  -0.3714  +0.0203  +0.0361  1282   411  +7.6069  2.807e-14     1
JPLM 1999-06-23 1999-08-01  -0.3714  -0.2547  +0.0361  +0.0624   411   147  -1.6188  1.055e-01     0
JPLM 2000-01-11 2000-03-23  -0.2547  -0.2888  +0.0624  +0.0348   147   435  +0.4774  6.330e-01     0
JPLM 2001-06-19 2001-06-28  -0.2888  -0.2893  +0.0348  +0.0284   435   655  +0.0127  9.898e-01     0
JPLM 2003-05-09 2003-08-18  -0.2893  -0.0607  +0.0284  +0.0324   655   504  -5.3010  1.151e-07     1
JPLM 2005-01-14 2005-01-23  -0.0607  +0.1916  +0.0324  +0.0461   504   275  -4.4800  7.463e-06     1
JPLM 2006-04-01 2006-05-16  -0.3141  -0.1924  +0.0510  +0.0351   151   483  -1.9667  4.922e-02     0
JPLM 2009-01-09 2009-04-05  -0.6279  -0.8378  +0.0336  +0.0456   448   284  +3.7012  2.146e-04     1
JPLM 2011-01-05 2011-01-30  -0.0525  -0.1621  +0.0406  +0.0517   325   231  +1.6684  9.524e-02     0
JPLV 2007-09-27 2008-01-15       NA  +0.1052       NA  +0.0358    NA   320       NA         NA    NA
JPLV 2009-03-22 2009-06-02  +0.1052  +0.2078  +0.0358  +0.0464   320   239  -1.7522  7.974e-02     0
JPLV 2010-02-14 2010-02-17  +0.2078  +0.3425  +0.0464  +0.0289   239   544  -2.4644  1.372e-02     1
JPLV 2011-10-18 2012-07-08  +0.3425       NA  +0.0289       NA   544    NA       NA         NA    NA
KARR 1994-07-30 1995-08-22       NA  -1.8804       NA  +0.0614    NA   171       NA         NA    NA
KARR 1997-01-15 1997-08-21  -1.8804  -1.9440  +0.0614  +0.0709   171   200  +0.6780  4.977e-01     0
KARR 1998-06-14 1999-01-11  -1.9440  -1.2347  +0.0709  +0.0879   200   133  -6.2801  3.382e-10     1
KARR 1999-07-07 1999-08-21  -1.2347  -1.5949  +0.0879  +0.0433   133   447  +3.6776  2.354e-04     1
KARR 2001-01-09 2001-09-15  -1.5949  -1.4599  +0.0433  +0.0532   447   307  -1.9698  4.887e-02     0
KARR 2006-10-20 2006-10-31  -0.9829  -0.9306  +0.0249  +0.0284  1383  1087  -1.3861  1.657e-01     0
KARR 2009-12-26 2010-04-22  -0.9306  -0.7910  +0.0284  +0.0204  1087  2028  -3.9861  6.716e-05     1
KARR 2016-07-03 2016-07-04  -0.7910  -0.4146  +0.0204  +0.0245  2028  1477 -11.7908  4.354e-32     1
KARR 2024-09-07 2024-10-12  -1.0138  -1.1111  +0.0302  +0.0486   907   354  +1.7008  8.897e-02     0
KAT1 2011-06-08 2011-09-21       NA  -0.1528       NA  +0.0537    NA   462       NA         NA    NA
KAT1 2013-03-16 2013-06-20  -0.1528  -0.3657  +0.0537  +0.0443   462   617  +3.0583  2.226e-03     1
KAT1 2015-04-20 2015-04-24  -0.3657  -0.3927  +0.0443  +0.0602   617   321  +0.3623  7.172e-01     0
KAT1 2016-04-01 2016-05-23  -0.3927  -0.8244  +0.0602  +0.0759   321   122  +4.4577  8.284e-06     1
KAT1 2016-09-23 2017-06-01  -0.8244  -0.6976  +0.0759  +0.0756   122   122  -1.1838  2.365e-01     0
KAT1 2017-10-04 2017-12-03  -0.6976  -0.3151  +0.0756  +0.0762   122   232  -3.5634  3.661e-04     1
KAT1 2018-07-26 2025-12-30  -0.3151       NA  +0.0762       NA   232    NA       NA         NA    NA
KELY 1995-07-24 1996-12-21       NA  -0.2712       NA  +0.0144    NA   580       NA         NA    NA
KELY 2000-01-12 2000-01-12  -0.2712  -0.3562  +0.0144  +0.0263   580   182  +2.8344  4.591e-03     1
KELY 2001-04-10 2001-07-06  -0.3562  +0.4915  +0.0263  +0.0184   182   351 -26.4245 7.164e-154     1
KELY 2003-04-24 2005-03-13  +0.4915  +0.6524  +0.0184  +0.0147   351   547  -6.8415  7.835e-12     1
KELY 2008-12-31 2009-01-07  +0.4594  +0.7404  +0.0306  +0.0330   148   130  -6.2477  4.165e-10     1
KELY 2010-01-07 2010-02-09  +0.7404  +0.6003  +0.0330  +0.0115   130   929  +4.0060  6.175e-05     1
KELY 2016-05-05 2016-05-19  +0.5477  +0.6092  +0.0108  +0.0233  1024   254  -2.3957  1.659e-02     1
KERG 2001-08-24 2001-11-24  +0.6958  +0.6286  +0.0212  +0.0481   707   162  +1.2773  2.015e-01     0
KERG 2002-05-18 2002-09-09  +0.6286  +0.6538  +0.0481  +0.0163   162  1208  -0.4959  6.200e-01     0
KERG 2006-04-24 2006-07-04  +0.6538  +0.5849  +0.0163  +0.0139  1208  1652  +3.2152  1.303e-03     1
KGNI 2001-10-09 2001-12-19       NA  -0.4549       NA  +0.0501    NA   137       NA         NA    NA
KGNI 2002-05-22 2002-09-03  -0.4549  -0.2500  +0.0501  +0.0210   137  1115  -3.7717  1.621e-04     1
KGNI 2008-08-04 2008-08-08  -0.6043  -0.5932  +0.0285  +0.0250   727   891  -0.2928  7.697e-01     0
KGNI 2011-07-20 2011-08-24  -0.5932  -0.9101  +0.0250  +0.0396   891   324  +6.7651  1.332e-11     1
KGNI 2012-08-04 2012-10-06  -0.9101  -0.6293  +0.0396  +0.0663   324   154  -3.6336  2.795e-04     1
KGNI 2013-07-25 2013-12-12  -0.6293       NA  +0.0663       NA   154    NA       NA         NA    NA
KHAJ 2001-07-20 2002-02-07       NA  +0.7960       NA  +0.0166    NA   307       NA         NA    NA
KHAJ 2003-01-11 2003-03-27  +0.7960  +0.8693  +0.0166  +0.0138   307   382  -3.3884  7.031e-04     1
KHAJ 2005-11-02 2006-01-20  +1.0482  +0.6820  +0.0502  +0.0157   150   296  +6.9641  3.304e-12     1
KHAJ 2007-01-05 2007-03-12  +0.6820  +0.8171  +0.0157  +0.0103   296   678  -7.1928  6.347e-13     1
KHAJ 2009-03-29 2009-07-21  +0.8171  +0.9249  +0.0103  +0.0240   678   150  -4.1218  3.759e-05     1
KHAJ 2010-01-06 2010-01-24  +0.9249  +0.8883  +0.0240  +0.0150   150   325  +1.2899  1.971e-01     0
KHAJ 2011-01-25 2011-02-22  +0.8883  +0.9558  +0.0150  +0.0235   325   258  -2.4218  1.544e-02     1
KHAJ 2011-12-02 2012-02-26  +0.9558       NA  +0.0235       NA   258    NA       NA         NA    NA
KHAR 2004-09-13 2004-09-26  +0.5834  +0.6201  +0.0292  +0.0271   232   270  -0.9207  3.572e-01     0
KHAR 2005-07-29 2005-12-28  +0.6201  +0.6792  +0.0271  +0.0173   270   612  -1.8363  6.631e-02     0
KHAR 2008-02-05 2008-02-12  +0.6792  +0.5645  +0.0173  +0.0202   612   475  +4.3099  1.633e-05     1
KHAR 2010-12-04 2010-12-04  +0.7792  +0.8075  +0.0259  +0.0157   317   790  -0.9317  3.515e-01     0
KHAR 2013-11-10 2013-11-23  +0.5798  +0.7869  +0.0364  +0.0285   227   213  -4.4840  7.324e-06     1
KIR0 2002-12-28 2003-02-20  +0.1681  +0.1499  +0.0082  +0.0093  1326  1007  +1.4596  1.444e-01     0
KIR0 2006-10-27 2006-12-23  +0.2807  +0.1641  +0.0185  +0.0108   272   723  +5.4353  5.471e-08     1
KIR0 2009-01-14 2009-04-11  +0.1641  +0.1800  +0.0108  +0.0127   723   587  -0.9528  3.407e-01     0
KIR0 2010-12-26 2011-02-24  +0.1800  +0.2211  +0.0127  +0.0128   587   576  -2.2792  2.266e-02     1
KIR0 2012-10-24 2013-01-02  +0.2211  +0.1595  +0.0128  +0.0095   576   955  +3.8570  1.148e-04     1
KIR0 2015-11-17 2016-03-08  +0.1595  +0.3081  +0.0095  +0.0125   955   592  -9.4433  3.612e-21     1
KIR0 2017-12-04 2018-02-07  +0.3081  +0.3810  +0.0125  +0.0154   592   354  -3.6812  2.321e-04     1
KIR0 2019-02-21 2019-02-26  +0.3810  +0.3035  +0.0154  +0.0203   354   256  +3.0401  2.365e-03     1
KIR0 2021-01-13 2021-01-13  +0.3836  +0.2483  +0.0249  +0.0123   142   573  +4.8730  1.099e-06     1
KIR0 2022-09-19 2023-01-03  +0.2483  +0.2165  +0.0123  +0.0137   573   413  +1.7281  8.397e-02     0
KIR0 2024-03-05 2024-03-06  +0.2165  +0.1984  +0.0137  +0.0120   413   624  +0.9876  3.233e-01     0
KIRI 2020-07-14 2020-07-15  -0.0656  -0.5126  +0.0348  +0.0365   940   842  +8.8650  7.647e-19     1
KIRI 2024-11-05 2025-02-11  -0.0214  -0.4726  +0.0474  +0.0597   496   309  +5.9194  3.230e-09     1
KIRU 1994-01-06 1994-07-11       NA  +0.5177       NA  +0.0120    NA   749       NA         NA    NA
KIRU 1996-11-21 1996-12-18  +0.5177  +0.7165  +0.0120  +0.0155   749   392 -10.1157  4.707e-24     1
KIRU 1998-02-09 1998-03-14  +0.7165  +0.9160  +0.0155  +0.0227   392   249  -7.2575  3.944e-13     1
KIRU 1998-12-27 1999-03-30  +0.9160  +0.8196  +0.0227  +0.0211   249   267  +3.1141  1.845e-03     1
KIRU 2000-01-30 2000-02-16  +0.8196  +0.7030  +0.0211  +0.0178   267   307  +4.2277  2.361e-05     1
KIRU 2001-02-15 2001-03-27  +0.7030  +0.4750  +0.0178  +0.0196   307   299  +8.6183  6.795e-18     1
KIRU 2002-02-17 2002-03-14  +0.4750  +0.7318  +0.0196  +0.0133   299   626 -10.8511  1.971e-27     1
KIRU 2004-01-11 2004-02-17  +0.7318  +0.8063  +0.0133  +0.0198   626   285  -3.1187  1.817e-03     1
KIRU 2005-01-07 2005-02-24  +0.8063  +0.7990  +0.0198  +0.0214   285   273  +0.2512  8.017e-01     0
KIRU 2005-12-13 2006-01-09  +0.7990  +0.8771  +0.0214  +0.0176   273   327  -2.8234  4.751e-03     1
KIRU 2007-01-10 2007-02-01  +0.8771  +0.8172  +0.0176  +0.0208   327   276  +2.1984  2.792e-02     0
KIRU 2007-11-12 2007-12-14  +0.8172  +0.9322  +0.0208  +0.0099   276  1042  -4.9937  5.924e-07     1
KIT3 1995-05-14 1995-09-17  +0.3813  +0.6721  +0.0594  +0.0494   131   180  -3.7636  1.675e-04     1
KIT3 1997-05-14 1997-10-11  +0.7825  +0.4821  +0.0547  +0.0506   131   186  +4.0311  5.552e-05     1
KIT3 1998-06-16 2000-04-30  +0.4821  +2.8304  +0.0506  +0.1051   186   132 -20.1353  3.618e-90     1
KIT3 2001-04-25 2001-07-10  +0.5425  +0.7031  +0.0493  +0.0378   175   346  -2.5833  9.785e-03     1
KIT3 2003-06-08 2003-09-06  +0.7031  +0.5209  +0.0378  +0.0258   346   821  +3.9794  6.910e-05     1
KIT3 2009-12-23 2010-03-29  +0.3590  -1.4731  +0.0337  +0.0732   563   193 +22.7335 2.091e-114     1
KIT3 2012-05-26 2012-08-15  +0.1723  +0.0998  +0.0315  +0.0198   530  1547  +1.9465  5.160e-02     0
KIT3 2025-10-11 2025-12-30  -1.1190       NA  +0.0842       NA   175    NA       NA         NA    NA
KOKB 1996-01-18 1996-07-28       NA  -1.7880       NA  +0.0642    NA   183       NA         NA    NA
KOKB 1997-03-19 1997-09-16  -1.7880  -2.0508  +0.0642  +0.0475   183   323  +3.2927  9.924e-04     1
KOKB 1998-10-30 1999-07-20  -2.0508  -1.7973  +0.0475  +0.0543   323   250  -3.5158  4.385e-04     1
KOKB 2000-09-17 2000-09-18  -2.3138  -1.8197  +0.0733  +0.0497   135   287  -5.5773  2.442e-08     1
KOKB 2001-07-23 2001-12-15  -1.8197  -0.8713  +0.0497  +0.0727   287   128 -10.7635  5.118e-27     1
KOKB 2002-07-29 2002-08-01  -0.8713  -0.3990  +0.0727  +0.0339   128   618  -5.8848  3.987e-09     1
KOKB 2004-07-10 2004-07-17  -0.3990  -0.6007  +0.0339  +0.0795   618   135  +2.3329  1.965e-02     1
KOKB 2004-11-30 2005-01-21  -0.6007  -0.1701  +0.0795  +0.0145   135  3443  -5.3282  9.921e-08     1
KOKV 2010-12-03 2011-03-03  -0.1417  -0.0317  +0.0402  +0.0242   411  1104  -2.3437  1.909e-02     1
KOSG 2000-10-29 2000-12-09  +0.0254  +0.2026  +0.0221  +0.0268   527   313  -5.0992  3.411e-07     1
KOSG 2013-04-27 2013-10-06  +0.5164  +0.2726  +0.0268  +0.0300   346   204  +6.0639  1.328e-09     1
KOSG 2014-09-19 2014-11-25  +0.2726       NA  +0.0300       NA   204    NA       NA         NA    NA
KOU1 2005-01-14 2005-01-27  +0.4602  -0.0653  +0.0541  +0.0824   564   215  +5.3298  9.834e-08     1
KOU1 2005-09-28 2005-09-30  -0.0653  +0.2729  +0.0824  +0.0709   215   321  -3.1100  1.871e-03     1
KOUC 1996-04-28 1996-09-07       NA  -0.1050       NA  +0.0487    NA   742       NA         NA    NA
KOUC 1999-01-29 1999-02-01  -0.1050  -0.2824  +0.0487  +0.0727   742   332  +2.0285  4.251e-02     0
KOUC 2000-02-22 2000-02-24  -0.2824  -0.3676  +0.0727  +0.0506   332   687  +0.9618  3.362e-01     0
KOUC 2002-03-15 2002-04-11  -0.3676  -0.2324  +0.0506  +0.0784   687   263  -1.4484  1.475e-01     0
KOUC 2006-08-03 2006-08-07  -0.2324  -0.2897  +0.0784  +0.0343   263  1480  +0.6695  5.032e-01     0
KOUC 2010-11-19 2010-11-22  -0.2897  -0.0488  +0.0343  +0.0673  1480   413  -3.1918  1.414e-03     1
KOUC 2012-02-08 2012-02-10  -0.0488  -0.2099  +0.0673  +0.0357   413  1366  +2.1174  3.423e-02     0
KOUG 2023-08-28 2023-11-16  +1.4550  +0.9546  +0.0441  +0.0674   580   249  +6.2128  5.204e-10     1
KOUG 2024-07-27 2024-07-27  +0.9546  +1.8407  +0.0674  +0.0469   249   514 -10.7998  3.449e-27     1
KOUG 2025-12-26 2025-12-30  +1.8407       NA  +0.0469       NA   514    NA       NA         NA    NA
KOUR 1994-01-06 1995-05-05       NA  +0.0367       NA  +0.0490    NA   635       NA         NA    NA
KOUR 2002-06-23 2002-10-13  +0.1498  +0.5251  +0.0854  +0.0488   208   641  -3.8152  1.361e-04     1
KOUR 2005-09-28 2005-12-05  -0.5319  +0.0498  +0.0661  +0.0811   349   230  -5.5592  2.710e-08     1
KOUR 2007-10-05 2007-12-29  -0.6331  -0.6732  +0.0637  +0.0482   374   652  +0.5007  6.166e-01     0
KOUR 2023-08-28 2023-11-16  +1.4470  +0.8620  +0.0282  +0.0799  1907   241  +6.8996  5.216e-12     1
KRGG 2017-02-11 2017-06-24       NA  +0.8155       NA  +0.0310    NA   280       NA         NA    NA
KSMV 2002-05-11 2002-05-26  -0.1256  +0.2880  +0.0423  +0.0239   191   839  -8.5104  1.733e-17     1
KSMV 2005-03-11 2005-03-11  +0.2880  +0.4786  +0.0239  +0.0373   839   354  -4.3039  1.678e-05     1
KSMV 2010-02-25 2010-02-26  -0.0012  +0.1877  +0.0209  +0.0256  1181   823  -5.7067  1.152e-08     1
KSMV 2012-10-02 2013-12-12  +0.1877       NA  +0.0256       NA   823    NA       NA         NA    NA
KSTU 1997-09-01 1998-03-21       NA  +0.4225       NA  +0.0312    NA   215       NA         NA    NA
KSTU 1998-12-22 1999-02-28  +0.4225  +0.4847  +0.0312  +0.0330   215   151  -1.3669  1.717e-01     0
KSTU 2001-02-16 2001-03-26  +0.0153  +0.2802  +0.0299  +0.0282   176   192  -6.4532  1.095e-10     1
KSTU 2002-03-10 2002-03-10  +0.2802  +0.3444  +0.0282  +0.0173   192   539  -1.9451  5.176e-02     0
KUNM 2001-07-05 2001-07-06  +0.3460  +0.8780  +0.0469  +0.0651   222   171  -6.6286  3.390e-11     1
KUNM 2002-12-08 2003-03-28  +0.8780  +1.1272  +0.0651  +0.0677   171   181  -2.6519  8.004e-03     1
KUNM 2003-10-12 2004-06-17  +1.1272  +1.0648  +0.0677  +0.0458   181   253  +0.7627  4.456e-01     0
KUNM 2005-03-13 2005-05-28  +1.0648  +0.6051  +0.0458  +0.0495   253   241  +6.8204  9.076e-12     1
KUNM 2006-03-17 2006-03-25  +0.6051  +0.2924  +0.0495  +0.0305   241   643  +5.3800  7.448e-08     1
KUNM 2008-01-29 2008-02-13  +0.2924  +0.1482  +0.0305  +0.0449   643   312  +2.6578  7.864e-03     1
KUNM 2009-01-07 2009-05-08  +0.1482  +0.3432  +0.0449  +0.0420   312   317  -3.1739  1.504e-03     1
KUNM 2010-03-25 2010-05-11  +0.3432  +0.1458  +0.0420  +0.0591   317   205  +2.7232  6.466e-03     1
KUNM 2010-12-17 2011-04-14  +0.1458  +0.0252  +0.0591  +0.0313   205   614  +1.8034  7.133e-02     0
KWJ1 1996-03-18 1996-09-12       NA  -0.0621       NA  +0.0485    NA   653       NA         NA    NA
LAE1 2002-07-04 2003-02-20  -1.6791  -1.3244  +0.1488  +0.1460   147   167  -1.7012  8.890e-02     0
LAE1 2003-08-18 2003-08-21  -1.3244  -0.8106  +0.1460  +0.1058   167   326  -2.8492  4.383e-03     1
LAE1 2004-08-06 2004-08-16  -0.8106  -0.7304  +0.1058  +0.1255   326   226  -0.4887  6.250e-01     0
LAE1 2005-04-27 2005-06-15  -0.7304  -0.1875  +0.1255  +0.0978   226   384  -3.4123  6.441e-04     1
LAE1 2009-05-15 2010-11-15  -0.1875  +0.5251  +0.0978  +0.1149   384   266  -4.7226  2.328e-06     1
LAE1 2023-10-07 2023-10-08  +0.5251       NA  +0.1149       NA   266    NA       NA         NA    NA
LAMA 1994-12-23 1995-04-18       NA  +0.7653       NA  +0.0241    NA   415       NA         NA    NA
LAMA 1997-02-09 1997-02-25  +0.7653  +0.7114  +0.0241  +0.0205   415   530  +1.7025  8.867e-02     0
LAMA 2002-08-18 2002-09-08  -0.1834  -0.2110  +0.0219  +0.0131   462  1169  +1.0819  2.793e-01     0
LAMA 2006-01-04 2006-01-31  -0.2110  -0.0988  +0.0131  +0.0350  1169   151  -3.0036  2.668e-03     1
LAMA 2006-07-05 2006-07-10  -0.0988  -0.4667  +0.0350  +0.0358   151   179  +7.3454  2.052e-13     1
LAMA 2007-11-19 2008-01-05  -0.2142  +0.3276  +0.0278  +0.0114   286  1511 -18.0307  1.119e-72     1
LAMA 2012-04-27 2012-05-01  +0.3276  +0.2201  +0.0114  +0.0177  1511   660  +5.1165  3.113e-07     1
LAMA 2014-09-03 2014-12-05  -0.0199  +0.2482  +0.0406  +0.0145   171   930  -6.2217  4.919e-10     1
LAMA 2024-02-29 2024-03-08  +0.2209  +0.3387  +0.0156  +0.0223   870   400  -4.3237  1.535e-05     1
LAUT 2019-12-04 2019-12-06  +0.1977  -0.2437  +0.0439  +0.0297   987  2171  +8.3195  8.831e-17     1
LHAS 1996-02-02 1997-05-18  +0.8493  +0.5206  +0.0546  +0.0593   164   148  +4.0762  4.578e-05     1
LHAS 1997-12-23 1998-06-26  +0.5206  +0.7262  +0.0593  +0.0488   148   179  -2.6772  7.424e-03     1
LHAS 1999-02-05 1999-07-21  +0.7262  +0.3846  +0.0488  +0.0365   179   326  +5.6060  2.071e-08     1
LHAS 2001-01-07 2001-05-25  +0.3846  -0.4345  +0.0365  +0.0474   326   215 +13.6870  1.214e-42     1
LHAS 2002-01-19 2002-02-21  -0.4345  +0.5373  +0.0474  +0.0262   215   718 -17.9466  5.106e-72     1
LHAS 2005-10-11 2006-01-24  +0.2546  +0.1327  +0.0444  +0.0518   290   200  +1.7872  7.390e-02     0
LHAS 2006-12-06 2007-01-27  +0.1327       NA  +0.0518       NA   200    NA       NA         NA    NA
LHAZ 2000-10-18 2001-02-16  -0.9182  -1.4877  +0.0385  +0.0385   274   285 +10.4681  1.211e-25     1
LHAZ 2002-01-14 2002-02-22  -1.4877  -0.6379  +0.0385  +0.0198   285  1084 -19.6339  7.934e-86     1
LHAZ 2005-10-11 2006-01-22  -0.6379  -0.8797  +0.0198  +0.0425  1084   250  +5.1576  2.501e-07     1
LHAZ 2006-11-22 2007-01-22  -0.8797  -0.4242  +0.0425  +0.0334   250   349  -8.4247  3.616e-17     1
LHAZ 2008-02-05 2008-02-13  -0.4242  -0.9457  +0.0334  +0.0534   349   167  +8.2718  1.319e-16     1
LHAZ 2008-07-30 2008-11-11  -0.9457  +0.0967  +0.0534  +0.0400   167   250 -15.6160  5.662e-55     1
LHAZ 2009-08-26 2009-11-01  +0.0967  -0.5424  +0.0400  +0.0405   250   191 +11.2262  3.031e-29     1
LHAZ 2010-05-16 2010-07-19  -0.5424  -0.7176  +0.0405  +0.0290   191   481  +3.5168  4.368e-04     1
LHAZ 2011-12-03 2011-12-31  -0.7176  -0.4660  +0.0290  +0.0221   481   769  -6.9093  4.869e-12     1
LHAZ 2020-05-23 2020-07-09  +0.2682  +0.5683  +0.0342  +0.0356   342   281  -6.0812  1.193e-09     1
LHAZ 2021-05-17 2021-07-19  +0.5683  +0.5928  +0.0356  +0.0471   281   221  -0.4146  6.784e-01     0
LMMF 2010-05-22 2010-05-22  -1.1450  -0.8745  +0.0775  +0.0368   230  1032  -3.1532  1.615e-03     1
LMMF 2013-04-28 2013-04-28  -0.8745  -1.0621  +0.0368  +0.0256  1032  2133  +4.1884  2.809e-05     1
LMMF 2019-04-15 2019-06-28  -1.0621  -1.2207  +0.0256  +0.0505  2133   569  +2.8030  5.063e-03     1
LMMF 2024-01-26 2024-02-10  -1.6043  -1.5136  +0.0364  +0.0452  1048   686  -1.5640  1.178e-01     0
LPAL 2001-12-20 2002-01-02  -0.2594  -0.1611  +0.0358  +0.0188   161   378  -2.4310  1.506e-02     1
LPAL 2003-02-02 2003-02-03  -0.1611  -0.0202  +0.0188  +0.0190   378   372  -5.2676  1.382e-07     1
LPAL 2004-02-19 2004-04-06  -0.0202  -0.1273  +0.0190  +0.0191   372   376  +3.9734  7.085e-05     1
LPAL 2005-04-24 2005-04-29  -0.1273  +0.1332  +0.0191  +0.0264   376   242  -7.9962  1.283e-15     1
LPAL 2006-01-04 2006-02-11  +0.1332  +0.1386  +0.0264  +0.0125   242   844  -0.1852  8.531e-01     0
LPAL 2010-12-06 2010-12-22  -0.2617  -0.1857  +0.0134  +0.0175   835   415  -3.4539  5.526e-04     1
LPAL 2018-03-01 2018-03-03  -0.3044  -0.2765  +0.0083  +0.0118  2045  1013  -1.9377  5.266e-02     0
LPAL 2021-01-08 2021-05-22  -0.2765  -0.4524  +0.0118  +0.0227  1013   287  +6.8843  5.808e-12     1
LPAL 2023-01-01 2023-02-22  +0.4497  +0.3369  +0.0247  +0.0120   263   991  +4.1007  4.118e-05     1
LPGS 1996-11-24 1997-03-03  -0.4864  -0.3835  +0.0554  +0.0803   223   144  -1.0555  2.912e-01     0
LPGS 1998-05-09 1998-05-10  -0.3835  -0.5222  +0.0803  +0.0505   144   277  +1.4620  1.437e-01     0
LPGS 1999-06-05 1999-06-16  -0.5222  -0.4894  +0.0505  +0.0413   277   478  -0.5026  6.153e-01     0
LPGS 2001-02-24 2001-03-06  -0.4894  -0.1593  +0.0413  +0.0683   478   137  -4.1347  3.554e-05     1
LPGS 2001-08-09 2001-10-28  -0.1593  -0.4827  +0.0683  +0.0965   137   132  +2.7350  6.239e-03     1
LPGS 2002-04-05 2002-05-28  -0.4827  +0.2834  +0.0965  +0.0386   132   484  -7.3704  1.701e-13     1
LPGS 2003-11-16 2003-11-17  +0.2834  +0.1392  +0.0386  +0.0335   484   727  +2.8229  4.759e-03     1
LPGS 2006-04-01 2006-04-01  +0.1392  +0.3792  +0.0335  +0.0393   727   444  -4.6485  3.343e-06     1
LPGS 2007-09-07 2007-09-15  +0.3792  +0.1691  +0.0393  +0.0219   444  1668  +4.6679  3.044e-06     1
LPGS 2015-05-09 2015-05-21  -0.1016  -0.1486  +0.0325  +0.0290   774   930  +1.0819  2.793e-01     0
LPGS 2018-05-02 2018-05-04  -0.1486  +0.0099  +0.0290  +0.0248   930  1290  -4.1614  3.162e-05     1
M0SE 2021-07-04 2021-10-05  +0.6143  +0.1333  +0.0283  +0.0405   430   156  +9.7398  2.039e-22     1
M0SE 2022-03-12 2022-10-19  +0.1333  +0.3410  +0.0405  +0.0183   156  1029  -4.6783  2.893e-06     1
MAC1 2000-05-25 2000-05-26  +0.6460  +0.5675  +0.0128  +0.0141  1215   991  +4.1352  3.547e-05     1
MAC1 2009-03-26 2009-04-19  +0.8566  +0.7839  +0.0196  +0.0146   502   900  +2.9696  2.982e-03     1
MAC1 2016-05-01 2016-05-10  +0.5571  +0.7012  +0.0115  +0.0091  1509  2366  -9.8223  9.023e-23     1
MAD2 1997-10-31 1998-08-08       NA  +0.2074       NA  +0.0544    NA   142       NA         NA    NA
MAD2 1999-01-21 1999-02-19  +0.2074  +0.4214  +0.0544  +0.0400   142   273  -3.1704  1.523e-03     1
MAD2 1999-12-23 2000-02-14  +0.4214  -0.7951  +0.0400  +0.0434   273   239 +20.6195  1.836e-94     1
MAD2 2000-11-07 2001-03-25  -0.7951  -0.2484  +0.0434  +0.0283   239   546 -10.5574  4.693e-26     1
MAD2 2003-11-01 2003-11-13  -0.3664  +0.2796  +0.0707  +0.0341   137   213  -8.2335  1.819e-16     1
MAD2 2005-03-10 2005-11-21  +0.2796  +0.4216  +0.0341  +0.0384   213   187  -2.7645  5.702e-03     1
MAD2 2006-05-28 2006-07-19  +0.4216  +0.3178  +0.0384  +0.0263   187   542  +2.2265  2.598e-02     0
MAD2 2024-01-01 2024-02-26  +0.0427  -0.0729  +0.0124  +0.0242  2421   669  +4.2464  2.172e-05     1
MADR 1996-09-27 2004-04-09       NA  -0.0773       NA  +0.0557    NA   155       NA         NA    NA
MADR 2004-09-23 2023-01-08  -0.0773  +0.2330  +0.0557  +0.0321   155   310  -4.8268  1.387e-06     1
MADR 2023-11-19 2024-02-29  +0.2330  +0.0479  +0.0321  +0.0305   310   348  +4.1784  2.936e-05     1
MADR 2025-02-15 2025-02-25  +0.0479  +0.0457  +0.0305  +0.0341   348   307  +0.0482  9.616e-01     0
MAG0 1999-10-03 1999-10-10  +0.3181  +0.4348  +0.0165  +0.0078   177   872  -6.3958  1.597e-10     1
MAG0 2006-02-09 2006-05-14  +0.3263  +0.1630  +0.0067  +0.0191  1121   138  +8.0871  6.112e-16     1
MAG0 2012-01-13 2012-01-19  +0.1630  +0.1969  +0.0191  +0.0124   138   335  -1.4894  1.364e-01     0
MAG0 2013-01-27 2013-03-29  +0.1969  +0.0692  +0.0124  +0.0104   335   571  +7.9096  2.583e-15     1
MAG0 2015-01-08 2015-03-14  +0.0692  +0.1196  +0.0104  +0.0103   571   550  -3.4534  5.536e-04     1
MAG0 2017-10-18 2018-05-06  +0.2283  +0.3181  +0.0144  +0.0328   279   148  -2.5066  1.219e-02     1
MAG0 2018-10-30 2019-01-21  +0.3181  +0.1953  +0.0328  +0.0131   148   308  +3.4745  5.118e-04     1
MAG0 2020-01-23 2020-04-07  +0.1953  -0.0467  +0.0131  +0.0238   308   208  +8.8893  6.150e-19     1
MAG0 2020-11-30 2022-04-28  -0.0467       NA  +0.0238       NA   208    NA       NA         NA    NA
MAJU 2020-05-24 2020-05-25  -0.0957  -0.2589  +0.0282  +0.0415  1153   504  +3.2541  1.137e-03     1
MAJU 2021-11-06 2025-12-30  -0.2589       NA  +0.0415       NA   504    NA       NA         NA    NA
MAL2 2008-07-12 2009-01-25       NA  -0.3128       NA  +0.0475    NA   561       NA         NA    NA
MAL2 2010-09-06 2011-03-07  -0.3128  -0.3837  +0.0475  +0.0727   561   235  +0.8163  4.144e-01     0
MAL2 2012-03-20 2012-04-08  +0.3585  -0.0964  +0.0981  +0.0593   134   353  +3.9674  7.267e-05     1
MAL2 2013-04-05 2013-04-09  -0.0964  -0.5692  +0.0593  +0.0448   353   607  +6.3620  1.991e-10     1
MAL2 2015-01-03 2015-04-13  -0.5692  -0.6921  +0.0448  +0.0444   607   609  +1.9474  5.149e-02     0
MAL2 2017-02-11 2017-02-18  -0.6921  -0.3946  +0.0444  +0.0408   609   744  -4.9332  8.090e-07     1
MAL2 2020-01-28 2020-04-04  -0.3946  -0.3891  +0.0408  +0.0715   744   240  -0.0662  9.472e-01     0
MAL2 2020-12-11 2021-01-30  -0.3891  -0.9448  +0.0715  +0.0431   240   687  +6.6551  2.831e-11     1
MAL2 2023-01-04 2023-02-02  -0.9448  -0.9152  +0.0431  +0.0447   687   633  -0.4770  6.333e-01     0
MAL2 2025-10-30 2025-12-30  -0.9981       NA  +0.0754       NA   210    NA       NA         NA    NA
MALD 1999-08-13 1999-12-14       NA  -0.7192       NA  +0.0840    NA   199       NA         NA    NA
MALD 2000-07-16 2000-07-22  -0.7192  +0.0995  +0.0840  +0.0995   199   134  -6.2878  3.220e-10     1
MALD 2000-12-20 2000-12-23  +0.0995  +0.7528  +0.0995  +0.0708   134   272  -5.3496  8.814e-08     1
MALD 2002-02-06 2002-11-18  +0.7528  +0.9137  +0.0708  +0.0475   272   625  -1.8872  5.914e-02     0
MALD 2005-10-06 2006-06-11  +0.9137       NA  +0.0475       NA   625    NA       NA         NA    NA
MALI 1997-03-14 1997-08-26  -0.4306  +0.4860  +0.1018  +0.1057   186   187  -6.2460  4.211e-10     1
MALI 1998-07-06 1998-08-22  +0.4860  -0.0851  +0.1057  +0.0915   187   219  +4.0857  4.394e-05     1
MALI 2000-01-29 2000-07-03  -0.0851  -0.2070  +0.0915  +0.0653   219   442  +1.0839  2.784e-01     0
MALI 2002-07-13 2002-07-16  -0.2070  -0.2024  +0.0653  +0.0942   442   204  -0.0395  9.685e-01     0
MALI 2003-03-20 2003-05-14  -0.2024  -0.0636  +0.0942  +0.0674   204   399  -1.1987  2.307e-01     0
MALI 2004-12-14 2005-03-05  -0.0636  -0.2347  +0.0674  +0.0784   399   309  +1.6544  9.804e-02     0
MALI 2006-02-05 2006-02-24  -0.2347  -0.6000  +0.0784  +0.0515   309   725  +3.8948  9.829e-05     1
MALI 2008-03-24 2008-04-18  -0.6000  -0.6928  +0.0515  +0.1146   725   135  +0.7387  4.601e-01     0
MANA 2001-04-12 2001-07-12  -0.5315  -0.1922  +0.0734  +0.1009   310   177  -2.7193  6.543e-03     1
MANA 2003-03-15 2003-03-28  -0.7171  -0.0557  +0.0850  +0.0819   229   260  -5.6041  2.093e-08     1
MANA 2004-02-26 2004-02-27  -0.0557  -0.4172  +0.0819  +0.0813   260   256  +3.1322  1.735e-03     1
MANA 2005-03-21 2005-03-21  -0.4172  +0.0533  +0.0813  +0.0443   256   869  -5.0808  3.759e-07     1
MANA 2008-09-09 2008-09-09  +0.0533  -0.0340  +0.0443  +0.0685   869   364  +1.0709  2.842e-01     0
MANA 2009-11-30 2010-05-02  -0.0340  +0.0149  +0.0685  +0.0289   364  2043  -0.6587  5.101e-01     0
MANA 2016-04-15 2016-04-26  +0.0149  +0.1386  +0.0289  +0.0357  2043  1349  -2.6915  7.112e-03     1
MANA 2020-03-06 2020-05-04  +0.1386  +0.3513  +0.0357  +0.0989  1349   195  -2.0239  4.298e-02     0
MAS1 2000-07-13 2000-09-13  -0.5938  -0.4982  +0.0497  +0.0461   310   396  -1.4099  1.586e-01     0
MAS1 2001-12-14 2001-12-16  -0.4982  -0.2573  +0.0461  +0.0398   396   470  -3.9560  7.623e-05     1
MAS1 2004-06-06 2004-06-30  +0.3179  -0.3257  +0.0753  +0.0514   123   299  +7.0571  1.700e-12     1
MAS1 2005-05-03 2005-05-05  -0.3257  -0.4551  +0.0514  +0.0464   299   368  +1.8695  6.156e-02     0
MAS1 2009-07-24 2009-08-02  -0.0469  -0.3578  +0.0267  +0.0361  1119   597  +6.9205  4.501e-12     1
MAS1 2014-08-11 2014-09-06  -0.2992  -0.2032  +0.0320  +0.0269   791  1124  -2.2968  2.163e-02     1
MAS1 2023-01-03 2023-06-12  -0.3335  -0.0062  +0.0323  +0.0399   751   538  -6.3695  1.896e-10     1
MAS1 2024-12-03 2024-12-04  -0.0062  -0.1688  +0.0399  +0.0447   538   389  +2.7114  6.701e-03     1
MAT1 2001-11-17 2002-02-28  -0.6311  -0.2173  +0.0750  +0.0168   128  1369  -5.3799  7.451e-08     1
MAT1 2006-03-31 2006-03-31  -0.2173  -0.1302  +0.0168  +0.0221  1369   836  -3.1350  1.719e-03     1
MAT1 2016-01-31 2016-03-21  +0.4638  +0.4469  +0.0394  +0.0225   298   763  +0.3729  7.092e-01     0
MAT1 2021-10-30 2021-12-11  +0.4477  +0.2806  +0.0192  +0.0275  1084   450  +4.9818  6.300e-07     1
MAT1 2023-03-19 2023-03-20  +0.2806  +0.4167  +0.0275  +0.0351   450   336  -3.0529  2.266e-03     1
MAT1 2024-02-25 2024-03-12  +0.4167  +0.5465  +0.0351  +0.0556   336   161  -1.9738  4.840e-02     0
MAT1 2024-08-24 2024-09-02  +0.5465  +0.2943  +0.0556  +0.0298   161   458  +3.9981  6.386e-05     1
MATE 1994-09-02 1994-12-18  +0.2801  -0.4015  +0.0460  +0.0444   194   147 +10.6627  1.522e-26     1
MATE 1995-05-30 1995-10-08  -0.4015  -0.2074  +0.0444  +0.0413   147   175  -3.2016  1.367e-03     1
MATE 1996-04-24 1996-06-23  -0.2074  -0.5303  +0.0413  +0.0556   175   182  +4.6629  3.118e-06     1
MATE 1997-01-04 1997-04-13  -0.5303  -0.5139  +0.0556  +0.0439   182   270  -0.2323  8.163e-01     0
MATE 1998-01-19 1998-04-11  -0.5139  -0.8230  +0.0439  +0.0658   270   157  +3.9060  9.384e-05     1
MATE 1998-10-01 1998-10-02  -0.8230  -0.1489  +0.0658  +0.0469   157   141  -8.3361  7.677e-17     1
MATE 1999-12-03 2000-07-15  -0.6369  -0.1756  +0.0462  +0.0313   251   479  -8.2593  1.465e-16     1
MATE 2001-11-17 2002-02-11  -0.1756  +0.0548  +0.0313  +0.0355   479   334  -4.8671  1.132e-06     1
MATE 2003-02-06 2003-07-17  +0.0548  +0.2124  +0.0355  +0.0118   334  2960  -4.2133  2.516e-05     1
MATE 2021-10-30 2021-12-11  +0.4119  +0.3381  +0.0196  +0.0170  1085  1424  +2.8443  4.451e-03     1
MAUI 1999-06-18 1999-06-19  +0.4220  +0.3313  +0.0293  +0.0297   150   165  +2.1756  2.958e-02     0
MAUI 2000-01-14 2000-01-22  +0.3313  +0.2433  +0.0297  +0.0310   165   137  +2.0497  4.039e-02     0
MAUI 2000-07-20 2000-11-16  +0.2433  +0.5687  +0.0310  +0.0307   137   121  -7.4610  8.584e-14     1
MAUI 2001-03-24 2001-06-09  +0.5687  +0.2855  +0.0307  +0.0191   121   371  +7.8387  4.554e-15     1
MAUI 2003-04-02 2003-04-04  +0.4860  +0.2752  +0.0230  +0.0280   250   190  +5.8184  5.942e-09     1
MAUI 2003-10-23 2004-05-12  +0.2752  +0.4339  +0.0280  +0.0112   190  1092  -5.2638  1.411e-07     1
MAUI 2008-01-07 2008-03-16  +0.4339  +0.2688  +0.0112  +0.0279  1092   188  +5.4886  4.051e-08     1
MAUI 2008-10-05 2009-01-02  +0.2688  +0.4064  +0.0279  +0.0112   188  1057  -4.5728  4.813e-06     1
MAW1 1994-01-16 1996-03-28       NA  +0.4204       NA  +0.0139    NA   183       NA         NA    NA
MAW1 1998-08-17 1999-08-05  +0.5848  +0.6761  +0.0095  +0.0123   394   264  -5.8863  3.950e-09     1
MAW1 2000-11-12 2001-01-21  +0.9469  +0.8168  +0.0149  +0.0066   144   855  +8.0060  1.185e-15     1
MAW1 2003-07-27 2003-09-05  +0.8168  +0.7823  +0.0066  +0.0086   855   534  +3.1810  1.468e-03     1
MAW1 2005-04-05 2005-06-21  +0.7823  +0.9779  +0.0086  +0.0103   534   359 -14.6083  2.486e-48     1
MAW1 2009-10-18 2009-11-18  +0.6815  +0.6240  +0.0071  +0.0072   765   746  +5.6692  1.434e-08     1
MAW1 2024-07-19 2024-09-03  +0.5169  +0.4924  +0.0076  +0.0090   655   449  +2.0747  3.801e-02     0
MBAR 2001-07-18 2001-09-12       NA  -0.7890       NA  +0.0966    NA   125       NA         NA    NA
MBAR 2002-06-08 2004-05-23  -0.7890  +0.3547  +0.0966  +0.0840   125   134  -8.9314  4.207e-19     1
MBAR 2004-10-08 2004-10-11  +0.3547  -0.0966  +0.0840  +0.0381   134   770  +4.8919  9.988e-07     1
MBAR 2007-01-07 2007-03-02  -0.0966  -0.4517  +0.0381  +0.0385   770   737  +6.5563  5.517e-11     1
MBAR 2009-12-21 2010-01-06  -0.4517  -0.5424  +0.0385  +0.0710   737   215  +1.1218  2.619e-01     0
MBAR 2011-06-07 2011-09-01  -0.5424  -0.3839  +0.0710  +0.0443   215   558  -1.8940  5.822e-02     0
MBAR 2014-02-09 2014-02-20  -0.3839  -0.8234  +0.0443  +0.0486   558   521  +6.6905  2.224e-11     1
MBAR 2016-04-14 2016-05-07  -0.8234  -1.0337  +0.0486  +0.0820   521   142  +2.2063  2.737e-02     0
MBAR 2025-07-14 2025-12-30  -0.0206       NA  +0.0454       NA   524    NA       NA         NA    NA
MCIL 2002-12-12 2003-02-07       NA  -0.1770       NA  +0.0683    NA   139       NA         NA    NA
MCIL 2014-06-05 2014-06-06  -0.3850  -0.3541  +0.0336  +0.0252   633  1197  -0.7355  4.621e-01     0
MCIL 2022-06-20 2022-08-29  -0.5312  -0.4903  +0.0521  +0.0429   252   413  -0.6064  5.442e-01     0
MCM4 1996-06-25 1996-12-16  -0.1114  -0.3132  +0.0105  +0.0118   322   248 +12.7515  3.058e-37     1
MCM4 1998-08-30 1999-01-31  -0.0519  +0.5841  +0.0124  +0.0148   223   141 -33.0145 5.027e-239     1
MCM4 2000-09-23 2000-10-01  +0.9103  +0.8859  +0.0103  +0.0105   330   327  +1.6555  9.783e-02     0
MCM4 2003-08-09 2003-11-04  +0.3560  +0.3042  +0.0118  +0.0137   270   218  +2.8571  4.276e-03     1
MCM4 2004-06-28 2004-10-04  +0.3042  +0.2200  +0.0137  +0.0163   218   180  +3.9577  7.569e-05     1
MCM4 2005-04-05 2005-06-10  +0.2200  +0.6695  +0.0163  +0.0149   180   128 -20.4052  1.502e-92     1
MDO1 1994-01-06 1994-05-14       NA  +1.4370       NA  +0.0874    NA   124       NA         NA    NA
MDO1 1998-01-31 1998-04-06  +0.6743  +0.8894  +0.0172  +0.0391   920   249  -5.0402  4.651e-07     1
MDO1 1999-12-25 2000-03-08  +0.6184  +0.6695  +0.0293  +0.0239   315   567  -1.3523  1.763e-01     0
MDO1 2001-11-28 2002-02-16  +0.6695  +0.7976  +0.0239  +0.0468   567   200  -2.4383  1.476e-02     1
MDO1 2002-10-21 2002-11-10  +0.7976  +0.9616  +0.0468  +0.0165   200   915  -3.3052  9.492e-04     1
MDO1 2006-10-01 2006-12-05  +0.9639  +0.4834  +0.0408  +0.0131   230  1476 +11.2235  3.126e-29     1
MDO1 2013-08-31 2013-12-09  +0.3975  +0.2752  +0.0469  +0.0132   186  1615  +2.5125  1.199e-02     1
MDVJ 2005-09-20 2005-10-13  +1.2361  +0.7587  +0.0516  +0.0120   137  1055  +9.0156  1.959e-19     1
MDVJ 2010-10-08 2011-01-29  +0.9998  +0.9031  +0.0169  +0.0266   596   274  +3.0731  2.119e-03     1
MDVJ 2011-11-14 2012-01-21  +0.9031  +0.7207  +0.0266  +0.0178   274   463  +5.7053  1.162e-08     1
MDVJ 2013-05-08 2013-05-18  +0.7207  +0.5413  +0.0178  +0.0118   463  1229  +8.3904  4.844e-17     1
MDVJ 2016-11-14 2016-11-23  +0.5413  +0.4674  +0.0118  +0.0155  1229   663  +3.7900  1.506e-04     1
MDVJ 2018-10-31 2018-12-21  +0.4674  +0.3477  +0.0155  +0.0238   663   297  +4.2157  2.490e-05     1
MDVJ 2019-11-08 2020-01-20  +0.3477  +0.2920  +0.0238  +0.0300   297   188  +1.4563  1.453e-01     0
MDVJ 2020-08-23 2020-12-23  +0.2920  +0.2659  +0.0300  +0.0261   188   237  +0.6559  5.119e-01     0
MDVJ 2021-09-13 2022-03-11  +0.2659  +0.2742  +0.0261  +0.0327   237   219  -0.1980  8.431e-01     0
MDVJ 2022-11-03 2023-06-01  +0.2742  +0.2075  +0.0327  +0.0366   219   148  +1.3604  1.737e-01     0
MDVJ 2024-01-01 2024-04-19  +0.2075       NA  +0.0366       NA   148    NA       NA         NA    NA
MDVO 1995-03-07 1995-12-13       NA  +1.1716       NA  +0.0323    NA   145       NA         NA    NA
MDVO 1996-06-14 1997-02-05  +1.1716  +0.1681  +0.0323  +0.0311   145   262 +22.3865 5.331e-111     1
MDVO 1997-11-02 1998-04-01  +0.1681  +0.1546  +0.0311  +0.0486   262   172  +0.2344  8.147e-01     0
MDVO 1998-10-01 1999-03-22  +0.1546  +0.3903  +0.0486  +0.0213   172   510  -4.4402  8.987e-06     1
MDVO 2000-11-02 2000-11-03  +0.3903  +0.3389  +0.0213  +0.0224   510   354  +1.6618  9.655e-02     0
MDVO 2001-12-19 2002-02-17  +0.3389  +0.2407  +0.0224  +0.0381   354   189  +2.2217  2.631e-02     0
MDVO 2002-10-16 2003-01-15  +0.2407       NA  +0.0381       NA   189    NA       NA         NA    NA
MEDI 1998-04-11 1998-10-25  +0.6415  +0.6021  +0.0373  +0.0409   193   141  +0.7112  4.769e-01     0
MEDI 2001-11-18 2002-02-04  +0.0021  +0.2004  +0.0591  +0.0441   190   240  -2.6893  7.160e-03     1
MEDI 2003-06-08 2003-10-01  +0.5804  +0.7821  +0.0362  +0.0392   221   167  -3.7792  1.573e-04     1
MEDI 2009-09-10 2009-10-06  +0.9748  +0.8372  +0.0213  +0.0203   846   854  +4.6833  2.823e-06     1
MEDI 2017-11-29 2018-03-20  +0.8883  +0.9166  +0.0310  +0.0119   389  2700  -0.8508  3.949e-01     0
METS 1994-01-06 1994-03-06       NA  +0.2860       NA  +0.0112    NA  1189       NA         NA    NA
METS 1997-12-09 1997-12-16  +0.2860  +0.4345  +0.0112  +0.0203  1189   326  -6.4020  1.533e-10     1
METS 1998-12-31 1999-01-03  +0.4345  +0.2686  +0.0203  +0.0174   326   393  +6.2054  5.457e-10     1
METS 2000-04-22 2000-04-25  +0.2686  +0.2483  +0.0174  +0.0191   393   393  +0.7861  4.318e-01     0
METS 2008-09-28 2008-12-05  +0.3531  +0.5463  +0.0109  +0.0257  1177   130  -6.9099  4.850e-12     1
METS 2009-04-24 2009-04-28  +0.5463  +0.3490  +0.0257  +0.0198   130   355  +6.0716  1.266e-09     1
METS 2010-05-12 2010-05-22  +0.3490  +0.0500  +0.0198  +0.0214   355   263 +10.2430  1.272e-24     1
METS 2011-04-24 2011-04-26  +0.0500  +0.1350  +0.0214  +0.0126   263   897  -3.4162  6.350e-04     1
METS 2014-02-23 2014-03-07  +0.1350  +0.1709  +0.0126  +0.0133   897   781  -1.9605  4.994e-02     0
METS 2018-05-07 2018-05-16  +0.4220  +0.6311  +0.0143  +0.0363   684   189  -5.3592  8.358e-08     1
METS 2021-01-10 2021-02-20  +0.4851  +0.3570  +0.0163  +0.0113   591  1068  +6.4579  1.062e-10     1
METS 2024-03-18 2024-06-24  +0.3570       NA  +0.0113       NA  1068    NA       NA         NA    NA
METZ 2001-06-07 2001-11-27  +0.3258  +0.2328  +0.0168  +0.0106   421  1229  +4.6769  2.913e-06     1
METZ 2005-11-29 2005-12-11  +0.2328  +0.3495  +0.0106  +0.0142  1229   669  -6.5807  4.682e-11     1
METZ 2008-01-01 2008-02-24  +0.3495  +0.2307  +0.0142  +0.0277   669   218  +3.8162  1.355e-04     1
METZ 2008-12-12 2009-04-28  +0.2307  +0.3938  +0.0277  +0.0209   218   313  -4.7040  2.551e-06     1
METZ 2010-05-12 2010-05-22  +0.3938  +0.3894  +0.0209  +0.0262   313   222  +0.1326  8.945e-01     0
METZ 2011-05-06 2011-11-20  +0.3894  +0.3018  +0.0262  +0.0256   222   143  +2.3913  1.679e-02     1
MGUE 2014-06-10 2014-06-20  +0.9687  +0.7223  +0.0604  +0.0403   158   258  +3.3924  6.929e-04     1
MGUE 2015-03-18 2015-08-04  +0.7223  +0.5257  +0.0403  +0.0371   258   321  +3.5893  3.316e-04     1
MGUE 2016-07-09 2016-07-10  +0.5257  +0.7179  +0.0371  +0.0432   321   242  -3.3726  7.447e-04     1
MGUE 2017-03-22 2017-03-30  +0.7179  +0.6158  +0.0432  +0.0147   242  1847  +2.2371  2.528e-02     0
MGUE 2022-07-24 2022-11-15  +0.6158  +0.9135  +0.0147  +0.0397  1847   267  -7.0266  2.116e-12     1
MGUE 2023-08-20 2023-08-27  +0.9135  +0.6321  +0.0397  +0.0236   267   722  +6.0867  1.153e-09     1
MGUE 2025-09-17 2025-12-30  +0.6321       NA  +0.0236       NA   722    NA       NA         NA    NA
MIZU 2005-12-03 2005-12-24  +0.6329  +0.7236  +0.0156  +0.0348  1227   126  -2.3767  1.747e-02     1
MIZU 2010-01-20 2010-01-21  +0.4042  +0.5088  +0.0152  +0.0109  1229  2341  -5.5910  2.258e-08     1
MIZU 2017-01-11 2017-01-25  +0.5088  +0.6335  +0.0109  +0.0146  2341  1332  -6.8298  8.504e-12     1
MIZU 2020-12-12 2021-01-13  +0.6335  +0.7167  +0.0146  +0.0344  1332   247  -2.2245  2.612e-02     0
MKEA 1997-06-25 1997-06-25  +0.3993  +0.4620  +0.0257  +0.0244   198   240  -1.7706  7.662e-02     0
MKEA 1998-08-09 1998-08-28  +0.1267  +0.2188  +0.0341  +0.0204   128   361  -2.3142  2.066e-02     1
MKEA 2000-06-28 2000-06-30  +0.2188  +0.4556  +0.0204  +0.0151   361   626  -9.3136  1.236e-20     1
MKEA 2002-05-01 2002-08-26  +0.4556  +0.4984  +0.0151  +0.0141   626   724  -2.0727  3.820e-02     0
MKEA 2004-09-27 2004-09-30  +0.4984  +0.6112  +0.0141  +0.0199   724   370  -4.6253  3.741e-06     1
MKEA 2008-03-21 2008-03-30  +0.3994  +0.4185  +0.0129  +0.0154   830   619  -0.9534  3.404e-01     0
MKEA 2012-03-21 2012-03-24  +0.2626  +0.3340  +0.0140  +0.0211   713   325  -2.8140  4.893e-03     1
MKEA 2013-02-18 2013-02-24  +0.3340  +0.3483  +0.0211  +0.0165   325   547  -0.5318  5.949e-01     0
MKEA 2019-02-20 2019-06-07  -0.6251  -0.9921  +0.0103  +0.0387  1339   121  +9.1536  5.509e-20     1
MKEA 2019-10-11 2020-01-13  -0.9921  +0.3054  +0.0387  +0.0099   121  1435 -32.4419 7.057e-231     1
MNLS 2015-07-14 2015-12-14  -0.3813  -0.4166  +0.0183  +0.0268   366   128  +1.0867  2.772e-01     0
MNLS 2016-11-19 2017-02-12  -0.0091  -0.1925  +0.0459  +0.0181   171   547  +3.7176  2.012e-04     1
MNLS 2019-04-21 2019-04-23  -0.3355  -0.4383  +0.0239  +0.0185   173   515  +3.4029  6.667e-04     1
MNLS 2024-10-19 2024-11-05  -0.3256  -0.4424  +0.0216  +0.0207   333   307  +3.9046  9.437e-05     1
MOBJ 2005-12-16 2006-03-18       NA  +0.1468       NA  +0.0284    NA   277       NA         NA    NA
MOBJ 2007-01-19 2007-06-21  +0.1468  +1.3338  +0.0284  +0.0266   277   267 -30.5523 5.275e-205     1
MOBJ 2008-10-04 2009-03-20  +1.6975  +1.1802  +0.0433  +0.0277   184   171 +10.0683  7.629e-24     1
MOBJ 2010-04-06 2010-07-16  +1.1802  +0.9915  +0.0277  +0.0270   171   224  +4.8764  1.080e-06     1
MOBJ 2011-04-02 2011-09-26  +0.9915  +0.9365  +0.0270  +0.0316   224   132  +1.3204  1.867e-01     0
MOBJ 2013-02-09 2013-02-19  +0.4902  +0.4996  +0.0329  +0.0245   131   335  -0.2291  8.188e-01     0
MOBJ 2014-02-04 2014-02-16  +0.4996  +0.6767  +0.0245  +0.0144   335   975  -6.2273  4.744e-10     1
MOBJ 2017-01-20 2017-03-14  +0.6767  +0.5428  +0.0144  +0.0263   975   299  +4.4720  7.749e-06     1
MOBJ 2018-02-03 2018-03-19  +0.5428  +0.4567  +0.0263  +0.0153   299   899  +2.8318  4.628e-03     1
MOBJ 2021-01-06 2021-01-24  +0.4567  +0.2455  +0.0153  +0.0297   899   262  +6.3293  2.462e-10     1
MOBJ 2021-12-18 2022-06-03  +0.2455       NA  +0.0297       NA   262    NA       NA         NA    NA
MOBK 2017-01-20 2017-04-27  +0.6010  +0.4359  +0.0136  +0.0290  1072   268  +5.1531  2.562e-07     1
MOBK 2018-02-03 2018-03-19  +0.4359  +0.5285  +0.0290  +0.0423   268   163  -1.8070  7.075e-02     0
MOBK 2018-09-08 2018-09-13  +0.5285  +0.3224  +0.0423  +0.0357   163   131  +3.7265  1.941e-04     1
MOBK 2019-01-27 2019-01-31  +0.3224  +0.4748  +0.0357  +0.0343   131   198  -3.0786  2.080e-03     1
MOBK 2019-08-31 2019-09-12  +0.4748  +0.3629  +0.0343  +0.0209   198   459  +2.7843  5.364e-03     1
MOBK 2021-01-06 2021-02-26  +0.3629  +0.1578  +0.0209  +0.0368   459   187  +4.8508  1.230e-06     1
MOBS 2006-01-26 2006-03-26  +0.4468  +0.6319  +0.0170  +0.0211   949   590  -6.8192  9.155e-12     1
MOBS 2007-11-29 2007-11-29  +0.6319  +0.5472  +0.0211  +0.0460   590   176  +1.6719  9.454e-02     0
MOBS 2008-06-01 2008-06-03  +0.5472  +0.5877  +0.0460  +0.0092   176  3249  -0.8635  3.879e-01     0
MONP 1995-08-03 1996-03-16       NA  +0.3102       NA  +0.0361    NA   157       NA         NA    NA
MONP 1996-09-07 1996-09-12  +0.3102  +0.1786  +0.0361  +0.0213   157   363  +3.1369  1.707e-03     1
MONP 1997-10-01 1997-12-04  +0.1786  +0.0162  +0.0213  +0.0250   363   218  +4.9423  7.722e-07     1
MONP 1998-07-17 1998-09-17  +0.0162  +0.1208  +0.0250  +0.0186   218   436  -3.3579  7.853e-04     1
MONP 2001-06-17 2001-06-25  -0.1659  -0.3813  +0.0175  +0.0435   488   137  +4.5941  4.347e-06     1
MONP 2002-06-10 2002-06-14  -0.0627  +0.0262  +0.0252  +0.0154   193   669  -3.0153  2.567e-03     1
MONP 2004-06-14 2004-06-16  +0.0262  -0.2951  +0.0154  +0.0532   669   123  +5.8012  6.584e-09     1
MONP 2007-11-13 2007-11-14  +0.1916  +0.0128  +0.0273  +0.0184   252   441  +5.4314  5.590e-08     1
MONP 2015-06-15 2015-07-05  +0.1400  +0.0920  +0.0087  +0.0190  2102   484  +2.2985  2.153e-02     1
MORP 2014-06-23 2014-12-01  -0.3933  -0.2563  +0.0352  +0.0201   159   571  -3.3783  7.293e-04     1
MORP 2016-07-12 2016-11-28  -0.2563  +0.0165  +0.0201  +0.0321   571   181  -7.1904  6.460e-13     1
MORP 2017-06-04 2017-06-06  +0.0165  -0.3969  +0.0321  +0.0565   181   127  +6.3573  2.054e-10     1
MORP 2018-07-08 2018-08-18  -0.0628  -0.0602  +0.0294  +0.0289   251   271  -0.0642  9.488e-01     0
MORP 2019-06-02 2019-07-20  -0.0602  -0.0008  +0.0289  +0.0285   271   289  -1.4623  1.437e-01     0
MORP 2020-06-17 2020-09-19  -0.0008  -0.0022  +0.0285  +0.0186   289   710  +0.0413  9.671e-01     0
MORP 2023-01-27 2023-08-10  -0.0022  +0.0209  +0.0186  +0.0295   710   260  -0.6608  5.087e-01     0
MORP 2024-05-06 2024-07-28  +0.0209  +0.0752  +0.0295  +0.0291   260   272  -1.3094  1.904e-01     0
MORP 2025-05-17 2025-06-26  +0.0752  +0.2179  +0.0291  +0.0482   272   145  -2.5335  1.129e-02     1
MQZG 2013-04-30 2013-08-09  +0.6836  +0.4171  +0.0132  +0.0213  2556  1011 +10.6444  1.852e-26     1
MQZG 2016-06-09 2016-06-22  +0.4171  +0.5381  +0.0213  +0.0288  1011   502  -3.3837  7.151e-04     1
MQZG 2017-12-05 2017-12-08  +0.5381  +0.6719  +0.0288  +0.0159   502  1735  -4.0748  4.606e-05     1
MRO1 2017-01-30 2017-03-31       NA  -0.0006       NA  +0.0423    NA   169       NA         NA    NA
MRO1 2017-09-20 2018-01-01  -0.0006  +0.0393  +0.0423  +0.0331   169   336  -0.7431  4.574e-01     0
MRO1 2018-12-22 2019-04-18  +0.0393  +0.0325  +0.0331  +0.0229   336   707  +0.1702  8.649e-01     0
MRO1 2021-04-30 2021-05-01  +0.0325  -0.2387  +0.0229  +0.0305   707   388  +7.1053  1.201e-12     1
MRO1 2022-06-08 2022-06-16  -0.2387  -0.2861  +0.0305  +0.0232   388   694  +1.2363  2.164e-01     0
MRO1 2024-06-12 2024-12-23  -0.2861  -0.3927  +0.0232  +0.0323   694   359  +2.6796  7.371e-03     1
MSKU 2002-06-17 2003-07-22  +0.6970  +0.4648  +0.0833  +0.0838   319   320  +1.9657  4.934e-02     0
MSKU 2005-07-12 2005-08-24  +0.4648  +0.2671  +0.0838  +0.1002   320   223  +1.5144  1.299e-01     0
MSKU 2006-08-02 2006-12-09  +0.2671       NA  +0.1002       NA   223    NA       NA         NA    NA
MTKA 1998-10-27 1998-12-09       NA  +0.2111       NA  +0.0222    NA  1017       NA         NA    NA
MTKA 2003-11-21 2003-11-21  +0.4916  +0.1918  +0.0612  +0.0246   242   759  +4.5483  5.407e-06     1
MTKA 2008-08-04 2008-08-08  -0.1285  -0.2495  +0.0281  +0.0485   735   184  +2.1573  3.098e-02     0
MTKA 2009-02-14 2009-02-14  -0.2495  +0.1180  +0.0485  +0.0551   184   240  -5.0063  5.549e-07     1
MTKA 2009-12-02 2009-12-03  +0.1180  +0.0142  +0.0551  +0.0313   240   432  +1.6388  1.013e-01     0
MTKA 2011-11-02 2011-11-11  -0.4672  -0.2156  +0.0809  +0.0383   187   257  -2.8101  4.952e-03     1
MTKA 2015-04-13 2015-08-11  -0.2156  +0.0063  +0.0383  +0.0660   257   139  -2.9089  3.628e-03     1
MTKA 2016-07-29 2016-12-22  +0.0063  +0.0798  +0.0660  +0.0169   139  1741  -1.0806  2.799e-01     0
MTKA 2022-06-20 2022-08-13  +0.0798  +0.0807  +0.0169  +0.0462  1741   187  -0.0184  9.854e-01     0
NAIN 2003-01-02 2003-03-12       NA  +0.2849       NA  +0.0132    NA   595       NA         NA    NA
NAIN 2005-03-09 2005-03-10  +0.2849  +0.3858  +0.0132  +0.0128   595   669  -5.4701  4.499e-08     1
NAIN 2007-07-01 2007-07-11  +0.3858  +0.3934  +0.0128  +0.0212   669   199  -0.3075  7.585e-01     0
NAIN 2008-03-20 2008-03-23  +0.3934  +0.3382  +0.0212  +0.0165   199   437  +2.0547  3.991e-02     0
NAIN 2009-12-19 2009-12-19  +0.3382  +0.3062  +0.0165  +0.0225   437   206  +1.1479  2.510e-01     0
NAIN 2010-12-15 2010-12-17  +0.3062  +0.2851  +0.0225  +0.0100   206  1013  +0.8568  3.916e-01     0
NAIN 2017-02-26 2017-03-04  +0.2851  +0.2718  +0.0100  +0.0116  1013   757  +0.8643  3.874e-01     0
NANO 1995-05-16 1995-05-28       NA  +0.3033       NA  +0.0741    NA   123       NA         NA    NA
NANO 1995-10-08 1996-01-16  +0.3033  +0.3608  +0.0741  +0.0413   123   187  -0.6770  4.984e-01     0
NANO 1996-07-24 1996-09-26  +0.3608  +0.3587  +0.0413  +0.0277   187   463  +0.0422  9.664e-01     0
NANO 1998-01-12 1998-02-23  +0.3587  +0.1669  +0.0277  +0.0428   463   240  +3.7599  1.700e-04     1
NANO 2002-10-25 2003-01-04  +0.4607  +0.4166  +0.0175  +0.0325  1227   348  +1.1952  2.320e-01     0
NANO 2005-12-21 2006-01-17  +0.1778  +0.2656  +0.0226  +0.0380   710   263  -1.9832  4.734e-02     0
NANO 2006-10-11 2006-10-14  +0.2656  +0.2325  +0.0380  +0.0140   263  1837  +0.8159  4.145e-01     0
NANO 2011-12-25 2012-01-10  +0.2325  +0.3613  +0.0140  +0.0455  1837   123  -2.7035  6.861e-03     1
NANO 2012-05-15 2012-05-16  +0.3613  +0.2156  +0.0455  +0.0154   123  1585  +3.0312  2.436e-03     1
NANO 2018-07-17 2018-08-23  +0.4777  +0.2698  +0.0241  +0.0243   590   571  +6.0782  1.215e-09     1
NANO 2021-10-15 2021-10-27  +0.4828  +0.4033  +0.0270  +0.0157   553  1469  +2.5450  1.093e-02     1
NANO 2025-12-15 2025-12-30  +0.4033       NA  +0.0157       NA  1469    NA       NA         NA    NA
NAUR 2018-03-07 2018-04-13  +0.1944  +0.8095  +0.0670  +0.0511   353   634  -7.3007  2.862e-13     1
NAUR 2023-07-26 2023-07-26  +0.8095  -0.2114  +0.0511  +0.0690   634   338 +11.8921  1.301e-32     1
NAUR 2024-07-04 2024-07-09  -0.2114  -0.7527  +0.0690  +0.0575   338   512  +6.0266  1.674e-09     1
NAUR 2025-12-05 2025-12-30  -0.7527       NA  +0.0575       NA   512    NA       NA         NA    NA
NICO 1997-05-15 1997-08-24       NA  +0.1034       NA  +0.0465    NA   190       NA         NA    NA
NICO 1998-03-26 1998-05-20  +0.1034  -0.2711  +0.0465  +0.0817   190   136  +3.9834  6.793e-05     1
NICO 1999-01-12 1999-04-17  -0.2711  +0.0048  +0.0817  +0.0405   136   260  -3.0262  2.477e-03     1
NICO 2000-05-23 2000-05-29  +0.0048  -0.2131  +0.0405  +0.0393   260   328  +3.8615  1.127e-04     1
NICO 2001-06-25 2001-09-06  -0.2131  -0.3743  +0.0393  +0.0435   328   207  +2.7490  5.977e-03     1
NICO 2008-11-23 2008-11-24  +0.2026  +0.0480  +0.0364  +0.0135   385  2625  +3.9792  6.914e-05     1
NICO 2019-06-29 2019-08-30  +0.1974  +0.1289  +0.0208  +0.0436  1154   213  +1.4197  1.557e-01     0
NICO 2023-07-10 2023-10-31  +0.4688  +0.3511  +0.0209  +0.0427  1141   197  +2.4747  1.333e-02     1
NICO 2024-10-11 2024-11-24  +2.3395  +0.8031  +0.0843  +0.0474   132   144 +15.8798  8.751e-57     1
NICO 2025-04-27 2025-07-06  +0.8031  +0.5034  +0.0474  +0.0610   144   175  +3.8792  1.048e-04     1
NIST 2014-01-02 2014-05-26       NA  -0.0883       NA  +0.0660    NA   126       NA         NA    NA
NIST 2014-10-14 2015-05-04  -0.0883  -0.4272  +0.0660  +0.0605   126   147  +3.7845  1.540e-04     1
NIST 2015-10-10 2016-02-21  -0.4272  +0.3870  +0.0605  +0.0388   147   218 -11.3248  9.893e-30     1
NIST 2016-10-10 2017-03-20  +0.3870  +0.4901  +0.0388  +0.0471   218   178  -1.6887  9.128e-02     0
NIST 2017-10-04 2018-02-05  +0.4901  +0.6540  +0.0471  +0.0210   178   553  -3.1773  1.487e-03     1
NIST 2019-11-08 2020-02-02  +0.6540  +0.6850  +0.0210  +0.0179   553   734  -1.1240  2.610e-01     0
NIST 2022-03-26 2022-08-06  +0.6850  +0.6137  +0.0179  +0.0145   734  1140  +3.0937  1.977e-03     1
NIST 2025-12-06 2025-12-30  +0.6137       NA  +0.0145       NA  1140    NA       NA         NA    NA
NIUM 2020-11-20 2020-11-21  +0.0002  -0.2714  +0.0307  +0.0602  1343   376  +4.0211  5.794e-05     1
NIUM 2023-09-09 2023-09-09  -0.2714  -0.4719  +0.0602  +0.0461   376   603  +2.6461  8.143e-03     1
NKLG 2000-03-31 2000-09-07       NA  +0.8812       NA  +0.0516    NA   665       NA         NA    NA
NKLG 2002-08-11 2002-09-07  +0.8812  +0.8258  +0.0516  +0.0667   665   379  +0.6571  5.111e-01     0
NKLG 2003-09-28 2004-01-16  +0.8258  +1.5868  +0.0667  +0.1159   379   158  -5.6907  1.265e-08     1
NKLG 2004-08-07 2004-08-12  +1.5868  +1.0480  +0.1159  +0.0393   158  1091  +4.4020  1.073e-05     1
NKLG 2010-09-01 2010-09-20  +1.5187  +0.7813  +0.0444  +0.1002   906   175  +6.7264  1.739e-11     1
NKLG 2011-06-06 2011-06-08  +0.7813  +0.9168  +0.1002  +0.0468   175   770  -1.2251  2.205e-01     0
NKLG 2013-08-10 2013-08-13  +0.9168  +1.0534  +0.0468  +0.0375   770  1196  -2.2771  2.278e-02     1
NKLG 2020-06-10 2020-08-22  +0.9851  +0.6429  +0.0479  +0.0793   751   290  +3.6937  2.210e-04     1
NKLG 2021-06-13 2021-08-13  +0.6429  +0.3587  +0.0793  +0.0767   290   298  +2.5758  1.000e-02     1
NKLG 2022-06-26 2022-09-07  +0.3587  +0.4269  +0.0767  +0.0839   298   270  -0.6003  5.483e-01     0
NKLG 2023-06-08 2023-08-10  +0.4269  +0.2086  +0.0839  +0.0745   270   319  +1.9463  5.162e-02     0
NKLG 2024-06-29 2024-11-26  +0.2086  -0.3180  +0.0745  +0.0659   319   394  +5.2959  1.185e-07     1
NLIB 1994-01-06 1994-01-26       NA  +0.4526       NA  +0.0494    NA   179       NA         NA    NA
NLIB 1995-08-22 1995-09-14  -0.1351  -0.0732  +0.0351  +0.0153   243  1216  -1.6168  1.059e-01     0
NLIB 2002-10-30 2003-01-04  -2.3158  +0.1032  +0.0770  +0.0119   144  2145 -31.0646 7.252e-212     1
NLIB 2009-07-27 2009-09-20  +0.1032  -0.2087  +0.0119  +0.0207  2145   652 +13.0763  4.498e-39     1
NLIB 2017-04-09 2017-06-15  -0.2087  -0.4566  +0.0207  +0.0299   652   344  +6.8130  9.556e-12     1
NLIB 2019-07-14 2019-09-29  -0.4566  -0.7379  +0.0299  +0.0316   344   209  +6.4592  1.053e-10     1
NLIB 2021-10-12 2022-05-08  -2.0322  -2.1795  +0.0815  +0.0798   143   145  +1.2904  1.969e-01     0
NLIB 2023-09-29 2023-10-26  -2.9604  -0.9954  +0.0933  +0.0325   127   192 -19.8883  5.138e-88     1
NLIB 2025-11-05 2025-12-30  -2.4189       NA  +0.0677       NA   168    NA       NA         NA    NA
NNOR 2003-06-22 2003-06-23  +0.5080  +0.4395  +0.0345  +0.0272   316   464  +1.5590  1.190e-01     0
NNOR 2004-10-20 2004-12-19  +0.4395  +0.6226  +0.0272  +0.0383   464   268  -3.8959  9.783e-05     1
NNOR 2017-11-11 2017-11-19  -0.0247  +0.1251  +0.0363  +0.0167   250  1351  -3.7485  1.779e-04     1
NNOR 2022-05-17 2022-05-18  -0.2823  +0.0581  +0.0558  +0.0407   169   176  -4.9296  8.239e-07     1
NOT1 2000-09-16 2001-01-19       NA  +0.2183       NA  +0.0472    NA   308       NA         NA    NA
NOT1 2001-12-01 2001-12-03  +0.2183  +0.4262  +0.0472  +0.0447   308   328  -3.1984  1.382e-03     1
NOT1 2002-11-14 2002-11-21  +0.4262  +0.4130  +0.0447  +0.0326   328   528  +0.2393  8.109e-01     0
NOT1 2004-05-25 2004-05-29  +0.4130  +0.8057  +0.0326  +0.0786   528   169  -4.6180  3.874e-06     1
NOT1 2004-11-29 2004-12-08  +0.8057  +0.4580  +0.0786  +0.0229   169  1156  +4.2491  2.146e-05     1
NOT1 2008-06-25 2008-06-28  +0.4580  +0.3575  +0.0229  +0.0151  1156  2760  +3.6553  2.569e-04     1
NOT1 2016-06-20 2016-06-26  +0.3575  +0.7170  +0.0151  +0.0641  2760   197  -5.4614  4.723e-08     1
NOT1 2017-01-13 2017-01-28  +0.7170  +0.6978  +0.0641  +0.0487   197   279  +0.2382  8.117e-01     0
NOT1 2017-12-22 2018-04-04  +0.6978  +0.9004  +0.0487  +0.0295   279   780  -3.5581  3.735e-04     1
NOT1 2021-09-30 2021-11-12  +0.9004  +0.7958  +0.0295  +0.0431   780   339  +2.0036  4.511e-02     0
NOT1 2022-11-15 2023-01-29  +0.7958  +0.7400  +0.0431  +0.0441   339   338  +0.9057  3.651e-01     0
NOT1 2024-01-23 2024-02-18  +0.7400  +0.6656  +0.0441  +0.0333   338   610  +1.3452  1.786e-01     0
NOTO 1996-11-05 1997-01-26  +0.7861  +0.5053  +0.0930  +0.0566   169   267  +2.5799  9.882e-03     1
NOTO 1998-02-28 1998-03-28  -0.0297  +0.1784  +0.0674  +0.0435   123   417  -2.5952  9.454e-03     1
NOTO 1999-07-09 1999-08-09  +0.1784  +0.2188  +0.0435  +0.0459   417   386  -0.6386  5.231e-01     0
NOUM 1998-10-05 1998-12-13  +0.1797  +0.0329  +0.0774  +0.0715   253   291  +1.3936  1.634e-01     0
NOUM 2004-06-21 2004-06-24  -0.4083  -0.2934  +0.0324  +0.0423  1514   831  -2.1572  3.099e-02     0
NOUM 2006-12-05 2007-03-20  -0.2934       NA  +0.0423       NA   831    NA       NA         NA    NA
NOVM 2007-12-01 2008-03-19  +1.2880  +1.1869  +0.0202  +0.0160   309   572  +3.9173  8.954e-05     1
NOVM 2011-12-31 2012-04-11  +0.6673  +2.6819  +0.0242  +0.0433   273   157 -40.6264  0.000e+00     1
NOVM 2014-10-30 2015-01-01  +2.4615  +2.4588  +0.0194  +0.0206   330   301  +0.0945  9.247e-01     0
NOVM 2015-12-02 2015-12-04  +2.4588  +2.3814  +0.0206  +0.0173   301   377  +2.8805  3.971e-03     1
NOVM 2019-12-19 2020-07-01  +2.6726  +2.1651  +0.0178  +0.0127   365   794 +23.1785 7.508e-119     1
NOVM 2023-01-31 2023-02-02  +2.1651  +2.5264  +0.0127  +0.0331   794   153 -10.2009  1.965e-24     1
NOVM 2023-10-19 2023-11-09  +2.5264  +2.6319  +0.0331  +0.0207   153   322  -2.7055  6.821e-03     1
NOVM 2024-11-20 2025-02-24  +2.6319  +2.5815  +0.0207  +0.0276   322   224  +1.4592  1.445e-01     0
NRC1 1995-02-15 1995-04-18  +0.3240  +0.4253  +0.0407  +0.0219   162   486  -2.1908  2.846e-02     0
NRC1 1998-01-07 1998-02-28  +0.4253  +0.2756  +0.0219  +0.0184   486   634  +5.2351  1.649e-07     1
NRC1 2000-02-09 2000-05-22  +0.2756  -0.0073  +0.0184  +0.0619   634   153  +4.3790  1.192e-05     1
NRC1 2000-11-02 2000-11-03  -0.0073  +0.1625  +0.0619  +0.0186   153   486  -2.6262  8.634e-03     1
NRC1 2002-04-13 2002-04-19  +0.1625  +0.3112  +0.0186  +0.0176   486   633  -5.8014  6.576e-09     1
NRC1 2004-03-29 2004-03-30  +0.3112  +0.4543  +0.0176  +0.0123   633  1343  -6.6469  2.993e-11     1
NRC1 2008-03-27 2008-06-16  +0.4543  +0.2248  +0.0123  +0.0328  1343   212  +6.5448  5.957e-11     1
NRC1 2009-06-21 2009-08-24  +0.5406  +0.3319  +0.0371  +0.0301   127   172  +4.3677  1.256e-05     1
NRC1 2010-02-26 2010-03-19  +0.3319  +0.3362  +0.0301  +0.0150   172   950  -0.1300  8.965e-01     0
NRC1 2013-01-29 2013-01-30  +0.3362  +0.1993  +0.0150  +0.0129   950  1270  +6.9422  3.861e-12     1
NRC1 2016-11-05 2016-11-17  +0.1993  +0.2896  +0.0129  +0.0099  1270  2066  -5.5655  2.614e-08     1
NRIL 2000-09-19 2000-11-21       NA  -0.3113       NA  +0.0099    NA   478       NA         NA    NA
NRIL 2006-11-08 2007-04-23  -0.2270  -0.3093  +0.0091  +0.0215   670   204  +3.5251  4.233e-04     1
NRIL 2007-12-06 2008-01-28  -0.3093  -0.3722  +0.0215  +0.0162   204   275  +2.3388  1.934e-02     1
NRIL 2008-11-18 2008-12-21  -0.3722  -0.2907  +0.0162  +0.0106   275   481  -4.2164  2.483e-05     1
NRIL 2011-04-28 2011-04-30  -0.4593  -0.2087  +0.0148  +0.0125   194   439 -12.9597  2.071e-38     1
NRIL 2014-03-18 2014-03-19  -0.3641  -0.2309  +0.0098  +0.0106   497   527  -9.2393  2.482e-20     1
NRIL 2015-12-21 2016-01-31  -0.2309  -0.2682  +0.0106  +0.0067   527  1160  +2.9861  2.826e-03     1
NRMD 2011-06-09 2011-06-16  +0.6767  +0.2277  +0.0698  +0.0364   275   891  +5.7011  1.190e-08     1
NRMD 2014-08-02 2014-09-03  +0.2277  +0.2796  +0.0364  +0.0439   891   641  -0.9101  3.628e-01     0
NRMD 2016-08-24 2016-08-27  +0.2796  +0.6746  +0.0439  +0.0539   641   403  -5.6843  1.313e-08     1
NRMD 2017-10-30 2017-12-30  +0.6746  +1.4605  +0.0539  +0.0414   403   701 -11.5623  6.397e-31     1
NRMD 2020-10-16 2023-05-12  +1.4605  +1.3248  +0.0414  +0.0709   701   200  +1.6510  9.874e-02     0
NRMD 2023-12-18 2024-03-15  +1.3248  +1.7008  +0.0709  +0.0532   200   406  -4.2393  2.242e-05     1
NRMD 2025-12-02 2025-12-27  +1.7008       NA  +0.0532       NA   406    NA       NA         NA    NA
NSSP 1998-01-06 1998-03-16       NA  +0.1839       NA  +0.0518    NA   205       NA         NA    NA
NSSP 1998-11-03 1998-11-08  +0.1839  -0.2047  +0.0518  +0.0380   205   179  +6.0480  1.467e-09     1
NSSP 2000-12-24 2002-01-26  -0.2047  -0.3056  +0.0380  +0.0271   179   294  +2.1620  3.062e-02     0
NSSP 2004-02-24 2004-06-18  -0.3056  -0.3150  +0.0271  +0.0291   294   284  +0.2368  8.128e-01     0
NSSP 2005-04-07 2005-04-13  -0.3150  +0.1645  +0.0291  +0.0625   284   176  -6.9533  3.569e-12     1
NSSP 2005-11-24 2006-12-06  +0.1645  -0.2545  +0.0625  +0.0319   176   253  +5.9714  2.353e-09     1
NSSP 2007-08-31 2007-12-22  -0.2545  +0.0053  +0.0319  +0.0359   253   127  -5.4112  6.260e-08     1
NSSP 2008-04-28 2008-05-01  +0.0053  +0.1380  +0.0359  +0.0650   127   166  -1.7877  7.383e-02     0
NSSP 2008-10-29 2008-12-05  +0.1380  -0.1690  +0.0650  +0.0323   166   199  +4.2309  2.328e-05     1
NSSP 2009-06-30 2009-10-22  -0.1690  -0.0245  +0.0323  +0.0295   199   244  -3.3054  9.485e-04     1
NTUS 1997-08-31 1998-05-15       NA  -0.6976       NA  +0.0391    NA   794       NA         NA    NA
NTUS 2003-02-21 2003-06-23  -0.6976  -0.8888  +0.0391  +0.0842   794   172  +2.0605  3.935e-02     0
NTUS 2004-05-12 2004-05-15  -1.7088  -1.3201  +0.0942  +0.0423   140   691  -3.7648  1.667e-04     1
NTUS 2009-11-10 2009-12-05  +0.2831  +0.4154  +0.0379  +0.0520   875   450  -2.0564  3.975e-02     0
NTUS 2014-01-10 2016-04-09  -0.2085  +0.4159  +0.0782  +0.0535   196   449  -6.5916  4.352e-11     1
NTUS 2021-07-13 2021-12-14  +1.0614  -0.6663  +0.0352  +0.0620   996   316 +24.2363 9.216e-130     1
NTUS 2024-01-01 2024-02-20  +0.0027  +0.1323  +0.0612  +0.0444   334   637  -1.7136  8.659e-02     0
NURK 2009-05-08 2010-02-04  -0.7701  -0.6581  +0.0845  +0.0772   140   144  -0.9790  3.276e-01     0
NURK 2010-07-07 2010-08-31  -0.6581  +0.0191  +0.0772  +0.0657   144   225  -6.6812  2.370e-11     1
NURK 2011-06-07 2011-08-09  +0.0191  -0.1082  +0.0657  +0.0804   225   140  +1.2256  2.203e-01     0
NURK 2012-01-04 2012-01-08  -0.1082  +0.1754  +0.0804  +0.0829   140   135  -2.4552  1.408e-02     1
NURK 2012-06-12 2012-07-02  +0.1754  -0.1098  +0.0829  +0.0498   135   346  +2.9489  3.189e-03     1
NURK 2013-06-23 2013-07-16  -0.1098  -0.4248  +0.0498  +0.0646   346   211  +3.8613  1.128e-04     1
NURK 2014-02-15 2014-07-01  -0.4248  -0.4553  +0.0646  +0.0542   211   302  +0.3617  7.176e-01     0
NVSK 2000-07-14 2000-12-30       NA  -0.4995       NA  +0.0142    NA   682       NA         NA    NA
NVSK 2004-02-14 2004-03-06  -0.4995  -0.5075  +0.0142  +0.0266   682   279  +0.2649  7.911e-01     0
NVSK 2005-01-07 2005-02-07  -0.5075  -0.4264  +0.0266  +0.0213   279   347  -2.3819  1.722e-02     1
NVSK 2006-02-11 2006-03-11  -0.4264  -0.3064  +0.0213  +0.0370   347   183  -2.8086  4.976e-03     1
NVSK 2006-11-03 2007-01-27  -0.3064  +0.1618  +0.0370  +0.0271   183   272 -10.1996  1.991e-24     1
NVSK 2007-11-17 2008-03-02  +0.1618  +0.0754  +0.0271  +0.0316   272   254  +2.0754  3.795e-02     0
NVSK 2008-11-23 2009-02-06  +0.0754  -0.3206  +0.0316  +0.0279   254   275  +9.3883  6.099e-21     1
NVSK 2009-11-23 2009-11-30  -0.3206  -0.3292  +0.0279  +0.0213   275   345  +0.2427  8.082e-01     0
NVSK 2010-11-30 2011-01-29  -0.3292  -0.7205  +0.0213  +0.0188   345   405 +13.7514  4.996e-43     1
NVSK 2025-11-25 2025-12-30  -1.9889       NA  +0.0334       NA   232    NA       NA         NA    NA
NYA1 1998-12-12 1999-03-12  +0.3792  +0.1957  +0.0216  +0.0083   147   901  +7.9471  1.909e-15     1
NYA1 2002-03-29 2002-03-31  +0.1957  +0.1809  +0.0083  +0.0114   901   521  +1.0477  2.948e-01     0
NYA1 2005-03-22 2005-06-02  +0.1914  +0.2405  +0.0131  +0.0181   355   226  -2.2018  2.768e-02     0
NYA1 2006-01-29 2006-03-30  +0.2405  +0.1883  +0.0181  +0.0081   226   979  +2.6315  8.502e-03     1
NYA1 2009-01-02 2009-05-08  +0.1883  -0.0296  +0.0081  +0.0171   979   252 +11.5098  1.177e-30     1
NYA1 2010-02-06 2010-03-05  -0.0296  +0.0087  +0.0171  +0.0139   252   331  -1.7407  8.174e-02     0
NYA1 2012-02-20 2012-05-17  -0.1451  +0.0828  +0.0133  +0.0134   356   347 -12.0813  1.327e-33     1
NYA1 2021-03-19 2021-05-25  +0.2733  +0.2913  +0.0143  +0.0116   319   514  -0.9755  3.293e-01     0
NYAL 1994-01-06 1994-04-24       NA  +0.3698       NA  +0.0061    NA  1792       NA         NA    NA
NYAL 2001-06-23 2001-08-30  +0.3698  +0.4274  +0.0061  +0.0095  1792   728  -5.1102  3.218e-07     1
NYAL 2005-03-22 2005-03-27  +0.4095  +0.5393  +0.0130  +0.0154   365   292  -6.4327  1.254e-10     1
NYAL 2006-01-29 2006-03-30  +0.5393  +0.4255  +0.0154  +0.0132   292   362  +5.6033  2.103e-08     1
NYAL 2008-12-29 2009-04-02  +0.4583  +0.3901  +0.0125  +0.0173   400   205  +3.1925  1.411e-03     1
NYAL 2010-02-08 2010-02-21  +0.3901  +0.3032  +0.0173  +0.0135   205   352  +3.9568  7.598e-05     1
NYAL 2011-02-18 2011-04-24  +0.3032  +0.2220  +0.0135  +0.0161   352   283  +3.8555  1.155e-04     1
NYAL 2013-02-11 2013-02-26  +0.4372  +0.3270  +0.0135  +0.0118   352   487  +6.1485  7.821e-10     1
NYAL 2017-08-20 2017-10-13  +0.3270  +0.4780  +0.0118  +0.0108   487   506  -9.4366  3.850e-21     1
NYAL 2019-03-17 2019-06-19  +0.4780  +0.6094  +0.0108  +0.0222   506   172  -5.3289  9.879e-08     1
NYAL 2021-03-20 2021-05-27  +0.4705  +0.4555  +0.0159  +0.0065   270  1558  +0.8739  3.822e-01     0
OHI2 2002-09-17 2002-11-27  +0.5616  +0.4589  +0.0278  +0.0167   168   503  +3.1647  1.553e-03     1
OHI2 2004-08-25 2004-10-06  +0.4589  +0.3113  +0.0167  +0.0309   503   160  +4.2017  2.649e-05     1
OHI2 2005-10-02 2005-11-11  +0.8922  +0.6722  +0.0313  +0.0232   126   255  +5.6461  1.641e-08     1
OHI2 2006-09-23 2006-10-16  +0.6722  +0.2963  +0.0232  +0.0180   255   456 +12.8105  1.432e-37     1
OHI2 2011-11-23 2012-01-21  +0.4682  +0.4166  +0.0238  +0.0323   214   146  +1.2854  1.986e-01     0
OHI2 2012-06-26 2012-08-09  +0.4166  +0.3510  +0.0323  +0.0197   146   349  +1.7311  8.344e-02     0
OHI2 2013-08-13 2013-08-23  +0.3510  +0.1644  +0.0197  +0.0082   349  2034  +8.7262  2.634e-18     1
OHI2 2019-06-27 2019-09-11  +0.1644  +0.2402  +0.0082  +0.0213  2034   311  -3.3256  8.822e-04     1
OHI2 2020-07-26 2020-09-06  +0.2402  +0.0362  +0.0213  +0.0146   311   632  +7.9121  2.532e-15     1
OHI2 2023-06-14 2023-07-08  -0.1670       NA  +0.0228       NA   276    NA       NA         NA    NA
OHI3 2004-08-23 2004-08-28  -0.2744  -0.1733  +0.0208  +0.0259   310   212  -3.0487  2.298e-03     1
OHI3 2005-11-03 2005-11-04  +0.2032  +0.1270  +0.0280  +0.0238   154   232  +2.0706  3.840e-02     0
OHI3 2006-10-07 2006-10-09  +0.1270  -0.2324  +0.0238  +0.0256   232   222 +10.2652  1.012e-24     1
OHI3 2007-06-21 2007-07-16  -0.2324  -0.3177  +0.0256  +0.0364   222   124  +1.9155  5.543e-02     0
OHI3 2008-03-06 2008-06-21  -0.3177  -0.2904  +0.0364  +0.0195   124   347  -0.6618  5.081e-01     0
OHI3 2009-07-25 2009-08-23  -0.2904  -0.3504  +0.0195  +0.0328   347   122  +1.5730  1.157e-01     0
OHI3 2013-08-13 2013-08-26  +0.1994  +0.1232  +0.0115  +0.0123  1037   899  +4.5230  6.096e-06     1
OHI3 2016-05-03 2016-08-26  +0.1232  +0.1902  +0.0123  +0.0116   899  1003  -3.9547  7.663e-05     1
OHI3 2019-06-27 2019-07-05  +0.1902  +0.2472  +0.0116  +0.0289  1003   142  -1.8296  6.731e-02     0
OHI3 2019-12-07 2019-12-11  +0.2472  +0.2144  +0.0289  +0.0254   142   224  +0.8543  3.930e-01     0
OHI3 2020-07-26 2020-09-05  +0.2144  +0.0150  +0.0254  +0.0168   224   467  +6.5469  5.873e-11     1
OHIG 2001-10-05 2002-02-19  +0.6196       NA  +0.0290       NA   275    NA       NA         NA    NA
ONSA 1994-01-06 1994-05-13       NA  +0.6415       NA  +0.0214    NA   498       NA         NA    NA
ONSA 1995-11-22 1996-01-31  +0.6415  +0.6746  +0.0214  +0.0187   498   603  -1.1673  2.431e-01     0
ONSA 1997-11-15 1998-02-27  +0.6746  +0.7828  +0.0187  +0.0330   603   236  -2.8496  4.377e-03     1
ONSA 1998-11-07 1999-01-30  +0.7828  +0.2443  +0.0330  +0.0187   236   616 +14.1907  1.046e-45     1
ONSA 2002-01-31 2002-07-21  +0.4327  +0.3432  +0.0218  +0.0110   399  1647  +3.6709  2.417e-04     1
ONSA 2011-11-26 2011-12-11  +0.5235  +0.4786  +0.0112  +0.0096  1667  2134  +3.0448  2.328e-03     1
ONSA 2022-01-28 2022-05-06  +0.5982  +0.6446  +0.0119  +0.0161  1414   839  -2.3136  2.069e-02     1
ONSA 2024-09-15 2024-09-16  +0.6446  +0.6803  +0.0161  +0.0208   839   463  -1.3557  1.752e-01     0
OPMT 2016-11-27 2017-03-28  +0.1504  +0.3671  +0.0167  +0.0187  1007   852  -8.6319  6.035e-18     1
OPMT 2025-08-20 2025-11-29  +1.0740       NA  +0.0488       NA   149    NA       NA         NA    NA
OS0G 1998-10-24 1999-02-02       NA  +0.2501       NA  +0.0182    NA   628       NA         NA    NA
OS0G 2001-12-06 2001-12-08  +0.3994  +0.1930  +0.0265  +0.0225   315   388  +5.9399  2.852e-09     1
OS0G 2003-02-09 2003-08-18  +0.1930       NA  +0.0225       NA   388    NA       NA         NA    NA
OSN1 2000-06-15 2000-10-22  +0.5091  +0.1958  +0.0268  +0.0280   266   215  +8.0741  6.797e-16     1
OSN1 2001-06-06 2001-12-27  +0.1958  +0.1654  +0.0280  +0.0222   215   406  +0.8506  3.950e-01     0
OSN1 2003-02-20 2003-02-25  +0.1654  +0.3920  +0.0222  +0.0456   406   234  -4.4654  7.991e-06     1
OSN1 2004-04-29 2004-09-22  -0.0320  -0.0092  +0.0315  +0.0269   121   263  -0.5510  5.816e-01     0
OSN1 2005-06-18 2005-10-08  -0.0092  +0.0613  +0.0269  +0.0133   263  1314  -2.3486  1.884e-02     1
OUS2 2003-02-25 2003-02-27  +0.3997  +0.7258  +0.0255  +0.0524   626   141  -5.5945  2.213e-08     1
OUS2 2003-07-26 2003-07-28  +0.7258  +0.4995  +0.0524  +0.0214   141   915  +3.9961  6.441e-05     1
OUS2 2006-05-07 2006-05-09  +0.4995  +0.7112  +0.0214  +0.0254   915   659  -6.3656  1.945e-10     1
OUS2 2008-05-18 2008-05-20  +0.7112  +0.5969  +0.0254  +0.0187   659  1161  +3.6189  2.959e-04     1
OUS2 2011-12-09 2011-12-14  +0.5969  +0.6123  +0.0187  +0.0331  1161   397  -0.4047  6.857e-01     0
OUS2 2013-01-26 2013-02-02  +0.6123  +0.4930  +0.0331  +0.0369   397   276  +2.4072  1.607e-02     1
OUS2 2013-11-13 2013-11-14  +0.4930  +0.7767  +0.0369  +0.0361   276   305  -5.4939  3.931e-08     1
OUS2 2017-10-19 2017-10-20  +0.7767  +0.8956  +0.0361  +0.0342   305   357  -2.3896  1.687e-02     1
OUS2 2018-10-18 2018-10-23  +0.8956  +1.0304  +0.0342  +0.0655   357   141  -1.8265  6.777e-02     0
OUS2 2019-03-20 2019-03-25  +1.0304  +0.8613  +0.0655  +0.0248   141   674  +2.4165  1.567e-02     1
OUS2 2024-07-15 2024-10-01  +0.5266  +0.3631  +0.0188  +0.0308  1170   450  +4.5332  5.811e-06     1
PADO 2014-09-05 2014-09-06  +0.3053  +0.5462  +0.0419  +0.0319   242   437  -4.5738  4.790e-06     1
PADO 2015-12-07 2016-01-29  +0.5462  +0.2774  +0.0319  +0.0510   437   120  +4.4705  7.803e-06     1
PADO 2016-05-30 2016-09-21  +0.2774  +0.7563  +0.0510  +0.0366   120   245  -7.6293  2.360e-14     1
PADO 2018-08-16 2018-08-31  +0.5111  +0.8663  +0.0392  +0.0297   234   480  -7.2242  5.041e-13     1
PADO 2020-01-08 2020-04-17  +0.8663  +1.1469  +0.0297  +0.0523   480   238  -4.6684  3.036e-06     1
PADO 2023-01-25 2023-02-23  +0.6178  +0.6955  +0.0238  +0.0231   713   773  -2.3415  1.921e-02     1
PALM 1998-01-20 1998-10-19       NA  +0.1474       NA  +0.0167    NA   413       NA         NA    NA
PALM 2000-03-18 2000-07-31  +0.1474  +0.0449  +0.0167  +0.0288   413   129  +3.0766  2.094e-03     1
PALM 2001-06-28 2001-06-28  +0.2823  +0.3894  +0.0260  +0.0176   181   361  -3.4112  6.468e-04     1
PALM 2002-07-23 2002-07-31  +0.3894  +0.4646  +0.0176  +0.0157   361   452  -3.1835  1.455e-03     1
PALM 2003-11-01 2003-11-05  +0.4646  +0.2873  +0.0157  +0.0151   452   505  +8.1225  4.568e-16     1
PALM 2008-10-02 2008-10-05  +0.5262  +0.3388  +0.0246  +0.0159   175   437  +6.3879  1.681e-10     1
PALM 2011-12-21 2012-02-01  +0.1396  +0.2872  +0.0127  +0.0251   707   188  -5.2530  1.496e-07     1
PALM 2023-07-17 2023-11-09  +0.3079  +0.1271  +0.0241  +0.0196   202   268  +5.8236  5.758e-09     1
PALV 2009-12-13 2009-12-26       NA  +0.1258       NA  +0.0141    NA   542       NA         NA    NA
PALV 2011-07-05 2011-08-10  +0.1258  +0.1301  +0.0141  +0.0272   542   128  -0.1391  8.893e-01     0
PALV 2011-12-21 2012-02-01  +0.1301  +0.2904  +0.0272  +0.0245   128   188  -4.3735  1.223e-05     1
PALV 2017-01-13 2017-03-15  +0.2451  +0.3396  +0.0182  +0.0245   309   179  -3.0990  1.942e-03     1
PARC 1999-03-22 1999-07-29       NA  +0.8946       NA  +0.0273    NA   364       NA         NA    NA
PARC 2000-08-19 2000-08-23  +0.8946  +1.0349  +0.0273  +0.0347   364   233  -3.1792  1.477e-03     1
PARC 2001-05-05 2001-06-14  +1.0349  +1.2647  +0.0347  +0.0216   233   573  -5.6284  1.819e-08     1
PARC 2004-02-05 2004-08-21  +1.2647  +0.9173  +0.0216  +0.0448   573   138  +6.9910  2.729e-12     1
PARC 2005-03-23 2005-07-24  +0.9173  +1.2331  +0.0448  +0.0368   138   195  -5.4501  5.034e-08     1
PARC 2006-08-02 2006-10-12  +1.2331  +1.0666  +0.0368  +0.0338   195   252  +3.3341  8.556e-04     1
PARC 2007-06-27 2007-08-30  +1.0666  +0.9929  +0.0338  +0.0213   252   603  +1.8465  6.482e-02     0
PARC 2009-05-25 2009-06-14  +0.9929  +0.8560  +0.0213  +0.0103   603  2550  +5.7939  6.877e-09     1
PARK 2009-09-16 2009-09-17  +0.7195  +0.6218  +0.0200  +0.0138  1077  2437  +4.0215  5.783e-05     1
PARK 2017-12-16 2017-12-17  +0.3268  +0.5827  +0.0470  +0.0166   165  1598  -5.1311  2.880e-07     1
PARK 2022-08-08 2022-08-21  +0.5827  +0.6989  +0.0166  +0.0325  1598   429  -3.1868  1.438e-03     1
PARK 2023-11-24 2023-12-14  +0.6989  +0.5762  +0.0325  +0.0251   429   699  +2.9913  2.778e-03     1
PBRI 2011-04-11 2011-05-28       NA  -0.6292       NA  +0.0378    NA  1105       NA         NA    NA
PBRI 2014-08-27 2014-10-20  -0.6292  -0.9655  +0.0378  +0.0518  1105   591  +5.2416  1.592e-07     1
PBRI 2016-12-03 2017-02-23  -0.9655  -0.6279  +0.0518  +0.0743   591   293  -3.7264  1.942e-04     1
PBRI 2018-04-06 2018-05-12  -0.6279  -0.1890  +0.0743  +0.0748   293   286  -4.1637  3.131e-05     1
PDEL 2009-04-11 2009-04-13  -0.0947  +0.0911  +0.0385  +0.0151   410  2818  -4.4882  7.184e-06     1
PDEL 2017-07-19 2017-08-22  +0.0911  +0.2189  +0.0151  +0.0218  2818  1364  -4.8121  1.493e-06     1
PENC 1997-01-03 1997-01-25  +0.6349  +0.7157  +0.0369  +0.0157   231   948  -2.0140  4.400e-02     0
PENC 2000-05-16 2000-05-18  +0.3606  +0.4455  +0.0294  +0.0202   182   578  -2.3813  1.725e-02     1
PENC 2008-05-10 2008-05-12  +0.3902  +0.4609  +0.0267  +0.0367   273   208  -1.5571  1.194e-01     0
PENC 2009-01-13 2009-01-13  +0.4609  +0.2897  +0.0367  +0.0206   208   483  +4.0669  4.764e-05     1
PENC 2010-05-30 2010-10-07  +0.2897  +0.2244  +0.0206  +0.0163   483   810  +2.4847  1.297e-02     1
PENC 2016-04-18 2016-04-19  +0.0941  +0.2213  +0.0189  +0.0183   550   678  -4.8404  1.295e-06     1
PENC 2020-07-10 2020-10-11  +0.2607  +0.1501  +0.0187  +0.0150   583   918  +4.6145  3.940e-06     1
PENC 2023-08-04 2023-12-13  +0.1501  +2.7387  +0.0150  +0.0174   918   719 -112.8198  0.000e+00     1
PERT 1996-12-19 1996-12-19  +0.4623  +0.9928  +0.0278  +0.0414   468   220 -10.6376  1.992e-26     1
PERT 1998-06-05 1998-11-16  +0.6393  +0.9280  +0.0420  +0.0404   225   225  -4.9504  7.405e-07     1
PERT 2000-07-01 2000-12-17  +0.4790  +0.4094  +0.0407  +0.0317   228   373  +1.3493  1.772e-01     0
PERT 2002-06-02 2002-06-16  +0.4094  +0.6310  +0.0317  +0.0387   373   243  -4.4326  9.311e-06     1
PERT 2006-11-21 2007-03-12  +0.6512  +0.9492  +0.0273  +0.0362   468   257  -6.5648  5.210e-11     1
PERT 2007-12-06 2007-12-12  +0.9492  +1.1646  +0.0362  +0.0528   257   156  -3.3634  7.700e-04     1
PERT 2008-05-28 2008-06-02  +1.1646  +0.8836  +0.0528  +0.0412   156   192  +4.1954  2.724e-05     1
PERT 2008-12-17 2009-03-29  +0.8836  +0.9413  +0.0412  +0.0193   192   965  -1.2686  2.046e-01     0
PERT 2015-04-06 2015-04-10  +0.4217  +0.5073  +0.0210  +0.0178   856  1146  -3.1089  1.878e-03     1
PETP 1999-07-12 2000-01-05       NA  +0.3255       NA  +0.0247    NA   132       NA         NA    NA
PETP 2000-05-19 2000-05-24  +0.3255  +0.3083  +0.0247  +0.0148   132   517  +0.5994  5.489e-01     0
PETP 2002-02-09 2002-02-16  +0.3083  +0.4213  +0.0148  +0.0145   517   584  -5.4629  4.684e-08     1
PETP 2005-01-27 2005-02-01  +0.4924  +0.5827  +0.0215  +0.0131   285   636  -3.5887  3.323e-04     1
PETP 2007-01-21 2007-03-24  +0.5827  +0.4734  +0.0131  +0.0220   636   278  +4.2729  1.930e-05     1
PETP 2008-01-16 2008-06-05  +0.4734  +0.1502  +0.0220  +0.0280   278   187  +9.0823  1.063e-19     1
PETP 2008-12-27 2009-06-04  +0.1502  +0.4132  +0.0280  +0.0351   187   153  -5.8551  4.768e-09     1
PETP 2009-12-13 2010-01-06  +0.4132  +0.3550  +0.0351  +0.0256   153   148  +1.3375  1.811e-01     0
PFA2 2014-01-02 2014-02-05       NA  -0.5184       NA  +0.0386    NA   195       NA         NA    NA
PFA2 2014-09-06 2014-09-18  -0.5184  -0.4165  +0.0386  +0.0193   195   720  -2.3614  1.821e-02     1
PFA2 2016-11-23 2017-02-18  -0.4165  -0.3330  +0.0193  +0.0241   720   429  -2.7019  6.894e-03     1
PFA2 2018-05-27 2018-05-27  -0.3330  +0.0060  +0.0241  +0.0408   429   215  -7.1577  8.205e-13     1
PFA2 2019-01-05 2019-06-17  +0.0060  -0.2336  +0.0408  +0.0449   215   178  +3.9531  7.714e-05     1
PFA2 2019-12-26 2020-05-09  -0.2336  -0.0824  +0.0449  +0.0400   178   224  -2.5166  1.185e-02     1
PIE1 1994-01-06 1994-05-04       NA  +0.4825       NA  +0.0489    NA   152       NA         NA    NA
PIE1 1994-10-14 1995-02-16  +0.4825  -0.1709  +0.0489  +0.0155   152   630 +12.7400  3.543e-37     1
PIE1 1997-01-01 1997-01-05  -0.1709  +0.0321  +0.0155  +0.0171   630   424  -8.7941  1.442e-18     1
PIE1 1998-03-26 1998-04-02  +0.0321  +0.0449  +0.0171  +0.0184   424   488  -0.5137  6.075e-01     0
PIE1 1999-09-15 2000-03-05  +0.0449  +0.1807  +0.0184  +0.0249   488   280  -4.3879  1.145e-05     1
PIE1 2001-01-16 2001-04-10  +0.1807  +0.1803  +0.0249  +0.0362   280   200  +0.0092  9.927e-01     0
PIE1 2001-11-16 2002-04-28  +0.1803  +0.1639  +0.0362  +0.0402   200   184  +0.3040  7.612e-01     0
PIE1 2002-11-08 2002-11-11  +0.1639  -0.0057  +0.0402  +0.0121   184   851  +4.0363  5.430e-05     1
PIE1 2013-02-03 2013-05-22  -0.1252  -0.0880  +0.0076  +0.0157  2431   557  -2.1291  3.325e-02     0
PIMO 1999-03-23 2000-01-31       NA  -0.2480       NA  +0.1161    NA   129       NA         NA    NA
PIMO 2000-12-27 2002-05-16  -0.2480  +0.1972  +0.1161  +0.0453   129   899  -3.5726  3.534e-04     1
PIMO 2006-01-21 2006-02-04  +0.1972  +0.1771  +0.0453  +0.0271   899  2472  +0.3816  7.027e-01     0
PIMO 2023-06-30 2023-09-17  +0.4801  +0.5547  +0.0502  +0.0985   759   204  -0.6749  4.997e-01     0
PIMO 2024-12-28 2025-04-23  +1.2185  +0.8409  +0.0856  +0.0871   241   230  +3.0918  1.989e-03     1
POHN 2019-03-30 2019-05-13  -0.2908  -0.7606  +0.0735  +0.0522   297   531  +5.2087  1.901e-07     1
POL2 1997-08-06 1997-10-30  +0.6799  +0.6027  +0.0283  +0.0365   578   237  +1.6727  9.439e-02     0
POL2 1999-12-16 2000-05-06  +0.5946  +1.8398  +0.0334  +0.0933   315   128 -12.5717  3.021e-36     1
POL2 2000-09-20 2000-10-30  +1.8398  +0.3732  +0.0933  +0.0388   128   170 +14.5171  9.441e-48     1
POL2 2001-04-28 2001-10-31  +0.3732  +0.8037  +0.0388  +0.0600   170   199  -6.0263  1.677e-09     1
POL2 2002-09-20 2002-10-12  +0.8037  +0.8357  +0.0600  +0.0182   199  1161  -0.5102  6.099e-01     0
POL2 2012-05-30 2012-08-16  +0.7725  +0.5859  +0.0175  +0.0337  1252   380  +4.9083  9.187e-07     1
POL2 2013-09-22 2013-10-09  +0.5859  +0.6739  +0.0337  +0.0365   380   241  -1.7682  7.703e-02     0
POL2 2014-06-16 2014-07-08  +0.6739  +0.5978  +0.0365  +0.0344   241   314  +1.5164  1.294e-01     0
POL2 2015-05-25 2015-08-02  +0.5978  +0.4694  +0.0344  +0.0259   314   671  +2.9847  2.839e-03     1
POL2 2021-09-05 2021-12-23  +0.7135  +0.9763  +0.0180  +0.0168  1284  1433 -10.6898  1.136e-26     1
POLV 2005-01-01 2005-01-01  +0.3185  +0.3051  +0.0141  +0.0329  1172   143  +0.3742  7.082e-01     0
POLV 2005-11-06 2005-11-08  +0.7375  +0.2272  +0.0533  +0.0202   155   469  +8.9554  3.385e-19     1
POLV 2012-11-11 2012-11-29  +0.2544  +0.1230  +0.0128  +0.0119  1360  1485  +7.5236  5.330e-14     1
POLV 2017-03-07 2017-03-15  +0.1230  +0.0311  +0.0119  +0.0227  1485   441  +3.5858  3.361e-04     1
POLV 2018-10-31 2018-11-01  +0.5220  +0.1993  +0.0627  +0.0280   120   208  +4.6954  2.661e-06     1
POLV 2019-05-31 2019-07-06  +0.1993  +0.4194  +0.0280  +0.0339   208   208  -5.0016  5.685e-07     1
POLV 2020-06-11 2020-11-14  +0.0815  +0.1987  +0.0383  +0.0131   122  1223  -2.8956  3.784e-03     1
POTS 1996-04-20 1996-04-22  +1.1259  +1.0623  +0.0293  +0.0136   142  1002  +1.9686  4.900e-02     0
POTS 1999-04-03 1999-08-23  +1.0623  +0.5990  +0.0136  +0.0133  1002  1025 +24.3407 7.268e-131     1
POTS 2002-08-15 2002-08-29  +0.5990  +0.5608  +0.0133  +0.0119  1025  1245  +2.1374  3.257e-02     0
POTS 2007-12-14 2008-05-13  +0.5822  +0.6348  +0.0210  +0.0224   429   387  -1.7121  8.687e-02     0
POTS 2009-06-30 2009-07-04  +0.6348  +0.3099  +0.0224  +0.0195   387   488 +10.9539  6.364e-28     1
POTS 2011-01-17 2011-03-27  +0.3099  +0.3468  +0.0195  +0.0133   488  1031  -1.5672  1.171e-01     0
POTS 2016-01-02 2016-03-06  +0.5199  +0.5967  +0.0204  +0.0190   436   555  -2.7523  5.917e-03     1
POTS 2017-10-17 2018-01-23  +0.5967  +0.8247  +0.0190  +0.0169   555   660  -8.9508  3.528e-19     1
POTS 2024-06-22 2024-08-30  +0.7024  +0.7286  +0.0135  +0.0201   948   475  -1.0812  2.796e-01     0
POVE 2008-07-02 2008-10-18       NA  -0.7729       NA  +0.0767    NA   221       NA         NA    NA
POVE 2010-05-10 2010-10-18  -0.3671  -0.0809  +0.0862  +0.0781   173   214  -2.4608  1.386e-02     1
POVE 2011-06-16 2011-08-12  -0.0809  +0.1317  +0.0781  +0.0602   214   353  -2.1562  3.107e-02     0
POVE 2012-08-22 2012-08-27  +0.1317  -0.1175  +0.0602  +0.0486   353   546  +3.2204  1.280e-03     1
POVE 2014-06-14 2014-08-22  -0.1175  -0.0799  +0.0486  +0.0763   546   227  -0.4155  6.778e-01     0
POVE 2016-07-24 2016-08-03  +0.7417  +0.3712  +0.0555  +0.0977   419   144  +3.2965  9.789e-04     1
POVE 2020-07-26 2020-09-16  -0.1628  -0.5960  +0.0349  +0.0790  1058   213  +5.0161  5.274e-07     1
POVE 2021-08-06 2021-08-31  -0.5960  -0.7536  +0.0790  +0.0347   213  1065  +1.8267  6.774e-02     0
POVE 2024-09-01 2024-09-28  -0.7536  -0.6056  +0.0347  +0.0607  1065   351  -2.1173  3.424e-02     0
POVE 2025-10-15 2025-12-30  -0.6056       NA  +0.0607       NA   351    NA       NA         NA    NA
PRDS 2018-04-09 2018-05-02  +0.0495  -0.0579  +0.0162  +0.0317   420   202  +3.0190  2.536e-03     1
PRDS 2018-12-11 2019-03-26  -0.0579  +0.0323  +0.0317  +0.0147   202   637  -2.5824  9.812e-03     1
PRDS 2021-01-05 2021-02-27  +0.0323  +0.1116  +0.0147  +0.0162   637   465  -3.6141  3.014e-04     1
PRDS 2022-06-19 2023-05-04  +0.1116  -0.2851  +0.0162  +0.0505   465   125  +7.4831  7.260e-14     1
PRDS 2024-01-28 2025-12-30  +0.1372       NA  +0.0286       NA   135    NA       NA         NA    NA
PRE1 2000-06-20 2000-09-14  +0.3080  +0.1683  +0.0477  +0.0676   290   194  +1.6881  9.140e-02     0
PRE1 2001-04-10 2001-09-04  +0.1683  +0.1616  +0.0676  +0.0249   194   718  +0.0928  9.260e-01     0
PRE1 2003-09-28 2003-11-29  +0.1616  -0.8287  +0.0249  +0.0859   718   144 +11.0685  1.783e-28     1
PRE1 2005-03-26 2005-04-05  +0.3791  +0.8580  +0.0372  +0.0417   325   168  -8.5709  1.027e-17     1
PRE1 2007-06-05 2007-09-03  +0.4733  +0.3398  +0.0298  +0.0352   606   370  +2.8935  3.810e-03     1
PRE1 2008-09-11 2008-10-07  +0.3398  +0.2966  +0.0352  +0.0551   370   237  +0.6605  5.089e-01     0
PRE1 2009-06-10 2009-06-18  +0.2966  +0.0142  +0.0551  +0.0280   237   528  +4.5675  4.937e-06     1
PTAG 2011-06-25 2011-06-28  -0.1562  +0.0743  +0.0987  +0.0431   150   780  -2.1392  3.242e-02     0
PTAG 2018-06-19 2018-07-04  -0.0101  +0.4912  +0.0589  +0.0596   428   396  -5.9806  2.224e-09     1
PTAG 2023-04-14 2023-09-30  +0.3263  +0.4100  +0.1138  +0.0482   120   637  -0.6772  4.983e-01     0
PTBB 2014-06-29 2014-10-03  -0.0515  +0.1078  +0.0298  +0.0161   178   748  -4.7115  2.459e-06     1
PTBB 2022-04-13 2022-04-14  +0.3533  +0.3116  +0.0133  +0.0123  1072  1319  +2.2963  2.166e-02     1
PTVL 2017-02-14 2017-07-17       NA  -0.5508       NA  +0.0566    NA   521       NA         NA    NA
PTVL 2020-02-03 2020-02-14  -0.5508  -1.1543  +0.0566  +0.0900   521   188  +5.6773  1.368e-08     1
PTVL 2023-03-27 2023-08-04  -0.0938  -0.5865  +0.0864  +0.0441   254   840  +5.0792  3.791e-07     1
PVEP 1998-01-14 1998-04-22       NA  -0.3245       NA  +0.0532    NA   237       NA         NA    NA
PVEP 1998-12-26 1999-01-14  -0.3245  +0.1481  +0.0532  +0.0622   237   148  -5.7727  7.802e-09     1
PVEP 1999-06-13 1999-06-30  +0.1481  -0.1716  +0.0622  +0.0517   148   231  +3.9533  7.707e-05     1
PVEP 2000-03-12 2000-08-05  -0.1716       NA  +0.0517       NA   231    NA       NA         NA    NA
QAQ1 2001-10-16 2001-12-24       NA  +0.2306       NA  +0.0133    NA   656       NA         NA    NA
QAQ1 2004-01-26 2004-01-28  +0.2306  -0.0092  +0.0133  +0.0090   656  1420 +14.9093  2.866e-50     1
QAQ1 2008-04-14 2008-04-22  -0.0092  -0.1106  +0.0090  +0.0233  1420   262  +4.0523  5.071e-05     1
QAQ1 2009-01-21 2009-02-14  -0.1106  -0.0346  +0.0233  +0.0204   262   310  -2.4520  1.421e-02     1
QAQ1 2009-12-30 2010-01-11  -0.0346  -0.1568  +0.0204  +0.0257   310   122  +3.7290  1.922e-04     1
QAQ1 2010-05-16 2010-05-19  -0.1568  -0.0405  +0.0257  +0.0233   122   255  -3.3535  7.981e-04     1
QAQ1 2012-03-25 2012-05-05  -0.2110  -0.1564  +0.0166  +0.0106   390  1026  -2.7719  5.573e-03     1
QAQ1 2015-05-14 2015-06-16  -0.1564  -0.1287  +0.0106  +0.0263  1026   201  -0.9771  3.285e-01     0
QAQ1 2016-01-18 2016-01-23  -0.1287  -0.0410  +0.0263  +0.0249   201   173  -2.4214  1.546e-02     1
QAQ1 2016-07-24 2016-08-28  -0.0410  -0.0564  +0.0249  +0.0269   173   151  +0.4199  6.746e-01     0
QAQ1 2018-12-12 2019-01-07  +0.1720  +0.1429  +0.0136  +0.0117   639   864  +1.6255  1.041e-01     0
QAQ1 2021-10-01 2021-10-23  +0.1429  +0.0800  +0.0117  +0.0100   864  1148  +4.1063  4.021e-05     1
QAQ1 2025-01-11 2025-03-08  +0.0800  +0.1459  +0.0100  +0.0217  1148   285  -2.7625  5.736e-03     1
QUI2 2006-11-10 2007-03-05  -0.3398  -0.4399  +0.0392  +0.0261   380   844  +2.1233  3.373e-02     0
QUI2 2009-07-11 2009-08-01  -0.4399       NA  +0.0261       NA   844    NA       NA         NA    NA
QUIN 1998-04-12 1998-12-12  -0.9232  -1.1513  +0.0412  +0.0480   166   152  +3.6027  3.149e-04     1
QUIN 2000-02-11 2001-02-04  -1.1513  -0.9020  +0.0480  +0.0534   152   177  -3.4706  5.194e-04     1
QUIN 2001-11-13 2002-04-25  -0.9020  -0.5513  +0.0534  +0.0192   177   875  -6.1772  6.525e-10     1
QUIN 2004-12-31 2005-01-14  -0.5513  -0.5364  +0.0192  +0.0223   875   633  -0.5057  6.131e-01     0
QUIN 2007-01-11 2007-02-07  -0.5364  -0.5493  +0.0223  +0.0322   633   312  +0.3298  7.416e-01     0
QUIN 2008-01-14 2008-02-15  -0.5493  -0.5867  +0.0322  +0.0193   312   875  +0.9958  3.193e-01     0
QUIN 2011-07-22 2011-09-30  -0.1100  -0.0603  +0.0410  +0.0325   179   219  -0.9495  3.424e-01     0
QUIN 2012-11-17 2013-01-24  -0.5517  -0.1751  +0.0515  +0.0158   185  1255  -6.9918  2.714e-12     1
RABT 2000-05-18 2000-06-01       NA  +0.4672       NA  +0.0290    NA   810       NA         NA    NA
RABT 2003-10-14 2004-02-11  +1.0437  +0.7171  +0.0560  +0.0670   238   135  +3.7411  1.832e-04     1
RABT 2005-04-26 2005-10-24  +0.5007  +0.5406  +0.0549  +0.0258   154   921  -0.6582  5.104e-01     0
RABT 2008-06-22 2008-09-14  +0.5406  +0.7479  +0.0258  +0.0635   921   141  -3.0254  2.483e-03     1
RABT 2009-02-15 2009-02-17  +0.7479  +0.6900  +0.0635  +0.0292   141   735  +0.8293  4.070e-01     0
RABT 2011-03-21 2011-03-22  +0.6900  +0.6025  +0.0292  +0.0225   735  1235  +2.3767  1.747e-02     1
RABT 2015-04-10 2015-04-22  +0.6025  +0.8564  +0.0225  +0.0620  1235   225  -3.8497  1.183e-04     1
RABT 2015-12-08 2015-12-10  +0.8564  +0.9059  +0.0620  +0.0204   225  1495  -0.7584  4.482e-01     0
RABT 2022-06-18 2022-10-18  +0.9059  +1.2471  +0.0204  +0.0330  1495   623  -8.7926  1.461e-18     1
RABT 2024-11-01 2024-11-06  +1.2471  +1.2170  +0.0330  +0.0553   623   152  +0.4683  6.395e-01     0
RAMO 1998-06-12 1998-06-18       NA  -0.2901       NA  +0.0587    NA   176       NA         NA    NA
RAMO 1998-12-21 1999-08-08  -0.2901  +0.5327  +0.0587  +0.0431   176   186 -11.2946  1.395e-29     1
RAMO 2000-03-20 2000-10-16  +0.5327  +0.4561  +0.0431  +0.0366   186   254  +1.3544  1.756e-01     0
RAMO 2001-07-02 2001-07-08  +0.4561  +0.1920  +0.0366  +0.0356   254   330  +5.1672  2.377e-07     1
RAMO 2003-06-14 2003-08-08  +0.5127  +0.7474  +0.0389  +0.0474   254   171  -3.8278  1.293e-04     1
RAMO 2008-06-24 2008-06-27  +0.7143  +0.4239  +0.0272  +0.0188   507  1194  +8.7792  1.646e-18     1
RBAY 2000-10-11 2002-08-02       NA  +0.1175       NA  +0.0489    NA   388       NA         NA    NA
RBAY 2003-09-24 2003-09-30  +0.1175  -0.3217  +0.0489  +0.0952   388   174  +4.1045  4.052e-05     1
RBAY 2005-03-24 2005-07-17  -0.3217  +0.4730  +0.0952  +0.0629   174   274  -6.9650  3.283e-12     1
RBAY 2006-08-20 2006-08-23  +0.4730  +0.4903  +0.0629  +0.0867   274   181  -0.1620  8.713e-01     0
RBAY 2019-06-01 2019-06-01  -0.5142  -0.5859  +0.0274  +0.0418  1220   521  +1.4346  1.514e-01     0
RCMN 2008-01-06 2008-01-12  -0.5859  -0.4272  +0.0548  +0.0421   277   496  -2.2967  2.164e-02     1
RCMN 2009-08-14 2009-08-30  -0.4272  -0.2660  +0.0421  +0.0631   496   231  -2.1256  3.354e-02     0
RCMN 2010-07-16 2010-07-17  -0.2660  -0.4265  +0.0631  +0.0396   231   532  +2.1543  3.122e-02     0
RCMN 2013-07-14 2013-09-04  +0.2241  -0.2971  +0.0800  +0.0573   161   280  +5.2957  1.186e-07     1
RESO 2014-01-02 2014-03-16       NA  +0.4515       NA  +0.0099    NA   295       NA         NA    NA
RESO 2015-02-06 2015-05-21  +0.4515  +0.3102  +0.0099  +0.0243   295   131  +5.3852  7.235e-08     1
RESO 2017-11-22 2025-12-29  +0.5516       NA  +0.0091       NA   307    NA       NA         NA    NA
REUN 2001-09-06 2001-10-11  -0.3872  -0.4906  +0.0630  +0.0795   274   190  +1.0190  3.082e-01     0
REUN 2002-07-02 2002-07-14  -0.4906  -0.4452  +0.0795  +0.0695   190   181  -0.4294  6.676e-01     0
REUN 2004-07-27 2004-08-12  -0.0070  +0.0043  +0.0513  +0.0254   358  1480  -0.1987  8.425e-01     0
REUN 2009-09-30 2009-10-04  +0.0043  -0.4615  +0.0254  +0.0465  1480   480  +8.7952  1.428e-18     1
REUN 2011-06-09 2011-07-10  -0.4615  -0.3008  +0.0465  +0.0244   480  1591  -3.0591  2.220e-03     1
REUN 2015-12-24 2016-01-17  -0.3008  -0.0380  +0.0244  +0.0483  1591   460  -4.8555  1.201e-06     1
REUN 2017-04-27 2018-05-11  -0.0380  -0.3537  +0.0483  +0.0392   460   588  +5.0745  3.884e-07     1
REUN 2020-06-19 2020-08-28  +0.6986  -0.0471  +0.0914  +0.0296   165  1104  +7.7589  8.567e-15     1
REUN 2024-03-26 2024-05-03  +0.4838  -0.1016  +0.0830  +0.0391   176   586  +6.3809  1.761e-10     1
REYK 1997-12-06 1997-12-06  +0.6292  +0.9292  +0.0190  +0.0170   422   536 -11.7575  6.464e-32     1
REYK 2000-06-18 2000-08-23  +0.7076  +0.5772  +0.0242  +0.0130   230   881  +4.7442  2.094e-06     1
REYK 2010-05-11 2010-05-12  +0.5557  +0.5955  +0.0141  +0.0119   758  1088  -2.1600  3.077e-02     0
REYK 2019-05-15 2019-12-03  +0.6756  +0.5310  +0.0122  +0.0298  1019   134  +4.4895  7.139e-06     1
REYK 2021-06-28 2021-08-22  +0.7284  +0.5909  +0.0220  +0.0248   291   223  +4.1534  3.275e-05     1
REYK 2022-04-07 2022-07-26  +0.5909  +0.6536  +0.0248  +0.0178   223   498  -2.0542  3.995e-02     0
REYK 2023-12-15 2024-03-04  +0.6536  +0.7443  +0.0178  +0.0261   498   251  -2.8709  4.094e-03     1
REYK 2025-09-23 2025-12-30  +0.8928       NA  +0.0320       NA   179    NA       NA         NA    NA
REYZ 2000-06-20 2000-07-02  +0.2637  +0.1007  +0.0199  +0.0399   381   129  +3.6514  2.608e-04     1
REYZ 2000-11-25 2001-03-03  +0.1007  +0.3575  +0.0399  +0.0148   129   705  -6.0272  1.668e-09     1
REYZ 2003-03-24 2004-05-29  +0.3575  +0.3561  +0.0148  +0.0267   705   251  +0.0465  9.629e-01     0
REYZ 2005-02-18 2005-02-23  +0.3561  +0.3462  +0.0267  +0.0134   251   895  +0.3324  7.396e-01     0
RGDG 2020-06-25 2020-07-09  +0.5719  +0.5912  +0.0133  +0.0295  1135   249  -0.5975  5.502e-01     0
RGDG 2021-05-22 2021-06-30  +0.5912  +0.5105  +0.0295  +0.0168   249   702  +2.3782  1.740e-02     1
RIGA 1999-11-06 1999-11-08  +0.5119  +0.4464  +0.0350  +0.0249   232   315  +1.5244  1.274e-01     0
RIGA 2000-10-06 2001-01-24  +0.4464  +0.4276  +0.0249  +0.0179   315   653  +0.6141  5.391e-01     0
RIGA 2002-12-24 2003-03-06  +0.4276  +0.4611  +0.0179  +0.0191   653   613  -1.2790  2.009e-01     0
RIGA 2005-11-23 2005-11-23  +0.2784  +0.4962  +0.0256  +0.0092   317  2353  -8.0069  1.176e-15     1
RIGA 2022-12-04 2022-12-21  +0.3133  +0.1891  +0.0212  +0.0183   443   558  +4.4308  9.389e-06     1
RIGA 2024-07-19 2024-08-19  +0.1891  +0.3251  +0.0183  +0.0329   558   171  -3.6102  3.060e-04     1
RIGA 2025-02-08 2025-02-12  +0.3251  +0.1784  +0.0329  +0.0272   171   314  +3.4346  5.934e-04     1
RIO2 2007-08-17 2007-08-17  +0.7812  +0.7651  +0.0395  +0.0163   121   760  +0.3755  7.073e-01     0
RIO2 2016-03-11 2016-07-07  +0.3824  +0.4227  +0.0135  +0.0355  1144   140  -1.0585  2.898e-01     0
RIO2 2016-11-25 2016-11-29  +0.4227  +0.3109  +0.0355  +0.0375   140   168  +2.1643  3.044e-02     0
RIOG 1999-03-02 1999-06-18       NA  +0.3839       NA  +0.0239    NA   430       NA         NA    NA
RIOG 2000-10-03 2000-10-05  +0.3839  +0.4985  +0.0239  +0.0351   430   231  -2.6995  6.944e-03     1
RIOG 2001-06-16 2001-06-21  +0.4985  +0.7957  +0.0351  +0.0166   231   922  -7.6485  2.033e-14     1
RIOG 2004-05-16 2004-06-12  +0.7957  +0.8089  +0.0166  +0.0340   922   211  -0.3481  7.278e-01     0
RIOG 2005-02-11 2005-02-14  +0.8089  +0.9836  +0.0340  +0.0216   211   550  -4.3421  1.411e-05     1
RIOG 2006-09-15 2006-09-25  +0.9836  +0.8676  +0.0216  +0.0449   550   134  +2.3282  1.990e-02     1
RIOP 1996-06-11 2000-12-18       NA  -0.3956       NA  +0.0227    NA  1082       NA         NA    NA
RIOP 2011-05-17 2011-05-20  -0.3956  -0.4413  +0.0227  +0.0194  1082  1457  +1.5323  1.255e-01     0
RIOP 2015-11-10 2015-11-29  -0.4413  -0.5772  +0.0194  +0.0388  1457   373  +3.1374  1.705e-03     1
RIOP 2016-12-09 2016-12-13  -0.5772  -0.7832  +0.0388  +0.0414   373   314  +3.6318  2.815e-04     1
RIOP 2017-10-26 2017-11-09  -0.7832  -0.7640  +0.0414  +0.0670   314   147  -0.2429  8.081e-01     0
RIOP 2018-04-12 2018-04-14  -0.7640  -0.5538  +0.0670  +0.0217   147  1179  -2.9859  2.827e-03     1
RIOP 2022-01-01 2022-01-07  -0.5538  -0.4280  +0.0217  +0.0335  1179   501  -3.1510  1.627e-03     1
RIOP 2025-12-01 2025-12-30  -0.8475       NA  +0.0546       NA   176    NA       NA         NA    NA
ROSA 2008-10-28 2008-11-11  +0.2395  +0.5108  +0.0530  +0.0555   455   516  -3.5350  4.078e-04     1
ROSA 2010-06-08 2010-06-09  +0.5108  +0.9447  +0.0555  +0.0834   516   162  -4.3293  1.496e-05     1
ROSA 2010-12-08 2010-12-17  +0.9447  +0.0874  +0.0834  +0.1356   162   122  +5.3847  7.257e-08     1
ROSA 2011-05-03 2011-05-11  +0.0874  +0.6135  +0.1356  +0.0432   122   712  -3.6963  2.188e-04     1
ROTH 2011-07-08 2011-09-25  +0.2048  +0.1826  +0.0226  +0.0159   188   352  +0.8045  4.211e-01     0
ROTH 2012-09-25 2012-09-30  +0.1826  +0.2151  +0.0159  +0.0121   352   618  -1.6273  1.037e-01     0
ROTH 2014-07-28 2014-08-23  +0.2151  +0.2618  +0.0121  +0.0208   618   199  -1.9373  5.271e-02     0
ROTH 2016-09-29 2016-09-30  +0.4882  +0.2747  +0.0216  +0.0184   201   272  +7.5317  5.009e-14     1
ROTH 2017-08-06 2018-02-01  +0.2747  +0.3066  +0.0184  +0.0127   272   554  -1.4263  1.538e-01     0
ROTH 2019-09-04 2019-09-08  +0.3066  +0.1900  +0.0127  +0.0188   554   267  +5.1406  2.738e-07     1
ROTH 2020-06-13 2020-06-18  +0.1900  +0.3469  +0.0188  +0.0216   267   164  -5.4866  4.096e-08     1
ROTH 2022-10-09 2023-06-21  +0.3469  +0.1892  +0.0216  +0.0146   164   407  +6.0532  1.420e-09     1
ROTH 2024-09-01 2024-10-10  +0.1892  +0.2195  +0.0146  +0.0233   407   184  -1.1005  2.711e-01     0
ROTH 2025-05-10 2025-07-13  +0.2195  +0.3430  +0.0233  +0.0223   184   166  -3.8336  1.263e-04     1
SALU 2010-08-05 2010-09-26  -0.2268  -0.1687  +0.0420  +0.0555   661   377  -0.8340  4.043e-01     0
SALU 2016-08-07 2016-11-29  -0.5068  -0.5162  +0.0503  +0.0285   478  1448  +0.1620  8.713e-01     0
SALU 2021-05-25 2021-06-14  -0.5162  -0.9303  +0.0285  +0.0765  1448   173  +5.0710  3.957e-07     1
SALU 2022-12-19 2023-04-06  -1.2721  -1.1913  +0.0821  +0.0608   150   306  -0.7905  4.292e-01     0
SALU 2024-02-10 2024-04-25  -1.1913  -1.2094  +0.0608  +0.0554   306   383  +0.2206  8.254e-01     0
SAMO 2017-01-30 2017-05-11       NA  +0.3590       NA  +0.0754    NA   369       NA         NA    NA
SAMO 2018-06-12 2018-10-08  +0.3590  +0.0482  +0.0754  +0.0879   369   281  +2.6840  7.275e-03     1
SAMO 2019-07-30 2019-10-10  +0.0482  -0.2939  +0.0879  +0.0776   281   350  +2.9182  3.521e-03     1
SAMO 2021-10-19 2022-01-03  -0.2939  +0.2201  +0.0776  +0.0542   350   716  -5.4299  5.638e-08     1
SAMO 2024-01-31 2024-02-26  +0.2201  +0.4365  +0.0542  +0.0604   716   564  -2.6655  7.686e-03     1
SAMO 2025-10-07 2025-12-30  +0.4365       NA  +0.0604       NA   564    NA       NA         NA    NA
SANT 1996-07-19 1996-10-03       NA  +0.2401       NA  +0.0753    NA   276       NA         NA    NA
SANT 1999-09-10 2000-03-22  +1.4390  +0.3221  +0.0669  +0.0815   252   184 +10.5956  3.123e-26     1
SANT 2005-02-02 2005-02-12  +1.3924  +1.0033  +0.0418  +0.0824   828   188  +4.2123  2.528e-05     1
SANT 2005-08-22 2005-11-04  +1.0033  +1.4400  +0.0824  +0.0586   188   424  -4.3190  1.567e-05     1
SANT 2007-01-14 2007-02-23  +1.4400  +1.4128  +0.0586  +0.0648   424   325  +0.3105  7.561e-01     0
SANT 2008-01-20 2008-03-12  +1.4128  +1.0877  +0.0648  +0.0353   325  1138  +4.4052  1.057e-05     1
SANT 2011-05-29 2011-07-14  +1.0877  +0.9974  +0.0353  +0.0392  1138   955  +1.7135  8.662e-02     0
SANT 2016-05-30 2016-09-30  +0.9974  +0.5161  +0.0392  +0.0655   955   317  +6.3082  2.823e-10     1
SANT 2023-05-09 2023-08-17  +1.1616  +1.1518  +0.0287  +0.0408  1756   857  +0.1965  8.443e-01     0
SAVO 2007-09-07 2008-02-26       NA  -0.4625       NA  +0.0405    NA   864       NA         NA    NA
SAVO 2010-10-16 2010-11-02  -0.4625  -0.5183  +0.0405  +0.0704   864   297  +0.6868  4.922e-01     0
SAVO 2011-12-22 2011-12-23  -0.5183  -0.7879  +0.0704  +0.0529   297   544  +3.0610  2.206e-03     1
SAVO 2018-02-02 2018-02-06  -0.3409  -0.2222  +0.0325  +0.0391  1357   929  -2.3327  1.966e-02     1
SAVO 2022-12-12 2023-03-13  -0.7931  -0.6439  +0.0450  +0.0442   714   753  -2.3624  1.816e-02     1
SCH2 1997-09-02 1998-01-05       NA  +0.0710       NA  +0.0127    NA   378       NA         NA    NA
SCH2 1999-03-04 1999-03-14  +0.0710  -0.1719  +0.0127  +0.0228   378   230  +9.3173  1.194e-20     1
SCH2 1999-12-18 2000-02-28  -0.1719  -0.1224  +0.0228  +0.0220   230   252  -1.5615  1.184e-01     0
SCH2 2000-11-28 2001-03-08  -0.1224  -0.1521  +0.0220  +0.0241   252   246  +0.9104  3.626e-01     0
SCH2 2001-12-02 2002-04-24  -0.1521  -0.0583  +0.0241  +0.0249   246   216  -2.7090  6.749e-03     1
SCH2 2002-12-19 2003-02-13  -0.0583  -0.0155  +0.0249  +0.0108   216   651  -1.5770  1.148e-01     0
SCH2 2005-01-29 2005-03-19  -0.0155  +0.1444  +0.0108  +0.0138   651   539  -9.1428  6.087e-20     1
SCH2 2006-11-09 2006-12-12  +0.1444  +0.0391  +0.0138  +0.0119   539   584  +5.7885  7.100e-09     1
SCH2 2008-10-29 2009-02-12  +0.0391  +0.0378  +0.0119  +0.0190   584   256  +0.0573  9.543e-01     0
SCH2 2009-12-21 2010-02-21  +0.0378  +0.2231  +0.0190  +0.0110   256   618  -8.4275  3.530e-17     1
SCH2 2021-12-21 2022-01-25  -0.1234  +0.1000  +0.0071  +0.0077  1523  1321 -21.2739 1.980e-100     1
SCH2 2025-12-04 2025-12-30  +0.1000       NA  +0.0077       NA  1321    NA       NA         NA    NA
SCOR 2006-08-09 2006-09-12  +0.3832  +0.4458  +0.0119  +0.0151   519   321  -3.2565  1.128e-03     1
SCOR 2007-08-07 2007-08-20  +0.4458  +0.3685  +0.0151  +0.0196   321   186  +3.1281  1.760e-03     1
SCOR 2008-02-24 2008-04-14  +0.3685  +0.3470  +0.0196  +0.0192   186   253  +0.7816  4.344e-01     0
SCOR 2009-01-06 2009-03-08  +0.3470  +0.3846  +0.0192  +0.0136   253   394  -1.5938  1.110e-01     0
SCOR 2011-04-18 2011-08-13  +0.4592  +0.3895  +0.0180  +0.0087   173   971  +3.4875  4.876e-04     1
SCOR 2014-06-01 2014-08-30  +0.3895  +0.4588  +0.0087  +0.0098   971   810  -5.2818  1.279e-07     1
SCOR 2017-02-02 2017-07-12  +0.4588  +0.5356  +0.0098  +0.0179   810   174  -3.7644  1.669e-04     1
SCOR 2018-05-08 2018-08-23  +0.5356  +0.4622  +0.0179  +0.0167   174   229  +3.0018  2.684e-03     1
SCOR 2022-11-03 2022-12-07  +0.3702  +0.2926  +0.0148  +0.0115   352   526  +4.1416  3.449e-05     1
SCOR 2024-05-28 2024-09-03  +0.2926  +0.1923  +0.0115  +0.0156   526   260  +5.1725  2.310e-07     1
SCOR 2025-05-29 2025-12-30  +0.1923       NA  +0.0156       NA   260    NA       NA         NA    NA
SCRZ 2017-01-30 2017-05-30       NA  +0.2686       NA  +0.0495    NA   631       NA         NA    NA
SCRZ 2019-06-03 2019-07-08  +0.2686  +0.4944  +0.0495  +0.0833   631   230  -2.3302  1.980e-02     1
SCRZ 2021-08-14 2021-08-22  -0.4271  -0.5788  +0.0539  +0.0534   516   561  +1.9993  4.558e-02     0
SCRZ 2023-04-18 2023-09-25  -0.5788  -0.4307  +0.0534  +0.0843   561   239  -1.4830  1.381e-01     0
SCRZ 2024-05-28 2024-05-30  -0.4307  -0.8755  +0.0843  +0.0558   239   499  +4.3977  1.094e-05     1
SCTB 2017-04-20 2017-10-03  -0.2546  -0.1467  +0.0136  +0.0113   198   265  -6.1026  1.044e-09     1
SCTB 2018-06-27 2018-09-29  -0.1467  -0.2380  +0.0113  +0.0108   265   281  +5.8387  5.260e-09     1
SCTB 2019-07-11 2019-07-30  -0.2380  -0.2015  +0.0108  +0.0127   281   216  -2.1843  2.894e-02     0
SCTB 2020-03-21 2020-10-04  -0.2015  -0.2187  +0.0127  +0.0122   216   212  +0.9801  3.270e-01     0
SCTB 2021-06-22 2021-06-26  -0.2187  -0.2339  +0.0122  +0.0092   212   372  +0.9940  3.202e-01     0
SCTB 2022-07-24 2022-11-26  -0.2339  -0.3966  +0.0092  +0.0111   372   274 +11.3038  1.256e-29     1
SCTB 2023-09-01 2023-11-08  -0.3966  -0.3795  +0.0111  +0.0103   274   307  -1.1313  2.579e-01     0
SCTB 2024-10-16 2025-04-01  -0.3795  -0.4503  +0.0103  +0.0106   307   259  +4.7923  1.649e-06     1
SCUB 2000-06-06 2000-10-20  -1.1996  -0.9787  +0.0844  +0.0759   291   375  -1.9455  5.171e-02     0
SCUB 2002-03-10 2002-03-11  -0.9787  -0.7762  +0.0759  +0.0499   375   881  -2.2291  2.581e-02     0
SCUB 2006-05-07 2006-05-09  -0.2137  -0.3265  +0.0911  +0.0361   249  1686  +1.1518  2.494e-01     0
SELE 1997-05-09 1997-11-01       NA  +0.2603       NA  +0.0439    NA   264       NA         NA    NA
SELE 1998-08-25 1998-11-12  +0.2603  +0.0248  +0.0439  +0.0465   264   184  +3.6844  2.292e-04     1
SELE 1999-12-29 2000-02-29  +0.5790  +0.8511  +0.0729  +0.0770   177   165  -2.5660  1.029e-02     1
SELE 2001-05-17 2001-09-02  -0.0914  -0.0105  +0.0438  +0.0256   225   819  -1.5961  1.105e-01     0
SELE 2004-03-18 2004-10-06  -0.0105  +0.0739  +0.0256  +0.0303   819   525  -2.1262  3.349e-02     0
SELE 2009-02-10 2009-02-26  -0.3041  -0.2776  +0.0542  +0.0598   175   234  -0.3281  7.428e-01     0
SELE 2011-11-18 2011-12-22  -0.7165  -0.4995  +0.0516  +0.0521   264   136  -2.9577  3.099e-03     1
SELE 2012-05-16 2012-07-25  -0.4995  -0.3748  +0.0521  +0.0569   136   182  -1.6177  1.057e-01     0
SELE 2013-01-28 2013-02-19  -0.3748       NA  +0.0569       NA   182    NA       NA         NA    NA
SEY1 1995-10-21 1997-02-03       NA  -0.9473       NA  +0.0367    NA  1460       NA         NA    NA
SEY1 2012-11-29 2014-05-22  -1.1948  -1.5033  +0.0479  +0.0581   875   586  +4.0981  4.165e-05     1
SEYG 2017-01-30 2017-04-16       NA  +0.7136       NA  +0.0994    NA   154       NA         NA    NA
SEYG 2017-09-28 2017-10-05  +0.7136  -0.0440  +0.0994  +0.1251   154   120  +4.7396  2.141e-06     1
SEYG 2018-03-13 2018-07-18  -0.0440  +0.3268  +0.1251  +0.0729   120   313  -2.5602  1.046e-02     1
SEYG 2019-05-28 2019-09-02  +0.3268  +0.7712  +0.0729  +0.1062   313   152  -3.4494  5.618e-04     1
SEYG 2020-02-12 2020-02-21  +0.7712  +0.3618  +0.1062  +0.0714   152   331  +3.1992  1.378e-03     1
SEYG 2021-02-15 2021-04-22  +0.3618  +0.4515  +0.0714  +0.0367   331  1217  -1.1176  2.638e-01     0
SFER 1997-02-19 1997-10-31  -0.5449  -0.1520  +0.0516  +0.0608   229   187  -4.9298  8.231e-07     1
SFER 1998-09-26 1998-11-17  -0.1520  +0.3527  +0.0608  +0.0459   187   240  -6.6278  3.406e-11     1
SFER 1999-08-30 1999-09-06  +0.3527  -0.0147  +0.0459  +0.0668   240   128  +4.5339  5.790e-06     1
SFER 2000-01-18 2000-07-29  -0.0147  +0.0687  +0.0668  +0.0287   128   727  -1.1477  2.511e-01     0
SFER 2005-02-13 2005-08-02  +0.0074  +0.2594  +0.0467  +0.0130   281  3377  -5.1966  2.030e-07     1
SFER 2015-03-01 2015-04-19  +0.2594  +0.6027  +0.0130  +0.0230  3377  1102 -13.0038  1.165e-38     1
SHAO 1997-02-22 1997-03-15  +0.5479  +0.5298  +0.0301  +0.0849   516   169  +0.2005  8.411e-01     0
SHAO 1997-10-02 1997-10-14  +0.5298  +0.5160  +0.0849  +0.0444   169   156  +0.1438  8.856e-01     0
SHAO 2000-01-04 2000-10-11  +0.7426  +0.8101  +0.0518  +0.0357   172   374  -1.0737  2.830e-01     0
SHAO 2001-12-30 2002-05-13  +0.8101  +0.7960  +0.0357  +0.0815   374   163  +0.1585  8.740e-01     0
SHAO 2002-12-20 2003-01-23  +0.7960  +0.1932  +0.0815  +0.0299   163   532  +6.9460  3.757e-12     1
SHAO 2006-03-15 2006-07-12  +0.1932  -0.1467  +0.0299  +0.0228   532   968  +9.0318  1.689e-19     1
SHAO 2018-10-05 2018-10-05  +0.1219  -0.0183  +0.0190  +0.0445  1400   162  +2.8973  3.764e-03     1
SIMO 2001-08-10 2002-02-26       NA  -0.1967       NA  +0.0294    NA   728       NA         NA    NA
SIMO 2007-02-23 2007-07-28  -0.1967  +0.1575  +0.0294  +0.0424   728   282  -6.8562  7.074e-12     1
SIMO 2008-11-14 2008-12-30  +0.1575       NA  +0.0424       NA   282    NA       NA         NA    NA
SIO3 1994-05-22 1994-05-25  +1.3443  +0.9973  +0.0567  +0.0406   125   390  +4.9765  6.473e-07     1
SIO3 1995-10-08 1995-10-12  +0.9973  +0.8035  +0.0406  +0.0411   390   268  +3.3560  7.909e-04     1
SIO3 1996-07-09 1996-07-15  +0.8035  +0.7913  +0.0411  +0.0401   268   349  +0.2128  8.315e-01     0
SIO3 1997-08-09 1997-10-08  +0.7913  +0.5087  +0.0401  +0.0427   349   309  +4.8256  1.396e-06     1
SIO3 1998-11-11 1999-04-18  +0.5087  +1.1536  +0.0427  +0.0603   309   182  -8.7314  2.515e-18     1
SIO3 2001-01-09 2001-11-13  +0.3802  +0.3098  +0.0355  +0.0314   406   493  +1.4854  1.374e-01     0
SIO3 2003-05-10 2003-05-22  +0.3098  +0.3281  +0.0314  +0.0265   493   780  -0.4443  6.568e-01     0
SIO3 2005-08-05 2005-09-08  +0.3281  +0.2135  +0.0265  +0.0293   780   576  +2.9024  3.704e-03     1
SIO3 2007-06-14 2007-08-21  +0.2135  +0.2760  +0.0293  +0.0187   576  1493  -1.8008  7.173e-02     0
SMST 2009-12-17 2010-02-07  +0.5536  +0.4290  +0.0602  +0.0613   209   233  +1.4510  1.468e-01     0
SMST 2010-12-11 2011-01-31  +0.4290  +0.5354  +0.0613  +0.0412   233   356  -1.4407  1.497e-01     0
SMST 2015-12-02 2015-12-02  -1.0235  -0.9591  +0.0234  +0.0367  1254   341  -1.4809  1.386e-01     0
SMST 2022-03-17 2022-03-29  +0.5464  +0.4612  +0.0330  +0.0470   582   361  +1.4830  1.381e-01     0
SMST 2023-07-10 2023-09-29  +0.4612  +0.2419  +0.0470  +0.0449   361   353  +3.3730  7.435e-04     1
SOFI 1997-06-10 1998-05-29       NA  -0.2939       NA  +0.0165    NA   874       NA         NA    NA
SOFI 2001-12-07 2002-02-25  -0.2939  -0.5898  +0.0165  +0.0253   874   316  +9.7961  1.170e-22     1
SOFI 2014-10-04 2015-03-10  -1.1290  -0.7169  +0.0601  +0.0195   136   612  -6.5203  7.019e-11     1
SOFI 2016-11-25 2016-11-26  -0.7169  -0.5785  +0.0195  +0.0248   612   332  -4.3825  1.173e-05     1
SOFI 2020-03-07 2020-04-06  -0.5378  -0.4226  +0.0172  +0.0347   700   246  -2.9774  2.907e-03     1
SOFI 2020-12-31 2021-01-20  -0.4226  -0.7465  +0.0347  +0.0183   246   651  +8.2686  1.355e-16     1
SOFI 2023-06-29 2023-08-20  -0.4107  -0.4549  +0.0289  +0.0206   194   482  +1.2461  2.127e-01     0
SOFI 2025-01-11 2025-01-17  -0.4549  -0.3901  +0.0206  +0.0287   482   261  -1.8347  6.655e-02     0
SOL1 1995-12-31 1996-02-23  +0.0119  +0.2337  +0.0573  +0.0297   183   618  -3.4358  5.908e-04     1
SOL1 1997-12-22 1998-01-27  +0.2337  -0.0284  +0.0297  +0.0294   618   617  +6.2793  3.401e-10     1
SOL1 1999-12-13 2000-04-04  -0.0284  -0.7718  +0.0294  +0.0669   617   195 +10.1735  2.605e-24     1
SOL1 2007-03-20 2007-07-26  +0.3339       NA  +0.0215       NA  1009    NA       NA         NA    NA
SOLA 2004-03-07 2012-07-24       NA  +0.0390       NA  +0.0233    NA   512       NA         NA    NA
SPT0 2014-01-02 2014-04-27       NA  +0.0404       NA  +0.0402    NA   193       NA         NA    NA
SPT0 2014-11-12 2014-12-23  +0.0404  +0.1797  +0.0402  +0.0171   193   573  -3.1878  1.434e-03     1
SPT0 2018-05-20 2018-05-30  +0.8208  +0.8454  +0.0162  +0.0152   624   829  -1.1084  2.677e-01     0
SPT0 2024-11-05 2024-11-10  +0.4138  +0.4188  +0.0179  +0.0204   604   406  -0.1867  8.519e-01     0
SSIA 2000-09-29 2000-11-08       NA  -0.0144       NA  +0.0612    NA   322       NA         NA    NA
SSIA 2001-12-07 2001-12-13  -0.0144  +0.0414  +0.0612  +0.0247   322  1942  -0.8459  3.976e-01     0
SSIA 2020-11-09 2021-01-15  +0.1865  -0.1504  +0.0289  +0.0500  1461   496  +5.8335  5.428e-09     1
SSIA 2024-06-18 2024-06-24  -0.7451  -0.4135  +0.0505  +0.0470   449   546  -4.8100  1.510e-06     1
STHL 2012-07-25 2012-08-10  -0.2925  +0.0316  +0.0312  +0.0440   303   129  -6.0094  1.862e-09     1
STHL 2015-09-15 2015-11-11  -0.3140  -0.2218  +0.0176  +0.0404   957   215  -2.0925  3.640e-02     0
STHL 2016-06-17 2016-10-04  -0.2218  -0.1193  +0.0404  +0.0266   215   404  -2.1169  3.427e-02     0
STHL 2017-11-26 2018-02-17  -0.1193  -0.4564  +0.0266  +0.0476   404   146  +6.1775  6.514e-10     1
STHL 2018-07-15 2018-08-30  -0.4564  -0.1688  +0.0476  +0.0263   146   399  -5.2864  1.248e-07     1
STHL 2020-07-21 2020-10-19  -0.4366  -0.3633  +0.0506  +0.0437   122   183  -1.0963  2.729e-01     0
STHL 2023-05-30 2023-06-04  -0.5979  -0.3934  +0.0197  +0.0195   754   763  -7.3714  1.688e-13     1
STHL 2025-07-13 2025-07-13  -0.3934  -0.4430  +0.0195  +0.0386   763   168  +1.1458  2.519e-01     0
STJO 1997-05-06 1997-05-08  +0.2065  +0.0288  +0.0311  +0.0332   243   263  +3.9081  9.303e-05     1
STJO 1998-02-28 1998-03-04  +0.0288  +0.0907  +0.0332  +0.0324   263   283  -1.3329  1.826e-01     0
STJO 1999-01-20 1999-05-28  +0.0907  -0.1768  +0.0324  +0.0336   283   253  +5.7231  1.046e-08     1
STJO 2000-03-01 2000-03-30  -0.1768  -0.0322  +0.0336  +0.0219   253   605  -3.6019  3.159e-04     1
STK2 2015-04-25 2015-05-04  +0.0359  +0.1024  +0.0150  +0.0111   438  1063  -3.5608  3.697e-04     1
STK2 2021-06-06 2021-10-16  -0.0169  -0.1224  +0.0112  +0.0206   910   170  +4.5084  6.532e-06     1
STK2 2022-04-08 2022-07-10  -0.1224  -0.1626  +0.0206  +0.0138   170   676  +1.6234  1.045e-01     0
STK2 2024-07-14 2024-10-11  -0.1626  -0.2708  +0.0138  +0.0214   676   166  +4.2432  2.204e-05     1
STR1 1998-06-16 1998-10-21       NA  +2.0107       NA  +0.0553    NA   162       NA         NA    NA
STR1 1999-05-21 1999-06-24  +2.0107  -0.0906  +0.0553  +0.0403   162   198 +30.7040 5.034e-207     1
STR1 2005-02-24 2005-07-08  +0.5890  +0.7044  +0.0276  +0.0109   529  2866  -3.8910  9.984e-05     1
STR1 2024-05-12 2024-05-12  +0.2845  +0.4012  +0.0275  +0.0242   510   544  -3.1862  1.442e-03     1
STR2 2002-04-22 2002-04-24  -0.3035  -0.1057  +0.0364  +0.0417   260   142  -3.5720  3.543e-04     1
STR2 2005-06-10 2005-07-08  +0.3533  +0.4033  +0.0266  +0.0160   540  1322  -1.6120  1.070e-01     0
STR2 2010-01-28 2010-02-25  +0.4033  +0.3600  +0.0160  +0.0217  1322   733  +1.6068  1.081e-01     0
STR2 2014-03-07 2014-03-10  +0.5266  +0.6286  +0.0236  +0.0181   613  1056  -3.4260  6.126e-04     1
STR2 2024-05-12 2024-05-12  +0.1711  +0.1229  +0.0172  +0.0311  1213   358  +1.3573  1.747e-01     0
STR2 2025-05-13 2025-05-24  +0.1229  +0.1586  +0.0311  +0.0364   358   219  -0.7456  4.559e-01     0
STR2 2025-12-30 2025-12-30  +0.1586       NA  +0.0364       NA   219    NA       NA         NA    NA
SUNM 1999-01-15 1999-05-26       NA  +0.6987       NA  +0.0478    NA   327       NA         NA    NA
SUNM 2000-08-03 2001-05-16  +0.6987  +2.1801  +0.0478  +0.0676   327   161 -17.8810  1.657e-71     1
SUNM 2002-01-19 2002-06-20  +2.1801  +1.1479  +0.0676  +0.0666   161   167 +10.8758  1.503e-27     1
SUNM 2003-03-20 2005-11-24  +1.1479  +1.7386  +0.0666  +0.0807   167   164  -5.6478  1.625e-08     1
SUNM 2008-09-20 2008-09-21  +1.4294  +1.1914  +0.0401  +0.0447   489   407  +3.9643  7.361e-05     1
SUTH 1998-04-16 1998-09-20       NA  -0.0640       NA  +0.0354    NA   214       NA         NA    NA
SUTH 1999-07-13 2000-08-24  -0.0640  +0.1513  +0.0354  +0.0415   214   182  -3.9456  7.959e-05     1
SUTH 2001-05-03 2001-05-04  +0.1513  +0.0114  +0.0415  +0.0414   182   143  +2.3857  1.705e-02     1
SUTH 2002-08-12 2002-12-06  +0.6203  +0.9926  +0.0337  +0.0621   160   130  -5.2683  1.377e-07     1
SUTH 2005-04-11 2005-04-14  +0.5403  +0.5807  +0.0185  +0.0301   660   291  -1.1439  2.527e-01     0
SUTH 2007-06-17 2007-07-05  +0.3645  +0.2782  +0.0232  +0.0123   412  1450  +3.2924  9.932e-04     1
SUTM 2002-08-12 2003-04-20  +0.4611  +0.3577  +0.0331  +0.0263   146   236  +2.4478  1.437e-02     1
SUTM 2005-04-11 2005-04-14  +0.6262  +0.7222  +0.0238  +0.0260   380   320  -2.7187  6.553e-03     1
SUTM 2009-10-24 2009-11-20  +0.4248  +0.5032  +0.0125  +0.0222  1219   482  -3.0747  2.107e-03     1
SUTM 2011-04-10 2011-04-19  +0.5032  +0.4573  +0.0222  +0.0234   482   366  +1.4219  1.551e-01     0
SUTM 2012-05-05 2012-07-17  +0.4573  +0.5121  +0.0234  +0.0281   366   288  -1.4994  1.338e-01     0
SUTM 2013-05-23 2013-07-09  +0.5121  +0.3496  +0.0281  +0.0184   288   616  +4.8455  1.263e-06     1
SUTM 2015-04-10 2015-08-19  +0.3496  +0.3983  +0.0184  +0.0241   616   345  -1.6055  1.084e-01     0
SUTM 2016-08-17 2016-08-18  +0.3983  +0.4498  +0.0241  +0.0174   345   682  -1.7326  8.317e-02     0
SUTM 2018-08-01 2018-08-06  +0.4498  +0.5060  +0.0174  +0.0142   682  1022  -2.4990  1.246e-02     1
SUTM 2021-11-18 2021-11-28  +0.2930  +0.2576  +0.0332  +0.0118   130  1446  +1.0019  3.164e-01     0
SUTM 2025-12-26 2025-12-29  +0.2576       NA  +0.0118       NA  1446    NA       NA         NA    NA
SUTV 2012-07-05 2012-07-14  +0.4728  +0.3657  +0.0369  +0.0246   193   349  +2.4132  1.581e-02     1
SUTV 2015-04-10 2015-04-12  +0.0872  +0.2196  +0.0186  +0.0200   605   455  -4.8595  1.177e-06     1
SUTV 2016-08-17 2016-08-18  +0.2196  +0.2459  +0.0200  +0.0216   455   417  -0.8939  3.714e-01     0
SUWN 2000-05-21 2000-10-26  +0.2076  +0.0324  +0.0302  +0.0292   328   182  +4.1721  3.018e-05     1
SUWN 2001-06-06 2001-10-03  +0.0324  -0.2376  +0.0292  +0.0201   182   459  +7.6232  2.474e-14     1
SUWN 2003-03-31 2003-04-03  -0.2376  +0.0438  +0.0201  +0.0466   459   218  -5.5460  2.923e-08     1
SUWN 2004-04-29 2004-08-09  -0.3996  -0.2728  +0.0299  +0.0124   143  1494  -3.9150  9.042e-05     1
SUWN 2009-07-21 2009-08-21  -0.2728  -0.4868  +0.0124  +0.0263  1494   271  +7.3595  1.847e-13     1
SUWN 2010-05-29 2010-09-09  -0.4868  -0.3546  +0.0263  +0.0292   271   179  -3.3634  7.698e-04     1
SUWN 2011-11-10 2012-02-20  +0.0333  -0.2396  +0.0502  +0.0256   217   344  +4.8394  1.303e-06     1
SUWN 2016-02-13 2016-02-13  -0.5238  -0.3004  +0.0200  +0.0474   491   152  -4.3388  1.432e-05     1
SUWN 2017-04-24 2017-06-29  -0.7531  -0.4672  +0.0278  +0.0343   239   186  -6.4748  9.494e-11     1
SVTL 2005-10-12 2005-10-14  +0.0741  +0.1918  +0.0225  +0.0123   285   886  -4.5909  4.413e-06     1
SVTL 2008-04-27 2008-05-05  +0.1918  +0.2463  +0.0123  +0.0368   886   201  -1.4046  1.601e-01     0
SVTL 2008-12-14 2009-03-08  +0.2463  +0.4710  +0.0368  +0.0199   201   350  -5.3736  7.720e-08     1
SVTL 2010-04-07 2010-05-22  +0.4710  +0.4561  +0.0199  +0.0214   350   306  +0.5100  6.100e-01     0
SVTL 2011-04-24 2011-04-26  +0.4561  +0.1853  +0.0214  +0.0470   306   165  +5.2451  1.562e-07     1
SVTL 2011-10-24 2012-04-26  +0.1853  +0.3913  +0.0470  +0.0255   165   275  -3.8537  1.164e-04     1
SVTL 2013-02-13 2013-06-02  +0.3913  +0.2481  +0.0255  +0.0349   275   197  +3.3113  9.288e-04     1
SVTL 2022-11-29 2022-12-03  +0.2481  +0.1332  +0.0349  +0.0245   197   155  +2.6956  7.026e-03     1
SVTL 2023-05-10 2023-05-17  +0.1332  +0.2252  +0.0245  +0.0195   155   485  -2.9400  3.282e-03     1
SYDN 2008-08-30 2008-09-03  -0.3783  -0.2358  +0.0177  +0.0185  1496  1391  -5.5572  2.741e-08     1
SYDN 2012-09-27 2012-09-30  -0.2358  -0.4173  +0.0185  +0.0274  1391   670  +5.4928  3.955e-08     1
SYDN 2014-08-15 2014-08-26  -0.4173  -0.2973  +0.0274  +0.0499   670   235  -2.1080  3.503e-02     0
SYDN 2015-04-29 2015-04-30  -0.2973  +0.0757  +0.0499  +0.0507   235   134  -5.2428  1.581e-07     1
SYOG 1995-07-24 1996-03-21       NA  +0.7111       NA  +0.0134    NA   266       NA         NA    NA
SYOG 1999-07-21 1999-10-27  +0.9363  +1.4601  +0.0085  +0.0148   660   237 -30.7327 2.083e-207     1
SYOG 2000-12-31 2001-02-02  +1.7780  +1.6015  +0.0181  +0.0132   138   250  +7.8815  3.234e-15     1
SYOG 2001-11-26 2002-03-19  +1.6015  +1.7194  +0.0132  +0.0110   250   412  -6.8639  6.699e-12     1
SYOG 2005-07-13 2005-10-06  +1.5980  +1.6688  +0.0152  +0.0147   251   262  -3.3492  8.104e-04     1
SYOG 2009-06-24 2009-10-19  +0.7546  +0.6714  +0.0094  +0.0077   593   865  +6.8183  9.210e-12     1
TABL 1995-10-21 1996-03-18       NA  -0.3390       NA  +0.0242    NA   244       NA         NA    NA
TABL 1997-05-10 1997-05-20  +0.0150  -0.2136  +0.0274  +0.0138   137   701  +7.4557  8.942e-14     1
TABL 1999-05-27 1999-05-28  -0.2136  -0.2036  +0.0138  +0.0186   701   416  -0.4330  6.651e-01     0
TABL 2000-08-25 2000-10-05  -0.2036  -0.1944  +0.0186  +0.0217   416   227  -0.3201  7.489e-01     0
TABL 2001-05-23 2001-05-23  -0.1944  -0.1430  +0.0217  +0.0185   227   435  -1.8016  7.160e-02     0
TABL 2005-05-12 2005-05-16  +0.1456  -0.1325  +0.0259  +0.0248   155   246  +7.7565  8.732e-15     1
TABL 2013-11-12 2013-11-18  -0.0472  -0.3760  +0.0151  +0.0230   593   221 +11.9633  5.531e-33     1
TABL 2023-07-19 2025-12-30  -0.1748       NA  +0.0154       NA   564    NA       NA         NA    NA
TABV 2009-12-14 2010-01-28       NA  +0.1446       NA  +0.0237    NA   195       NA         NA    NA
TABV 2013-11-12 2013-11-18  -0.1035  -0.3480  +0.0124  +0.0261   668   161  +8.4445  3.055e-17     1
TABV 2014-07-29 2014-08-04  -0.3480  -0.5370  +0.0261  +0.0181   161   306  +5.9483  2.710e-09     1
TABV 2015-06-27 2015-10-14  -0.5370  -0.4461  +0.0181  +0.0158   306   422  -3.7889  1.513e-04     1
TABV 2017-01-14 2017-01-15  -0.4461  -0.2233  +0.0158  +0.0124   422   708 -11.1111  1.108e-28     1
TABV 2019-02-02 2019-02-05  -0.2233  -0.2761  +0.0124  +0.0158   708   390  +2.6279  8.591e-03     1
TABV 2020-04-27 2020-06-02  -0.2761  -0.1693  +0.0158  +0.0085   390  1542  -5.9386  2.875e-09     1
TAH1 2001-04-23 2001-04-23  -0.7686  -0.0557  +0.0885  +0.0712   220   362  -6.2770  3.451e-10     1
TAH1 2003-09-02 2003-11-06  +0.3860  -0.2002  +0.0629  +0.0450   454   880  +7.5809  3.432e-14     1
TAH1 2012-11-01 2013-02-22  +0.3598  +0.0860  +0.0286  +0.0809  2202   280  +3.1912  1.417e-03     1
TAH1 2013-12-03 2013-12-16  +0.0860       NA  +0.0809       NA   280    NA       NA         NA    NA
TASH 2002-03-07 2003-09-11       NA  +0.5798       NA  +0.0486    NA   186       NA         NA    NA
TASH 2004-06-15 2004-10-02  +0.5798  +0.7194  +0.0486  +0.0409   186   173  -2.1995  2.784e-02     0
TASH 2005-04-19 2005-05-07  +0.7194  +1.3027  +0.0409  +0.0808   173   137  -6.4421  1.179e-10     1
TASH 2005-10-10 2005-11-21  +1.3027  +0.6298  +0.0808  +0.0418   137   195  +7.3977  1.386e-13     1
TASH 2006-06-16 2006-09-01  +0.6298  +1.1366  +0.0418  +0.0387   195   246  -8.8957  5.804e-19     1
TASH 2007-06-19 2007-09-10  +1.1366  +1.1284  +0.0387  +0.0393   246   205  +0.1478  8.825e-01     0
TASH 2008-04-24 2008-08-07  +1.1284  +0.8288  +0.0393  +0.0302   205   474  +6.0502  1.447e-09     1
TASH 2009-12-14 2009-12-15  +0.8288  +0.7107  +0.0302  +0.0362   474   241  +2.5056  1.223e-02     1
TASH 2011-01-06 2011-08-24  +0.7107  +0.3313  +0.0362  +0.0385   241   217  +7.1778  7.084e-13     1
TASH 2012-04-14 2012-04-21  +0.3313  +0.3727  +0.0385  +0.0152   217  1885  -0.9991  3.177e-01     0
TASH 2017-10-25 2017-11-05  +0.3727  +0.6121  +0.0152  +0.0208  1885   933  -9.2913  1.524e-20     1
TASH 2021-05-15 2021-09-01  +0.6121  +0.6678  +0.0208  +0.0166   933  1505  -2.0903  3.659e-02     0
TCMS 2002-09-08 2003-02-10       NA  -0.5173       NA  +0.0725    NA   333       NA         NA    NA
TCMS 2004-02-11 2004-09-25  -0.5173  -0.6212  +0.0725  +0.0759   333   287  +0.9898  3.223e-01     0
TCMS 2005-08-20 2005-11-06  -0.6212  -0.6118  +0.0759  +0.0906   287   171  -0.0796  9.365e-01     0
TCMS 2006-06-11 2006-06-11  -0.6118  -1.1325  +0.0906  +0.1037   171   180  +3.7808  1.563e-04     1
TCMS 2007-01-16 2007-02-25  -1.1325  -1.0365  +0.1037  +0.0659   180   404  -0.7809  4.348e-01     0
TCMS 2008-08-24 2008-09-05  -1.0365  -0.5624  +0.0659  +0.0475   404   751  -5.8356  5.361e-09     1
TCMS 2012-01-19 2013-06-17  -0.5624  -0.0099  +0.0475  +0.1250   751   144  -4.1319  3.597e-05     1
TCMS 2013-12-06 2013-12-30  -0.0099       NA  +0.1250       NA   144    NA       NA         NA    NA
TEHN 2017-01-30 2019-11-12       NA  -0.6569       NA  +0.0390    NA   198       NA         NA    NA
TEHN 2021-03-11 2022-03-25  -0.6569       NA  +0.0390       NA   198    NA       NA         NA    NA
THTG 2017-11-18 2017-12-26  +1.0609  +2.6379  +0.0688  +0.0990   274   138 -13.0774  4.436e-39     1
THTG 2019-08-04 2019-08-06  +1.6723  +2.2949  +0.0553  +0.0450   436   644  -8.7291  2.566e-18     1
THTG 2021-05-14 2021-05-15  +2.2949  +1.7261  +0.0450  +0.0370   644   958  +9.7566  1.728e-22     1
THTG 2025-03-11 2025-04-01  +1.8519  +1.7395  +0.1047  +0.0698   126   272  +0.8925  3.721e-01     0
THTI 2000-07-21 2000-08-25  -0.8681  -0.8496  +0.0678  +0.0935   371   189  -0.1608  8.723e-01     0
THTI 2001-04-23 2001-04-23  -0.8496  +0.3356  +0.0935  +0.0460   189   800 -11.3768  5.457e-30     1
THTI 2003-09-02 2003-11-06  +0.3356  -0.1731  +0.0460  +0.0448   800   844  +7.9242  2.296e-15     1
THTI 2009-02-20 2009-02-25  +0.5012  +0.7416  +0.0440  +0.0558   862   541  -3.3845  7.131e-04     1
THTI 2014-12-11 2015-02-14  +0.5724  +0.2822  +0.0413  +0.0670   987   373  +3.6853  2.285e-04     1
THTI 2016-03-12 2016-06-18  +0.2822  +1.1018  +0.0670  +0.0577   373   500  -9.2708  1.848e-20     1
THTI 2017-11-18 2018-05-20  +1.1018  +1.7168  +0.0577  +0.0622   500   440  -7.2518  4.113e-13     1
THTI 2019-08-04 2019-08-06  +1.7168  +2.2870  +0.0622  +0.0486   440   716  -7.2272  4.930e-13     1
THTI 2021-07-29 2021-09-25  +2.2870  +1.8608  +0.0486  +0.0461   716   793  +6.3654  1.948e-10     1
THU1 1995-12-26 1996-02-18  -0.0782  -0.1198  +0.0264  +0.0209   177   176  +1.2341  2.172e-01     0
THU1 1997-06-05 1997-06-18  -0.3196  -0.4360  +0.0178  +0.0323   224   124  +3.1557  1.601e-03     1
THU1 1997-12-23 1998-06-09  -0.4360  -0.2198  +0.0323  +0.0246   124   202  -5.3208  1.033e-07     1
THU1 2000-04-01 2000-04-02  -0.2575  -0.3628  +0.0178  +0.0240   202   204  +3.5217  4.288e-04     1
THU1 2002-02-24 2003-01-12  -0.0689       NA  +0.0158       NA   207    NA       NA         NA    NA
THU2 2000-04-01 2000-04-02  +0.2643  +0.2085  +0.0106  +0.0067   378  1063  +4.4566  8.328e-06     1
THU2 2004-04-21 2004-04-29  +0.2085  +0.2633  +0.0067  +0.0112  1063   497  -4.1947  2.732e-05     1
THU2 2005-12-09 2006-02-24  +0.2633  +0.1240  +0.0112  +0.0102   497   474  +9.1679  4.824e-20     1
THU2 2007-07-16 2007-09-03  +0.1240  +0.2165  +0.0102  +0.0085   474   653  -6.9500  3.653e-12     1
THU2 2009-07-16 2009-09-04  +0.2165  +0.1665  +0.0085  +0.0175   653   148  +2.5643  1.034e-02     1
THU2 2010-02-02 2010-02-06  +0.1665  +0.0635  +0.0175  +0.0118   148   345  +4.8684  1.125e-06     1
THU2 2011-02-10 2011-02-14  +0.0635  +0.1715  +0.0118  +0.0095   345   593  -7.1250  1.041e-12     1
THU2 2012-11-14 2012-12-06  +0.1715  +0.1203  +0.0095  +0.0060   593  1281  +4.5791  4.671e-06     1
THU2 2017-01-17 2017-03-17  +0.1203  +0.0685  +0.0060  +0.0078  1281   904  +5.2745  1.331e-07     1
THU2 2020-01-03 2020-03-23  +0.0685  +0.1134  +0.0078  +0.0120   904   342  -3.1307  1.744e-03     1
THU2 2021-03-21 2021-04-20  +0.1134  +0.0963  +0.0120  +0.0103   342   561  +1.0798  2.802e-01     0
THU2 2022-12-03 2022-12-20  +0.0963  +0.0237  +0.0103  +0.0090   561   606  +5.3287  9.892e-08     1
THU2 2024-09-17 2025-03-13  +0.0237  +0.2225  +0.0090  +0.0148   606   271 -11.4755  1.752e-30     1
THU3 2004-04-24 2004-04-29  +0.2251  +0.4230  +0.0070  +0.0197   905   207  -9.4617  3.030e-21     1
THU3 2004-12-15 2005-03-13  +0.4230  +0.3463  +0.0197  +0.0122   207   324  +3.3055  9.479e-04     1
THU3 2007-07-16 2007-09-03  +0.1454  +0.2648  +0.0099  +0.0085   476   638  -9.1590  5.238e-20     1
THU3 2009-07-16 2009-09-04  +0.2648  +0.2420  +0.0085  +0.0173   638   146  +1.1795  2.382e-01     0
THU3 2010-02-02 2010-04-04  +0.2420  +0.2024  +0.0173  +0.0155   146   261  +1.7039  8.841e-02     0
THU3 2011-01-04 2011-02-14  +0.2024  +0.2089  +0.0155  +0.0069   261  1010  -0.3830  7.017e-01     0
THU3 2014-01-10 2014-03-11  +0.2089  +0.1933  +0.0069  +0.0144  1010   279  +0.9751  3.295e-01     0
THU3 2014-12-27 2015-03-19  +0.1933  +0.1552  +0.0144  +0.0074   279   934  +2.3531  1.862e-02     1
THU3 2017-11-24 2017-12-10  +0.1552  +0.0407  +0.0074  +0.0115   934   358  +8.3650  6.013e-17     1
THU3 2019-01-05 2019-01-24  +0.0407       NA  +0.0115       NA   358    NA       NA         NA    NA
TID1 1998-01-02 1998-03-01       NA  +0.2534       NA  +0.0319    NA   387       NA         NA    NA
TID1 1999-05-21 2000-04-03  +0.2534  +0.4532  +0.0319  +0.0231   387   729  -5.0667  4.047e-07     1
TID1 2002-04-22 2002-04-22  +0.4532  +0.6781  +0.0231  +0.0126   729  2436  -8.5338  1.416e-17     1
TID1 2009-06-18 2009-08-03  +0.6781  +0.3116  +0.0126  +0.0172  2436  1331 +17.1474  6.568e-66     1
TID1 2013-06-24 2013-06-26  +0.3116  +0.3087  +0.0172  +0.0283  1331   440  +0.0874  9.304e-01     0
TID1 2019-07-07 2019-08-01  +0.8438  +0.7356  +0.0183  +0.0161  1142  1485  +4.4369  9.124e-06     1
TIDB 1999-05-21 2000-07-06  +0.2274  +0.4313  +0.0321  +0.0261   396   614  -4.9300  8.224e-07     1
TIDB 2002-04-22 2002-04-22  +0.4313  +0.6817  +0.0261  +0.0128   614  2420  -8.6054  7.605e-18     1
TIDB 2009-06-18 2009-08-05  +0.6817  +0.5707  +0.0128  +0.0135  2420  2238  +5.9672  2.414e-09     1
TIDB 2019-07-07 2019-08-01  +0.8841  +0.7753  +0.0183  +0.0163  1207  1496  +4.4326  9.312e-06     1
TITZ 2007-04-14 2007-04-16  +0.3310  +0.4467  +0.0131  +0.0287  1296   305  -3.6693  2.432e-04     1
TITZ 2012-03-18 2012-03-28  +0.3248  +0.2000  +0.0239  +0.0203   383   619  +3.9795  6.905e-05     1
TIXG 2010-10-22 2011-04-02       NA  +0.4089       NA  +0.0155    NA   238       NA         NA    NA
TIXG 2011-12-27 2012-01-01  +0.4089  +0.5216  +0.0155  +0.0077   238   645  -6.5187  7.090e-11     1
TIXG 2014-12-06 2015-02-13  +0.3984  +0.5531  +0.0124  +0.0190   286   130  -6.8176  9.258e-12     1
TIXG 2015-07-14 2016-01-13  +0.5531  +0.4302  +0.0190  +0.0108   130   321  +5.6297  1.805e-08     1
TIXG 2017-01-16 2017-02-24  +0.4302  +0.4898  +0.0108  +0.0094   321   493  -4.1687  3.064e-05     1
TIXG 2018-09-16 2018-11-15  +0.4898  +0.6766  +0.0094  +0.0130   493   132 -11.6230  3.147e-31     1
TIXG 2020-01-11 2020-03-08  +0.4095  +0.3150  +0.0142  +0.0135   266   271  +4.8202  1.434e-06     1
TIXG 2022-02-15 2022-06-03  +0.3700       NA  +0.0136       NA   189    NA       NA         NA    NA
TIXI 2005-04-07 2005-04-19  +0.2668  +0.2648  +0.0067  +0.0105   973   483  +0.1587  8.739e-01     0
TIXI 2007-03-11 2007-04-21  +0.1030  +0.2274  +0.0140  +0.0191   134   195  -5.2479  1.539e-07     1
TIXI 2007-12-07 2008-05-30  +0.2274  -0.1307  +0.0191  +0.0237   195   162 +11.7719  5.448e-32     1
TIXI 2008-11-21 2008-12-17  -0.1307  -0.0864  +0.0237  +0.0127   162   279  -1.6460  9.976e-02     0
TIXI 2009-12-01 2010-04-21  -0.0864  -0.1823  +0.0127  +0.0269   279   161  +3.2205  1.279e-03     1
TIXI 2010-10-28 2011-02-24  -0.1823  +0.4570  +0.0269  +0.0055   161  1544 -23.2802 7.044e-120     1
TIXI 2015-11-19 2015-11-28  +0.4570  +0.3808  +0.0055  +0.0097  1544   405  +6.8300  8.492e-12     1
TIXI 2017-02-08 2017-02-24  +0.3808  +0.4460  +0.0097  +0.0100   405   431  -4.6614  3.141e-06     1
TIXI 2020-01-10 2020-04-18  +0.4220  +0.3899  +0.0149  +0.0170   267   230  +1.4193  1.558e-01     0
TIXI 2021-05-26 2022-04-28  +0.0913       NA  +0.0144       NA   150    NA       NA         NA    NA
TIXJ 2005-12-25 2006-03-12       NA  +0.3998       NA  +0.0247    NA   139       NA         NA    NA
TIXJ 2006-09-04 2007-04-14  +0.3998  +0.2608  +0.0247  +0.0171   139   241  +4.6282  3.689e-06     1
TIXJ 2007-12-30 2008-05-30  +0.2608  +0.6315  +0.0171  +0.0246   241   144 -12.3651  4.038e-35     1
TIXJ 2008-11-21 2010-05-17  +0.6315  +0.6840  +0.0246  +0.0308   144   140  -1.3330  1.825e-01     0
TLSE 2001-01-06 2001-05-27       NA  +0.2981       NA  +0.0317    NA   490       NA         NA    NA
TLSE 2003-03-13 2003-03-14  +0.2981  +0.4096  +0.0317  +0.0321   490   407  -2.4714  1.346e-02     1
TLSE 2004-11-04 2005-04-24  -0.1779  +0.1103  +0.0809  +0.0649   133   179  -2.7787  5.457e-03     1
TLSE 2005-11-01 2005-11-03  +0.1103  +0.6320  +0.0649  +0.0345   179   362  -7.0929  1.314e-12     1
TLSE 2006-11-08 2006-11-08  +0.6320  +0.7820  +0.0345  +0.0420   362   165  -2.7586  5.804e-03     1
TLSE 2007-04-24 2007-05-01  +0.7820  +0.6669  +0.0420  +0.0246   165   685  +2.3639  1.808e-02     1
TLSE 2009-05-18 2009-05-22  +0.6669  +0.4031  +0.0246  +0.0250   685   687  +7.5124  5.807e-14     1
TLSE 2011-05-09 2011-05-10  +0.4031  +0.3338  +0.0250  +0.0125   687  2759  +2.4768  1.325e-02     1
TLSE 2023-07-09 2023-09-12  +0.6716  +0.5769  +0.0165  +0.0231  1568   817  +3.3367  8.477e-04     1
TN22 2008-01-09 2008-02-22       NA  +0.3084       NA  +0.0339    NA   449       NA         NA    NA
TN22 2009-06-09 2009-12-30  +0.3084  +0.1458  +0.0339  +0.0310   449   459  +3.5387  4.021e-04     1
TN22 2012-09-05 2012-09-08  +0.2551  +0.5105  +0.0411  +0.0238   292   763  -5.3701  7.871e-08     1
TN22 2015-04-06 2015-11-06  +0.5105  +0.6725  +0.0238  +0.0184   763  1406  -5.3814  7.389e-08     1
TN22 2020-03-10 2020-05-11  +0.6725  +0.7166  +0.0184  +0.0283  1406   691  -1.3089  1.906e-01     0
TN22 2023-09-09 2023-11-12  +0.7166  +0.4847  +0.0283  +0.0408   691   318  +4.6703  3.007e-06     1
TN22 2024-11-09 2024-11-10  +0.4847  +0.4415  +0.0408  +0.0382   318   329  +0.7730  4.395e-01     0
TN22 2025-12-21 2025-12-30  +0.4415       NA  +0.0382       NA   329    NA       NA         NA    NA
TNML 2003-01-21 2003-02-10  -1.0435  -0.3899  +0.1179  +0.0747   120   321  -4.6837  2.818e-06     1
TNML 2004-02-11 2004-05-27  -0.3899  -0.6556  +0.0747  +0.0707   321   363  +2.5828  9.799e-03     1
TNML 2005-07-21 2005-11-06  -0.6556  -0.6641  +0.0707  +0.0698   363   342  +0.0864  9.312e-01     0
TNML 2007-01-16 2007-02-25  -0.6641  -0.8744  +0.0698  +0.0652   342   432  +2.2024  2.764e-02     0
TNML 2008-11-02 2008-11-05  -0.8744  -0.4936  +0.0652  +0.0450   432   827  -4.8102  1.508e-06     1
TNML 2012-07-02 2013-11-14  -0.4936  -0.1828  +0.0450  +0.0990   827   160  -2.8593  4.246e-03     1
TNML 2018-03-11 2018-09-22  -0.1828  -0.5365  +0.0990  +0.0713   160   306  +2.9001  3.731e-03     1
TONG 2017-10-12 2017-10-12  -0.2526  -0.2452  +0.0819  +0.0701   201   292  -0.0689  9.451e-01     0
TONG 2018-10-16 2018-10-17  -0.2452  -0.6035  +0.0701  +0.0819   292   266  +3.3244  8.861e-04     1
TONG 2019-07-29 2019-08-11  -0.6035  -0.2178  +0.0819  +0.0530   266   511  -3.9554  7.640e-05     1
TOUL 1997-02-25 1997-05-29       NA  +0.2402       NA  +0.0306    NA   510       NA         NA    NA
TOUL 1998-12-13 1998-12-14  +0.2402  +0.1127  +0.0306  +0.0268   510   578  +3.1311  1.741e-03     1
TOW2 1996-07-04 1996-07-12  -0.6604  -0.4459  +0.0671  +0.0384   233   688  -2.7740  5.537e-03     1
TOW2 2003-04-15 2003-08-03  -0.5200  -0.5688  +0.0311  +0.0213  1116  2301  +1.2954  1.952e-01     0
TOW2 2016-07-16 2016-08-01  -0.5714  -0.3554  +0.0412  +0.0383   649   695  -3.8376  1.242e-04     1
TOW2 2021-07-01 2021-08-30  -0.5697  -0.4011  +0.0435  +0.0296   604  1190  -3.2053  1.349e-03     1
TOW2 2025-03-28 2025-07-11  -0.4011  -0.4060  +0.0296  +0.0714  1190   171  +0.0644  9.487e-01     0
TRAB 1999-12-12 2000-03-26       NA  +1.5560       NA  +0.0564    NA   297       NA         NA    NA
TRAB 2001-02-09 2001-10-05  +1.5560  +0.9471  +0.0564  +0.0539   297   274  +7.8053  5.935e-15     1
TRAB 2002-09-16 2002-11-23  +0.9471  +0.7861  +0.0539  +0.0453   274   384  +2.2882  2.213e-02     1
TRAB 2003-12-28 2004-03-26  +0.7861  +1.3037  +0.0453  +0.1064   384   164  -4.4756  7.621e-06     1
TRAB 2004-09-20 2005-06-15  +1.3037  +1.0091  +0.1064  +0.0600   164   225  +2.4110  1.591e-02     1
TRAB 2006-02-13 2006-06-16  +1.0091  +1.0962  +0.0600  +0.0588   225   230  -1.0369  2.998e-01     0
TRAB 2007-05-17 2007-11-27  +1.0962       NA  +0.0588       NA   230    NA       NA         NA    NA
TRO1 2002-05-25 2002-08-03  +0.5142  +0.4190  +0.0226  +0.0141   178   581  +3.5705  3.564e-04     1
TRO1 2004-04-21 2004-06-28  +0.4190  +0.4691  +0.0141  +0.0157   581   528  -2.3719  1.770e-02     1
TRO1 2006-01-09 2006-02-18  +0.4691  +0.3883  +0.0157  +0.0185   528   353  +3.3244  8.861e-04     1
TRO1 2007-02-21 2007-03-28  +0.3883  +0.4636  +0.0185  +0.0178   353   374  -2.9314  3.374e-03     1
TRO1 2008-11-01 2009-05-19  +0.1316  +0.0630  +0.0352  +0.0405   163   138  +1.2789  2.009e-01     0
TRO1 2013-05-09 2013-05-31  +0.4625  +0.4235  +0.0097  +0.0186  1242   345  +1.8535  6.381e-02     0
TRO1 2014-05-27 2014-09-01  +0.4235  +0.5631  +0.0186  +0.0069   345  2510  -7.0133  2.327e-12     1
TRO1 2023-11-05 2023-12-07  +0.4288  +0.4802  +0.0137  +0.0130   661   714  -2.7284  6.364e-03     1
TROM 1994-01-06 1994-04-28       NA  +0.5111       NA  +0.0372    NA   163       NA         NA    NA
TROM 1994-11-02 1994-12-01  +0.5111  +0.3362  +0.0372  +0.0154   163   555  +4.3476  1.376e-05     1
TROM 1996-08-28 1996-09-07  +0.3362  +0.1590  +0.0154  +0.0297   555   141  +5.2982  1.170e-07     1
TROM 1998-06-10 1998-07-09  +0.1590  +0.2299  +0.0297  +0.0147   141   732  -2.1438  3.205e-02     0
TROM 2002-01-04 2002-01-05  +0.2299  +0.2932  +0.0147  +0.0267   732   130  -2.0767  3.782e-02     0
TROM 2002-05-25 2002-07-26  +0.2932  +0.2040  +0.0267  +0.0289   130   185  +2.2644  2.355e-02     1
TROM 2003-02-15 2003-02-20  +0.2040  +0.2031  +0.0289  +0.0182   185   384  +0.0268  9.786e-01     0
TROM 2004-04-05 2004-06-28  +0.2031  +0.2291  +0.0182  +0.0169   384   520  -1.0479  2.947e-01     0
TROM 2006-01-09 2006-02-19  +0.2291  +0.1490  +0.0169  +0.0199   520   343  +3.0710  2.134e-03     1
TROM 2007-02-15 2007-03-28  +0.1490  +0.1822  +0.0199  +0.0155   343   617  -1.3193  1.871e-01     0
TROM 2008-12-28 2009-05-05  +0.1822       NA  +0.0155       NA   617    NA       NA         NA    NA
TSEA 2002-06-15 2003-01-16  +0.1462  +0.2348  +0.0147  +0.0224   600   277  -3.3080  9.397e-04     1
TSEA 2004-06-19 2004-09-10  +0.2348  +0.0346  +0.0224  +0.0252   277   161  +5.9383  2.880e-09     1
TSEA 2005-03-06 2005-04-30  +0.0346  +0.1394  +0.0252  +0.0212   161   292  -3.1788  1.479e-03     1
TSEA 2006-05-22 2006-05-30  +0.1394  +0.2354  +0.0212  +0.0326   292   163  -2.4703  1.350e-02     1
TSEA 2006-12-16 2007-01-23  +0.2354  +0.0770  +0.0326  +0.0146   163   625  +4.4415  8.932e-06     1
TSEA 2009-01-27 2009-04-28  +0.0770  +0.3884  +0.0146  +0.0247   625   253 -10.8435  2.142e-27     1
TSEA 2010-09-10 2010-09-24  -0.0089  +0.1463  +0.0246  +0.0107   224  1110  -5.7795  7.490e-09     1
TSEA 2013-12-04 2014-01-17  +0.1463  +0.2060  +0.0107  +0.0169  1110   406  -2.9911  2.780e-03     1
TSEA 2015-12-17 2016-03-14  -0.0385  -0.0612  +0.0259  +0.0344   228   154  +0.5269  5.982e-01     0
TSEA 2016-08-27 2017-02-28  -0.0612  +0.2475  +0.0344  +0.0076   154  2214  -8.7562  2.019e-18     1
TSKB 1995-07-24 1996-08-05  +0.5186  +0.6736  +0.0482  +0.0410   142   173  -2.4482  1.436e-02     1
TSKB 1998-10-13 1998-10-24  +0.4224  +0.7515  +0.0418  +0.0421   256   129  -5.5442  2.954e-08     1
TSKB 1999-03-08 1999-05-04  +0.7515  +0.7473  +0.0421  +0.0270   129   569  +0.0839  9.331e-01     0
TSKB 2001-02-24 2001-07-12  +0.7473  +0.7539  +0.0270  +0.0194   569  1132  -0.2001  8.414e-01     0
TSKB 2010-02-25 2010-02-26  +0.5811  +0.5250  +0.0145  +0.0166  1834  1486  +2.5537  1.066e-02     1
TSKB 2014-05-31 2014-07-14  +0.5250  +0.3175  +0.0166  +0.0239  1486   718  +7.1459  8.939e-13     1
TSKB 2016-07-30 2016-08-05  +0.3175  +0.3644  +0.0239  +0.0200   718   938  -1.5067  1.319e-01     0
TSKB 2019-07-05 2019-09-11  +0.3644  +0.5149  +0.0200  +0.0199   938   962  -5.3291  9.871e-08     1
TSKB 2022-06-08 2022-09-16  +0.5149  +0.4180  +0.0199  +0.0370   962   232  +2.3042  2.121e-02     1
TSKB 2023-05-22 2023-07-30  +0.4180  +0.1883  +0.0370  +0.0236   232   755  +5.2333  1.666e-07     1
TSKB 2025-09-18 2025-12-30  +0.1883       NA  +0.0236       NA   755    NA       NA         NA    NA
TWTF 2003-12-09 2004-05-23  -1.0933  -1.0881  +0.0433  +0.0552   701   464  -0.0743  9.408e-01     0
TWTF 2005-11-01 2005-11-06  -1.0881  -1.1351  +0.0552  +0.0712   464   209  +0.5220  6.017e-01     0
TWTF 2006-06-09 2006-06-11  -1.1351  -1.4806  +0.0712  +0.0412   209   810  +4.1993  2.678e-05     1
TWTF 2008-11-02 2008-11-05  -1.4806  -1.1580  +0.0412  +0.0764   810   165  -3.7170  2.016e-04     1
TWTF 2009-04-27 2009-05-13  -1.1580  -0.9389  +0.0764  +0.0783   165   239  -2.0022  4.526e-02     0
TWTF 2010-01-21 2010-03-20  -0.9389  -1.0125  +0.0783  +0.0465   239   632  +0.8075  4.194e-01     0
TWTF 2012-01-18 2012-07-05  -1.0125  -1.3877  +0.0465  +0.0631   632   320  +4.7861  1.701e-06     1
TWTF 2014-07-04 2014-07-06  -1.1696  -0.9483  +0.0702  +0.0260   222  1877  -2.9591  3.085e-03     1
TWTF 2020-05-30 2020-08-01  -0.9483  -1.2294  +0.0260  +0.0444  1877   638  +5.4633  4.675e-08     1
TWTF 2022-05-27 2022-08-22  -1.2294  -1.0752  +0.0444  +0.0464   638   564  -2.4003  1.638e-02     1
TWTF 2024-03-23 2024-07-02  -1.0752  -0.8266  +0.0464  +0.0506   564   534  -3.6202  2.944e-04     1
TXES 2009-04-28 2009-11-05  -0.3202  -0.2582  +0.0444  +0.0509   275   168  -0.9189  3.582e-01     0
TXES 2010-05-27 2010-05-31  -0.2582  -0.6206  +0.0509  +0.0535   168   235  +4.9079  9.203e-07     1
TXES 2011-05-24 2011-08-24  -0.6206  -0.3421  +0.0535  +0.0389   235   395  -4.2090  2.565e-05     1
TXES 2012-10-22 2013-02-04  -0.3421  -0.1842  +0.0389  +0.0675   395   137  -2.0263  4.273e-02     0
TXES 2013-07-03 2015-02-24  -0.1842  -0.5545  +0.0675  +0.0702   137   171  +3.8037  1.425e-04     1
TXES 2015-08-30 2015-10-22  -0.5545  -0.0233  +0.0702  +0.0203   171  1336  -7.2710  3.569e-13     1
TXES 2023-10-01 2023-10-03  +0.0507  +0.3238  +0.0368  +0.0273   460   731  -5.9616  2.497e-09     1
UFPR 2007-09-06 2007-09-08       NA  -0.2112       NA  +0.0486    NA   277       NA         NA    NA
UFPR 2008-10-23 2008-11-05  -0.2112  -0.1271  +0.0486  +0.0587   277   225  -1.1036  2.698e-01     0
UFPR 2009-06-30 2010-03-23  -0.1271  -0.2248  +0.0587  +0.0319   225   623  +1.4624  1.436e-01     0
UFPR 2012-02-03 2012-02-11  -0.2248  -0.1744  +0.0319  +0.0746   623   125  -0.6221  5.339e-01     0
UFPR 2012-06-19 2012-06-19  -0.1744  -0.1147  +0.0746  +0.0137   125  3473  -0.7869  4.313e-01     0
UFPR 2023-08-21 2023-08-27  -0.3975  -0.3107  +0.0429  +0.0287   349   828  -1.6842  9.215e-02     0
ULAB 2001-10-29 2002-01-21  +0.0362  -0.0729  +0.0154  +0.0119   235   239  +5.6000  2.143e-08     1
ULAB 2003-11-12 2004-02-18  +0.1608  -0.0012  +0.0210  +0.0081   158   748  +7.2019  5.939e-13     1
ULAB 2006-12-14 2007-02-27  -0.0012  +0.0042  +0.0081  +0.0125   748   305  -0.3666  7.139e-01     0
ULAB 2008-02-08 2008-03-31  +0.0042  +0.0138  +0.0125  +0.0087   305   446  -0.6277  5.302e-01     0
ULAB 2019-11-11 2020-03-31  +0.3110  +0.3160  +0.0118  +0.0223   480   227  -0.2004  8.412e-01     0
ULAB 2020-11-24 2021-03-10  +0.3160  +0.1630  +0.0223  +0.0094   227   601  +6.3319  2.421e-10     1
ULAB 2022-12-26 2023-01-08  +0.1630  +0.0530  +0.0094  +0.0129   601   310  +6.9073  4.940e-12     1
ULAB 2023-12-17 2024-02-02  +0.0530  +0.0907  +0.0129  +0.0095   310   566  -2.3559  1.848e-02     1
UNB3 2014-01-02 2014-01-12       NA  +0.1050       NA  +0.0147    NA   925       NA         NA    NA
UNB3 2017-08-26 2017-10-19  +0.1050  +0.2563  +0.0147  +0.0107   925  1688  -8.2971  1.067e-16     1
UNB3 2022-12-07 2022-12-07  +0.2563  +0.1713  +0.0107  +0.0136  1688  1015  +4.9024  9.468e-07     1
UNBJ 2013-01-31 2013-01-31  +0.3030  +0.1081  +0.0095  +0.0124  2226  1318 +12.4944  8.014e-36     1
UNBJ 2022-12-07 2022-12-07  +0.2758  +0.1621  +0.0101  +0.0142  1980   983  +6.5187  7.092e-11     1
UNBN 2014-01-02 2014-01-12       NA  +0.1699       NA  +0.0287    NA   238       NA         NA    NA
UNBN 2017-09-14 2017-09-19  +0.1699  +0.3029  +0.0287  +0.0120   238  1289  -4.2818  1.854e-05     1
UNSA 2000-06-12 2000-07-26  +3.1774  +3.7731  +0.1164  +0.0736   148   361  -4.3245  1.529e-05     1
UNSA 2002-03-13 2002-05-04  +3.7731  +3.7130  +0.0736  +0.0518   361   694  +0.6672  5.047e-01     0
UNSA 2004-05-13 2004-09-13  +3.7130  +3.4462  +0.0518  +0.1123   694   173  +2.1572  3.099e-02     0
UNSA 2005-04-05 2005-04-19  +3.4462  +2.9229  +0.1123  +0.0836   173   262  +3.7378  1.856e-04     1
UNSA 2006-03-07 2006-03-08  +2.9229  +2.7410  +0.0836  +0.0666   262   411  +1.7029  8.860e-02     0
UNSA 2007-07-04 2007-10-03  +2.7410  +2.4401  +0.0666  +0.0425   411  1039  +3.8068  1.408e-04     1
UNSA 2013-09-01 2013-09-13  +1.7916  +1.9167  +0.0491  +0.0693   767   390  -1.4744  1.404e-01     0
UNSA 2014-10-20 2015-05-30  +1.9167  +3.5494  +0.0693  +0.0788   390   301 -15.5654  1.251e-54     1
UNSA 2016-05-10 2016-09-29  +3.5494  +3.1102  +0.0788  +0.0626   301   498  +4.3641  1.276e-05     1
UNTR 2015-06-08 2015-09-29  -0.0455  -0.0536  +0.0354  +0.0470   370   159  +0.1387  8.897e-01     0
UNTR 2016-04-01 2016-04-03  -0.0536  +0.3260  +0.0470  +0.0423   159   281  -6.0016  1.954e-09     1
UNTR 2018-05-12 2018-05-28  +0.3260  +0.4069  +0.0423  +0.0275   281   719  -1.6044  1.086e-01     0
URUM 1998-11-02 1998-11-12       NA  +0.4193       NA  +0.0317    NA   131       NA         NA    NA
URUM 1999-05-09 1999-12-27  +0.4193  +0.0138  +0.0317  +0.0316   131   130  +9.0579  1.329e-19     1
URUM 2000-09-26 2001-01-02  +0.8682  +0.0964  +0.0745  +0.0321   125   140  +9.5157  1.805e-21     1
URUM 2004-12-26 2005-03-21  +0.4238  -0.3199  +0.0129  +0.0331  1199   273 +20.9162  3.815e-97     1
URUM 2007-07-03 2007-09-11  +0.0963  -0.5325  +0.0240  +0.0245   303   239 +18.3435  3.723e-75     1
URUM 2008-05-13 2008-10-06  -0.5325  -0.4120  +0.0245  +0.0213   239   383  -3.7098  2.074e-04     1
URUM 2009-12-31 2010-04-27  -0.4120  -1.1827  +0.0213  +0.0491   383   187 +14.4012  5.088e-47     1
URUM 2019-12-18 2020-03-23  +0.2062  +0.8762  +0.0165  +0.0381   696   229 -16.1434  1.264e-58     1
URUM 2020-11-30 2021-01-02  +0.8762  +0.2071  +0.0381  +0.0177   229   650 +15.9251  4.245e-57     1
URUS 2014-01-02 2014-03-15       NA  +0.1259       NA  +0.0262    NA   629       NA         NA    NA
URUS 2016-03-01 2016-08-08  +0.1259  +0.2556  +0.0262  +0.0346   629   359  -2.9858  2.828e-03     1
URUS 2017-09-19 2020-10-12  +0.2556       NA  +0.0346       NA   359    NA       NA         NA    NA
USN3 2005-07-08 2005-07-20  +0.3393  +0.4387  +0.0330  +0.0222   353   813  -2.4987  1.247e-02     1
USN3 2007-11-26 2007-11-26  +0.4387  +0.3290  +0.0222  +0.0352   813   308  +2.6330  8.464e-03     1
USN3 2008-10-21 2009-01-10  +0.3290  +0.2605  +0.0352  +0.0206   308   914  +1.6796  9.304e-02     0
USN3 2011-09-08 2012-05-31  +0.2605  +0.1453  +0.0206  +0.0274   914   556  +3.3619  7.740e-04     1
USNA 1998-01-06 1998-01-08  +0.4692  +0.2736  +0.0241  +0.0326   790   373  +4.8187  1.445e-06     1
USNA 1999-02-08 1999-03-02  +0.2736  +0.0303  +0.0326  +0.0307   373   543  +5.4305  5.619e-08     1
USNA 2002-01-29 2002-08-11  +0.3642  +0.4702  +0.0305  +0.0360   387   356  -2.2482  2.457e-02     1
USNO 1998-01-06 1998-01-08  +0.4855  +0.2614  +0.0478  +0.0424   242   255  +3.5085  4.506e-04     1
USNO 1998-09-30 1998-10-01  +0.2614  -0.0889  +0.0424  +0.0356   255   326  +6.3275  2.491e-10     1
USNO 2000-09-01 2000-09-02  -0.3723  -0.1562  +0.0410  +0.0255   247   565  -4.4804  7.450e-06     1
USNO 2002-04-22 2002-07-08  -0.1562  +0.0177  +0.0255  +0.0203   565  1013  -5.3427  9.158e-08     1
USNO 2005-07-08 2005-07-20  +0.0177  +0.0330  +0.0203  +0.0204  1013  1028  -0.5321  5.947e-01     0
USNO 2008-10-21 2009-01-28  +0.0330  -0.0405  +0.0204  +0.0256  1028   627  +2.2465  2.467e-02     1
USNO 2013-12-31 2014-08-03  +0.0803  -0.0475  +0.0346  +0.0417   325   189  +2.3613  1.821e-02     1
USUD 1998-01-13 1998-02-14  -0.2114  +0.3014  +0.0190  +0.0260   795   417 -15.9102  5.383e-57     1
USUD 1999-10-25 2000-04-23  +1.0715  +1.8315  +0.0847  +0.0779   125   146  -6.6031  4.027e-11     1
USUD 2002-12-30 2003-02-15  +0.1977  -0.1817  +0.0389  +0.0101   267  2993  +9.4444  3.574e-21     1
USUD 2012-01-30 2012-02-07  -0.1817  -0.1843  +0.0101  +0.0227  2993   631  +0.1053  9.161e-01     0
USUD 2013-12-22 2014-03-12  -0.1843  -0.2220  +0.0227  +0.0423   631   236  +0.7866  4.315e-01     0
USUD 2014-12-21 2015-02-20  -0.2220  +0.0720  +0.0423  +0.0155   236  1343  -6.5333  6.434e-11     1
USUD 2022-02-18 2022-03-01  -0.2295  -0.3224  +0.0164  +0.0182  1096   996  +3.7884  1.516e-04     1
USUD 2024-12-28 2025-03-22  -0.3224  -0.2194  +0.0182  +0.0405   996   267  -2.3182  2.044e-02     1
VACO 2007-10-14 2008-02-28  +0.8002  +0.4539  +0.0254  +0.0150   292   825 +11.7383  8.114e-32     1
VACO 2014-07-05 2014-10-13  +0.4539  +0.5107  +0.0150  +0.0265   825   225  -1.8614  6.269e-02     0
VACO 2015-06-26 2015-07-05  +0.5107  +0.3475  +0.0265  +0.0205   225   442  +4.8663  1.137e-06     1
VACO 2019-06-09 2019-11-04  +0.5936  +0.6313  +0.0186  +0.0225   587   433  -1.2900  1.970e-01     0
VALD 2003-03-05 2003-05-24       NA  -0.3633       NA  +0.0227    NA   279       NA         NA    NA
VALD 2004-04-01 2004-04-02  -0.3633  -0.4015  +0.0227  +0.0215   279   313  +1.2205  2.223e-01     0
VALD 2006-01-04 2006-02-06  -0.1782  -0.0419  +0.0283  +0.0236   257   306  -3.6993  2.162e-04     1
VALD 2007-01-02 2007-01-05  -0.0419  +0.0114  +0.0236  +0.0231   306   297  -1.6147  1.064e-01     0
VALD 2007-11-20 2007-12-03  +0.0114  -0.1136  +0.0231  +0.0156   297   607  +4.4819  7.399e-06     1
VALD 2012-12-18 2013-02-23  +0.1028  +0.0961  +0.0259  +0.0110   270  1241  +0.2365  8.131e-01     0
VALD 2017-01-18 2017-01-24  +0.0961  +0.1929  +0.0110  +0.0079  1241  2308  -7.1544  8.405e-13     1
VALD 2023-12-14 2024-03-15  +0.1929  +0.1807  +0.0079  +0.0180  2308   519  +0.6218  5.341e-01     0
VALD 2025-12-27 2025-12-30  +0.1807       NA  +0.0180       NA   519    NA       NA         NA    NA
VENE 1996-08-16 1997-05-06       NA  -5.6216       NA  +0.0957    NA   120       NA         NA    NA
VENE 1997-10-01 1998-04-23  -5.6216  -3.2334  +0.0957  +0.0685   120   185 -20.2872  1.670e-91     1
VENE 1998-10-30 2000-03-26  -3.2334  -7.2382  +0.0685  +0.0561   185   211 +45.2352  0.000e+00     1
VENE 2000-12-04 2001-01-25  -7.2382  +0.6491  +0.0561  +0.0182   211  1335 -133.7770  0.000e+00     1
VENE 2004-11-29 2004-12-16  +0.6491  +0.5947  +0.0182  +0.0228  1335   726  +1.8618  6.264e-02     0
VENE 2007-04-13 2007-07-24  +0.5947       NA  +0.0228       NA   726    NA       NA         NA    NA
VESL 1998-01-16 1999-10-24       NA  +0.2085       NA  +0.0111    NA   295       NA         NA    NA
VESL 2000-10-12 2001-06-23  +0.2085  +0.4498  +0.0111  +0.0101   295   401 -16.0815  3.437e-58     1
VESL 2003-05-26 2003-05-30  +0.4498  +0.5115  +0.0101  +0.0151   401   137  -3.3954  6.853e-04     1
VESL 2007-12-23 2008-03-13  +0.1962  +0.2442  +0.0102  +0.0104   331   336  -3.2895  1.004e-03     1
VIL0 1999-03-14 1999-03-14  +0.1693  +0.0816  +0.0141  +0.0086   458  1410  +5.2926  1.206e-07     1
VIL0 2003-04-18 2003-04-21  +0.0816  +0.0883  +0.0086  +0.0071  1410  2139  -0.6000  5.485e-01     0
VIL0 2009-06-24 2009-06-26  +0.0883  +0.0798  +0.0071  +0.0160  2139   462  +0.4875  6.259e-01     0
VIL0 2010-11-14 2010-12-03  +0.0798  +0.1988  +0.0160  +0.0183   462   317  -4.8917  9.998e-07     1
VIL0 2011-11-01 2011-11-06  +0.1988  +0.1441  +0.0183  +0.0119   317   747  +2.5030  1.232e-02     1
VIL0 2023-11-10 2024-03-19  -0.1638  -0.2556  +0.0171  +0.0210   356   288  +3.3895  7.002e-04     1
VIL0 2025-01-12 2025-01-15  -0.2556  -0.2901  +0.0210  +0.0180   288   339  +1.2459  2.128e-01     0
VILL 1994-11-24 1994-12-21       NA  +0.1318       NA  +0.0370    NA   256       NA         NA    NA
VILL 1995-10-01 1996-01-29  +0.1318  +0.0759  +0.0370  +0.0267   256   427  +1.2249  2.206e-01     0
VILL 1997-04-21 1997-04-22  +0.0759  -0.4668  +0.0267  +0.0415   427   255 +10.9944  4.066e-28     1
VILL 1998-01-09 1998-02-01  -0.4668  -0.0161  +0.0415  +0.0231   255   641  -9.4851  2.422e-21     1
VILL 2000-03-20 2000-07-24  -0.0161  -0.3196  +0.0231  +0.0406   641   206  +6.4952  8.291e-11     1
VILL 2001-03-02 2001-03-25  -0.3196  -0.0958  +0.0406  +0.0172   206  1194  -5.0726  3.925e-07     1
VILL 2004-11-06 2004-11-06  -0.0958  -0.0394  +0.0172  +0.0372  1194   181  -1.3747  1.692e-01     0
VILL 2005-06-04 2005-09-05  -0.0394  -0.0160  +0.0372  +0.0330   181   262  -0.4716  6.372e-01     0
VILL 2006-05-28 2006-12-11  -0.0160  +0.1977  +0.0330  +0.0133   262  1869  -6.0124  1.827e-09     1
VILL 2012-03-13 2012-04-07  +0.1977  +0.0762  +0.0133  +0.0152  1869  1464  +6.0169  1.778e-09     1
VILL 2017-07-06 2017-10-05  +0.2594  +0.3302  +0.0294  +0.0208   408   788  -1.9674  4.913e-02     0
VIS0 2000-04-20 2000-04-26  +0.1891  +0.1313  +0.0209  +0.0094   376  1957  +2.5201  1.173e-02     1
VIS0 2005-11-22 2006-02-25  +0.1313  +0.1507  +0.0094  +0.0196  1957   413  -0.8932  3.717e-01     0
VIS0 2008-01-06 2008-06-09  +0.4345  +0.2366  +0.0300  +0.0181   242   558  +5.6482  1.621e-08     1
VIS0 2010-01-09 2010-01-24  +0.2366  +0.1994  +0.0181  +0.0165   558   629  +1.5158  1.296e-01     0
VIS0 2011-11-04 2011-11-25  +0.1994  +0.1631  +0.0165  +0.0133   629   871  +1.7103  8.722e-02     0
VIS0 2024-12-29 2025-02-05  +0.4309  +0.5091  +0.0180  +0.0237   576   318  -2.6300  8.539e-03     1
VNDP 2024-06-18 2024-10-12  -0.0951  -0.0431  +0.0286  +0.0314   441   443  -1.2257  2.203e-01     0
VOIM 2017-10-02 2017-10-11  +0.2083  -0.0440  +0.0603  +0.0732   238   236  +2.6612  7.787e-03     1
VOIM 2018-07-07 2018-07-14  -0.0440  +0.3182  +0.0732  +0.0484   236   395  -4.1287  3.648e-05     1
VOIM 2019-08-20 2019-08-22  +0.3182  +0.4011  +0.0484  +0.0464   395   486  -1.2353  2.167e-01     0
VOIM 2021-01-09 2021-04-07  +0.4011  +0.1822  +0.0464  +0.0452   486   462  +3.3767  7.335e-04     1
VOIM 2022-07-21 2022-08-26  +0.1822  +0.1764  +0.0452  +0.0772   462   223  +0.0646  9.485e-01     0
VTSP 2007-12-01 2008-04-23       NA  -0.0612       NA  +0.0353    NA   237       NA         NA    NA
VTSP 2011-05-19 2011-05-21  +0.1395  -0.0026  +0.0164  +0.0136   795  1242  +6.6628  2.687e-11     1
VTSP 2018-12-22 2018-12-22  +0.2036  +0.1160  +0.0143  +0.0177  1099   751  +3.8477  1.192e-04     1
WARK 2017-08-24 2017-08-28  +0.1087  -0.0599  +0.0452  +0.0233   186   705  +3.3155  9.148e-04     1
WARK 2022-11-03 2022-11-03  +0.2348  +0.0178  +0.0186  +0.0188  1124  1118  +8.2144  2.132e-16     1
WDC1 1999-10-18 1999-10-18  +0.7158  +0.4735  +0.0571  +0.0340   194   302  +3.6484  2.639e-04     1
WDC1 2000-09-01 2000-09-02  +0.4735  +0.7574  +0.0340  +0.0240   302   570  -6.8296  8.515e-12     1
WDC1 2002-10-10 2002-10-11  +1.3816  +0.7060  +0.0719  +0.0379   150   172  +8.3151  9.169e-17     1
WDC1 2003-04-02 2003-04-05  +0.7060  +0.8923  +0.0379  +0.0184   172  1132  -4.4216  9.799e-06     1
WDC3 2008-01-11 2008-01-11  +0.5905  +0.3703  +0.0286  +0.0206   492   835  +6.2449  4.241e-10     1
WES2 1994-12-10 1995-02-07  -0.1170  -0.1676  +0.0344  +0.0393   285   241  +0.9682  3.329e-01     0
WES2 1996-01-02 1996-01-28  -0.1676  -0.4492  +0.0393  +0.0312   241   330  +5.6121  1.999e-08     1
WES2 2001-02-10 2001-05-27  -1.2661  -0.6243  +0.0414  +0.0128   152  1949 -14.8030  1.401e-49     1
WES2 2008-01-07 2008-01-11  -0.6243  -0.4643  +0.0128  +0.0114  1949  2411  -9.3384  9.776e-21     1
WES2 2018-10-06 2018-11-20  -0.4643  -0.4362  +0.0114  +0.0266  2411   407  -0.9713  3.314e-01     0
WGTN 2012-07-26 2012-07-29  +0.0187  -0.0962  +0.0129  +0.0161  2238  1441  +5.5832  2.361e-08     1
WGTN 2020-02-15 2020-02-26  +0.3686  +0.7099  +0.0177  +0.0440  1178   169  -7.2018  5.944e-13     1
WHIT 1995-06-11 1996-06-07       NA  +0.4626       NA  +0.0198    NA   182       NA         NA    NA
WHIT 1997-01-12 1997-03-05  +0.4626  +0.3875  +0.0198  +0.0121   182   387  +3.2435  1.181e-03     1
WHIT 1998-11-15 1998-12-21  +0.1885  +0.0332  +0.0236  +0.0168   179   180  +5.3709  7.834e-08     1
WHIT 1999-06-28 1999-10-30  +0.0332  +0.6057  +0.0168  +0.0154   180   232 -25.1475 1.505e-139     1
WHIT 2001-11-22 2002-01-09  +0.1860  +0.1505  +0.0120  +0.0160   463   254  +1.7814  7.485e-02     0
WHIT 2002-10-15 2002-12-28  +0.1505  +0.2954  +0.0160  +0.0079   254   999  -8.1332  4.182e-16     1
WHIT 2005-11-07 2006-02-06  +0.2954  +0.3628  +0.0079  +0.0175   999   232  -3.5082  4.511e-04     1
WHIT 2006-10-01 2007-01-18  +0.3628  +0.2828  +0.0175  +0.0113   232   434  +3.8369  1.246e-04     1
WHIT 2008-04-08 2008-05-27  +0.2828  +0.3472  +0.0113  +0.0249   434   156  -2.3515  1.870e-02     1
WHIT 2019-10-23 2019-12-29  +0.0807  +0.0366  +0.0083  +0.0070   863  1194  +4.0555  5.003e-05     1
WHIT 2025-12-04 2025-12-30  +0.1124       NA  +0.0091       NA   743    NA       NA         NA    NA
WILL 1994-06-20 1994-06-25  -0.2341  +0.3777  +0.0292  +0.0173   139   502 -18.0125  1.553e-72     1
WILL 1997-01-10 1997-01-11  +0.2148  +0.3743  +0.0304  +0.0083   170  2017  -5.0506  4.404e-07     1
WILL 2002-10-17 2002-11-07  +0.3743  +0.4547  +0.0083  +0.0190  2017   372  -3.8772  1.057e-04     1
WILL 2004-06-21 2004-06-21  +0.4547  +0.1737  +0.0190  +0.0206   372   303 +10.0249  1.185e-23     1
WILL 2005-05-02 2005-06-24  +0.1737  +0.1360  +0.0206  +0.0205   303   311  +1.2966  1.948e-01     0
WILL 2006-05-20 2006-08-11  +0.1360  +0.1881  +0.0205  +0.0132   311   819  -2.1387  3.246e-02     0
WILL 2008-12-03 2009-01-24  +0.1881  +0.1908  +0.0132  +0.0081   819  2043  -0.1703  8.647e-01     0
WILL 2015-01-23 2015-03-17  +0.1908  +0.2157  +0.0081  +0.0134  2043   742  -1.5875  1.124e-01     0
WILL 2018-01-17 2018-02-25  +0.4569  +0.3980  +0.0263  +0.0131   249   816  +2.0021  4.527e-02     0
WILL 2020-09-29 2020-10-04  +0.3980  +0.3622  +0.0131  +0.0194   816   361  +1.5268  1.268e-01     0
WILL 2021-11-02 2022-01-08  +0.3622  +0.1038  +0.0194  +0.0237   361   269  +8.4330  3.369e-17     1
WILL 2022-10-12 2022-10-19  +0.1038  -0.0263  +0.0237  +0.0224   269   192  +3.9875  6.678e-05     1
WIND 2003-06-25 2003-08-26       NA  +0.6672       NA  +0.0590    NA   123       NA         NA    NA
WIND 2009-09-21 2009-09-25  +0.1401  -0.0118  +0.0195  +0.0579   749   215  +2.4858  1.293e-02     1
WIND 2010-05-07 2010-05-08  -0.0118  +0.2140  +0.0579  +0.0305   215   322  -3.4498  5.611e-04     1
WIND 2011-04-09 2011-05-05  +0.2140  +0.2115  +0.0305  +0.0270   322   270  +0.0624  9.502e-01     0
WIND 2012-09-17 2012-09-24  +0.2115  +0.2774  +0.0270  +0.0404   270   264  -1.3565  1.749e-01     0
WIND 2013-07-04 2013-07-09  +0.2774  -0.2020  +0.0404  +0.0380   264   185  +8.6415  5.550e-18     1
WIND 2015-05-18 2015-08-24  +0.6473  +0.0548  +0.0740  +0.0227   147   686  +7.6517  1.984e-14     1
WIND 2018-06-04 2018-06-04  +0.0548  +0.4034  +0.0227  +0.0201   686   719 -11.4961  1.379e-30     1
WIND 2022-07-17 2022-07-25  -0.0117  -0.1846  +0.0209  +0.0211   592   657  +5.8285  5.594e-09     1
WIND 2024-09-27 2024-09-27  -0.1846  -0.4077  +0.0211  +0.0287   657   397  +6.2661  3.702e-10     1
WROC 2002-02-17 2002-02-17  -0.1763  -0.4229  +0.0217  +0.0372   355   144  +5.7236  1.043e-08     1
WROC 2002-08-22 2002-08-27  -0.4229  -0.1869  +0.0372  +0.0254   144   223  -5.2391  1.614e-07     1
WROC 2003-05-17 2003-06-14  -0.1869  -0.3250  +0.0254  +0.0198   223   506  +4.2884  1.800e-05     1
WROC 2004-12-07 2004-12-14  -0.3250  -0.3603  +0.0198  +0.0268   506   222  +1.0602  2.891e-01     0
WROC 2010-05-10 2010-07-03  +0.4835  +0.4404  +0.0130  +0.0166  1072   614  +2.0414  4.122e-02     0
WROC 2012-04-27 2012-05-01  +0.4404  +0.3802  +0.0166  +0.0319   614   238  +1.6735  9.424e-02     0
WROC 2023-02-11 2023-10-07  +0.4212  +0.5533  +0.0325  +0.0305   122   165  -2.9645  3.031e-03     1
WROC 2024-05-25 2024-09-08  +0.5533  +0.6693  +0.0305  +0.0196   165   467  -3.2012  1.369e-03     1
WSRT 2004-05-14 2004-09-04  +0.2558  +0.3132  +0.0118  +0.0297  1537   207  -1.7928  7.300e-02     0
WSRT 2005-12-19 2006-03-25  -0.0398  -0.1822  +0.0344  +0.0373   241   217  +2.8067  5.005e-03     1
WSRT 2007-05-26 2007-07-14  +0.2125  +0.2012  +0.0294  +0.0177   189   699  +0.3286  7.425e-01     0
WSRT 2009-06-25 2009-07-08  +0.2012  +0.2243  +0.0177  +0.0292   699   256  -0.6757  4.992e-01     0
WSRT 2012-01-03 2012-01-03  +0.2434  +0.0922  +0.0221  +0.0111   445  1778  +6.1071  1.015e-09     1
WSRT 2021-03-11 2021-05-18  +0.7973  +0.8032  +0.0124  +0.0233  1419   456  -0.2235  8.232e-01     0
WSRT 2022-09-03 2022-09-04  +0.8032  +0.6153  +0.0233  +0.0139   456  1145  +6.9282  4.262e-12     1
WTZA 2001-11-23 2001-12-02  +0.5056  +0.4643  +0.0134  +0.0134  1027   993  +2.1764  2.952e-02     0
WTZA 2004-12-07 2004-12-09  +0.4643  +0.5079  +0.0134  +0.0164   993   660  -2.0571  3.968e-02     0
WTZA 2006-11-25 2006-12-03  +0.5079  +0.6600  +0.0164  +0.0138   660   881  -7.1021  1.229e-12     1
WTZA 2009-07-27 2009-08-08  +0.6600  +0.4967  +0.0138  +0.0125   881  1176  +8.7899  1.497e-18     1
WTZA 2012-11-24 2013-02-24  +0.4967  +0.4797  +0.0125  +0.0208  1176   403  +0.6979  4.852e-01     0
WTZA 2025-02-08 2025-05-17  +0.6601       NA  +0.0174       NA   609    NA       NA         NA    NA
WTZL 2016-06-18 2016-07-26       NA  +0.7249       NA  +0.0155    NA   667       NA         NA    NA
WTZL 2023-11-03 2023-12-10  +0.5456  +0.7590  +0.0136  +0.0228   895   290  -8.0290  9.827e-16     1
WTZR 1995-09-08 1996-02-26       NA  +0.4010       NA  +0.0286    NA   269       NA         NA    NA
WTZR 1996-12-02 1997-04-20  +0.4010  +0.4644  +0.0286  +0.0202   269   492  -1.8106  7.021e-02     0
WTZR 1998-10-23 1999-01-26  +0.4644  +0.3435  +0.0202  +0.0134   492   981  +4.9823  6.284e-07     1
WTZR 2001-11-23 2001-12-02  +0.3435  +0.3086  +0.0134  +0.0127   981  1038  +1.8908  5.865e-02     0
WTZR 2004-12-07 2004-12-09  +0.3086  +0.2841  +0.0127  +0.0160  1038   666  +1.1977  2.310e-01     0
WTZR 2008-03-11 2008-03-29  +0.4904  +0.4642  +0.0176  +0.0261   476   298  +0.8326  4.051e-01     0
WTZR 2014-07-02 2014-10-01  +0.0540  +0.1482  +0.0131  +0.0149  1002   769  -4.7398  2.139e-06     1
WTZR 2016-12-11 2016-12-11  +0.1482  +0.2914  +0.0149  +0.0179   769   448  -6.1455  7.973e-10     1
WTZR 2018-04-09 2018-08-19  +0.2914  +0.4102  +0.0179  +0.0143   448   845  -5.1963  2.033e-07     1
WTZR 2025-02-24 2025-03-29  +0.5326  +0.4784  +0.0187  +0.0294   426   267  +1.5581  1.192e-01     0
WTZZ 2003-11-07 2003-12-12  +0.1387  +0.3073  +0.0108  +0.0224  1544   350  -6.7726  1.265e-11     1
WTZZ 2004-12-07 2004-12-09  +0.3073  +0.3981  +0.0224  +0.0160   350   686  -3.2908  9.989e-04     1
WTZZ 2006-11-25 2006-12-03  +0.3981  +0.5466  +0.0160  +0.0134   686   942  -7.1042  1.210e-12     1
WTZZ 2010-12-25 2011-01-08  +0.3640  +0.5016  +0.0199  +0.0316   450   129  -3.6865  2.274e-04     1
WTZZ 2014-07-02 2014-10-13  +0.2206  +0.2644  +0.0132  +0.0189  1043   453  -1.8978  5.772e-02     0
WTZZ 2016-01-27 2016-02-05  +0.2644  +0.3205  +0.0189  +0.0162   453   670  -2.2515  2.436e-02     1
WTZZ 2025-02-24 2025-03-29  +0.5721  +0.5389  +0.0162  +0.0310   645   247  +0.9482  3.430e-01     0
WUHN 1997-08-04 1998-01-21  +1.4506  +1.5289  +0.0469  +0.0669   360   164  -0.9580  3.381e-01     0
WUHN 1998-11-25 1998-12-23  +2.8950  +1.5661  +0.0931  +0.0459   128   317 +12.8096  1.448e-37     1
WUHN 1999-12-27 2000-05-15  +1.5661  +1.0172  +0.0459  +0.0364   317   556  +9.3711  7.181e-21     1
WUHN 2002-01-02 2002-03-05  +1.0172  +1.3354  +0.0364  +0.0293   556   872  -6.8058  1.005e-11     1
WUHN 2004-09-01 2004-12-15  +1.3354  +0.9927  +0.0293  +0.0327   872   648  +7.8001  6.187e-15     1
WUHN 2007-12-30 2008-01-11  -0.8848  -0.6057  +0.0635  +0.0435   229   325  -3.6254  2.885e-04     1
WUHN 2024-12-04 2025-01-04  +1.5633  +2.1331  +0.0848  +0.0451   147   343  -5.9363  2.916e-09     1
XIAN 1996-05-21 1997-04-26       NA  +1.8008       NA  +0.0949    NA   157       NA         NA    NA
XIAN 1997-11-11 1998-04-14  +1.8008  +2.5232  +0.0949  +0.0860   157   137  -5.6420  1.681e-08     1
XIAN 1998-12-01 1999-11-03  +2.5232  +0.2637  +0.0860  +0.0529   137   241 +22.3787 6.345e-111     1
XIAN 2007-03-03 2007-03-18  +0.2637  -0.0382  +0.0529  +0.0716   241   157  +3.3917  6.946e-04     1
XIAN 2008-01-02 2008-02-15  -0.0382  -0.3409  +0.0716  +0.0309   157   603  +3.8837  1.029e-04     1
XIAN 2011-06-28 2011-11-22  -0.7334       NA  +0.0535       NA   176    NA       NA         NA    NA
XMIS 2009-11-22 2009-11-28  -0.1538  -0.0462  +0.0299  +0.0297  1351  1456  -2.5538  1.065e-02     1
XMIS 2014-07-23 2014-07-25  -0.0462  -0.3168  +0.0297  +0.0471  1456   510  +4.8600  1.174e-06     1
XMIS 2016-12-04 2017-08-04  +0.3355  -0.1098  +0.0626  +0.0470   308   586  +5.6892  1.276e-08     1
XMIS 2019-04-28 2019-04-29  -0.1098  -0.4552  +0.0470  +0.0333   586  1127  +5.9980  1.998e-09     1
XMIS 2022-08-14 2022-08-16  -0.4552  -0.7208  +0.0333  +0.0332  1127  1092  +5.6542  1.566e-08     1
YAKT 2002-12-03 2003-03-21  -0.3960  -0.4011  +0.0220  +0.0115   213   525  +0.2035  8.388e-01     0
YAKT 2004-11-07 2004-11-26  -0.4011  -0.2216  +0.0115  +0.0138   525   298  -9.9977  1.559e-23     1
YAKT 2005-11-14 2006-03-19  -0.2216  -0.3372  +0.0138  +0.0218   298   225  +4.4800  7.465e-06     1
YAKT 2006-11-21 2007-02-05  -0.3372  +0.0993  +0.0218  +0.0138   225   312 -16.9180  3.317e-64     1
YAKT 2008-01-18 2008-03-04  +0.0993  -0.3188  +0.0138  +0.0106   312   571 +24.0133 2.021e-127     1
YAKT 2014-02-12 2014-04-02  -0.2842  -0.3608  +0.0068  +0.0115  1180   531  +5.7364  9.672e-09     1
YAKT 2015-11-01 2016-03-25  -0.3608  -0.6250  +0.0115  +0.0147   531   304 +14.1276  2.569e-45     1
YAKT 2017-01-29 2017-03-20  -0.6250  -0.4852  +0.0147  +0.0124   304   333  -7.2559  3.990e-13     1
YAKT 2018-03-20 2018-04-01  -0.4852  -0.1731  +0.0124  +0.0225   333   229 -12.1554  5.372e-34     1
YAKT 2018-11-24 2019-03-11  -0.1731  -0.6019  +0.0225  +0.0158   229   283 +15.6106  6.166e-55     1
YAKT 2020-01-01 2020-04-06  -0.6019  -0.5795  +0.0158  +0.0087   283   697  -1.2409  2.147e-01     0
YAKZ 1998-12-11 1999-02-27  +0.3164  +0.4278  +0.0110  +0.0297   309   141  -3.5126  4.438e-04     1
YAKZ 1999-08-30 2000-03-28  +0.4278  +0.4527  +0.0297  +0.0325   141   153  -0.5654  5.718e-01     0
YAKZ 2000-10-02 2000-10-03  +0.4527  +0.4217  +0.0325  +0.0124   153   159  +0.8903  3.733e-01     0
YAKZ 2001-03-12 2001-06-21  +0.4217       NA  +0.0124       NA   159    NA       NA         NA    NA
YAR1 1995-10-26 1995-12-28  -0.0390  +0.1400  +0.0507  +0.0933   232   120  -1.6856  9.187e-02     0
YAR1 1996-06-09 1996-06-14  +0.1400  -0.2792  +0.0933  +0.0609   120   141  +3.7622  1.684e-04     1
YAR1 1996-12-31 1997-09-24  -0.2792  -0.7977  +0.0609  +0.0384   141   493  +7.2001  6.015e-13     1
YAR1 1999-05-01 1999-05-29  -0.7977  -1.0673  +0.0384  +0.0295   493   780  +5.5661  2.605e-08     1
YAR2 2004-09-15 2004-12-05  -0.7495  -0.7243  +0.0225  +0.0256   852   678  -0.7374  4.609e-01     0
YAR2 2011-02-12 2011-02-15  -0.2893  -0.4659  +0.0177  +0.0369  1451   316  +4.3142  1.602e-05     1
YAR2 2012-01-17 2012-01-21  -0.4659  -0.1828  +0.0369  +0.0213   316   972  -6.6461  3.009e-11     1
YAR2 2017-12-08 2017-12-10  +0.0969  +0.2215  +0.0209  +0.0217  1008   956  -4.1299  3.629e-05     1
YAR3 2011-02-12 2011-02-15  +0.1301  +0.0684  +0.0188  +0.0353  1142   320  +1.5433  1.228e-01     0
YAR3 2012-01-17 2012-01-21  +0.0684  +0.2313  +0.0353  +0.0356   320   310  -3.2518  1.147e-03     1
YAR3 2012-12-04 2012-12-05  +0.2313  +0.0518  +0.0356  +0.0233   310   781  +4.2163  2.484e-05     1
YAR3 2015-02-15 2015-02-17  +0.0518  +0.1638  +0.0233  +0.0240   781   714  -3.3435  8.272e-04     1
YAR3 2024-12-20 2025-01-01  -0.0804  -0.1775  +0.0241  +0.0339   705   360  +2.3363  1.948e-02     1
YARR 1998-11-09 1999-05-20       NA  -0.6330       NA  +0.0336    NA   382       NA         NA    NA
YARR 2000-10-18 2000-10-30  -0.6330  -0.5531  +0.0336  +0.0272   382   604  -1.8468  6.477e-02     0
YARR 2004-09-15 2004-12-26  -0.2351  -0.4714  +0.0392  +0.0266   287   646  +4.9886  6.081e-07     1
YARR 2011-02-12 2011-02-15  -0.0391  -0.2194  +0.0305  +0.0379   534   309  +3.7033  2.128e-04     1
YARR 2012-01-18 2012-01-21  -0.2194  -0.2419  +0.0379  +0.0209   309  1047  +0.5213  6.022e-01     0
YARR 2015-02-15 2015-02-17  -0.2419  +0.0034  +0.0209  +0.0213  1047   984  -8.2105  2.203e-16     1
YARR 2017-12-08 2017-12-10  +0.0034  +0.1757  +0.0213  +0.0196   984  1245  -5.9547  2.606e-09     1
YARR 2021-06-20 2021-06-22  +0.1757  -0.0949  +0.0196  +0.0205  1245  1090  +9.5504  1.293e-21     1
YCBA 2011-05-26 2011-07-02       NA  +0.9199       NA  +0.0732    NA   322       NA         NA    NA
YCBA 2012-05-27 2012-08-20  +0.9199  +0.9232  +0.0732  +0.0599   322   473  -0.0343  9.726e-01     0
YCBA 2013-12-16 2014-05-19  +0.9232  +0.8292  +0.0599  +0.0833   473   220  +0.9154  3.600e-01     0
YCBA 2015-01-08 2015-08-04  +0.8292  +1.3011  +0.0833  +0.1019   220   190  -3.5855  3.364e-04     1
YCBA 2016-03-22 2016-08-01  +1.3011  +0.5546  +0.1019  +0.0896   190   247  +5.5017  3.761e-08     1
YCBA 2017-04-11 2017-04-12  +0.5546  +0.4704  +0.0896  +0.0735   247   283  +0.7263  4.676e-01     0
YCBA 2018-06-01 2018-09-27  +0.4704  +0.2713  +0.0735  +0.1051   283   173  +1.5524  1.206e-01     0
YCBA 2019-06-08 2019-06-29  +0.2713       NA  +0.1051       NA   173    NA       NA         NA    NA
YEBE 2000-10-01 2000-10-06       NA  -0.2163       NA  +0.0408    NA   125       NA         NA    NA
YEBE 2001-02-12 2001-03-26  -0.2163  +0.0800  +0.0408  +0.0146   125  1276  -6.8418  7.822e-12     1
YEBE 2004-12-08 2005-11-21  +0.0800  +0.3731  +0.0146  +0.0339  1276   167  -7.9497  1.870e-15     1
YEBE 2006-05-25 2006-07-16  +0.3731  +0.2579  +0.0339  +0.0218   167   557  +2.8620  4.210e-03     1
YEBE 2008-02-20 2008-02-21  +0.2579  +0.0950  +0.0218  +0.0136   557  1429  +6.3438  2.241e-10     1
YEBE 2012-03-26 2012-04-07  +0.0950  +0.0040  +0.0136  +0.0207  1429   652  +3.6718  2.409e-04     1
YELL 1995-12-06 1996-02-14  +0.4957  +0.4791  +0.0138  +0.0267   557   162  +0.5537  5.798e-01     0
YELL 1996-08-16 1996-11-08  +0.4791  +0.1396  +0.0267  +0.0180   162   191 +10.5525  4.945e-26     1
YELL 1998-01-31 1998-01-31  -0.2100  +0.0071  +0.0215  +0.0117   235   676  -8.8621  7.852e-19     1
YELL 2000-02-04 2000-02-29  +0.0071  +0.1039  +0.0117  +0.0299   676   141  -3.0119  2.596e-03     1
YELL 2000-08-09 2000-11-15  +0.1039  +0.2603  +0.0299  +0.0206   141   120  -4.3007  1.703e-05     1
YELL 2004-11-30 2005-03-12  -0.0058  +0.1246  +0.0106  +0.0189   907   306  -6.0075  1.884e-09     1
YELL 2006-01-25 2006-03-17  +0.1246  -0.0092  +0.0189  +0.0089   306  1265  +6.3964  1.591e-10     1
YELL 2009-11-06 2010-03-16  -0.0092  +0.0851  +0.0089  +0.0146  1265   534  -5.5053  3.685e-08     1
YELL 2011-11-03 2012-02-12  +0.0851  +0.1232  +0.0146  +0.0266   534   140  -1.2513  2.108e-01     0
YIBL 2003-07-14 2004-01-19       NA  +0.6903       NA  +0.0616    NA   299       NA         NA    NA
YIBL 2006-03-21 2006-03-21  +0.6903  +0.9129  +0.0616  +0.0870   299   171  -2.0879  3.681e-02     0
YIBL 2007-01-12 2007-03-25  +0.9129  +0.8587  +0.0870  +0.0388   171   783  +0.5689  5.694e-01     0
YIBL 2010-05-19 2010-05-22  +0.8587  +0.7210  +0.0388  +0.0638   783   297  +1.8436  6.524e-02     0
YIBL 2012-07-07 2012-08-13  +0.7210  +0.5506  +0.0638  +0.0476   297   545  +2.1412  3.226e-02     0
YKRO 1999-07-19 2004-07-23       NA  +2.3379       NA  +0.1108    NA   135       NA         NA    NA
YKRO 2009-01-05 2009-01-28  +2.3379  +2.0306  +0.1108  +0.0967   135   201  +2.0889  3.672e-02     0
YKRO 2009-09-13 2009-11-20  +2.0306  +1.8224  +0.0967  +0.0498   201   745  +1.9133  5.571e-02     0
YKRO 2014-12-12 2015-01-17  +1.8224  +2.3027  +0.0498  +0.0932   745   227  -4.5442  5.515e-06     1
YKRO 2015-09-10 2016-01-28  +2.3027  +1.6212  +0.0932  +0.0915   227   227  +5.2174  1.814e-07     1
YKRO 2016-12-14 2020-07-06  +1.6212  +0.8141  +0.0915  +0.0479   227   861  +7.8160  5.451e-15     1
YSSK 2000-04-20 2000-07-26  +0.0868  +0.0886  +0.0177  +0.0100   205   817  -0.0901  9.282e-01     0
YSSK 2002-12-20 2003-03-27  +0.0886  +0.1904  +0.0100  +0.0115   817   623  -6.6849  2.311e-11     1
YSSK 2005-01-30 2005-02-06  +0.1904  +0.2071  +0.0115  +0.0094   623   921  -1.1175  2.638e-01     0
YSSK 2007-11-11 2007-11-11  +0.2071  +0.1489  +0.0094  +0.0088   921   833  +4.5167  6.280e-06     1
YSSK 2011-01-14 2011-02-22  +0.4533  +0.2224  +0.0223  +0.0129   198   566  +8.9557  3.377e-19     1
YSSK 2012-11-04 2013-02-23  +0.2224  +0.0362  +0.0129  +0.0296   566   159  +5.7690  7.973e-09     1
YSSK 2014-11-12 2014-12-08  +0.2480  +0.1451  +0.0142  +0.0153   403   334  +4.9302  8.214e-07     1
YSSK 2015-12-07 2016-03-08  +0.1451  +0.2267  +0.0153  +0.0081   334  1247  -4.7187  2.374e-06     1
YSSK 2019-12-09 2020-02-22  +0.2267  +0.1220  +0.0081  +0.0192  1247   294  +5.0259  5.010e-07     1
YSSK 2021-01-02 2021-02-15  +0.1220  +0.1694  +0.0192  +0.0135   294   384  -2.0219  4.318e-02     0
ZAMB 2002-06-03 2002-08-23       NA  +0.9518       NA  +0.0600    NA   244       NA         NA    NA
ZAMB 2003-06-01 2003-10-29  +0.9518  +0.7074  +0.0600  +0.0832   244   170  +2.3820  1.722e-02     1
ZAMB 2004-04-17 2006-06-13  +0.7074  +1.1425  +0.0832  +0.0328   170   611  -4.8646  1.147e-06     1
ZAMB 2008-05-05 2012-04-17  +1.1425  +1.1350  +0.0328  +0.0270   611   821  +0.1771  8.594e-01     0
ZAMB 2016-07-06 2016-08-23  +0.6599  +0.5359  +0.0478  +0.0558   341   281  +1.6877  9.147e-02     0
ZAMB 2017-06-03 2017-07-03  +0.5359  +0.8179  +0.0558  +0.0341   281   542  -4.3139  1.604e-05     1
ZAMB 2019-05-13 2019-05-17  +0.8179  +1.0149  +0.0341  +0.0528   542   165  -3.1333  1.729e-03     1
ZAMB 2020-11-18 2021-03-09  +0.2903  +0.1290  +0.0454  +0.0323   296   579  +2.8918  3.831e-03     1
ZAMB 2022-11-04 2023-01-20  +0.1290  +0.3102  +0.0323  +0.0364   579   431  -3.7256  1.948e-04     1
ZECK 1999-06-08 1999-06-25  +0.7395  +0.5697  +0.0324  +0.0213   204   669  +4.3784  1.195e-05     1
ZECK 2001-08-06 2001-08-08  +0.5697  +0.4580  +0.0213  +0.0161   669  1219  +4.1845  2.858e-05     1
ZECK 2006-07-30 2006-09-15  +0.4580  +0.7973  +0.0161  +0.0316  1219   234  -9.5582  1.199e-21     1
ZECK 2007-05-19 2007-08-25  +0.7973  +0.7744  +0.0316  +0.0314   234   236  +0.5125  6.083e-01     0
ZECK 2008-04-24 2008-04-24  +0.7744  +1.1160  +0.0314  +0.0510   236   216  -5.6990  1.205e-08     1
ZECK 2010-10-22 2010-12-18  +0.7133  +0.5789  +0.0217  +0.0186   647   775  +4.7089  2.490e-06     1
ZECK 2013-11-03 2013-11-10  +0.1473  +0.5994  +0.0631  +0.0228   181   484  -6.7411  1.572e-11     1
ZECK 2015-03-27 2015-03-28  +0.5994  +0.4979  +0.0228  +0.0202   484   790  +3.3330  8.592e-04     1
ZECK 2017-08-08 2017-09-22  +0.4979  +0.6522  +0.0202  +0.0297   790   346  -4.2948  1.749e-05     1
ZECK 2019-11-07 2019-11-19  +0.8581  +0.7868  +0.0289  +0.0167   382  1079  +2.1355  3.272e-02     0
ZECK 2022-12-04 2022-12-05  +0.7868  +0.8343  +0.0167  +0.0229  1079   452  -1.6725  9.442e-02     0
ZECK 2024-04-17 2024-04-28  +0.8343  +0.6454  +0.0229  +0.0243   452   590  +5.6487  1.616e-08     1
ZIM2 2007-11-10 2008-04-07       NA  -0.9011       NA  +0.0449    NA   200       NA         NA    NA
ZIM2 2009-04-03 2009-05-24  -0.3100  -0.0241  +0.0341  +0.0184   154   831  -7.3847  1.528e-13     1
ZIM2 2011-09-30 2011-10-03  -0.0241  +0.0589  +0.0184  +0.0348   831   161  -2.1057  3.523e-02     0
ZIM2 2014-04-22 2014-04-24  -0.1596  -0.3345  +0.0186  +0.0506   738   175  +3.2433  1.181e-03     1
ZIM2 2015-04-19 2015-04-19  -0.0221  -0.0190  +0.0331  +0.0459   172   197  -0.0541  9.568e-01     0
ZIM2 2015-11-17 2016-03-08  -0.0190  +0.1048  +0.0459  +0.0214   197   623  -2.4459  1.445e-02     1
ZIM2 2017-12-07 2018-05-06  +0.1048  +0.0192  +0.0214  +0.0185   623   787  +3.0260  2.478e-03     1
ZIM2 2020-08-09 2020-08-20  +0.0192  -0.1420  +0.0185  +0.0193   787   670  +6.0252  1.689e-09     1
ZIM2 2022-07-13 2022-09-12  -0.1420  -0.0845  +0.0193  +0.0270   670   352  -1.7291  8.379e-02     0
ZIM2 2023-09-05 2023-09-10  -0.0845  +0.0072  +0.0270  +0.0179   352   810  -2.8273  4.694e-03     1
ZIM3 2017-12-07 2018-05-06  +0.0869  +0.0255  +0.0306  +0.0185   305   786  +1.7145  8.643e-02     0
ZIM3 2020-08-09 2020-08-18  +0.0255  -0.1097  +0.0185  +0.0214   786   555  +4.7841  1.718e-06     1
ZIM3 2023-09-05 2023-09-10  -0.0461  -0.0259  +0.0294  +0.0181   279   809  -0.5839  5.593e-01     0
ZIMJ 2005-05-26 2005-05-29  -0.0642  -0.0593  +0.0149  +0.0589  1190   148  -0.0807  9.357e-01     0
ZIMJ 2005-11-06 2006-07-30  -0.0593  +0.0515  +0.0589  +0.0276   148   400  -1.7032  8.852e-02     0
ZIMJ 2007-10-05 2007-12-26  +0.0515  -0.0562  +0.0276  +0.0198   400   700  +3.1700  1.524e-03     1
ZIMJ 2015-04-19 2015-04-19  -0.1558  +0.1206  +0.0203  +0.0458   668   202  -5.5096  3.596e-08     1
ZIMJ 2015-11-17 2016-03-08  +0.1206  +0.2863  +0.0458  +0.0369   202   195  -2.8170  4.847e-03     1
ZIMJ 2017-01-04 2017-03-09  +0.2863  +0.5101  +0.0369  +0.0378   195   251  -4.2398  2.237e-05     1
ZIMJ 2017-11-22 2018-05-14  +0.5101  +0.2538  +0.0378  +0.0617   251   141  +3.5444  3.934e-04     1
ZIMJ 2018-10-08 2018-11-10  +0.2538  +0.0500  +0.0617  +0.0360   141   141  +2.8534  4.326e-03     1
ZIMM 1994-06-18 1994-08-09  -0.4566  -0.5882  +0.0369  +0.0240   150   463  +2.9876  2.812e-03     1
ZIMM 1995-12-29 1996-01-02  -0.5882  -0.5272  +0.0240  +0.0270   463   354  -1.6872  9.156e-02     0
ZIMM 1997-01-01 1997-01-23  -0.5272  -0.3710  +0.0270  +0.0107   354  2186  -5.3665  8.026e-08     1
ZIMM 2003-05-01 2003-05-06  -0.3710  -0.3430  +0.0107  +0.0181  2186   842  -1.3340  1.822e-01     0
ZIMM 2005-10-17 2006-02-14  -0.3430  -0.5587  +0.0181  +0.0420   842   143  +4.7196  2.364e-06     1
ZIMM 2006-07-11 2006-07-30  -0.5587  -0.1309  +0.0420  +0.0310   143   242  -8.2009  2.385e-16     1
ZIMM 2007-04-20 2007-04-30  -0.1309  -0.2299  +0.0310  +0.0396   242   231  +1.9689  4.897e-02     0
ZIMM 2007-12-21 2008-01-01  -0.2299  -0.2033  +0.0396  +0.0139   231  1329  -0.6344  5.258e-01     0
ZIMM 2011-10-04 2011-11-01  -0.2033  -0.2539  +0.0139  +0.0142  1329  1212  +2.5466  1.088e-02     1
ZIMM 2015-04-19 2015-04-19  -0.2539  -0.0531  +0.0142  +0.0455  1212   198  -4.2099  2.554e-05     1
ZIMM 2015-11-17 2016-03-08  -0.0531  -0.0296  +0.0455  +0.0267   198   358  -0.4450  6.564e-01     0
ZIMM 2018-04-10 2018-05-14  -0.1554  +0.0209  +0.0324  +0.0183   175   802  -4.7315  2.229e-06     1
ZWE2 2005-09-03 2006-03-13  +0.9976  +0.6703  +0.0469  +0.0303   145   238  +5.8559  4.745e-09     1
ZWE2 2006-12-09 2007-06-19  +0.6703  +0.5139  +0.0303  +0.0153   238   676  +4.6028  4.168e-06     1
ZWE2 2010-04-07 2010-04-12  +0.3829  +0.4087  +0.0228  +0.0135   269   921  -0.9732  3.305e-01     0
ZWE2 2013-01-28 2013-08-23  +0.4087  +0.3514  +0.0135  +0.0227   921   245  +2.1689  3.009e-02     0
ZWE2 2014-11-10 2014-12-17  +0.0010  +0.3078  +0.0442  +0.0200   170   369  -6.3254  2.525e-10     1
ZWE2 2016-01-12 2016-01-29  +0.3078  +0.2925  +0.0200  +0.0221   369   268  +0.5134  6.077e-01     0
ZWE2 2017-01-29 2017-05-30  +0.2925       NA  +0.0221       NA   268    NA       NA         NA    NA
ZWEN 1995-03-17 1995-06-20       NA  +0.8124       NA  +0.0359    NA   176       NA         NA    NA
ZWEN 1996-01-08 1996-01-15  +0.8124  +0.8609  +0.0359  +0.0297   176   249  -1.0418  2.975e-01     0
ZWEN 1996-10-30 1996-12-14  +0.8609  +0.8870  +0.0297  +0.0327   249   176  -0.5921  5.538e-01     0
ZWEN 1997-08-27 1998-04-01  +0.8870  +0.7939  +0.0327  +0.0319   176   237  +2.0396  4.139e-02     0
ZWEN 1998-12-29 1999-01-26  +0.7939  +0.7943  +0.0319  +0.0348   237   124  -0.0077  9.939e-01     0
ZWEN 1999-06-07 1999-11-01  +0.7943  +0.5176  +0.0348  +0.0171   124   496  +7.1354  9.650e-13     1
ZWEN 2003-01-19 2004-05-28  +0.5176  +0.5852  +0.0171  +0.0554   496   138  -1.1648  2.441e-01     0
