name     tbegin       tend     mu_L     mu_R     se_L     se_R  np_L  np_R    tstat       pval signif
ABMF 2017-11-03 2017-11-04  -0.2335  +0.1486  +0.0517  +0.0219   368  2152  -6.8032  1.023e-11     1
ABMF 2024-02-09 2024-02-10  +0.1486  +0.0610  +0.0219  +0.0643  2152   235  +1.2901  1.970e-01     0
ABMF 2024-10-03 2024-10-24  +0.0610  +0.2264  +0.0643  +0.0589   235   293  -1.8971  5.781e-02     0
ABMF 2025-08-15 2025-08-18  +0.2264  +0.4741  +0.0589  +0.0951   293   134  -2.2149  2.676e-02     1
ABPO 2014-09-23 2014-09-24  -0.5227  -0.0111  +0.0600  +0.0992   196   119  -4.4135  1.017e-05     1
ABPO 2015-01-28 2015-03-11  -0.0111  -1.3775  +0.0992  +0.1759   119    49  +6.7669  1.316e-11     1
ABPO 2015-07-12 2015-07-24  +0.0758  -0.3922  +0.0971  +0.0625    71   228  +4.0514  5.092e-05     1
ABPO 2016-03-27 2016-03-29  -0.3922  -0.3478  +0.0625  +0.0497   228   254  -0.5560  5.782e-01     0
ABPO 2020-04-07 2020-05-11  +0.0669  -0.3088  +0.0425  +0.0505   542   326  +5.6933  1.246e-08     1
ABPO 2021-11-17 2021-11-23  -0.5857  -0.3649  +0.0618  +0.0403   154   608  -2.9946  2.748e-03     1
ADE1 2000-05-02 2000-05-02  +0.2462  +0.6754  +0.0345  +0.0159   344  1564 -11.3011  1.296e-29     1
ADE1 2006-01-03 2006-02-15  +0.3100  +0.5189  +0.0329  +0.0161   382  1540  -5.7022  1.183e-08     1
ADIS 2010-01-23 2010-01-24  +0.1485  +0.3065  +0.0428  +0.0538   356   223  -2.2976  2.159e-02     1
ADIS 2010-12-06 2011-01-13  +0.3065  +0.2230  +0.0538  +0.0402   223   394  +1.2422  2.142e-01     0
ADIS 2013-01-26 2013-04-05  +0.5638  +0.3336  +0.0506  +0.0298   255   752  +3.9202  8.846e-05     1
ADIS 2015-09-25 2015-10-13  +0.3336  -0.2105  +0.0298  +0.0818   752    89  +6.2495  4.117e-10     1
ADIS 2016-01-22 2016-01-30  -0.2105  +0.0796  +0.0818  +0.0541    89   232  -2.9585  3.092e-03     1
ADIS 2019-01-16 2019-01-24  +0.5688  +0.5661  +0.0326  +0.0736   603   134  +0.0332  9.735e-01     0
ADIS 2019-10-30 2019-12-26  +0.5661  +0.2734  +0.0736  +0.0448   134   315  +3.3971  6.811e-04     1
ADIS 2021-02-05 2022-04-24  +0.2734  +0.2300  +0.0448  +0.0365   315   489  +0.7511  4.526e-01     0
ADIS 2024-01-03 2024-01-14  +0.2300  -0.1837  +0.0365  +0.1133   489    42  +3.4742  5.125e-04     1
ADIS 2024-02-27 2024-03-01  -0.1837  +0.1857  +0.1133  +0.0322    42   636  -3.1349  1.719e-03     1
AIRA 2005-06-24 2005-07-13  -0.1796  +0.2156  +0.0258  +0.0869   835   125  -4.3604  1.298e-05     1
AIRA 2008-09-12 2008-10-05  -0.3180  -0.5694  +0.0233  +0.0511   988   134  +4.4773  7.558e-06     1
AIRA 2009-02-24 2009-02-26  -0.5694  -0.5928  +0.0511  +0.0413   134   330  +0.3553  7.223e-01     0
AIRA 2010-02-07 2010-03-03  -0.5928  -0.8654  +0.0413  +0.0366   330   407  +4.9361  7.970e-07     1
AIRA 2011-10-27 2011-11-11  -1.4536  -0.8493  +0.0799  +0.0434   167   232  -6.6496  2.939e-11     1
AIRA 2025-09-28 2025-10-17  -0.4339  +0.2670  +0.0244  +0.0852   950    64  -7.9083  2.609e-15     1
ALBH 1997-01-31 1997-02-11  +0.2436  +0.0580  +0.0259  +0.0390   526   258  +3.9673  7.271e-05     1
ALBH 1998-06-23 1998-08-03  -0.0573  +0.3177  +0.0502  +0.0227   121   657  -6.8098  9.777e-12     1
ALBH 2000-06-30 2000-08-01  +0.3177  +0.1945  +0.0227  +0.0226   657   670  +3.8485  1.189e-04     1
ALBH 2002-06-20 2002-07-17  +0.1945  +0.1435  +0.0226  +0.0830   670    93  +0.5926  5.535e-01     0
ALBH 2002-10-23 2002-11-05  +0.1435  +0.2927  +0.0830  +0.0238    93   557  -1.7277  8.404e-02     0
ALBH 2013-06-03 2013-06-06  +0.1064  +0.4584  +0.0187  +0.0840   946    93  -4.0887  4.338e-05     1
ALBH 2013-09-09 2013-09-15  +0.4584  +0.0743  +0.0840  +0.0342    93   254  +4.2338  2.298e-05     1
ALBH 2014-06-02 2014-06-11  +0.0743  +0.2645  +0.0342  +0.0233   254   641  -4.5999  4.226e-06     1
ALBH 2022-09-26 2022-10-17  +0.7148  +0.7163  +0.0124  +0.0174  2312  1148  -0.0724  9.422e-01     0
ALGO 1996-01-24 1996-02-23  +0.2136  +0.0954  +0.0244  +0.0264   307   307  +3.2941  9.873e-04     1
ALGO 1998-01-09 1998-02-28  +0.1693  -0.1721  +0.0312  +0.0347   262   253  +7.3167  2.541e-13     1
ALGO 1998-11-30 1998-12-12  -0.1721  -0.0160  +0.0347  +0.0180   253   585  -3.9957  6.450e-05     1
ALGO 2006-12-01 2006-12-13  +0.0412  +0.1349  +0.0117  +0.0187  1529   463  -4.2543  2.097e-05     1
ALGO 2008-04-18 2008-04-22  +0.1349  +0.0744  +0.0187  +0.0126   463  1248  +2.6852  7.250e-03     1
ALGO 2012-03-18 2012-03-22  +0.0744  +0.0676  +0.0126  +0.0197  1248   562  +0.2937  7.690e-01     0
ALGO 2013-12-22 2014-01-08  +0.0676  +0.0566  +0.0197  +0.0076   562  3181  +0.5186  6.040e-01     0
ALIC 1998-03-01 1998-03-26  +0.0981  -1.1797  +0.0354  +0.0654   319    72 +17.1778  3.895e-66     1
ALIC 1998-07-04 1998-08-13  -1.1797  -1.1133  +0.0654  +0.0509    72   194  -0.8009  4.232e-01     0
ALIC 1999-04-02 1999-04-03  -1.1133  -1.4872  +0.0509  +0.0362   194   241  +5.9849  2.166e-09     1
ALIC 2000-06-14 2000-07-21  -0.3752  -0.6687  +0.0557  +0.0526   145    91  +3.8294  1.285e-04     1
ALIC 2000-10-22 2000-11-06  -0.6687  -0.6606  +0.0526  +0.0431    91   242  -0.1196  9.048e-01     0
ALIC 2001-07-18 2001-07-22  -0.6606  -0.7755  +0.0431  +0.0286   242   406  +2.2195  2.646e-02     1
ALIC 2023-07-27 2023-07-30  -0.6493  -0.2769  +0.0247  +0.0489   651   160  -6.8003  1.044e-11     1
ALRT 2002-11-20 2002-12-22       NA  +0.3795       NA  +0.0122    NA   139       NA         NA    NA
ALRT 2006-04-09 2006-04-28  +0.5723  +0.5346  +0.0087  +0.0165   370   189  +2.0143  4.397e-02     1
ALRT 2006-11-11 2006-12-16  +0.5346  +0.4250  +0.0165  +0.0214   189    46  +4.0483  5.159e-05     1
ALRT 2007-02-01 2007-02-04  +0.4250  +0.3009  +0.0214  +0.0125    46   231  +5.0041  5.613e-07     1
ALRT 2011-04-06 2011-04-25  +0.2957  +0.4255  +0.0131  +0.0058   111   910  -9.0654  1.241e-19     1
AMC2 2000-03-22 2000-03-25  -0.7279  -0.4512  +0.0260  +0.0467   119   175  -5.1756  2.271e-07     1
AMC2 2001-09-10 2001-09-13  -0.9584  -1.0985  +0.0213  +0.0215   308   267  +4.6214  3.812e-06     1
AMC2 2003-02-04 2003-02-15  -0.5846  -0.6759  +0.0265  +0.0114   207  1237  +3.1651  1.551e-03     1
AMC2 2007-11-09 2007-12-16  -0.6369  -0.6452  +0.0222  +0.0363   303    55  +0.1954  8.451e-01     0
AMC2 2010-02-18 2010-02-25  -0.9271  -1.0802  +0.0148  +0.0280   683   271  +4.8392  1.304e-06     1
AMC2 2011-09-27 2011-10-04  -0.8418  -0.8717  +0.0242  +0.0201   270   392  +0.9521  3.410e-01     0
AMC2 2012-11-09 2012-11-10  -0.8717  -0.9677  +0.0201  +0.0150   392   693  +3.8242  1.312e-04     1
AMC2 2014-12-04 2014-12-07  -0.9677  -0.9567  +0.0150  +0.0244   693   200  -0.3825  7.021e-01     0
AMC2 2017-04-16 2017-04-17  -0.6099  -0.7446  +0.0285  +0.0217   106   329  +3.7632  1.677e-04     1
ANKR 1997-04-23 1997-04-27  +0.3024  +0.6266  +0.0213  +0.0466   497   171  -6.3238  2.552e-10     1
ANKR 1997-12-01 1998-01-07  +0.6266  +0.8195  +0.0466  +0.0341   171   204  -3.3411  8.345e-04     1
ANKR 2010-03-19 2010-03-27  -0.3909  -0.4172  +0.0192  +0.0131   658  1349  +1.1312  2.580e-01     0
ANKR 2014-04-20 2014-04-25  -0.4172  -0.3620  +0.0131  +0.0260  1349   381  -1.8975  5.776e-02     0
ANKR 2019-09-04 2019-09-14  -0.8721  -1.3058  +0.0191  +0.0267   645   379 +13.1880  1.029e-39     1
ANKR 2021-11-02 2021-12-23  -1.0342       NA  +0.0288       NA   220    NA       NA         NA    NA
ANTC 2002-07-02 2002-08-05       NA  -0.2891       NA  +0.0739    NA    94       NA         NA    NA
ANTC 2004-05-05 2004-05-20  +0.1536  +0.3064  +0.0783  +0.0241   147  1060  -1.8654  6.212e-02     0
ANTC 2007-09-29 2007-10-02  +0.3064  +0.3923  +0.0241  +0.0850  1060   109  -0.9717  3.312e-01     0
ANTC 2008-12-01 2008-12-12  +0.2022  +0.4192  +0.0456  +0.0877   260   133  -2.1963  2.807e-02     1
ANTC 2009-04-28 2009-06-11  +0.4192  +0.0846  +0.0877  +0.0473   133   282  +3.3584  7.838e-04     1
ANTC 2010-04-04 2010-04-10  +0.0846  +0.0430  +0.0473  +0.0363   282   459  +0.6977  4.854e-01     0
ANTC 2012-07-30 2012-08-08  +0.1509  -0.0748  +0.0463  +0.0546   318   237  +3.1519  1.622e-03     1
ANTC 2013-04-24 2013-04-26  -0.0748  -0.3566  +0.0546  +0.0610   237   121  +3.4400  5.816e-04     1
ANTC 2013-09-08 2013-09-11  -0.3566  +0.1309  +0.0610  +0.0318   121   586  -7.0842  1.399e-12     1
ANTC 2021-02-06 2021-02-07  +0.1309  +0.5404  +0.0318  +0.0679   586   141  -5.4605  4.749e-08     1
ANTC 2021-07-12 2021-07-24  +0.5404  +0.2662  +0.0679  +0.0245   141  1063  +3.7976  1.461e-04     1
AOML 1998-06-05 1998-06-09  -0.6636  +0.4052  +0.0795  +0.1654   178    67  -5.8253  5.702e-09     1
AREG 2017-01-30 2017-02-21       NA  +1.3984       NA  +0.0951    NA    91       NA         NA    NA
AREG 2017-05-24 2017-05-28  +1.3984  +2.1496  +0.0951  +0.0635    91    95  -6.5676  5.113e-11     1
AREG 2018-04-05 2018-04-23  +1.3916  +1.7313  +0.0614  +0.0552   206   149  -4.1164  3.848e-05     1
AREG 2018-10-04 2018-10-20  +1.7313  +1.4654  +0.0552  +0.0400   149   386  +3.9035  9.480e-05     1
AREG 2019-11-16 2019-12-25  +1.4654  +0.5553  +0.0400  +0.0878   386   113  +9.4345  3.929e-21     1
AREG 2020-04-18 2020-05-06  +0.5553  +1.3072  +0.0878  +0.0552   113   142  -7.2494  4.187e-13     1
AREG 2020-09-27 2020-10-26  +1.3072  +1.1243  +0.0552  +0.1210   142    55  +1.3753  1.690e-01     0
AREG 2020-12-23 2021-01-18  +1.1243  +2.2392  +0.1210  +0.0875    55   112  -7.4658  8.281e-14     1
AREG 2022-02-05 2022-04-20  +1.2010  +1.0530  +0.0455  +0.0435   265   299  +2.3490  1.882e-02     1
AREG 2023-02-21 2023-03-05  +1.0530  +1.3017  +0.0435  +0.0306   299   623  -4.6740  2.954e-06     1
AREQ 1995-08-19 1995-09-12  +0.7986  +1.4735  +0.0952  +0.0423    74   534  -6.4756  9.444e-11     1
AREQ 1998-02-28 1998-03-10  +1.4735  +1.1651  +0.0423  +0.0304   534   914  +5.9176  3.266e-09     1
AREQ 2001-08-10 2001-11-01  +1.1651  +0.8885  +0.0304  +0.1108   914    98  +2.4074  1.607e-02     1
AREQ 2004-02-18 2004-03-08  +0.9250  +1.3138  +0.1026  +0.0747   114   142  -3.0627  2.194e-03     1
AREQ 2004-07-29 2004-09-06  +1.3138  +1.4940  +0.0747  +0.0243   142  1525  -2.2925  2.188e-02     1
AREQ 2009-03-30 2009-04-07  +1.4940  +1.1613  +0.0243  +0.0530  1525   315  +5.7047  1.166e-08     1
AREQ 2010-03-05 2010-03-18  +1.1613  +0.9788  +0.0530  +0.0558   315   250  +2.3706  1.776e-02     1
AREQ 2014-02-02 2014-04-20  +1.5614  +1.4934  +0.0283  +0.0215  1133  1854  +1.9119  5.589e-02     0
AREV 2012-01-12 2012-03-20  +0.4122  +0.8133  +0.1531  +0.1739    65    40  -1.7314  8.337e-02     0
AREV 2012-05-02 2012-06-03  +0.8133  +1.7144  +0.1739  +0.0537    40   312  -4.9516  7.360e-07     1
AREV 2013-12-23 2014-01-23  +1.0783  +3.8962  +0.0817  +0.1711   137    42 -14.8620  5.820e-50     1
AREV 2014-04-21 2014-08-22  +3.8962  +1.6045  +0.1711  +0.0898    42   135 +11.8588  1.938e-32     1
AREV 2015-01-05 2015-01-18  +1.6045  +1.4304  +0.0898  +0.0512   135   344  +1.6838  9.222e-02     0
AREV 2016-01-08 2016-01-28  +1.4304  +2.5625  +0.0512  +0.1360   344    60  -7.7883  6.789e-15     1
AREV 2016-12-26 2017-02-21  +3.2944  +1.0958  +0.1966  +0.1090    42    91  +9.7821  1.344e-22     1
AREV 2017-05-24 2017-05-28  +1.0958  +1.5552  +0.1090  +0.0759    91   105  -3.4595  5.412e-04     1
ARTU 2000-01-06 2000-01-30  +0.1605  +0.2982  +0.0307  +0.0124   140   752  -4.1606  3.174e-05     1
ARTU 2002-04-14 2002-04-26  +0.2982  +0.5807  +0.0124  +0.0512   752   142  -5.3614  8.258e-08     1
ARTU 2006-01-13 2006-02-16  +0.3905  +0.4862  +0.0189  +0.0133   354   824  -4.1478  3.357e-05     1
ARTU 2017-01-05 2017-01-11  +0.0244  +0.1430  +0.0117  +0.0200   980   332  -5.1260  2.960e-07     1
ARTU 2017-12-28 2018-01-06  +0.1430  +0.1108  +0.0200  +0.0189   332   340  +1.1730  2.408e-01     0
ARTU 2019-01-12 2019-02-20  +0.1108  +0.1661  +0.0189  +0.0146   340   646  -2.3186  2.042e-02     1
ARTU 2021-01-10 2021-02-15  +0.1661  +0.0534  +0.0146  +0.0250   646   258  +3.8977  9.713e-05     1
ASC1 1996-05-02 1996-07-05       NA  -0.5050       NA  +0.0385    NA   537       NA         NA    NA
ASC1 2003-12-28 2004-01-10  -0.6100  -0.3730  +0.0303  +0.0540   879   319  -3.8287  1.288e-04     1
ASCG 2023-12-13 2024-01-15  -0.9075  -1.0321  +0.0493  +0.0424   212   310  +1.9175  5.518e-02     0
ASPA 2019-08-24 2019-09-08  -0.7750  -1.1803  +0.0773  +0.0439   257   793  +4.5572  5.183e-06     1
ASPA 2024-04-22 2024-04-23  +0.1104  -0.3076  +0.0527  +0.1123   543   128  +3.3687  7.553e-04     1
ASPA 2024-09-01 2024-09-02  -0.3076  -0.7024  +0.1123  +0.0764   128   257  +2.9069  3.650e-03     1
ASPA 2025-08-08 2025-09-04  +0.3926  +0.7021  +0.1425  +0.1141    81   117  -1.6955  8.997e-02     0
AUCK 2001-05-02 2001-05-13  -0.5664  -0.2614  +0.0437  +0.0438   236   164  -4.9280  8.310e-07     1
AZGB 2015-09-25 2015-11-26  -0.3884  +0.0910  +0.0410  +0.0277   187   318  -9.6842  3.520e-22     1
AZGB 2016-11-03 2016-11-03  +0.0910  +0.4932  +0.0277  +0.0101   318  2272 -13.6304  2.642e-42     1
BADG 2006-11-08 2007-02-14  +0.1001  +0.0487  +0.0265  +0.0171   239   309  +1.6295  1.032e-01     0
BADG 2010-01-28 2010-03-16  +0.0356  +0.2107  +0.0142  +0.0169   457   444  -7.9392  2.035e-15     1
BADG 2011-09-09 2011-10-12  +0.2107  +0.1369  +0.0169  +0.0185   444   166  +2.9425  3.256e-03     1
BADG 2018-01-12 2018-01-18  +0.1750  +0.2963  +0.0259  +0.0147   133   405  -4.0733  4.636e-05     1
BADG 2021-01-17 2021-02-10  +0.1177  +0.1378  +0.0135  +0.0315   634    96  -0.5879  5.566e-01     0
BADG 2023-01-25 2023-02-18  +0.1471  +0.2257  +0.0142  +0.0105   436  1003  -4.4514  8.533e-06     1
BAKE 2003-03-05 2003-05-25       NA  +0.2588       NA  +0.0157    NA   222       NA         NA    NA
BAKE 2006-02-27 2006-03-22  -0.0241  +0.2669  +0.0183  +0.0269    67    76  -8.9305  4.240e-19     1
BAKE 2006-12-04 2006-12-23  +0.5238  +0.4727  +0.0235  +0.0211   164    52  +1.6198  1.053e-01     0
BAKE 2007-02-14 2007-03-31  +0.4727  +0.4400  +0.0211  +0.0153    52   153  +1.2556  2.093e-01     0
BAKE 2010-03-09 2010-03-15  +0.4400  +0.5830  +0.0153  +0.0096   153   535  -7.9228  2.322e-15     1
BAKE 2011-12-01 2012-01-30  +0.5830  +0.5306  +0.0096  +0.0133   535   270  +3.1954  1.396e-03     1
BAKO 1994-08-06 1994-09-13       NA  +0.0724       NA  +0.0686    NA   401       NA         NA    NA
BAKO 1999-08-02 1999-09-09  +0.0724  -1.1634  +0.0686  +0.0866   401   239 +11.1894  4.597e-29     1
BAKO 2000-08-11 2000-08-22  -1.1634  -2.0272  +0.0866  +0.0889   239   234  +6.9597  3.409e-12     1
BAKO 2001-08-18 2001-08-19  -2.0272  -0.5919  +0.0889  +0.1302   234   114  -9.1006  8.982e-20     1
BAKO 2002-03-02 2002-03-05  -0.5919  -0.1517  +0.1302  +0.0740   114   329  -2.9382  3.302e-03     1
BAKO 2003-07-15 2003-07-19  -0.2311  +0.3125  +0.1720  +0.0985    72   190  -2.7420  6.107e-03     1
BAKO 2007-01-17 2007-02-05  +0.6909  +0.0803  +0.0964  +0.0534   211   641  +5.5393  3.036e-08     1
BAKO 2015-09-17 2015-10-21  +0.7980  +0.6543  +0.0285  +0.0373  2224  1292  +3.0579  2.229e-03     1
BAKO 2022-11-20 2022-11-28  -0.5404  -0.0713  +0.0677  +0.0566   415   546  -5.3161  1.060e-07     1
BAN2 2002-12-09 2003-01-04       NA  +2.0299       NA  +0.1153    NA    72       NA         NA    NA
BAN2 2004-01-20 2004-01-23  +0.8897  +1.8627  +0.0680  +0.1107   280    94  -7.4913  6.819e-14     1
BAN2 2004-05-03 2004-05-20  +1.8627  +0.6865  +0.1107  +0.1036    94   109  +7.7586  8.586e-15     1
BAN2 2005-01-27 2005-02-18  +1.0362  +1.3365  +0.1244  +0.1545    69    43  -1.5135  1.302e-01     0
BAN2 2005-04-04 2005-06-25  +1.3365  +0.9151  +0.1545  +0.1423    43    51  +2.0060  4.486e-02     1
BAN2 2005-08-18 2005-08-23  +0.9151  +0.5418  +0.1423  +0.1298    51    79  +1.9380  5.263e-02     0
BAN2 2011-09-23 2011-11-01  +1.5480  +0.5690  +0.0957  +0.0851   132   149  +7.6444  2.100e-14     1
BAN2 2012-04-06 2012-05-07  +0.5690  +1.4291  +0.0851  +0.0959   149   134  -6.7051  2.013e-11     1
BAN2 2012-09-19 2012-09-23  +1.4291  +0.9181  +0.0959  +0.1071   134   111  +3.5539  3.796e-04     1
BARH 1999-01-23 1999-01-25  +0.5913  +0.4071  +0.0431  +0.0156   106   977  +4.0158  5.924e-05     1
BARH 2002-03-09 2002-04-18  +0.4071  +0.5270  +0.0156  +0.0195   977   599  -4.8023  1.569e-06     1
BARH 2004-04-16 2004-04-25  +0.5270  +0.3870  +0.0195  +0.0298   599   294  +3.9276  8.581e-05     1
BARH 2014-01-11 2014-01-12  +0.2376  +0.1539  +0.0107  +0.0214  2144   553  +3.4926  4.783e-04     1
BARH 2015-10-01 2015-10-02  +0.1539  +0.2309  +0.0214  +0.0157   553   986  -2.8999  3.732e-03     1
BARH 2022-10-14 2022-10-14  +0.2684  +0.1390  +0.0138  +0.0154  1253  1036  +6.2527  4.035e-10     1
BDOS 2009-03-26 2009-05-03  -0.4009  -0.1695  +0.0353  +0.0327  1039  1234  -4.8097  1.511e-06     1
BHR1 1997-02-02 1997-02-21  +2.3914  +2.0278  +0.1211  +0.0909    58    88  +2.4002  1.638e-02     1
BHR1 1998-03-10 1998-05-18  +3.0208  +3.8539  +0.0802  +0.1151   170    80  -5.9374  2.895e-09     1
BHR1 2001-04-27 2001-05-11  +2.8564  +2.9058  +0.0399  +0.0623   558   227  -0.6681  5.041e-01     0
BHR1 2002-05-21 2002-06-06  +2.9058  +2.7217  +0.0623  +0.1331   227    60  +1.2524  2.104e-01     0
BHR1 2002-12-02 2003-06-05  +4.8331  +3.6267  +0.1669  +0.1061    50   105  +6.1009  1.055e-09     1
BHR1 2003-12-25 2004-01-16  +3.6267  +2.8678  +0.1061  +0.0517   105   324  +6.4305  1.272e-10     1
BHR1 2008-05-06 2008-06-03  +2.1637  +3.7153  +0.1227  +0.1404    56    48  -8.3205  8.760e-17     1
BILI 1999-09-05 1999-10-05       NA  -0.0333       NA  +0.0156    NA   149       NA         NA    NA
BILI 2001-01-27 2001-02-19  +0.1795  +0.0846  +0.0159  +0.0176   247   247  +4.0096  6.082e-05     1
BILI 2002-12-03 2002-12-04  +0.2608  +0.1482  +0.0263  +0.0144   115   237  +3.7491  1.775e-04     1
BILI 2003-08-30 2003-11-02  +0.1482  +0.1564  +0.0144  +0.0114   237   338  -0.4436  6.573e-01     0
BILI 2004-12-25 2005-01-07  +0.1564  -0.0013  +0.0114  +0.0201   338    76  +6.8153  9.410e-12     1
BILI 2005-12-23 2006-01-27  +0.3585  -0.3118  +0.0173  +0.0261   252    45 +21.3946 1.501e-101     1
BILI 2006-04-29 2006-05-12  +0.2144  +0.1473  +0.0322  +0.0343    46   130  +1.4260  1.539e-01     0
BILI 2006-10-20 2006-11-18  +0.1473  -0.0649  +0.0343  +0.0198   130    74  +5.3623  8.219e-08     1
BILI 2008-02-02 2008-03-05  +0.0406  +0.0722  +0.0188  +0.0243    86   143  -1.0262  3.048e-01     0
BILI 2008-11-09 2008-11-17  +0.0722       NA  +0.0243       NA   143    NA       NA         NA    NA
BISK 2014-10-25 2014-12-02  -0.0040  +0.2547  +0.0537  +0.0432   139    65  -3.7541  1.740e-04     1
BISK 2015-02-11 2015-02-13  +0.2547  +0.5926  +0.0432  +0.0399    65   112  -5.7446  9.216e-09     1
BISK 2019-01-09 2019-01-13  +0.5447  +0.7105  +0.0228  +0.0171   383   686  -5.8159  6.030e-09     1
BJCO 2010-03-15 2010-03-24  +0.9156  +0.9623  +0.0706  +0.0339   323  1395  -0.5962  5.511e-01     0
BJCO 2014-12-25 2015-01-03  +0.9623  +1.2015  +0.0339  +0.0528  1395   572  -3.8145  1.365e-04     1
BJCO 2017-12-22 2017-12-27  +1.0186  +1.0593  +0.1036  +0.1102   125   155  -0.2690  7.879e-01     0
BJCO 2018-12-01 2018-12-27  +1.0593  +1.5853  +0.1102  +0.1566   155    78  -2.7461  6.031e-03     1
BJFS 2000-12-06 2000-12-08  +1.0300  +0.8364  +0.0592  +0.0340    62    67  +2.8352  4.579e-03     1
BJFS 2001-02-19 2001-02-21  +0.8364  +1.0762  +0.0340  +0.0555    67   145  -3.6855  2.282e-04     1
BJFS 2001-08-06 2001-08-12  +1.0762  +1.7312  +0.0555  +0.0785   145    80  -6.8148  9.439e-12     1
BJFS 2001-11-24 2002-01-18  +1.7312  +0.8969  +0.0785  +0.0224    80   365 +10.2231  1.563e-24     1
BJFS 2003-03-22 2003-03-31  +0.8969  +1.2210  +0.0224  +0.0407   365   205  -6.9760  3.037e-12     1
BJFS 2005-02-14 2005-02-26  +0.7662  +0.8103  +0.0223  +0.0199   370   604  -1.4730  1.407e-01     0
BJFS 2013-02-23 2013-02-27  +0.0811  +0.2506  +0.0150  +0.0196   779   597  -6.8694  6.446e-12     1
BJFS 2018-03-12 2018-03-14  +0.0283  +0.1266  +0.0153  +0.0199   918   580  -3.9091  9.263e-05     1
BJFS 2025-08-21 2025-09-21  +0.2589  +0.3103  +0.0109  +0.0407  1752    87  -1.2218  2.218e-01     0
BJNM 2014-01-02 2014-02-25       NA  +0.5986       NA  +0.0317    NA   270       NA         NA    NA
BJNM 2015-01-02 2015-01-28  +0.5986  +0.3167  +0.0317  +0.0343   270   219  +6.0370  1.570e-09     1
BJNM 2015-12-05 2015-12-26  +0.3167  +0.5423  +0.0343  +0.0320   219    78  -4.8108  1.503e-06     1
BJNM 2016-03-18 2016-03-21  +0.5423  +0.4928  +0.0320  +0.0433    78   237  +0.9185  3.584e-01     0
BJNM 2016-12-02 2017-01-04  +0.4928  +0.5514  +0.0433  +0.0237   237   190  -1.1863  2.355e-01     0
BJNM 2018-03-12 2018-03-14  +0.5514  +0.6722  +0.0237  +0.0205   190   400  -3.8618  1.126e-04     1
BNDY 2022-09-11 2022-09-11  -0.1098  +0.0487  +0.0152  +0.0287  4104  1161  -4.8799  1.061e-06     1
BOAV 2014-12-02 2014-12-06  +0.3863  +0.1935  +0.0580  +0.0748   311   171  +2.0375  4.160e-02     1
BOAV 2023-09-28 2023-10-16  -0.7872  -0.7332  +0.0599  +0.1269   264    57  -0.3851  7.002e-01     0
BOAV 2023-12-27 2024-02-05  -0.7332  -0.3750  +0.1269  +0.0860    57   144  -2.3360  1.949e-02     1
BOAV 2024-08-19 2024-11-11  -0.3750  +0.1752  +0.0860  +0.1114   144    61  -3.9100  9.229e-05     1
BOAV 2025-01-13 2025-01-24  +0.1752  -0.5228  +0.1114  +0.0735    61   198  +5.2328  1.670e-07     1
BOGO 2016-02-17 2016-02-22  +0.1818  +0.0663  +0.0174  +0.0262   482   285  +3.6775  2.356e-04     1
BOGO 2020-12-14 2020-12-23  +0.4796  +0.3305  +0.0116  +0.0238  1234   301  +5.6204  1.905e-08     1
BOGO 2021-10-28 2021-11-21  +0.3305  +0.3557  +0.0238  +0.0137   301   795  -0.9167  3.593e-01     0
BOGT 1994-11-05 1995-07-02       NA  +0.3031       NA  +0.0610    NA   138       NA         NA    NA
BOGT 1996-11-19 1997-01-16  +0.3031  +0.1340  +0.0610  +0.0750   138   112  +1.7496  8.019e-02     0
BOGT 1998-11-11 1999-02-26  -0.8654  -0.3787  +0.0880  +0.0969    59    51  -3.7176  2.011e-04     1
BOGT 2002-05-29 2002-06-07  -0.3787  -0.5300  +0.0969  +0.0640    51   119  +1.3031  1.925e-01     0
BOGT 2002-10-28 2002-11-10  -0.5300  -0.7694  +0.0640  +0.0426   119   313  +3.1158  1.834e-03     1
BOGT 2003-12-29 2004-01-20  -0.7694  -1.3772  +0.0426  +0.1008   313    79  +5.5566  2.750e-08     1
BOGT 2004-04-12 2004-06-22  -1.3772  -0.7753  +0.1008  +0.0648    79   115  -5.0235  5.074e-07     1
BOGT 2004-10-20 2004-10-26  -0.7753  -0.0658  +0.0648  +0.0992   115    68  -5.9861  2.149e-09     1
BOGT 2005-05-10 2005-06-04  -1.3290  -1.0603  +0.0918  +0.0648    90   117  -2.3899  1.685e-02     1
BOGT 2008-01-29 2008-02-04  -0.5021  -0.9665  +0.0274  +0.0463   779   258  +8.6432  5.468e-18     1
BOR1 1996-04-22 1996-04-23  +0.5226  +0.6142  +0.0182  +0.0189   553   627  -3.4848  4.925e-04     1
BOR1 1998-02-05 1998-02-13  +0.6142  +0.7445  +0.0189  +0.0240   627   362  -4.2654  1.995e-05     1
BOR1 1999-08-01 1999-08-13  +0.3993  +0.3425  +0.0390  +0.0282   132   220  +1.1803  2.379e-01     0
BOR1 2000-04-22 2000-04-24  +0.3425  +0.4135  +0.0282  +0.0142   220  1059  -2.2522  2.431e-02     1
BOR1 2003-05-27 2003-06-10  +0.4135  +0.2276  +0.0142  +0.0135  1059  1204  +9.5040  2.021e-21     1
BOR1 2014-07-09 2014-08-15  +0.0787  +0.1085  +0.0145  +0.0171   932   692  -1.3289  1.839e-01     0
BOR1 2016-07-23 2016-07-24  +0.1085  +0.5622  +0.0171  +0.0338   692   189 -11.9855  4.231e-33     1
BOR1 2017-02-03 2017-02-05  +0.5622  +0.4301  +0.0338  +0.0128   189  1305  +3.6557  2.565e-04     1
BOR1 2020-11-05 2020-12-09  +0.4301  +0.2910  +0.0128  +0.0191  1305   482  +6.0540  1.413e-09     1
BOR1 2024-11-05 2024-11-14  +0.8635  +0.5556  +0.0460  +0.0488   181    62  +4.5908  4.416e-06     1
BOR1 2025-01-17 2025-01-21  +0.5556  +0.5810  +0.0488  +0.0254    62   336  -0.4622  6.439e-01     0
BRAZ 1996-08-30 1996-08-30  +0.6555  +0.1470  +0.0667  +0.0764   114   147  +5.0154  5.294e-07     1
BRAZ 1997-06-07 1997-06-13  +0.1470  +0.5946  +0.0764  +0.0724   147   112  -4.2541  2.098e-05     1
BRAZ 1998-09-13 1998-09-27  +0.5946  +0.4672  +0.0724  +0.1556   112    40  +0.7421  4.580e-01     0
BRAZ 1998-12-12 1998-12-15  +0.4672  -0.1714  +0.1556  +0.1169    40    76  +3.2814  1.033e-03     1
BRAZ 1999-04-22 1999-07-25  -0.1714  +0.6867  +0.1169  +0.0770    76    89  -6.1293  8.827e-10     1
BRAZ 2000-07-17 2000-07-19  -0.2785  -0.0883  +0.0719  +0.0912   132    46  -1.6382  1.014e-01     0
BRAZ 2000-09-11 2000-09-16  -0.0883  -0.2544  +0.0912  +0.0475    46   305  +1.6161  1.061e-01     0
BRAZ 2001-10-09 2001-10-31  -0.2544  -0.5039  +0.0475  +0.0391   305   499  +4.0569  4.974e-05     1
BRAZ 2009-11-21 2009-11-23  -0.3675  -0.0968  +0.0231  +0.0175  1309  2171  -9.3358  1.002e-20     1
BREW 2004-03-08 2004-04-08  -0.1026  +0.0388  +0.0360  +0.0395   129   244  -2.6475  8.109e-03     1
BREW 2004-12-18 2005-01-10  +0.0388  -0.0099  +0.0395  +0.0548   244    77  +0.7212  4.708e-01     0
BREW 2005-04-30 2005-05-08  -0.0099  -0.1521  +0.0548  +0.0212    77   636  +2.4199  1.553e-02     1
BREW 2007-02-16 2007-04-08  -0.1521  -0.1205  +0.0212  +0.0249   636   533  -0.9670  3.335e-01     0
BREW 2008-09-30 2008-10-04  -0.1205  -0.0913  +0.0249  +0.0302   533   240  -0.7437  4.570e-01     0
BREW 2009-06-05 2009-08-06  -0.0913  -0.1871  +0.0302  +0.0302   240   256  +2.2417  2.498e-02     1
BREW 2011-12-25 2012-01-09  -0.1406  -0.1326  +0.0250  +0.0175   421   821  -0.2618  7.935e-01     0
BREW 2023-04-25 2023-05-26  -0.1326  -0.0596  +0.0175  +0.0184   821   881  -2.8750  4.040e-03     1
BREW 2025-12-07 2025-12-30  -0.0596       NA  +0.0184       NA   881    NA       NA         NA    NA
BRMU 1994-04-04 1994-05-23  -0.3200  -0.1832  +0.0886  +0.0848    70   144  -1.1155  2.646e-01     0
BRMU 1994-11-21 1994-11-22  -0.1832  -0.4026  +0.0848  +0.0364   144   547  +2.3780  1.740e-02     1
BRMU 1996-07-31 1996-08-01  -0.4026  -0.2953  +0.0364  +0.0420   547   457  -1.9308  5.351e-02     0
BRMU 1997-12-17 1997-12-29  -0.2953  -0.2648  +0.0420  +0.0849   457    77  -0.3218  7.476e-01     0
BRMU 1998-03-21 1998-04-11  -0.2648  -0.6396  +0.0849  +0.0311    77   817  +4.1450  3.398e-05     1
BRMU 2000-09-08 2000-09-08  -0.6396  -0.4166  +0.0311  +0.0197   817  2021  -6.0540  1.413e-09     1
BRMU 2006-11-09 2006-11-09  -0.4166  -0.2276  +0.0197  +0.0255  2021  1165  -5.8758  4.209e-09     1
BRST 2014-07-20 2014-08-12  -0.3790  -0.2367  +0.0358  +0.0199   195   757  -3.4721  5.164e-04     1
BRST 2017-03-14 2017-03-19  +0.2381  +0.0111  +0.0405  +0.0521   157    98  +3.4400  5.816e-04     1
BRST 2021-05-08 2021-05-24  +0.3500  +0.4965  +0.0261  +0.0577   410   134  -2.3140  2.067e-02     1
BRST 2021-10-08 2021-10-14  +0.4965  +0.3695  +0.0577  +0.0261   134   427  +2.0065  4.480e-02     1
BRST 2023-01-08 2023-01-18  +0.3695  +0.5106  +0.0261  +0.0666   427    47  -1.9729  4.851e-02     1
BRST 2023-05-22 2023-06-16  +0.0141  +0.1617  +0.0540  +0.0335    76   275  -2.3229  2.019e-02     1
BRST 2024-03-25 2024-04-06  +0.1617  +0.4378  +0.0335  +0.0421   275   204  -5.1340  2.836e-07     1
BRST 2024-10-31 2024-11-11  +0.4378  +0.2952  +0.0421  +0.0268   204   406  +2.8572  4.274e-03     1
BRUS 1996-12-17 1996-12-20  +0.1862  +0.2154  +0.0174  +0.0357   928   144  -0.7369  4.612e-01     0
BRUS 2004-11-20 2004-12-24  +0.0129  +0.3105  +0.0289  +0.0208   328   596  -8.3584  6.356e-17     1
BRUS 2011-11-09 2011-11-26  +0.3480  +0.1851  +0.0154  +0.0487  1129    74  +3.1883  1.431e-03     1
BRUX 2015-10-08 2015-11-05  +0.4467  +0.2587  +0.0150  +0.0291  1252   310  +5.7464  9.116e-09     1
BRUX 2024-09-19 2024-10-10  +0.3432  +0.5068  +0.0205  +0.0251   637   435  -5.0514  4.385e-07     1
BSHM 2001-03-01 2001-03-01  +0.2160  +0.0978  +0.0751  +0.0582    70   133  +1.2439  2.135e-01     0
BSHM 2001-11-25 2002-03-25  +0.0978  +0.0145  +0.0582  +0.0462   133   211  +1.1211  2.622e-01     0
BSHM 2010-03-10 2010-03-15  -0.2000  +0.0426  +0.0296  +0.0397   508   320  -4.9031  9.435e-07     1
BSHM 2011-02-03 2011-02-08  +0.0426  -0.1417  +0.0397  +0.0144   320  2281  +4.3712  1.236e-05     1
BSHM 2018-10-10 2018-10-11  +0.4588  +0.1170  +0.0443  +0.0161   254  1846  +7.2517  4.116e-13     1
BUE2 2006-04-01 2006-04-12  +0.0390  -0.0249  +0.0876  +0.0792   154    89  +0.5412  5.884e-01     0
BUE2 2006-07-17 2006-08-12  -0.0249  +0.2728  +0.0792  +0.0435    89   342  -3.2961  9.803e-04     1
BUE2 2007-09-04 2007-09-15  +0.2728  +0.1138  +0.0435  +0.0442   342   357  +2.5644  1.034e-02     1
BUE2 2008-09-27 2008-09-30  +0.1138  +0.1280  +0.0442  +0.0544   357   271  -0.2020  8.399e-01     0
BUE2 2009-07-16 2009-07-16  +0.1280  +0.4171  +0.0544  +0.0621   271   179  -3.5036  4.590e-04     1
BUE2 2010-02-02 2010-02-07  +0.4171  +0.2936  +0.0621  +0.0588   179   184  +1.4447  1.485e-01     0
CAGL 1996-12-05 1996-12-07  -0.1158  -0.1264  +0.0847  +0.0853    90    44  +0.0885  9.295e-01     0
CAGL 1997-01-23 1997-01-25  -0.1264  -0.2082  +0.0853  +0.0562    44   102  +0.8003  4.236e-01     0
CAGL 1999-07-31 1999-10-14  -0.9705  -0.3261  +0.0586  +0.0471   150   152  -8.5715  1.022e-17     1
CAGL 2007-11-16 2007-12-03  +0.4988  +0.1274  +0.0659  +0.0202   176  1102  +5.3849  7.248e-08     1
CAGL 2012-11-12 2012-11-14  -0.1957  -0.0782  +0.0287  +0.0394   604   290  -2.4111  1.590e-02     1
CAGS 2014-01-02 2014-01-06       NA  -0.1923       NA  +0.0228    NA   333       NA         NA    NA
CAGS 2015-01-13 2015-01-29  -0.1923  -0.2804  +0.0228  +0.0255   333   306  +2.5770  9.966e-03     1
CAGS 2015-12-27 2016-01-11  -0.2804  -0.2094  +0.0255  +0.0274   306   253  -1.9001  5.742e-02     0
CAGS 2016-11-05 2016-11-17  -0.2094  -0.3799  +0.0274  +0.0170   253   586  +5.2901  1.223e-07     1
CAGS 2023-02-10 2023-02-10  -0.5022  -0.1701  +0.0530  +0.0195    56   557  -5.8759  4.205e-09     1
CAGS 2024-11-10 2024-11-11  -0.1701  -0.4409  +0.0195  +0.0254   557   264  +8.4542  2.811e-17     1
CAGS 2025-11-08 2025-12-30  -0.4409       NA  +0.0254       NA   264    NA       NA         NA    NA
CAGZ 2002-06-05 2002-07-14       NA  +1.2763       NA  +0.0630    NA   136       NA         NA    NA
CAGZ 2003-10-16 2003-10-22  +0.5714  +0.8520  +0.0464  +0.0198   224  1094  -5.5609  2.684e-08     1
CAGZ 2011-03-14 2011-03-15  +0.9359  +0.8140  +0.0234  +0.0239   775   845  +3.6426  2.699e-04     1
CALL 2009-10-03 2009-12-27  -0.5358  -0.4538  +0.2031  +0.1246    71   149  -0.3443  7.306e-01     0
CALL 2010-07-27 2010-07-29  -0.4538  -0.9666  +0.1246  +0.1310   149   179  +2.8366  4.559e-03     1
CALL 2011-02-12 2011-03-05  -0.9666  +0.1607  +0.1310  +0.1388   179   107  -5.9061  3.502e-09     1
CALL 2011-07-14 2011-07-16  +0.1607  +0.1948  +0.1388  +0.1821   107    86  -0.1487  8.818e-01     0
CALL 2011-11-08 2011-11-15  +0.1948  -0.0332  +0.1821  +0.0824    86   369  +1.1409  2.539e-01     0
CALL 2012-11-27 2012-12-03  -0.0332  -0.1826  +0.0824  +0.1197   369   162  +1.0277  3.041e-01     0
CALL 2016-05-14 2016-06-07  -2.1810  +0.5304  +0.2155  +0.2328    45    43  -8.5464  1.270e-17     1
CALL 2016-07-21 2016-07-24  +0.5304  -0.0644  +0.2328  +0.1773    43    96  +2.0321  4.214e-02     1
CALL 2017-04-11 2017-04-23  -0.8221  -0.0420  +0.1622  +0.1589    83    89  -3.4366  5.891e-04     1
CARR 1995-01-07 1995-01-07  +0.0530  -0.3342  +0.0678  +0.0424   160   329  +4.8399  1.299e-06     1
CARR 1996-02-09 1996-02-15  -0.3342  -0.1872  +0.0424  +0.0649   329   141  -1.8959  5.798e-02     0
CARR 1996-07-08 1996-08-25  -0.1872  -0.1130  +0.0649  +0.0304   141   589  -1.0355  3.004e-01     0
CARR 1998-04-28 1998-04-30  -0.1130  -0.1989  +0.0304  +0.1034   589    94  +0.7967  4.256e-01     0
CARR 1998-08-03 1998-08-17  -0.1989  -0.7623  +0.1034  +0.1034    94    72  +3.8527  1.168e-04     1
CARR 1999-08-01 1999-10-26  +0.7732  -0.2489  +0.1242  +0.0490    73   191  +7.6541  1.946e-14     1
CARR 2000-05-20 2000-06-26  -0.2489  -0.4283  +0.0490  +0.0744   191   156  +2.0138  4.404e-02     1
CARR 2001-03-19 2001-03-23  -0.4283  -0.6463  +0.0744  +0.1075   156    47  +1.6683  9.525e-02     0
CARR 2001-05-10 2001-05-13  -0.6463  -0.1585  +0.1075  +0.0294    47   679  -4.3784  1.195e-05     1
CAS1 1996-04-13 1996-05-16  +0.0599  +0.1039  +0.0163  +0.0309   241    68  -1.2615  2.071e-01     0
CAS1 1997-06-25 1997-07-02  +1.0421  +0.9570  +0.0373  +0.0343    48    48  +1.6799  9.297e-02     0
CAS1 1997-09-28 1997-11-05  +0.9570  -0.2703  +0.0343  +0.0125    48   428 +33.5895 2.389e-247     1
CAS1 2016-08-10 2016-08-12  +0.0175  +0.1270  +0.0084  +0.0049   942  2738 -11.2807  1.634e-29     1
CCJ2 2017-11-09 2017-11-18  -0.0136  -0.2586  +0.0290  +0.0253   901  1098  +6.3723  1.862e-10     1
CCJ2 2021-02-13 2021-02-14  -0.2586  +0.3395  +0.0253  +0.0963  1098    53  -6.0100  1.855e-09     1
CCJ2 2024-09-06 2024-09-22  +1.4067  -0.1209  +0.1189  +0.0408    76   451 +12.1505  5.703e-34     1
CCJM 2002-02-03 2002-02-07  -0.0301  +0.3296  +0.0539  +0.0234   322  1629  -6.1198  9.372e-10     1
CCJM 2006-09-23 2006-09-27  +0.3296  +0.0951  +0.0234  +0.0232  1629  1569  +7.1239  1.049e-12     1
CEDU 2000-01-31 2000-02-17  -0.8342  -0.6479  +0.0378  +0.0511   270   147  -2.9318  3.371e-03     1
CEDU 2000-08-08 2000-09-11  -0.6479  -0.6674  +0.0511  +0.0427   147   274  +0.2920  7.703e-01     0
CEDU 2001-06-24 2001-07-04  -0.6674  -0.5424  +0.0427  +0.0287   274   457  -2.4290  1.514e-02     1
CEDU 2002-11-18 2002-11-27  -0.5424  -0.3802  +0.0287  +0.0233   457   823  -4.3940  1.113e-05     1
CEDU 2005-05-06 2005-05-09  -0.3802  -0.9303  +0.0233  +0.0365   823   314 +12.7182  4.683e-37     1
CEDU 2006-05-10 2006-06-20  -0.9303  -0.6409  +0.0365  +0.0258   314   630  -6.4791  9.230e-11     1
CEDU 2008-05-09 2008-05-13  -0.6409  -0.3816  +0.0258  +0.0194   630  1075  -8.0319  9.594e-16     1
CEDU 2016-07-30 2016-08-11  +0.0755  -0.9526  +0.0685  +0.0742    68    53 +10.1851  2.310e-24     1
CEDU 2024-08-22 2024-08-30  -0.6227  -0.5679  +0.0164  +0.0317  1520   410  -1.5380  1.240e-01     0
CFAG 2000-07-08 2000-07-24  +1.1502  +1.7448  +0.0872  +0.0945    66    62  -4.6222  3.797e-06     1
CFAG 2001-02-20 2001-03-12  +3.0625  +0.9739  +0.1133  +0.1105   146    76 +13.1922  9.733e-40     1
CFAG 2001-05-30 2001-06-13  +0.9739  +0.5170  +0.1105  +0.1000    76    45  +3.0648  2.178e-03     1
CFAG 2002-07-05 2002-07-06  +1.4888  +1.6728  +0.0843  +0.0795    82   132  -1.5867  1.126e-01     0
CFAG 2002-12-12 2002-12-21  +1.6728  +1.5466  +0.0795  +0.0386   132   624  +1.4277  1.534e-01     0
CFAG 2005-07-12 2005-07-14  +1.5466  +0.8237  +0.0386  +0.0830   624    91  +7.8976  2.844e-15     1
CFAG 2009-04-28 2009-05-01  +0.9727  +1.0803  +0.0383  +0.0575   647   189  -1.5591  1.190e-01     0
CFAG 2009-11-17 2009-11-22  +1.0803  +1.1067  +0.0575  +0.1032   189   150  -0.2232  8.233e-01     0
CFAG 2010-05-16 2010-05-30  +1.1067  +1.3957  +0.1032  +0.1034   150    41  -1.9782  4.791e-02     1
CGGN 2012-11-07 2012-11-13  +0.7395  +1.7176  +0.0846  +0.0792   124    67  -8.4438  3.073e-17     1
CGGN 2013-01-20 2013-01-20  +1.7176  +1.0088  +0.0792  +0.0663    67   201  +6.8645  6.672e-12     1
CGGN 2013-11-27 2014-01-02  +1.0088  +0.7202  +0.0663  +0.0684   201   160  +3.0283  2.460e-03     1
CGGN 2015-11-19 2016-07-11  +0.7202       NA  +0.0684       NA   160    NA       NA         NA    NA
CHAN 2006-02-12 2006-02-12  +0.2693  +0.1799  +0.0200  +0.0358    69    45  +2.1796  2.929e-02     1
CHAN 2006-03-31 2006-04-01  +0.1799  +0.3938  +0.0358  +0.0319    45   205  -4.4633  8.070e-06     1
CHAN 2006-12-19 2007-02-02  +0.3938  +0.2624  +0.0319  +0.0253   205   248  +3.2271  1.251e-03     1
CHAN 2008-01-01 2008-01-07  +0.2624  +0.0314  +0.0253  +0.0127   248   587  +8.1646  3.224e-16     1
CHAN 2009-11-04 2009-11-04  +0.0314  -0.0581  +0.0127  +0.0175   587   110  +4.1428  3.431e-05     1
CHAN 2010-02-23 2010-02-24  -0.0581  -0.0209  +0.0175  +0.0116   110   789  -1.7709  7.658e-02     0
CHAN 2013-01-20 2013-01-28  -0.3598  +0.1231  +0.0232  +0.0264    64   216 -13.7490  5.163e-43     1
CHAN 2013-12-03 2025-11-01  +0.1231  +0.4230  +0.0264  +0.0334   216    45  -7.0477  1.819e-12     1
CHAN 2025-12-18 2025-12-30  +0.4230       NA  +0.0334       NA    45    NA       NA         NA    NA
CHAT 1998-11-13 1998-11-21  -0.4445  -0.6286  +0.0232  +0.0503   687   167  +3.3223  8.928e-04     1
CHAT 1999-06-13 1999-06-15  -0.6286  -0.5051  +0.0503  +0.0211   167   823  -2.2636  2.360e-02     1
CHAT 2004-06-18 2004-06-21  -0.0858  +0.2411  +0.0521  +0.0118   158  2713  -6.1212  9.289e-10     1
CHPG 2017-05-28 2017-05-31  -0.2091  -0.7630  +0.1085  +0.1115   118    65  +3.5592  3.720e-04     1
CHPG 2017-12-14 2018-01-08  -0.6696  -1.1306  +0.1529  +0.1325    58    96  +2.2784  2.270e-02     1
CHPG 2018-04-15 2018-04-23  -1.1306  -0.4731  +0.1325  +0.0783    96   136  -4.2720  1.937e-05     1
CHPG 2018-09-07 2018-09-11  -0.4731  -0.6047  +0.0783  +0.0270   136  1568  +1.5895  1.120e-01     0
CHPG 2023-02-11 2023-03-11  -0.6047  -0.8561  +0.0270  +0.0359  1568   860  +5.5948  2.209e-08     1
CHPI 2004-05-01 2004-06-08  +0.3403  -0.4937  +0.0669  +0.0583   273   319  +9.3944  5.756e-21     1
CHPI 2009-10-26 2009-10-27  +0.0654  -0.0653  +0.0291  +0.0591  1364   329  +1.9825  4.743e-02     1
CHPI 2010-09-27 2010-10-02  -0.0653  +0.0980  +0.0591  +0.0254   329  1768  -2.5380  1.115e-02     1
CHPI 2017-12-14 2018-01-07  -0.4662  -1.2481  +0.1488  +0.1288    69    96  +3.9729  7.099e-05     1
CHPI 2018-09-07 2018-09-11  -0.0062  -0.3029  +0.0781  +0.0263   146  1705  +3.6018  3.161e-04     1
CHTI 2019-03-17 2019-03-25  +0.0162  +0.1026  +0.0170  +0.0146   994  1342  -3.8416  1.223e-04     1
CHUM 1997-10-14 1997-10-30       NA  -0.3050       NA  +0.0809    NA    54       NA         NA    NA
CHUM 1998-11-13 1998-12-16  +0.9882  +0.1688  +0.1085  +0.0548    73   158  +6.7397  1.587e-11     1
CHUM 2000-01-21 2000-01-30  -0.1093  -0.0087  +0.0878  +0.0859    40    78  -0.8187  4.129e-01     0
CHUM 2002-01-22 2002-02-28  +0.0008  -0.4539  +0.0395  +0.1085   307    77  +3.9364  8.273e-05     1
CHUM 2006-03-24 2006-03-28  +0.0859  +0.3879  +0.0402  +0.0308   373   705  -5.9564  2.579e-09     1
CHUM 2013-03-17 2013-03-30  -0.2627  +0.0455  +0.0499  +0.0442   151   331  -4.6201  3.835e-06     1
CHUR 1998-02-27 1998-02-27  -0.0741  +0.2303  +0.0281  +0.0319    41    73  -7.1547  8.383e-13     1
CHUR 1998-05-21 1998-05-21  +0.2303  +0.1518  +0.0319  +0.0316    73   157  +1.7467  8.068e-02     0
CHUR 2004-01-27 2004-02-29  +0.2491  +0.0063  +0.0109  +0.0291   642    95  +7.8279  4.963e-15     1
CHUR 2006-02-12 2006-02-25  +0.0820  +0.3738  +0.0268  +0.0121    49   569  -9.9321  3.018e-23     1
CIC1 1999-10-25 1999-10-25  +0.3684  +0.1376  +0.0644  +0.0586   192   120  +2.6487  8.081e-03     1
CIC1 2000-03-25 2000-04-24  +0.1376  +0.2081  +0.0586  +0.1073   120    55  -0.5761  5.645e-01     0
CIC1 2000-06-20 2000-06-29  +0.2081  -0.8346  +0.1073  +0.1585    55    64  +5.4470  5.123e-08     1
CIC1 2001-05-09 2001-05-24  +0.0344  +0.1366  +0.0506  +0.0406   187   343  -1.5763  1.150e-01     0
CIC1 2005-08-05 2005-08-26  -0.1876  +0.3584  +0.0946  +0.0430    88   293  -5.2545  1.484e-07     1
CIC1 2007-07-21 2007-08-06  +0.3584  +0.6393  +0.0430  +0.1437   293    58  -1.8731  6.106e-02     0
CIC1 2007-10-27 2007-11-13  +0.6393  +0.4512  +0.1437  +0.0329    58   535  +1.2759  2.020e-01     0
CIC1 2009-09-26 2009-10-03  +0.4512  +0.5900  +0.0329  +0.0856   535    70  -1.5145  1.299e-01     0
CICE 1995-08-31 1995-09-10  +0.2299  -0.7816  +0.0817  +0.1446   122    41  +6.0899  1.130e-09     1
CICE 1995-11-08 1996-01-06  -0.7816  +0.2198  +0.1446  +0.0526    41   157  -6.5073  7.653e-11     1
CICE 1996-06-13 1996-06-18  +0.2198  +0.6318  +0.0526  +0.1375   157    89  -2.7977  5.147e-03     1
CICE 1996-09-23 1996-10-28  +0.6318  -0.0699  +0.1375  +0.0291    89   693  +4.9910  6.007e-07     1
CICE 1998-12-27 1999-02-07  -0.0699       NA  +0.0291       NA   693    NA       NA         NA    NA
CKIS 2018-10-06 2019-04-09  -0.3261  -0.2382  +0.0528  +0.0583   428   390  -1.1167  2.641e-01     0
CKIS 2020-12-14 2020-12-21  -0.2382  -0.9081  +0.0583  +0.1077   390   153  +5.4705  4.488e-08     1
CKIS 2021-06-12 2021-06-16  -0.9081  -0.5807  +0.1077  +0.0350   153  1025  -2.8922  3.826e-03     1
CKIS 2025-01-01 2025-01-02  -0.5807  -0.6552  +0.0350  +0.0599  1025   358  +1.0736  2.830e-01     0
CNMR 2004-02-19 2004-02-20  -1.6149  -0.7599  +0.2037  +0.0410    43  1025  -4.1138  3.893e-05     1
CNMR 2009-03-19 2009-03-23  -1.7088  -1.2209  +0.0678  +0.0677   379   385  -5.0919  3.545e-07     1
CNMR 2012-06-05 2012-06-10  -0.9050  -1.1681  +0.0582  +0.0553   519   572  +3.2780  1.045e-03     1
CNMR 2014-04-29 2014-05-01  -0.2316  -0.9506  +0.1606  +0.0512    64   667  +4.2659  1.991e-05     1
CNMR 2016-05-22 2016-05-30  -0.9506  -0.2982  +0.0512  +0.0796   667   276  -6.8929  5.469e-12     1
CNMR 2019-07-28 2019-08-13  -0.9155  -0.7894  +0.0551  +0.0399   567  1087  -1.8545  6.367e-02     0
COCO 1996-09-08 1996-09-29  -0.1827  -0.1765  +0.1315  +0.0806    60   166  -0.0407  9.675e-01     0
COCO 1998-08-24 1998-09-23  -0.2127  -0.7540  +0.0984  +0.0830   129   148  +4.2051  2.610e-05     1
COCO 1999-11-17 1999-12-19  -1.5365  -0.1314  +0.0981  +0.0741    90   225 -11.4307  2.937e-30     1
COCO 2002-07-10 2002-07-19  -1.8326  -1.3361  +0.1634  +0.0691    48   184  -2.7989  5.128e-03     1
COCO 2007-03-04 2007-03-04  -1.0135  -0.3347  +0.0697  +0.0295   190  1204  -8.9651  3.101e-19     1
COCO 2010-10-27 2010-11-08  -0.3347  -0.6094  +0.0295  +0.0451  1204   544  +5.1002  3.392e-07     1
COCO 2012-06-08 2012-06-14  -0.6094  -1.0198  +0.0451  +0.0416   544   575  +6.6880  2.263e-11     1
CONZ 2003-03-03 2003-03-18  -0.9137  -0.5393  +0.0620  +0.0362   152   404  -5.2179  1.810e-07     1
CONZ 2004-05-09 2004-05-17  -0.5393  -0.4355  +0.0362  +0.0236   404   944  -2.4033  1.625e-02     1
CONZ 2007-03-27 2007-04-06  -0.4355  -0.2416  +0.0236  +0.0419   944   260  -4.0377  5.397e-05     1
CONZ 2007-12-26 2007-12-28  -0.2416  +0.0223  +0.0419  +0.1341   260    54  -1.8778  6.041e-02     0
CONZ 2008-02-23 2008-02-27  +0.0223  -0.4475  +0.1341  +0.0359    54   412  +3.3835  7.156e-04     1
CONZ 2009-05-11 2009-05-12  -0.4475  -0.5828  +0.0359  +0.0265   412   719  +3.0322  2.428e-03     1
CONZ 2011-07-05 2011-08-15  -0.5828  -0.2276  +0.0265  +0.0315   719   511  -8.6281  6.236e-18     1
CONZ 2013-01-18 2013-01-20  -0.2276  +0.4067  +0.0315  +0.0950   511    84  -6.3369  2.344e-10     1
CONZ 2013-04-17 2013-04-18  +0.4067  -0.2448  +0.0950  +0.0405    84   303  +6.3076  2.833e-10     1
CONZ 2014-02-23 2014-03-03  -0.2448  +0.0479  +0.0405  +0.1008   303    63  -2.6933  7.075e-03     1
CONZ 2014-05-10 2014-05-11  +0.0479  -0.3417  +0.1008  +0.0883    63    58  +2.9063  3.657e-03     1
CONZ 2014-07-09 2014-07-12  -0.3417  -0.2780  +0.0883  +0.0451    58   258  -0.6426  5.205e-01     0
CORD 1999-08-04 1999-08-30       NA  +1.8890       NA  +0.1306    NA    82       NA         NA    NA
CORD 2000-04-21 2000-04-25  +1.8890  +1.8456  +0.1306  +0.1044    82    57  +0.2600  7.949e-01     0
CORD 2000-07-08 2000-07-26  +1.8456  +2.0455  +0.1044  +0.0679    57   172  -1.6044  1.086e-01     0
CORD 2001-05-26 2001-06-08  +2.0455  +0.9783  +0.0679  +0.1061   172    45  +8.4697  2.460e-17     1
CORD 2003-06-10 2003-06-30  +1.8740  +1.2539  +0.0618  +0.1040   230    41  +5.1239  2.993e-07     1
CORD 2003-12-24 2004-01-25  +2.0133  +0.8995  +0.0742  +0.1231   131    91  +7.7496  9.222e-15     1
CORD 2005-08-21 2005-08-22  +2.0497  +1.2153  +0.0683  +0.0454   128   352 +10.1771  2.509e-24     1
CORD 2014-10-14 2014-10-18  +1.2153  +0.8398  +0.0454  +0.0765   352   200  +4.2203  2.439e-05     1
CORD 2015-06-01 2015-08-20  +0.8398  +1.2601  +0.0765  +0.0286   200   994  -5.1454  2.670e-07     1
COYQ 1999-01-17 1999-04-03       NA  +0.6195       NA  +0.0278    NA   364       NA         NA    NA
COYQ 2000-08-19 2000-08-22  +0.6195  +0.6744  +0.0278  +0.0123   364  1786  -1.8029  7.141e-02     0
COYQ 2009-07-16 2009-07-21  +0.6744  +0.9850  +0.0123  +0.0499  1786    91  -6.0471  1.475e-09     1
COYQ 2011-06-01 2011-06-03  +0.5649  +0.5720  +0.0291  +0.0193   386   742  -0.2035  8.387e-01     0
COYQ 2018-10-17 2018-10-31  +0.5720       NA  +0.0193       NA   742    NA       NA         NA    NA
CPVG 2017-12-22 2017-12-31  -0.0433  -0.5484  +0.0692  +0.0613   112    91  +5.4651  4.627e-08     1
CPVG 2019-03-29 2019-04-10  -0.4713  +0.0034  +0.0826  +0.0420    56   288  -5.1213  3.034e-07     1
CPVG 2020-01-24 2020-01-24  +0.0034  -0.3201  +0.0420  +0.0429   288   274  +5.3885  7.106e-08     1
CPVG 2020-11-16 2020-12-05  -0.3201  -0.3886  +0.0429  +0.0392   274   281  +1.1774  2.391e-01     0
CPVG 2023-07-30 2023-08-01  -0.7401  -0.8876  +0.0271  +0.0578   610   170  +2.3118  2.079e-02     1
CPVG 2024-01-21 2024-02-05  -0.8876  -0.8684  +0.0578  +0.0310   170   460  -0.2932  7.694e-01     0
CPXF 2008-02-16 2008-02-29  +0.3145  +0.2268  +0.0510  +0.0279    79   307  +1.5084  1.315e-01     0
CPXF 2009-01-13 2009-01-24  +0.2268  +0.3744  +0.0279  +0.0365   307   129  -3.2139  1.310e-03     1
CPXF 2010-03-04 2010-03-05  +0.4436  +0.2169  +0.0333  +0.0189   191   645  +5.9203  3.214e-09     1
CPXF 2012-01-22 2012-02-11  +0.2169  +0.2662  +0.0189  +0.0212   645   489  -1.7370  8.239e-02     0
CPXF 2015-02-12 2015-02-12  +0.0923  +0.0690  +0.0217  +0.0381   467   128  +0.5323  5.945e-01     0
CPXF 2015-06-27 2015-06-28  +0.0690  +0.2363  +0.0381  +0.0292   128   255  -3.4835  4.948e-04     1
CPXF 2016-04-06 2016-04-09  +0.2363  +0.3346  +0.0292  +0.0272   255   322  -2.4633  1.376e-02     1
CPXF 2023-04-29 2023-05-03  -0.0633  -0.0776  +0.0277  +0.0171   267   799  +0.4367  6.623e-01     0
CRAR 1999-01-03 1999-01-03       NA  +0.2626       NA  +0.0223    NA   100       NA         NA    NA
CRAR 2005-04-05 2005-04-21  +0.1441  +0.8751  +0.0090  +0.0240   376    44 -28.5466 3.093e-179     1
CRAR 2009-04-11 2009-05-13  +0.1885  +0.3319  +0.0116  +0.0192   253    63  -6.3981  1.573e-10     1
CRAR 2009-07-18 2009-07-27  +0.3319  +0.2073  +0.0192  +0.0088    63   374  +5.9007  3.620e-09     1
CRAR 2011-03-04 2011-04-28  +0.0119  +0.4056  +0.0146  +0.0222   188    50 -14.8248  1.013e-49     1
CRO1 1998-01-10 1998-01-19  +0.3350  +0.5964  +0.0666  +0.0624   382   421  -2.8636  4.188e-03     1
CRO1 1999-07-10 1999-07-15  +0.5964  -0.3194  +0.0624  +0.0885   421   212  +8.4570  2.743e-17     1
CRO1 2000-04-27 2000-05-22  -0.3194  +0.6656  +0.0885  +0.1323   212    95  -6.1884  6.076e-10     1
CRO1 2000-09-29 2000-11-16  +0.6656  +0.1203  +0.1323  +0.0540    95   565  +3.8158  1.357e-04     1
CRO1 2003-01-19 2003-01-26  +0.8672  +0.5404  +0.1005  +0.0456   179   820  +2.9610  3.067e-03     1
CTWN 2008-11-26 2008-11-26  -0.6548  -0.9397  +0.0629  +0.0356    94   408  +3.9385  8.200e-05     1
CTWN 2010-02-28 2010-03-03  -0.9397  -0.6236  +0.0356  +0.0590   408   139  -4.5845  4.551e-06     1
CTWN 2010-07-27 2010-07-30  -0.6236  -0.7017  +0.0590  +0.0518   139   143  +0.9941  3.202e-01     0
CTWN 2012-10-12 2012-10-18  +1.5042  -0.4960  +0.0392  +0.0461   299   208 +33.0355 2.509e-239     1
DAEJ 2000-09-19 2000-10-11  +0.5763  +0.5073  +0.0248  +0.0425   476    80  +1.4029  1.607e-01     0
DAEJ 2001-01-18 2001-01-19  +0.5073  +0.2597  +0.0425  +0.0435    80   109  +4.0719  4.663e-05     1
DAEJ 2007-01-08 2007-01-23  +0.0308  -0.2743  +0.0295  +0.0390   312   220  +6.2358  4.494e-10     1
DAEJ 2017-01-28 2017-03-23  -0.1232  -0.9718  +0.0157  +0.0863   985    78  +9.6784  3.724e-22     1
DAKA 2002-03-23 2002-04-09       NA  +0.4884       NA  +0.0942    NA   137       NA         NA    NA
DAKA 2002-10-29 2002-12-06  +0.4884  +0.1750  +0.0942  +0.0527   137   292  +2.9037  3.688e-03     1
DAKA 2004-02-26 2004-02-27  +0.1750  -0.0457  +0.0527  +0.0494   292   302  +3.0534  2.263e-03     1
DARW 1998-06-27 1998-07-06  -0.3028  -0.6586  +0.0641  +0.0431   267   606  +4.6058  4.110e-06     1
DARW 2001-04-16 2001-07-03  -0.6586  -0.9907  +0.0431  +0.0816   606   192  +3.5980  3.206e-04     1
DARW 2002-05-23 2002-05-25  -2.6374  -0.6807  +0.1738  +0.0312    45  1192 -11.0802  1.565e-28     1
DARW 2007-05-30 2007-06-29  -0.3722  -0.3642  +0.0678  +0.0556   282   336  -0.0910  9.275e-01     0
DARW 2008-08-10 2008-08-23  -0.3642  -0.7465  +0.0556  +0.0504   336   518  +5.0937  3.512e-07     1
DARW 2012-03-29 2012-04-09  +0.3297  +0.4008  +0.0945  +0.1096   191    82  -0.4913  6.232e-01     0
DARW 2012-07-04 2012-07-22  +0.4008  -0.0423  +0.1096  +0.0569    82   361  +3.5878  3.335e-04     1
DARW 2018-05-10 2018-05-17  -0.0381  +0.4652  +0.0485  +0.0357   582   872  -8.3598  6.283e-17     1
DAV1 1995-08-01 1995-09-15  -0.0994  -0.2708  +0.0199  +0.0095   100   410  +7.7703  7.833e-15     1
DAV1 1998-02-15 1998-05-20  -0.2708  -0.6150  +0.0095  +0.0251   410    56 +12.8422  9.508e-38     1
DAV1 1998-07-25 1998-10-09  -0.6150  -0.9045  +0.0251  +0.0140    56   205 +10.0825  6.601e-24     1
DAV1 1999-07-24 1999-08-13  -0.9045  -0.1283  +0.0140  +0.0134   205   211 -40.0559  0.000e+00     1
DAV1 2005-04-05 2005-05-01  -0.1350  +0.0052  +0.0234  +0.0091    85   446  -5.5772  2.444e-08     1
DAVR 1999-11-03 1999-11-19       NA  -0.1318       NA  +0.0144    NA   185       NA         NA    NA
DAVR 2001-06-18 2001-07-19  +0.1737  +0.0681  +0.0133  +0.0172   179    95  +4.8630  1.156e-06     1
DAVR 2002-08-22 2002-12-27  +0.0865  +0.0201  +0.0140  +0.0118   191   245  +3.6156  2.997e-04     1
DAVR 2003-11-09 2003-11-21  +0.0201  -0.0484  +0.0118  +0.0095   245   433  +4.5117  6.431e-06     1
DAVR 2005-03-07 2005-04-25  -0.0484  -0.3398  +0.0095  +0.0179   433   109 +14.3693  8.065e-47     1
DGAR 1998-01-16 1998-01-20  -1.4450  -0.3011  +0.1433  +0.1105    87   134  -6.3213  2.593e-10     1
DGAR 1998-11-16 1999-01-09  -0.3011  -0.8075  +0.1105  +0.0727   134   320  +3.8279  1.292e-04     1
DGAR 2000-10-19 2000-10-28  -0.8075  -0.5302  +0.0727  +0.0497   320   702  -3.1490  1.639e-03     1
DGAR 2005-08-20 2005-09-26  -0.5302  -0.1412  +0.0497  +0.0377   702  1235  -6.2355  4.504e-10     1
DGAR 2009-08-15 2009-08-23  -0.1412  -0.4109  +0.0377  +0.0475  1235   763  +4.4452  8.783e-06     1
DGAR 2012-01-23 2012-01-26  +0.4413  -0.4072  +0.1453  +0.0323    95  1667  +5.7007  1.193e-08     1
DGAR 2017-03-12 2017-03-14  -0.4072  -0.1443  +0.0323  +0.0545  1667   573  -4.1488  3.342e-05     1
DGAR 2019-05-20 2019-06-13  -0.1443  -0.5456  +0.0545  +0.0397   573  1096  +5.9498  2.684e-09     1
DGAR 2023-04-13 2023-04-19  -1.1639  -0.8185  +0.0793  +0.0479   271   763  -3.7279  1.931e-04     1
DGAR 2025-06-02 2025-06-08  -0.8185  -0.5785  +0.0479  +0.0918   763   205  -2.3193  2.038e-02     1
DGAV 2012-01-23 2012-01-26  +0.2477  -0.3635  +0.1019  +0.1106   149   118  +4.0642  4.819e-05     1
DGAV 2012-05-26 2012-06-04  -0.3635  -0.3904  +0.1106  +0.0314   118  1507  +0.2335  8.154e-01     0
DRAG 2000-04-02 2000-04-23  +2.5138  +2.8623  +0.1036  +0.1242    49    50  -2.1554  3.113e-02     1
DRAG 2000-07-13 2000-08-07  +2.8623  +2.8926  +0.1242  +0.1412    50    60  -0.1616  8.716e-01     0
DRAG 2001-10-13 2001-10-13  +1.6438  +1.8774  +0.0517  +0.0307   232   710  -3.8825  1.034e-04     1
DRAG 2004-10-11 2004-10-20  +1.8774  +1.9276  +0.0307  +0.0301   710   751  -1.1703  2.419e-01     0
DRAG 2010-01-16 2010-02-18  +1.9070  +2.2603  +0.0475  +0.0766   306   105  -3.9191  8.887e-05     1
DRAG 2012-08-21 2012-09-19  +2.0203  +2.2098  +0.0349  +0.0495   557   245  -3.1303  1.746e-03     1
DRAO 1998-10-09 1998-11-08  +0.2692  +0.4646  +0.0271  +0.0299   320   191  -4.8400  1.299e-06     1
DRAO 1999-05-23 1999-06-06  +0.4646  +0.0734  +0.0299  +0.0299   191   259  +9.2431  2.395e-20     1
DRAO 2001-03-19 2001-03-24  -0.1748  +0.3938  +0.0328  +0.0177   148   782 -15.2751  1.121e-52     1
DRAO 2004-03-10 2004-04-13  +0.2716  +0.2128  +0.0314  +0.0095   184  2705  +1.7936  7.287e-02     0
DRAO 2011-12-25 2012-01-07  +0.2128  +0.1411  +0.0095  +0.0145  2705  1081  +4.1301  3.626e-05     1
DRAO 2015-02-22 2015-03-13  +0.1411  +0.1114  +0.0145  +0.0246  1081   382  +1.0393  2.987e-01     0
DRAO 2021-11-30 2021-12-02  +0.3553  +0.1731  +0.0179  +0.0128   728  1401  +8.2840  1.191e-16     1
DUBO 1998-02-14 1998-02-20  +0.7740  +0.6499  +0.0173  +0.0397   381    66  +2.8632  4.194e-03     1
DUBO 2000-03-27 2000-04-20  +0.2706  +0.7788  +0.0218  +0.0502   169   161  -9.2802  1.692e-20     1
DUBO 2004-03-24 2004-03-26  +0.1635  +0.4078  +0.0282  +0.0095    78  1562  -8.2010  2.384e-16     1
DUBO 2012-03-10 2012-03-25  +0.1643  -0.0504  +0.0106  +0.0078  1079  2248 +16.3683  3.219e-60     1
DUBO 2023-09-22 2023-10-23  -0.0758  -0.0458  +0.0234  +0.0421   255    59  -0.6228  5.334e-01     0
DUBO 2023-12-22 2024-02-05  -0.0458  -0.2491  +0.0421  +0.0163    59   531  +4.4999  6.799e-06     1
DUBO 2025-08-23 2025-10-13  -0.2491  -0.2339  +0.0163  +0.0369   531    78  -0.3755  7.073e-01     0
DUM1 1999-03-03 1999-03-11  +0.3269  -0.0165  +0.0148  +0.0218   324   143 +13.0436  6.916e-39     1
DUM1 2002-02-03 2002-03-06  +0.4654  +0.3390  +0.0102  +0.0218   668   146  +5.2603  1.438e-07     1
DUM1 2004-05-26 2004-06-26  +0.5574  +0.2220  +0.0108  +0.0212   601   128 +14.0636  6.354e-45     1
DUM1 2006-09-16 2006-09-20  +0.4501  +0.5464  +0.0143  +0.0156   347   300  -4.5547  5.246e-06     1
DUM1 2008-05-06 2008-05-11  +0.6669  +0.6912  +0.0215  +0.0148   165   318  -0.9305  3.521e-01     0
DUM1 2010-10-06 2010-11-12  +0.2453  +0.4054  +0.0319  +0.0172    57   265  -4.4210  9.822e-06     1
DUM1 2012-07-21 2012-08-27  -0.6626  +0.0334  +0.0386  +0.0161    44   281 -16.6475  3.153e-62     1
EIL1 2001-02-09 2001-02-23  -0.1079  +0.0278  +0.0233  +0.0268   222   210  -3.8218  1.325e-04     1
EIL1 2002-01-09 2002-02-07  -0.2385  -0.0281  +0.0314  +0.0307    84    75  -4.7861  1.701e-06     1
EIL1 2002-04-27 2002-05-28  -0.0281  +0.3785  +0.0307  +0.0842    75    65  -4.5352  5.754e-06     1
EIL1 2002-12-07 2002-12-22  +0.4104  +0.0416  +0.0438  +0.0320    43    69  +6.8024  1.029e-11     1
EIL1 2003-03-02 2003-03-26  +0.0416  +0.0074  +0.0320  +0.0183    69   403  +0.9282  3.533e-01     0
EIL1 2004-08-06 2004-08-25  +0.0074  -0.0258  +0.0183  +0.0432   403    75  +0.7076  4.792e-01     0
EIL1 2004-11-14 2005-01-15  -0.0258  +0.3020  +0.0432  +0.0233    75   225  -6.6790  2.406e-11     1
EIL1 2007-01-12 2007-02-12  +0.3255  +0.1049  +0.0252  +0.0126   231   712  +7.8261  5.031e-15     1
EIL1 2009-02-12 2009-03-12  +0.1049  +0.1208  +0.0126  +0.0166   712   387  -0.7662  4.436e-01     0
EISL 1994-05-04 1994-09-30       NA  -1.6977       NA  +0.1444    NA    55       NA         NA    NA
EISL 2000-03-16 2000-05-13  -0.9591  -1.2569  +0.0358  +0.0497   898   401  +4.8648  1.145e-06     1
EISL 2004-09-12 2004-12-12  -0.8744       NA  +0.0453       NA   498    NA       NA         NA    NA
EPRT 1999-01-23 1999-01-24  +0.8283  +0.5044  +0.0421  +0.0225   107   476  +6.7819  1.186e-11     1
EPRT 2004-04-22 2004-04-22  +0.4449  +0.2442  +0.0324  +0.0127   140  1489  +5.7664  8.099e-09     1
EPRT 2010-03-07 2010-03-21  +0.2442  +0.1300  +0.0127  +0.0223  1489   578  +4.4561  8.346e-06     1
ETAD 2008-10-30 2008-12-17  +0.1803  +0.0491  +0.0538  +0.0573   212   193  +1.6685  9.523e-02     0
ETAD 2010-01-20 2011-11-13  +0.0491  +0.2231  +0.0573  +0.0480   193   283  -2.3276  1.993e-02     1
ETAD 2013-01-01 2013-01-12  +0.2231  +0.9822  +0.0480  +0.1082   283    40  -6.4111  1.445e-10     1
FAA1 2016-06-08 2016-06-18  +0.3442  +1.1045  +0.0804  +0.0548   239   498  -7.8166  5.426e-15     1
FAA1 2017-11-18 2017-11-20  +1.1045  +1.7663  +0.0548  +0.1348   498    82  -4.5489  5.393e-06     1
FAA1 2019-08-05 2019-08-06  +1.7744  +2.3921  +0.0626  +0.0466   390   697  -7.9146  2.481e-15     1
FAIR 1998-01-29 1998-02-18  +0.5783  +0.2971  +0.0129  +0.0202   599   264 +11.7241  9.586e-32     1
FAIR 1998-12-21 1999-01-20  +0.2971  +0.3066  +0.0202  +0.0156   264   323  -0.3733  7.089e-01     0
FAIR 2015-11-25 2015-12-29  +0.3920  +0.3420  +0.0212  +0.0146   268   411  +1.9425  5.208e-02     0
FAIR 2017-02-24 2017-03-24  +0.3420  +0.4890  +0.0146  +0.0285   411   205  -4.5874  4.488e-06     1
FAIR 2018-03-04 2018-03-12  +1.4401  +1.2530  +0.0219  +0.0098   133  1024  +7.7913  6.631e-15     1
FAIR 2021-12-25 2022-01-22  +0.9467  +0.8440  +0.0176  +0.0180   325   320  +4.0747  4.607e-05     1
FAIR 2023-02-05 2023-03-07  +1.8719  +1.1662  +0.0347  +0.0129    48   610 +19.0862  3.287e-81     1
FAIV 2010-03-21 2010-04-12  +0.0985  -0.1481  +0.0231  +0.0439    96    65  +4.9668  6.808e-07     1
FAIV 2010-06-21 2010-06-26  -0.1481  +0.0471  +0.0439  +0.0527    65    72  -2.8449  4.442e-03     1
FAIV 2010-09-13 2010-09-22  +0.0471  -0.0882  +0.0527  +0.0335    72    62  +2.1682  3.015e-02     1
FAIV 2010-12-23 2011-02-27  -0.0882  +0.3310  +0.0335  +0.0267    62    81  -9.8003  1.122e-22     1
FAIV 2012-02-10 2012-03-19  -0.0415  +0.1751  +0.0196  +0.0242   234   200  -6.9495  3.665e-12     1
FAIV 2012-10-12 2012-12-08  +0.1751  +0.0916  +0.0242  +0.0178   200   234  +2.7785  5.461e-03     1
FAIV 2013-08-10 2013-08-11  +0.0916  -0.1417  +0.0178  +0.0357   234    80  +5.8548  4.777e-09     1
FAIV 2013-11-08 2013-11-14  -0.1417  +0.1156  +0.0357  +0.0228    80   108  -6.0788  1.211e-09     1
FAIV 2014-03-07 2014-04-05  +0.1156  +0.0470  +0.0228  +0.0148   108   347  +2.5246  1.158e-02     1
FAIV 2017-03-14 2017-04-24  -0.0295  +0.0148  +0.0143  +0.0326   365   156  -1.2436  2.137e-01     0
FALE 1997-10-24 1997-10-28  -0.1703  +0.1126  +0.0949  +0.1217   245   137  -1.8327  6.684e-02     0
FALE 1998-03-30 1998-04-15  +0.1126  -0.3688  +0.1217  +0.0827   137   328  +3.2712  1.071e-03     1
FALE 1999-04-28 1999-05-03  -0.3688  -0.1967  +0.0827  +0.0589   328   661  -1.6948  9.011e-02     0
FALE 2001-11-01 2001-11-01  +1.0056  +0.3249  +0.2007  +0.0734    60   416  +3.1847  1.449e-03     1
FALE 2003-02-16 2003-02-17  +0.3249  -0.2036  +0.0734  +0.1919   416    48  +2.5719  1.011e-02     1
FALE 2003-06-01 2003-11-04  -0.2036  +0.8976  +0.1919  +0.1530    48    90  -4.4866  7.238e-06     1
FALE 2004-03-15 2004-04-07  +0.8976  +0.3802  +0.1530  +0.0508    90   888  +3.2090  1.332e-03     1
FALE 2007-01-15 2007-01-15  +0.3802  +0.6896  +0.0508  +0.0694   888   451  -3.5967  3.223e-04     1
FLIN 1996-12-03 1997-01-05  +0.9889  +0.7583  +0.0359  +0.0216   168   256  +5.4999  3.800e-08     1
FLIN 2000-01-28 2000-03-03  +0.5432  +0.5661  +0.0266  +0.0065   117  2645  -0.8350  4.037e-01     0
FLIN 2015-12-13 2016-01-18  +0.1366  +0.1719  +0.0269  +0.0151   237   421  -1.1469  2.514e-01     0
FLIN 2024-01-31 2024-02-03  +0.0377  -0.0153  +0.0201  +0.0137   318   633  +2.1757  2.957e-02     1
FLIN 2025-12-08 2025-12-30  -0.0153       NA  +0.0137       NA   633    NA       NA         NA    NA
FLRS 2008-09-28 2008-10-24  -0.0992  -0.0328  +0.1202  +0.0181    68  2060  -0.5463  5.849e-01     0
FLRS 2015-02-20 2015-03-09  -0.0328  +0.0107  +0.0181  +0.0270  2060   940  -1.3389  1.806e-01     0
FLRS 2018-01-14 2018-01-23  +0.0107  +0.3983  +0.0270  +0.0742   940   102  -4.9120  9.014e-07     1
FLRS 2018-05-13 2018-05-18  +0.3983  +0.1108  +0.0742  +0.0531   102   261  +3.1525  1.619e-03     1
FLRS 2019-02-20 2019-03-04  +0.1108  +0.2480  +0.0531  +0.0385   261   445  -2.0911  3.652e-02     1
FORT 1998-02-14 1998-05-05  -2.4779  -2.1318  +0.1724  +0.1091    83   198  -1.6965  8.979e-02     0
FORT 1999-04-18 1999-04-22  -2.1318  -2.4796  +0.1091  +0.2169   198    64  +1.4327  1.520e-01     0
FORT 1999-07-20 1999-08-10  -2.4796  -1.6719  +0.2169  +0.1509    64   102  -3.0571  2.235e-03     1
FRDN 2015-10-01 2015-10-06  +0.1976  +0.3338  +0.0186  +0.0090   588  2440  -6.5858  4.526e-11     1
FRDN 2022-12-07 2022-12-07  +0.3338  +0.3730  +0.0090  +0.0543  2440    40  -0.7118  4.766e-01     0
FRDN 2023-01-17 2023-01-18  +0.3730  +0.2360  +0.0543  +0.0141    40   985  +2.4389  1.473e-02     1
FTNA 2022-10-26 2022-11-01  -1.0082  -0.7426  +0.0428  +0.0919  1142   266  -2.6200  8.793e-03     1
FUNC 2014-01-02 2014-01-30       NA  +0.0089       NA  +0.0730    NA    98       NA         NA    NA
FUNC 2014-05-14 2014-05-19  +0.0089  +0.4498  +0.0730  +0.0792    98   103  -4.0945  4.231e-05     1
FUNC 2014-09-01 2014-09-11  +0.4498  +0.6957  +0.0792  +0.0551   103   200  -2.5487  1.081e-02     1
FUNC 2015-04-06 2015-05-09  +0.6957  +0.4233  +0.0551  +0.0387   200   404  +4.0463  5.204e-05     1
FUNC 2016-07-22 2016-08-23  +0.4233  +0.3550  +0.0387  +0.0476   404   263  +1.1153  2.647e-01     0
FUNC 2017-06-16 2017-06-25  +0.3550  +0.8480  +0.0476  +0.0557   263   217  -6.7304  1.692e-11     1
FUNC 2018-02-24 2018-03-09  +0.8480  +0.6898  +0.0557  +0.0494   217   256  +2.1254  3.355e-02     1
FUNC 2018-12-06 2018-12-08  +0.6898  +0.6547  +0.0494  +0.0373   256   435  +0.5666  5.710e-01     0
FUNC 2020-02-22 2020-02-24  +0.6547  +0.6705  +0.0373  +0.0477   435   270  -0.2602  7.947e-01     0
FUNC 2022-01-15 2022-01-22  +0.7148  +0.5726  +0.0427  +0.0297   337   696  +2.7360  6.219e-03     1
FUNC 2024-01-11 2024-01-26  +0.5726  +0.4192  +0.0297  +0.0847   696    71  +1.7084  8.756e-02     0
FUNC 2024-04-10 2024-04-11  +0.4192  +0.4696  +0.0847  +0.0556    71   207  -0.4967  6.194e-01     0
FUNC 2024-11-08 2024-11-10  +0.4696  +0.4512  +0.0556  +0.0417   207   354  +0.2647  7.913e-01     0
GALA 1996-04-20 1996-05-26  +1.0371  +1.3014  +0.1612  +0.1475    69    62  -1.2098  2.264e-01     0
GALA 1997-01-01 1997-01-04  +0.2885  +0.9899  +0.1254  +0.1106    78   116  -4.1944  2.736e-05     1
GALA 1997-12-19 1998-01-25  -0.4006  +1.7391  +0.1629  +0.1647    49    57  -9.2346  2.593e-20     1
GALA 2000-08-30 2000-08-31  +0.6210  +1.1118  +0.0641  +0.1762   347    40  -2.6176  8.854e-03     1
GALA 2000-10-13 2000-10-21  +1.1118  +0.8153  +0.1762  +0.0515    40   497  +1.6152  1.063e-01     0
GALA 2002-04-27 2002-11-08  +0.8153       NA  +0.0515       NA   497    NA       NA         NA    NA
GANP 2005-03-18 2005-03-19  +0.5535  +0.4613  +0.0167  +0.0145   503   762  +4.1760  2.967e-05     1
GANP 2007-05-22 2007-06-15  +0.4613  +0.3190  +0.0145  +0.0261   762   238  +4.7704  1.839e-06     1
GANP 2008-02-22 2008-02-24  +0.3190  +0.2620  +0.0261  +0.0197   238   392  +1.7441  8.114e-02     0
GANP 2009-04-04 2009-04-07  +0.2620  +0.1013  +0.0197  +0.0207   392   371  +5.6201  1.909e-08     1
GANP 2012-02-24 2012-03-03  +0.2302  +0.0990  +0.0191  +0.0141   397   817  +5.5227  3.339e-08     1
GANP 2014-11-28 2014-12-02  +0.0628  -0.0030  +0.0507  +0.0291    65   113  +1.1260  2.602e-01     0
GANP 2018-04-14 2018-04-25  +0.6734  +0.9080  +0.0181  +0.0455   435   159  -4.7868  1.695e-06     1
GANP 2018-10-08 2018-11-17  +0.9080  +0.6149  +0.0455  +0.0327   159    93  +5.2263  1.730e-07     1
GANP 2024-02-02 2024-02-06  +0.8187  +0.7351  +0.0124  +0.0160  1049   659  +4.1274  3.668e-05     1
GLPS 2003-07-09 2003-07-10  +0.1461  +0.4351  +0.0746  +0.0915   172    97  -2.4473  1.439e-02     1
GLPS 2007-05-31 2007-06-04  +0.2799  +0.1037  +0.0847  +0.0314   139   891  +1.9508  5.108e-02     0
GLPS 2010-08-18 2010-08-25  +0.1037  +0.3912  +0.0314  +0.0445   891   451  -5.2792  1.298e-07     1
GLPS 2015-01-06 2015-01-22  -0.1993  +0.3466  +0.0441  +0.0911   459   125  -5.3920  6.968e-08     1
GLPS 2016-12-03 2016-12-04  -0.5227  +0.3049  +0.0535  +0.0444   290   453 -11.8976  1.218e-32     1
GLPS 2018-03-23 2018-04-15  +0.3049  -0.0112  +0.0444  +0.0377   453   618  +5.4280  5.699e-08     1
GLPS 2023-01-28 2023-02-02  -1.1696  -0.5675  +0.0641  +0.1018   199   112  -5.0032  5.638e-07     1
GLPS 2024-03-11 2024-03-27  -1.6401  -0.7452  +0.0557  +0.1067   272    88  -7.4375  1.026e-13     1
GLSV 1998-09-06 1998-10-10  +0.7322  +0.4564  +0.0516  +0.0423   136    92  +4.1351  3.548e-05     1
GLSV 1999-01-17 1999-01-26  +0.4564  +0.5153  +0.0423  +0.0366    92   115  -1.0519  2.928e-01     0
GLSV 2000-11-25 2000-11-26  +0.4914  +0.6051  +0.0239  +0.0284   362   190  -3.0646  2.179e-03     1
GLSV 2002-08-21 2002-09-09  -0.2841  +0.5263  +0.1213  +0.0147    43   893  -6.6335  3.278e-11     1
GLSV 2006-01-05 2006-01-17  +0.4322  +0.5645  +0.0547  +0.0173    49   677  -2.3036  2.124e-02     1
GLSV 2008-02-11 2008-02-12  +0.5645  +0.1387  +0.0173  +0.0189   677   623 +16.5970  7.331e-62     1
GLSV 2015-02-24 2015-02-24  +0.3428  +0.3244  +0.0191  +0.0132   508  1198  +0.7927  4.279e-01     0
GLSV 2020-01-02 2020-02-09  +0.5088  +0.3919  +0.0206  +0.0383   495   123  +2.6856  7.241e-03     1
GMAS 2003-04-13 2008-02-19       NA  -0.1525       NA  +0.1205    NA    49       NA         NA    NA
GMAS 2008-04-14 2008-04-29  -0.1525  -1.0785  +0.1205  +0.0873    49   117  +6.2227  4.887e-10     1
GMAS 2009-07-24 2009-08-02  -0.7867  -0.8760  +0.0722  +0.0600   133   211  +0.9513  3.415e-01     0
GMAS 2010-04-18 2010-04-24  -0.8760  -0.6972  +0.0600  +0.0839   211   119  -1.7335  8.300e-02     0
GMAS 2010-12-04 2010-12-21  -0.6972  -0.6936  +0.0839  +0.0767   119   110  -0.0312  9.751e-01     0
GMAS 2011-04-19 2011-05-06  -0.6936  -0.4885  +0.0767  +0.0653   110   207  -2.0361  4.174e-02     1
GMAS 2011-12-10 2011-12-11  -0.4885  -0.1278  +0.0653  +0.0661   207   142  -3.8813  1.039e-04     1
GMAS 2012-05-08 2012-05-08  -0.1278  -0.7181  +0.0661  +0.0708   142   184  +6.0952  1.093e-09     1
GMAS 2012-11-18 2012-11-21  -0.7181  -0.2991  +0.0708  +0.0736   184   120  -4.1032  4.075e-05     1
GODE 1995-11-03 1995-11-04  +0.5029  +1.1017  +0.0558  +0.0349   161   208  -9.1016  8.901e-20     1
GODE 1998-01-06 1998-01-08  +1.3249  +1.1581  +0.0509  +0.0434    93   142  +2.4938  1.264e-02     1
GODE 1999-06-30 1999-11-20  +0.9246  +0.7359  +0.0518  +0.0569    80    68  +2.4528  1.417e-02     1
GODE 2014-01-03 2014-01-12  +1.1851  +1.0583  +0.0562  +0.0456    87   122  +1.7503  8.007e-02     0
GODE 2015-08-15 2015-10-02  -0.0197  +1.3216  +0.0882  +0.0122   100  2144 -15.0600  2.967e-51     1
GODE 2022-01-02 2022-01-03  +1.3216  +1.1502  +0.0122  +0.0153  2144  1389  +8.7394  2.344e-18     1
GODZ 2007-04-21 2007-04-25  +0.7766  +0.8116  +0.0183  +0.0561  1038   181  -0.5926  5.534e-01     0
GODZ 2007-11-26 2007-11-26  +0.8116  +0.6687  +0.0561  +0.0401   181   245  +2.0726  3.820e-02     1
GODZ 2014-01-03 2014-01-12  +0.6186  +0.6819  +0.0154  +0.0255  1552   540  -2.1234  3.372e-02     1
GODZ 2015-08-15 2015-09-07  +0.6819  +0.8677  +0.0255  +0.0334   540   258  -4.4219  9.786e-06     1
GOL2 1999-11-17 1999-11-21  +0.1342  +0.2103  +0.0606  +0.0521    78    54  -0.9518  3.412e-01     0
GOL2 2000-01-23 2000-02-28  +0.2103  +0.5057  +0.0521  +0.0548    54    89  -3.9044  9.445e-05     1
GOL2 2000-06-19 2000-11-26  +0.5057  +0.5533  +0.0548  +0.0221    89   502  -0.8052  4.207e-01     0
GOL2 2018-07-16 2018-09-06  +0.5533  +0.3846  +0.0221  +0.0282   502   254  +4.7037  2.555e-06     1
GOL2 2019-05-22 2019-06-19  +0.3846  +0.4171  +0.0282  +0.0446   254   155  -0.6153  5.384e-01     0
GOL2 2019-12-07 2019-12-08  +0.4171  +0.3371  +0.0446  +0.0370   155   134  +1.3799  1.676e-01     0
GOL2 2020-04-21 2020-04-24  +0.3371  +0.5134  +0.0370  +0.0186   134   736  -4.2587  2.056e-05     1
GOL2 2022-08-02 2022-08-18  +0.5134  +0.3520  +0.0186  +0.0283   736   260  +4.7667  1.873e-06     1
GOL2 2023-05-18 2023-05-23  +0.3520  +0.4484  +0.0283  +0.0931   260    55  -0.9904  3.220e-01     0
GOL2 2023-07-20 2023-08-16  +0.4484  +0.3107  +0.0931  +0.0269    55   318  +1.4208  1.554e-01     0
GOL2 2024-07-12 2024-07-25  +0.3107  +0.3116  +0.0269  +0.0524   318   118  -0.0153  9.878e-01     0
GOL2 2024-11-23 2024-11-24  +0.3116  +0.5746  +0.0524  +0.0249   118   378  -4.5353  5.751e-06     1
GOL2 2025-12-20 2025-12-30  +0.5746       NA  +0.0249       NA   378    NA       NA         NA    NA
GOLD 1997-05-10 1997-05-18  +0.5708  +1.1209  +0.0314  +0.1030   295    49  -5.1090  3.239e-07     1
GOLD 1998-01-13 1998-01-18  +0.4034  +0.2965  +0.0440  +0.0451   153   152  +1.6962  8.984e-02     0
GOLD 2000-10-07 2000-10-09  +0.7538  +0.1844  +0.0760  +0.0375   128   153  +6.7140  1.893e-11     1
GOLD 2001-03-21 2001-03-26  +0.1844  +0.3687  +0.0375  +0.0290   153   354  -3.8847  1.025e-04     1
GOLD 2019-05-22 2019-06-19  +0.4795  +0.4354  +0.0235  +0.0171   527  1042  +1.5172  1.292e-01     0
GOLD 2022-08-02 2022-08-18  +0.4354  +0.3248  +0.0171  +0.0312  1042   261  +3.1069  1.891e-03     1
GOLD 2023-05-18 2023-05-23  +0.3248  +0.2437  +0.0312  +0.0305   261   312  +1.8599  6.289e-02     0
GOPE 1995-12-04 1996-02-17  -0.5211  -0.5779  +0.0500  +0.0422    70    60  +0.8686  3.850e-01     0
GOPE 1999-01-27 1999-02-01  -0.9485  -1.0898  +0.0262  +0.0268   276   258  +3.7733  1.611e-04     1
GOPE 2014-10-05 2014-10-13  +0.0292  +0.5075  +0.0429  +0.0206   160   376 -10.0551  8.720e-24     1
GOPE 2015-11-01 2015-11-05  +0.5075  +0.3362  +0.0206  +0.0230   376   261  +5.5511  2.839e-08     1
GOUG 2003-08-12 2003-08-29  +0.0131  -0.4346  +0.0217  +0.0461  1335   294  +8.7883  1.519e-18     1
GOUG 2008-04-27 2008-06-13  +2.0855  +2.5911  +0.1176  +0.0821    54    77  -3.5259  4.220e-04     1
GRAS 1995-04-08 1995-04-09  +0.0106  +0.3936  +0.0723  +0.0907    42    43  -3.3034  9.551e-04     1
GRAS 1997-02-15 1997-04-23  -0.1634  +0.0527  +0.0251  +0.0218   439   664  -6.4981  8.135e-11     1
GRAS 2003-09-12 2003-09-18  +0.1202  +0.2525  +0.0222  +0.0351   717   296  -3.1895  1.425e-03     1
GRAS 2004-10-04 2004-11-04  +0.2525  +0.2064  +0.0351  +0.0167   296  1082  +1.1893  2.343e-01     0
GRAS 2008-02-07 2008-02-29  +0.2064  +0.1193  +0.0167  +0.0162  1082  1228  +3.7399  1.841e-04     1
GRAS 2011-10-04 2011-10-22  +0.1193  -0.0982  +0.0162  +0.0212  1228   687  +8.1325  4.204e-16     1
GRAS 2013-09-19 2013-09-22  -0.0982  -0.1162  +0.0212  +0.0173   687  1016  +0.6572  5.110e-01     0
GRAS 2016-08-01 2016-08-26  -0.1162  +0.1460  +0.0173  +0.0153  1016  1278 -11.3550  7.001e-30     1
GRAS 2024-05-10 2024-05-11  +0.2516  +0.0002  +0.0150  +0.0514  1354   196  +4.6894  2.740e-06     1
GRAS 2024-11-28 2024-12-06  +0.0002  +0.2286  +0.0514  +0.0286   196   375  -3.8805  1.043e-04     1
GRAZ 1994-01-06 1994-01-17       NA  +0.7222       NA  +0.0259    NA   340       NA         NA    NA
GRAZ 1995-12-12 1996-01-04  +0.4226  +0.6045  +0.0309  +0.0338   284   161  -3.9727  7.107e-05     1
GRAZ 1996-12-24 1997-01-06  +0.2096  +0.3555  +0.0432  +0.0179   174   695  -3.1229  1.791e-03     1
GRAZ 2003-08-07 2003-08-15  +0.3316  +0.5622  +0.0218  +0.0467   504   119  -4.4777  7.546e-06     1
GRAZ 2007-04-15 2007-04-28  +0.4331  +0.3016  +0.0307  +0.0226   152   543  +3.4481  5.646e-04     1
GRAZ 2008-11-05 2008-11-05  +0.3016  +0.2054  +0.0226  +0.0125   543  1442  +3.7229  1.970e-04     1
GRAZ 2012-12-19 2013-01-10  +0.2054  +0.0262  +0.0125  +0.0191  1442   653  +7.8447  4.341e-15     1
GUAM 1995-02-03 1995-07-29       NA  -1.3806       NA  +0.0902    NA   188       NA         NA    NA
GUAM 1997-08-12 1997-08-12  +0.4265  -0.8729  +0.1457  +0.0811    61   229  +7.7911  6.642e-15     1
GUAM 1998-07-04 1998-07-19  -0.8729  -0.4588  +0.0811  +0.1204   229   105  -2.8524  4.339e-03     1
GUAM 2000-07-23 2000-08-21  -1.2570  -2.3932  +0.0741  +0.1391   259    80  +7.2080  5.679e-13     1
GUAM 2003-05-14 2003-05-21  -1.3361  -0.8046  +0.0439  +0.0247   778  2436 -10.5653  4.314e-26     1
GUAO 2003-02-07 2003-03-31  -0.4259  -0.6245  +0.0283  +0.0433   124   187  +3.8374  1.243e-04     1
GUAO 2003-11-01 2003-11-02  -0.6245  -0.5372  +0.0433  +0.0156   187   647  -1.8954  5.803e-02     0
GUAO 2005-10-13 2005-10-17  -0.5372  -0.4753  +0.0156  +0.0302   647   103  -1.8204  6.870e-02     0
GUAO 2006-01-31 2006-04-18  -0.4753  -0.0499  +0.0302  +0.0411   103   192  -8.3369  7.627e-17     1
GUAO 2011-04-06 2011-04-25  -0.6665  -0.3852  +0.0299  +0.0223    93   269  -7.5387  4.748e-14     1
GUAO 2012-04-03 2012-04-28  -0.3852  -0.5571  +0.0223  +0.0510   269   169  +3.0881  2.014e-03     1
GUAO 2012-10-29 2012-11-09  -0.5571  -0.7481  +0.0510  +0.0256   169   132  +3.3485  8.126e-04     1
GUAT 2001-03-06 2001-03-22  -1.0277  -0.6626  +0.0678  +0.0705   209   204  -3.7326  1.895e-04     1
GUAT 2002-12-09 2002-12-11  -0.7341  -0.4362  +0.0594  +0.0502   290   394  -3.8313  1.275e-04     1
GUAT 2004-03-29 2004-04-13  -0.4362  -0.4881  +0.0502  +0.0755   394   176  +0.5718  5.674e-01     0
GUAT 2004-10-24 2004-10-31  -0.4881  -0.4937  +0.0755  +0.1286   176    63  +0.0374  9.701e-01     0
GUAT 2006-01-15 2006-01-17  +0.0817  -0.4006  +0.0865  +0.0288   127  1238  +5.2917  1.212e-07     1
GUAT 2009-11-13 2009-11-14  -0.4006  +0.0618  +0.0288  +0.0663  1238   241  -6.3955  1.601e-10     1
GUAT 2010-10-21 2010-10-23  -0.8266  -0.3594  +0.0994  +0.0559    91   319  -4.0966  4.192e-05     1
GUAT 2011-10-26 2011-10-29  -0.3594  -0.3166  +0.0559  +0.0224   319  2018  -0.7111  4.770e-01     0
GUAT 2018-09-20 2018-10-21  -0.3166  -0.4466  +0.0224  +0.0535  2018   368  +2.2422  2.495e-02     1
GUAT 2019-12-25 2019-12-28  -0.4466  -0.4949  +0.0535  +0.0385   368   665  +0.7333  4.634e-01     0
GUUG 2004-03-17 2004-03-18  -0.3540  -0.1890  +0.0862  +0.0569   174   371  -1.5987  1.099e-01     0
GUUG 2006-03-29 2006-04-06  -0.7070  -0.2056  +0.1191  +0.0418    85   668  -3.9733  7.090e-05     1
GUUG 2008-06-16 2008-06-20  -0.2056  -0.8899  +0.0418  +0.0867   668   135  +7.1121  1.143e-12     1
HARB 2000-08-12 2000-09-13       NA  +0.4824       NA  +0.0359    NA   307       NA         NA    NA
HARB 2001-08-18 2001-08-19  +0.4824  +0.3807  +0.0359  +0.0337   307   325  +2.0674  3.869e-02     1
HARB 2002-08-07 2002-08-10  +0.3807  +0.4714  +0.0337  +0.0450   325   249  -1.6142  1.065e-01     0
HARB 2003-05-21 2003-06-12  +0.4714  +0.3675  +0.0450  +0.0278   249   331  +1.9635  4.959e-02     1
HARB 2005-03-25 2005-04-08  +0.9037  +0.9069  +0.0716  +0.0332   171   255  -0.0400  9.681e-01     0
HARB 2008-10-04 2008-10-06  +0.1515  +0.5922  +0.0484  +0.0630    96   197  -5.5457  2.928e-08     1
HARB 2011-04-08 2011-05-08  +0.0114  -0.1398  +0.0323  +0.0352   331   212  +3.1643  1.555e-03     1
HARB 2013-07-06 2013-07-06  +0.1134  -0.0304  +0.0259  +0.0108   545  2948  +5.1308  2.885e-07     1
HERS 2004-07-29 2004-08-24  +0.3354  +0.6051  +0.0171  +0.0323   928   235  -7.3775  1.612e-13     1
HERS 2005-04-23 2005-05-03  +0.6051  +0.4972  +0.0323  +0.0305   235   319  +2.4294  1.512e-02     1
HERS 2022-05-14 2022-05-23  +0.1885  +0.6736  +0.0116  +0.0764  2068    82  -6.2777  3.436e-10     1
HERT 2004-07-29 2004-08-24  +0.1861  +0.4740  +0.0243  +0.0321   478   232  -7.1470  8.870e-13     1
HERT 2005-04-23 2005-05-03  +0.4740  +0.3158  +0.0321  +0.0226   232   582  +4.0271  5.648e-05     1
HERT 2007-01-31 2007-02-04  +0.3158  +0.4213  +0.0226  +0.0135   582  1494  -4.0058  6.181e-05     1
HERT 2022-05-14 2022-05-23  +0.5557  +1.0210  +0.0116  +0.0766  2011    82  -6.0088  1.869e-09     1
HLFX 2002-12-21 2003-01-12       NA  +0.0721       NA  +0.0178    NA   732       NA         NA    NA
HLFX 2005-03-08 2005-03-08  +0.0721  -0.0667  +0.0178  +0.0340   732   269  +3.6146  3.008e-04     1
HLFX 2006-01-15 2006-01-22  -0.0667  +0.0528  +0.0340  +0.0164   269   969  -3.1655  1.548e-03     1
HLFX 2008-12-01 2008-12-02  +0.0528  +0.1004  +0.0164  +0.0125   969  1514  -2.3030  2.128e-02     1
HLFX 2013-04-23 2013-04-26  +0.1004  +0.0602  +0.0125  +0.0140  1514  1280  +2.1425  3.215e-02     1
HLFX 2017-02-25 2017-03-02  +0.0602  +0.1800  +0.0140  +0.0131  1280  1499  -6.2503  4.097e-10     1
HLFX 2021-08-07 2021-09-21  +0.1800  +0.2655  +0.0131  +0.0131  1499  1457  -4.6165  3.903e-06     1
HNLC 1999-12-03 1999-12-04  -0.4534  -0.8397  +0.0409  +0.0694   788   254  +4.7927  1.645e-06     1
HNLC 2000-09-14 2000-09-20  -0.8397  -0.4277  +0.0694  +0.0854   254   183  -3.7420  1.825e-04     1
HNLC 2001-03-31 2001-06-21  -0.4277  +0.2482  +0.0854  +0.0951   183   162  -5.2875  1.240e-07     1
HNLC 2001-12-21 2002-01-24  +0.2482  +0.0001  +0.0951  +0.0470   162   572  +2.3396  1.930e-02     1
HNLC 2003-09-09 2003-09-14  +0.0001  -0.3995  +0.0470  +0.1088   572   124  +3.3718  7.469e-04     1
HNLC 2005-11-12 2005-12-06  +0.2183  -0.0242  +0.0557  +0.0207   399  3006  +4.0780  4.543e-05     1
HNLC 2018-02-28 2018-03-12  -0.0242  +0.2254  +0.0207  +0.0369  3006   961  -5.8973  3.696e-09     1
HNLC 2025-12-13 2025-12-20  +0.2254       NA  +0.0369       NA   961    NA       NA         NA    NA
HNPT 1996-04-21 1996-04-21  +0.1908  +0.3170  +0.0497  +0.0362   119   350  -2.0531  4.006e-02     1
HNPT 1998-01-05 1998-01-08  +1.0866  +0.7668  +0.0507  +0.0457   229   244  +4.6875  2.766e-06     1
HNPT 1998-10-09 1998-10-09  +0.7668  +1.0710  +0.0457  +0.0740   244    67  -3.4986  4.678e-04     1
HNPT 1999-01-17 1999-03-02  +1.0710  +1.1882  +0.0740  +0.0374    67   329  -1.4136  1.575e-01     0
HNPT 2015-08-15 2015-09-02  -0.0173  +0.6897  +0.0802  +0.0958   126    67  -5.6571  1.539e-08     1
HNPT 2015-11-09 2015-11-10  +0.6897  +0.6912  +0.0958  +0.0196    67  1135  -0.0153  9.878e-01     0
HOB2 1996-05-18 1996-05-28  -0.1918  -0.4580  +0.0820  +0.0500    57    99  +2.7704  5.598e-03     1
HOB2 1998-08-13 1998-08-15  -0.2514  -0.0920  +0.0446  +0.0744   148    67  -1.8377  6.611e-02     0
HOB2 2004-12-04 2004-12-20  +0.2637  +0.3505  +0.0182  +0.0084   902  4472  -4.3318  1.479e-05     1
HOB2 2022-01-24 2022-02-01  +0.2420  +0.4589  +0.0348  +0.0196   233   827  -5.4282  5.694e-08     1
HOFN 1997-06-30 1997-07-28       NA  -0.5034       NA  +0.0308    NA   224       NA         NA    NA
HOFN 2000-04-29 2000-05-24  -0.5034  -0.6189  +0.0308  +0.0404   224   113  +2.2735  2.300e-02     1
HOFN 2001-05-04 2001-05-10  -0.6189  -0.9282  +0.0404  +0.0520   113   118  +4.6974  2.635e-06     1
HOFN 2002-03-21 2002-04-25  +0.5294  +0.4359  +0.0346  +0.0172   160   772  +2.4211  1.547e-02     1
HOFN 2004-07-05 2004-07-13  +0.4359  +0.5802  +0.0172  +0.0234   772   504  -4.9711  6.656e-07     1
HOFN 2008-01-17 2008-01-29  +0.3260  +0.4047  +0.0420  +0.0133   114  1270  -1.7863  7.405e-02     0
HOFN 2021-06-26 2021-07-02  +0.4511  +0.4070  +0.0193  +0.0195   566   586  +1.6059  1.083e-01     0
HOFN 2023-03-31 2023-04-20  +0.4070  +0.5344  +0.0195  +0.0339   586   232  -3.2537  1.139e-03     1
HOLB 1994-03-07 1994-04-27  +0.4008  +0.2712  +0.0588  +0.0184    53   723  +2.1047  3.532e-02     1
HOLB 1996-07-25 1996-07-28  +0.2712  +0.1890  +0.0184  +0.0124   723  1557  +3.7040  2.123e-04     1
HOLB 2001-12-25 2001-12-30  +0.5725  -0.3305  +0.0315  +0.0308   266   261 +20.4969  2.296e-93     1
HOLB 2003-12-04 2003-12-23  +0.4684  +0.0442  +0.0547  +0.0187   104   684  +7.3395  2.144e-13     1
HOLB 2008-09-29 2008-09-30  +0.0097  +0.2719  +0.0893  +0.0583    55    72  -2.4584  1.396e-02     1
HOLB 2025-08-24 2025-09-10  +0.0649  -0.0359  +0.0170  +0.0479   842   111  +1.9824  4.743e-02     1
HOLM 2008-02-18 2008-02-25  +0.6510  +0.5217  +0.0147  +0.0099   283   593  +7.3001  2.875e-13     1
HOLM 2009-12-18 2009-12-26  +0.5217  +0.4943  +0.0099  +0.0142   593   295  +1.5810  1.139e-01     0
HOLM 2010-11-10 2010-12-15  +0.4943  +0.4669  +0.0142  +0.0239   295    54  +0.9863  3.240e-01     0
HOLM 2011-05-16 2011-05-22  +0.2364  +0.2876  +0.0207  +0.0283    94   147  -1.4622  1.437e-01     0
HOLM 2011-11-19 2011-12-25  +0.2876  +0.2889  +0.0283  +0.0138   147   301  -0.0406  9.676e-01     0
HOLM 2012-11-23 2012-12-16  +0.2889  +0.3225  +0.0138  +0.0089   301   653  -2.0467  4.069e-02     1
HOLM 2014-12-30 2015-02-02  +0.3225  +0.1685  +0.0089  +0.0233   653    54  +6.1762  6.566e-10     1
HOLM 2025-10-08 2025-12-30  +0.4070       NA  +0.0195       NA   320    NA       NA         NA    NA
HRAO 1996-09-28 1996-10-03       NA  +0.6241       NA  +0.0425    NA   205       NA         NA    NA
HRAO 2000-06-20 2000-06-20  +0.2739  +0.5180  +0.0282  +0.0295   514   402  -5.9851  2.162e-09     1
HRAO 2001-08-18 2001-08-29  +0.5180  +0.3884  +0.0295  +0.0295   402   576  +3.1048  1.904e-03     1
HRAO 2003-04-24 2003-05-04  +0.3884  +0.0041  +0.0295  +0.0367   576   235  +8.1581  3.404e-16     1
HRAO 2005-03-25 2005-04-09  +0.9623  +1.1966  +0.0766  +0.0580   168    77  -2.4389  1.473e-02     1
HRAO 2005-07-07 2005-08-10  +1.1966  +1.2211  +0.0580  +0.0616    77   133  -0.2897  7.720e-01     0
HRAO 2013-07-06 2013-07-06  -0.1440  -0.4261  +0.0276  +0.0427   577   266  +5.5479  2.892e-08     1
HRM1 2004-08-01 2004-08-24  +0.3025  +0.5694  +0.0117  +0.0301  1896   242  -8.2681  1.361e-16     1
HRM1 2005-04-29 2005-04-29  +0.5694  +0.4489  +0.0301  +0.0117   242  1928  +3.7298  1.916e-04     1
HYDE 2002-10-30 2002-12-09       NA  +1.9415       NA  +0.0850    NA   168       NA         NA    NA
HYDE 2005-01-03 2005-01-04  +0.0393  +1.2406  +0.0869  +0.1001   179   122  -9.0591  1.316e-19     1
HYDE 2012-03-14 2012-03-20  +0.5173  +0.2863  +0.0410  +0.0436   726   713  +3.8591  1.138e-04     1
HYDE 2014-12-09 2014-12-11  +0.2863  +0.6545  +0.0436  +0.0698   713   253  -4.4754  7.626e-06     1
HYDE 2015-09-18 2015-09-26  +0.6545  +1.0445  +0.0698  +0.1497   253    68  -2.3617  1.819e-02     1
HYDE 2015-12-13 2015-12-16  +1.0445  +0.8880  +0.1497  +0.0994    68   109  +0.8713  3.836e-01     0
HYDE 2016-05-08 2016-06-09  +0.8880  -0.1181  +0.0994  +0.1567   109    51  +5.4215  5.909e-08     1
HYDE 2025-07-02 2025-08-12  -0.3102       NA  +0.0915       NA   171    NA       NA         NA    NA
IDDR 2009-05-10 2009-05-23  +0.3543  +0.2511  +0.0270  +0.0469   129   145  +1.9055  5.672e-02     0
IDDR 2009-11-02 2009-11-10  +0.2511  +0.2189  +0.0469  +0.0160   145   397  +0.6512  5.149e-01     0
IDDR 2011-02-14 2011-02-18  +0.2189  +0.2686  +0.0160  +0.0100   397  1185  -2.6368  8.370e-03     1
IDDR 2014-12-11 2014-12-12  +0.2686  +0.1093  +0.0100  +0.0384  1185    45  +4.0157  5.926e-05     1
IDDR 2016-11-07 2016-11-15  +0.1556  +0.1005  +0.0173  +0.0269   492    92  +1.7201  8.542e-02     0
IDDR 2017-03-08 2017-03-18  +0.1005  +0.1523  +0.0269  +0.0259    92   255  -1.3830  1.667e-01     0
IDDR 2017-12-30 2017-12-30  +0.1523  +0.1257  +0.0259  +0.0115   255   854  +0.9368  3.489e-01     0
IDDR 2021-02-07 2021-02-11  +0.1257  +0.0152  +0.0115  +0.0348   854    67  +3.0098  2.614e-03     1
IDDR 2025-04-05 2025-04-22  +0.1016  -0.1944  +0.0125  +0.0543   644   111  +5.3122  1.083e-07     1
IISC 1999-09-07 2000-01-08  -1.8160  -1.5705  +0.1351  +0.1291    63    59  -1.3135  1.890e-01     0
IISC 2005-08-18 2005-08-23  -0.5481  -0.4421  +0.1489  +0.0622    42   313  -0.6568  5.113e-01     0
IISC 2008-01-03 2008-01-06  +0.5551  +0.1264  +0.0503  +0.0423   475   664  +6.5230  6.892e-11     1
IISC 2011-02-16 2011-02-19  -0.5596  -0.1256  +0.0708  +0.0233   221  2164  -5.8219  5.820e-09     1
IISC 2021-12-03 2021-12-18  -0.6512  -1.4603  +0.0448  +0.0419   616   677 +13.1957  9.290e-40     1
ILHA 2009-05-06 2009-05-12  +0.6819  +0.7522  +0.0621  +0.1011   387    94  -0.5932  5.530e-01     0
ILHA 2009-08-19 2009-09-13  +0.7522  +0.1616  +0.1011  +0.1247    94   124  +3.6796  2.336e-04     1
ILHA 2010-02-22 2010-02-24  +0.1616  +0.6281  +0.1247  +0.1233   124   119  -2.6596  7.824e-03     1
ILHA 2011-03-19 2011-05-12  +0.6281  +0.6667  +0.1233  +0.0516   119   469  -0.2891  7.725e-01     0
IMPZ 1998-05-04 1998-06-19  +1.3226  +0.5747  +0.2212  +0.1383    41   108  +2.8667  4.148e-03     1
IMPZ 1999-06-15 2000-05-21  +0.5747  +0.2841  +0.1383  +0.1216   108   132  +1.5780  1.146e-01     0
IMPZ 2001-09-21 2001-10-23  +0.2841  +0.3913  +0.1216  +0.0919   132   240  -0.7030  4.821e-01     0
IMPZ 2007-08-28 2007-08-29  -0.5512  -0.6081  +0.0628  +0.0653   418   376  +0.6279  5.301e-01     0
IMPZ 2012-10-16 2012-10-26  -1.8268  -0.4185  +0.1676  +0.0468    47   794  -8.0930  5.820e-16     1
IMPZ 2018-12-11 2018-12-27  -0.4185  -0.7830  +0.0468  +0.0593   794   487  +4.8285  1.376e-06     1
INEG 1999-12-01 2000-05-27       NA  -0.7533       NA  +0.0964    NA   107       NA         NA    NA
INEG 2000-10-30 2000-11-01  -0.7533  -0.2496  +0.0964  +0.1061   107    40  -3.5131  4.430e-04     1
INEG 2001-03-26 2001-04-19  -0.2496  +0.0563  +0.1061  +0.1229    40    54  -1.8844  5.952e-02     0
INEG 2006-07-05 2006-07-29  -0.3125  -0.1372  +0.0367  +0.0274   373   764  -3.8311  1.276e-04     1
INEG 2011-05-07 2011-06-16  -0.1372  -0.1641  +0.0274  +0.0359   764   506  +0.5971  5.505e-01     0
INEG 2013-10-14 2013-10-14  -0.2782  +0.1885  +0.1159  +0.1137    73    47  -2.8743  4.049e-03     1
INEG 2013-12-01 2013-12-15  +0.1885  -0.0160  +0.1137  +0.0464    47   283  +1.6649  9.594e-02     0
INEG 2014-10-12 2014-10-25  -0.0160  +0.4996  +0.0464  +0.1104   283    42  -4.3072  1.654e-05     1
INEG 2015-11-29 2015-12-14  +0.6058  -0.3893  +0.1081  +0.0175    56  1929  +9.0864  1.024e-19     1
INVK 2015-11-27 2016-02-23  -0.1282  -0.5567  +0.0080  +0.0272   907    42 +15.1154  1.282e-51     1
INVK 2017-01-12 2017-03-21  -0.2206  -0.0735  +0.0187  +0.0082   202   898  -7.2009  5.983e-13     1
INVK 2025-12-07 2025-12-30  -0.0435       NA  +0.0102       NA   606    NA       NA         NA    NA
IQAL 2009-12-03 2010-02-19  +0.5353  +0.4712  +0.0284  +0.0133    63   302  +2.0436  4.100e-02     1
IQAL 2011-01-05 2011-01-06  +0.4712  +0.6563  +0.0133  +0.0165   302    78  -8.7266  2.624e-18     1
IQAL 2011-03-26 2011-05-04  +0.6563  +0.5578  +0.0165  +0.0194    78   207  +3.8619  1.125e-04     1
IQAL 2017-03-08 2017-03-11  +0.4482  +0.4151  +0.0061  +0.0059  1223  1266  +3.9178  8.938e-05     1
IQAL 2021-01-22 2021-01-31  +0.4151  +0.2862  +0.0059  +0.0157  1266   126  +7.6768  1.632e-14     1
IQAL 2023-04-10 2023-04-24  +0.4299  +0.4553  +0.0087  +0.0345   467    84  -0.7124  4.762e-01     0
IQAL 2023-07-27 2023-08-07  +0.4553  +0.3179  +0.0345  +0.0123    84   231  +3.7480  1.783e-04     1
IQUI 2010-06-16 2010-07-15  +0.2409  +1.0887  +0.0768  +0.1478   340    94  -5.0910  3.561e-07     1
IQUI 2013-11-20 2014-02-04  +0.0968  +0.0919  +0.0462  +0.0936   936   223  +0.0469  9.626e-01     0
IQUI 2015-06-04 2015-08-02  +0.0919  -0.2663  +0.0936  +0.0729   223   393  +3.0198  2.529e-03     1
IRKJ 2002-09-30 2002-10-01  +1.0745  +0.7987  +0.0478  +0.0216   138   113  +5.2622  1.423e-07     1
IRKJ 2003-01-31 2003-02-24  +0.7987  +0.7851  +0.0216  +0.0350   113    64  +0.3303  7.412e-01     0
IRKJ 2004-11-19 2004-11-19  +0.7822  +0.6169  +0.0208  +0.0122   269   601  +6.8495  7.408e-12     1
IRKJ 2009-09-26 2009-10-13  +0.5389  +0.4643  +0.0112  +0.0112   641   580  +4.7175  2.387e-06     1
IRKJ 2013-11-27 2013-12-05  +0.5113  +0.5719  +0.0107  +0.0152   701   349  -3.2589  1.118e-03     1
IRKJ 2025-02-01 2025-02-22  +0.0917  -0.0410  +0.0069  +0.0215  1796   268  +5.8673  4.429e-09     1
IRKJ 2025-12-09 2025-12-30  -0.0410       NA  +0.0215       NA   268    NA       NA         NA    NA
IRKT 1996-12-04 1997-01-29  +0.1198  +0.1282  +0.0177  +0.0181   374   350  -0.3292  7.420e-01     0
IRKT 1998-02-12 1998-03-10  +0.1282  -0.2826  +0.0181  +0.0244   350   265 +13.5189  1.210e-41     1
IRKT 1999-02-12 1999-02-12  +0.1505  -0.0380  +0.0348  +0.0217    49   296  +4.5966  4.294e-06     1
IRKT 1999-12-30 2000-04-29  -0.0380  +0.2612  +0.0217  +0.0237   296   258  -9.3138  1.233e-20     1
IRKT 2007-02-15 2007-03-12  -0.0548  -0.1785  +0.0324  +0.0123    56   873  +3.5659  3.626e-04     1
IRKT 2009-11-14 2009-11-30  -0.1785  -0.3289  +0.0123  +0.0171   873   370  +7.1434  9.105e-13     1
IRKT 2011-01-09 2011-02-15  -0.3289  -0.2769  +0.0171  +0.0245   370   203  -1.7402  8.183e-02     0
ISBA 2009-01-02 2009-01-28       NA  -0.2622       NA  +0.0536    NA   221       NA         NA    NA
ISBA 2009-10-27 2009-10-30  -0.2622  +0.4743  +0.0536  +0.0268   221   738 -12.2880  1.051e-34     1
ISBA 2012-04-08 2012-04-13  +0.4743  +0.6065  +0.0268  +0.0317   738   561  -3.1827  1.459e-03     1
ISBA 2014-03-05 2014-03-09  +0.6065  +1.0470  +0.0317  +0.0552   561   202  -6.9171  4.611e-12     1
ISBA 2016-06-28 2016-06-30  +1.3245  +1.6240  +0.0858  +0.0773    87   137  -2.5945  9.472e-03     1
ISBA 2017-11-04 2017-11-08  +1.2941  +0.7112  +0.0554  +0.0550   231   147  +7.4669  8.210e-14     1
ISBA 2018-04-06 2018-04-08  +0.7112  +1.1330  +0.0550  +0.0654   147   181  -4.9355  7.995e-07     1
ISBA 2018-10-09 2018-11-13  +1.1330  +0.3700  +0.0654  +0.0596   181   123  +8.6216  6.603e-18     1
ISBA 2019-06-27 2019-06-28  +1.4297  +1.3108  +0.0805  +0.1511    95    43  +0.6946  4.873e-01     0
ISBA 2019-08-11 2019-09-05  +1.3108  +0.7698  +0.1511  +0.0644    43   160  +3.2947  9.853e-04     1
ISBA 2023-05-22 2023-07-11  +0.3891       NA  +0.0301       NA   640    NA       NA         NA    NA
JAB1 1997-08-12 1998-09-25       NA  -0.6187       NA  +0.1755    NA    72       NA         NA    NA
JAB1 1999-05-10 1999-06-25  -0.6187  -0.6138  +0.1755  +0.0962    72   191  -0.0248  9.802e-01     0
JAB1 2000-08-26 2000-09-10  -1.4056  -0.5401  +0.0987  +0.0313   126  1686  -8.3612  6.206e-17     1
JAB1 2008-01-17 2008-09-01  -0.5401  -1.6371  +0.0313  +0.2013  1686    42  +5.3849  7.248e-08     1
JOG2 2014-05-15 2014-06-15  +0.2858  -0.5767  +0.1241  +0.1961   124    49  +3.7163  2.022e-04     1
JOG2 2014-08-04 2014-09-08  -0.5767  +0.6814  +0.1961  +0.0539    49   672  -6.1855  6.192e-10     1
JOG2 2017-12-24 2017-12-27  +0.6814  -0.1344  +0.0539  +0.1363   672    97  +5.5662  2.603e-08     1
JOG2 2019-03-29 2019-04-03  +1.2192  +1.1357  +0.0768  +0.0662   331   450  +0.8246  4.096e-01     0
JOG2 2023-09-11 2023-10-01  +0.3221  +0.4923  +0.0609  +0.1406   533   102  -1.1105  2.668e-01     0
JOG2 2024-01-13 2024-01-15  +0.4923  +0.2522  +0.1406  +0.0539   102   676  +1.5944  1.109e-01     0
JOG2 2025-11-27 2025-12-30  +0.2522       NA  +0.0539       NA   676    NA       NA         NA    NA
JOZ2 2005-03-24 2005-03-26  -0.2821  -0.3910  +0.0403  +0.0200    70   502  +2.4220  1.543e-02     1
JOZ2 2012-04-27 2012-05-03  +0.4466  +0.3455  +0.0123  +0.0159  1063   644  +5.0324  4.844e-07     1
JOZ2 2020-02-10 2020-02-10  +0.6050  +0.6141  +0.0199  +0.0252   401   303  -0.2805  7.791e-01     0
JOZE 1994-12-26 1995-01-27  +0.7230  -0.1160  +0.0258  +0.0255   321   330 +23.1276 2.442e-118     1
JOZE 1996-02-04 1996-03-06  -0.1160  -0.0231  +0.0255  +0.0188   330   629  -2.9278  3.413e-03     1
JOZE 1999-11-18 1999-11-26  +0.2645  -0.0193  +0.0175  +0.0316   690   141  +7.8537  4.040e-15     1
JOZE 2003-01-14 2003-02-21  -0.4144  +0.0301  +0.0526  +0.0148    52   985  -8.1364  4.072e-16     1
JOZE 2005-12-17 2005-12-23  +0.0301  -0.4812  +0.0148  +0.0493   985    54  +9.9389  2.818e-23     1
JOZE 2007-02-06 2007-02-13  +0.4733  +0.3750  +0.0399  +0.0176    92   655  +2.2542  2.418e-02     1
JOZE 2009-02-13 2009-02-24  +0.3750  +0.1282  +0.0176  +0.0134   655  1126 +11.1415  7.880e-29     1
JOZE 2012-04-27 2012-05-03  +0.1282  +0.0049  +0.0134  +0.0323  1126   238  +3.5250  4.236e-04     1
JOZE 2013-01-19 2013-02-23  +0.0049  +0.0078  +0.0323  +0.0128   238  1299  -0.0821  9.346e-01     0
JOZE 2016-12-01 2016-12-07  +0.0078  +0.3030  +0.0128  +0.0122  1299  1347 -16.7044  1.217e-62     1
JPLM 1998-03-24 1998-04-21  -0.0564  -0.3714  +0.0203  +0.0361  1282   411  +7.6069  2.807e-14     1
JPLM 1999-06-23 1999-08-01  -0.3714  -0.2547  +0.0361  +0.0624   411   147  -1.6188  1.055e-01     0
JPLM 2000-03-13 2000-03-23  -0.9589  -0.2888  +0.0796  +0.0348    58   435  -7.7121  1.237e-14     1
JPLM 2001-06-19 2001-06-28  -0.2888  -0.2893  +0.0348  +0.0284   435   655  +0.0127  9.898e-01     0
JPLM 2005-01-14 2005-01-23  -0.0607  +0.1916  +0.0324  +0.0461   504   275  -4.4800  7.463e-06     1
JPLM 2009-03-22 2009-04-05  -0.1443  -0.8378  +0.0733  +0.0456    69   284  +8.0341  9.427e-16     1
JPLM 2011-01-05 2011-01-30  -0.0525  -0.1621  +0.0406  +0.0517   325   231  +1.6684  9.524e-02     0
JPLV 2008-01-12 2008-01-15  -0.3220  +0.1052  +0.0739  +0.0358    76   320  -5.2007  1.985e-07     1
JPLV 2009-03-22 2009-06-02  +0.1052  +0.2078  +0.0358  +0.0464   320   239  -1.7522  7.974e-02     0
JPLV 2010-02-14 2010-02-17  +0.2078  +0.3425  +0.0464  +0.0289   239   544  -2.4644  1.372e-02     1
JPLV 2011-10-18 2011-12-04  +0.3425  -0.3228  +0.0289  +0.0607   544    90  +9.8915  4.531e-23     1
JPLV 2012-05-06 2012-05-07  +0.3944  -0.0928  +0.0740  +0.0935    60    62  +4.0860  4.388e-05     1
KARR 1995-08-22 1995-08-22  -1.1162  -1.8804  +0.0884  +0.0614    94   171  +7.1039  1.213e-12     1
KARR 1997-01-15 1997-03-03  -1.8804  -1.6132  +0.0614  +0.1196   171    66  -1.9874  4.688e-02     1
KARR 1997-06-12 1997-08-21  -1.6132  -1.9440  +0.1196  +0.0709    66   200  +2.3784  1.739e-02     1
KARR 1998-11-23 1999-01-11  -2.6975  -1.2347  +0.0871  +0.0879    78   133 -11.8249  2.903e-32     1
KARR 2001-09-11 2001-09-15  -1.3325  -1.4599  +0.0759  +0.0532   117   307  +1.3750  1.691e-01     0
KARR 2006-10-20 2006-10-31  -0.9829  -0.9306  +0.0249  +0.0284  1383  1087  -1.3861  1.657e-01     0
KARR 2016-07-03 2016-07-04  -0.7910  -0.4146  +0.0204  +0.0245  2028  1477 -11.7908  4.354e-32     1
KARR 2024-09-07 2024-10-12  -1.0138  -1.1111  +0.0302  +0.0486   907   354  +1.7008  8.897e-02     0
KAT1 2011-06-08 2011-09-21       NA  -0.1528       NA  +0.0537    NA   462       NA         NA    NA
KAT1 2013-03-16 2013-03-21  -0.1528  +0.0396  +0.0537  +0.1207   462    86  -1.4561  1.454e-01     0
KAT1 2013-06-19 2013-06-20  +0.0396  -0.3657  +0.1207  +0.0443    86   617  +3.1522  1.620e-03     1
KAT1 2015-04-20 2015-04-24  -0.3657  -0.3927  +0.0443  +0.0602   617   321  +0.3623  7.172e-01     0
KAT1 2016-04-01 2016-04-02  -0.3927  +0.1263  +0.0602  +0.1625   321    51  -2.9949  2.746e-03     1
KAT1 2016-09-23 2016-09-25  -0.8244  -0.4541  +0.0759  +0.1410   122   109  -2.3124  2.076e-02     1
KAT1 2017-03-31 2017-04-04  -0.4541  -0.0130  +0.1410  +0.1563   109    55  -2.0946  3.621e-02     1
KAT1 2017-05-30 2017-06-01  -0.0130  -0.6976  +0.1563  +0.0756    55   122  +3.9420  8.081e-05     1
KAT1 2017-10-04 2017-12-03  -0.6976  -0.3151  +0.0756  +0.0762   122   232  -3.5634  3.661e-04     1
KAT1 2018-07-26 2018-08-02  -0.3151  +0.0129  +0.0762  +0.1378   232    71  -2.0827  3.728e-02     1
KELY 1996-12-21 1996-12-21  -0.4209  -0.2712  +0.0442  +0.0144    74   580  -3.2219  1.273e-03     1
KELY 2000-01-12 2000-01-12  -0.2712  -0.3562  +0.0144  +0.0263   580   182  +2.8344  4.591e-03     1
KELY 2003-04-24 2003-04-29  +0.4915  +0.6221  +0.0184  +0.0432   351   105  -2.7816  5.410e-03     1
KELY 2003-11-18 2003-11-23  +0.6221  +0.6864  +0.0432  +0.0364   105    63  -1.1389  2.548e-01     0
KELY 2004-04-15 2004-05-27  +0.6864  +1.1584  +0.0364  +0.0924    63    42  -4.7522  2.012e-06     1
KELY 2005-03-03 2005-03-13  +0.4829  +0.6524  +0.0327  +0.0147    96   547  -4.7263  2.287e-06     1
KELY 2008-12-31 2009-01-07  +0.4594  +0.7404  +0.0306  +0.0330   148   130  -6.2477  4.165e-10     1
KELY 2010-01-07 2010-02-09  +0.7404  +0.6003  +0.0330  +0.0115   130   929  +4.0060  6.175e-05     1
KELY 2016-05-05 2016-05-19  +0.5477  +0.6092  +0.0108  +0.0233  1024   254  -2.3957  1.659e-02     1
KGNI 2002-05-22 2002-05-24  -0.4549  +0.5227  +0.0501  +0.1310   137    96  -6.9719  3.128e-12     1
KGNI 2008-08-04 2008-08-08  -0.6043  -0.5932  +0.0285  +0.0250   727   891  -0.2928  7.697e-01     0
KGNI 2011-07-20 2011-08-24  -0.5932  -0.9101  +0.0250  +0.0396   891   324  +6.7651  1.332e-11     1
KGNI 2013-07-25 2013-08-13  -0.6293  -0.6866  +0.0663  +0.0938   154    83  +0.4983  6.182e-01     0
KHAJ 2002-02-02 2002-02-07  +0.7319  +0.7960  +0.0214  +0.0166    62   307  -2.3680  1.788e-02     1
KHAJ 2003-01-11 2003-01-12  +0.7960  +0.8610  +0.0166  +0.0231   307    67  -2.2849  2.232e-02     1
KHAJ 2003-03-26 2003-03-27  +0.8610  +0.8693  +0.0231  +0.0138    67   382  -0.3070  7.588e-01     0
KHAJ 2005-11-02 2005-11-05  +1.0482  +0.8307  +0.0502  +0.0216   150    73  +3.9819  6.836e-05     1
KHAJ 2007-01-05 2007-01-06  +0.6820  +0.6985  +0.0157  +0.0230   296    56  -0.5894  5.556e-01     0
KHAJ 2007-03-05 2007-03-12  +0.6985  +0.8171  +0.0230  +0.0103    56   678  -4.6997  2.605e-06     1
KHAJ 2009-03-29 2009-04-03  +0.8171  +0.9246  +0.0103  +0.0627   678    51  -1.6908  9.087e-02     0
KHAJ 2010-01-06 2010-01-24  +0.9249  +0.8883  +0.0240  +0.0150   150   325  +1.2899  1.971e-01     0
KHAJ 2011-01-25 2011-02-22  +0.8883  +0.9558  +0.0150  +0.0235   325   258  -2.4218  1.544e-02     1
KHAJ 2011-12-02 2012-02-26  +0.9558       NA  +0.0235       NA   258    NA       NA         NA    NA
KHAR 2004-09-13 2004-09-26  +0.5834  +0.6201  +0.0292  +0.0271   232   270  -0.9207  3.572e-01     0
KHAR 2005-07-29 2005-08-04  +0.6201  +1.0250  +0.0271  +0.0771   270    65  -4.9539  7.275e-07     1
KHAR 2005-10-12 2005-11-15  +1.0250  +0.2984  +0.0771  +0.0624    65    43  +7.3245  2.398e-13     1
KHAR 2008-02-05 2008-02-12  +0.6792  +0.5645  +0.0173  +0.0202   612   475  +4.3099  1.633e-05     1
KHAR 2010-12-04 2010-12-04  +0.7792  +0.8075  +0.0259  +0.0157   317   790  -0.9317  3.515e-01     0
KHAR 2013-11-10 2013-11-23  +0.5798  +0.7869  +0.0364  +0.0285   227   213  -4.4840  7.324e-06     1
KIR0 2015-11-17 2016-01-25  +0.1595  -0.2075  +0.0095  +0.0341   955    43 +10.3730  3.292e-25     1
KIR0 2019-02-21 2019-02-26  +0.3810  +0.3035  +0.0154  +0.0203   354   256  +3.0401  2.365e-03     1
KIR0 2021-01-13 2021-01-13  +0.3836  +0.2483  +0.0249  +0.0123   142   573  +4.8730  1.099e-06     1
KIR0 2022-12-06 2023-01-03  +0.4987  +0.2165  +0.0356  +0.0137    75   413  +7.3898  1.470e-13     1
KIR0 2024-03-05 2024-03-06  +0.2165  +0.1984  +0.0137  +0.0120   413   624  +0.9876  3.233e-01     0
KIRI 2020-07-14 2020-07-15  -0.0656  -0.5126  +0.0348  +0.0365   940   842  +8.8650  7.647e-19     1
KIRU 1994-01-06 1994-01-17       NA  +0.4637       NA  +0.0293    NA    76       NA         NA    NA
KIRU 1996-11-21 1996-12-18  +0.5177  +0.7165  +0.0120  +0.0155   749   392 -10.1157  4.707e-24     1
KIRU 1998-02-09 1998-03-14  +0.7165  +0.9160  +0.0155  +0.0227   392   249  -7.2575  3.944e-13     1
KIRU 2000-01-30 2000-02-16  +0.8196  +0.7030  +0.0211  +0.0178   267   307  +4.2277  2.361e-05     1
KIRU 2002-02-17 2002-03-14  +0.4750  +0.7318  +0.0196  +0.0133   299   626 -10.8511  1.971e-27     1
KIRU 2004-01-11 2004-02-17  +0.7318  +0.8063  +0.0133  +0.0198   626   285  -3.1187  1.817e-03     1
KIRU 2005-12-13 2006-01-09  +0.7990  +0.8771  +0.0214  +0.0176   273   327  -2.8234  4.751e-03     1
KIRU 2007-01-10 2007-02-01  +0.8771  +0.8172  +0.0176  +0.0208   327   276  +2.1984  2.792e-02     1
KIRU 2007-11-12 2007-12-14  +0.8172  +0.9322  +0.0208  +0.0099   276  1042  -4.9937  5.924e-07     1
KIT3 1997-10-08 1997-10-11  +2.3351  +0.4821  +0.1067  +0.0506   117   186 +15.6932  1.684e-55     1
KIT3 1998-06-16 1998-07-10  +0.4821  +1.6914  +0.0506  +0.1019   186    98 -10.6278  2.214e-26     1
KOKB 1996-05-19 1996-07-28  -1.3865  -1.7880  +0.0797  +0.0642   103   183  +3.9236  8.724e-05     1
KOKB 1997-03-19 1997-05-09  -1.7880  -1.2641  +0.0642  +0.1060   183    61  -4.2265  2.373e-05     1
KOKB 1997-08-05 1997-09-16  -1.2641  -2.0508  +0.1060  +0.0475    61   323  +6.7716  1.274e-11     1
KOKB 1999-05-26 1999-07-20  -1.4415  -1.7973  +0.0852  +0.0543    95   250  +3.5237  4.256e-04     1
KOKB 2000-09-17 2000-09-18  -2.3138  -1.8197  +0.0733  +0.0497   135   287  -5.5773  2.442e-08     1
KOKB 2001-11-28 2001-12-15  -1.1317  -0.8713  +0.0898  +0.0727   107   128  -2.2536  2.422e-02     1
KOKB 2002-07-29 2002-08-01  -0.8713  -0.3990  +0.0727  +0.0339   128   618  -5.8848  3.987e-09     1
KOKB 2004-07-10 2004-07-17  -0.3990  -0.6007  +0.0339  +0.0795   618   135  +2.3329  1.965e-02     1
KOKB 2004-11-30 2005-01-21  -0.6007  -0.1701  +0.0795  +0.0145   135  3443  -5.3282  9.921e-08     1
KOKV 2010-12-03 2010-12-03  -0.1417  -0.5698  +0.0402  +0.0818   411    90  +4.6970  2.641e-06     1
KOSG 2000-10-29 2000-12-09  +0.0254  +0.2026  +0.0221  +0.0268   527   313  -5.0992  3.411e-07     1
KOSG 2014-09-19 2014-11-25  +0.2726       NA  +0.0300       NA   204    NA       NA         NA    NA
KOU1 2005-01-14 2005-01-27  +0.4602  -0.0653  +0.0541  +0.0824   564   215  +5.3298  9.834e-08     1
KOU1 2005-09-28 2005-09-30  -0.0653  +0.2729  +0.0824  +0.0709   215   321  -3.1100  1.871e-03     1
KOUC 1996-09-02 1996-09-07  -0.2023  -0.1050  +0.1332  +0.0487    77   742  -0.6861  4.926e-01     0
KOUC 1999-01-29 1999-02-01  -0.1050  -0.2824  +0.0487  +0.0727   742   332  +2.0285  4.251e-02     1
KOUC 2000-02-22 2000-02-24  -0.2824  -0.3676  +0.0727  +0.0506   332   687  +0.9618  3.362e-01     0
KOUC 2002-03-15 2002-04-11  -0.3676  -0.2324  +0.0506  +0.0784   687   263  -1.4484  1.475e-01     0
KOUC 2006-08-03 2006-08-07  -0.2324  -0.2897  +0.0784  +0.0343   263  1480  +0.6695  5.032e-01     0
KOUC 2010-11-19 2010-11-22  -0.2897  -0.0488  +0.0343  +0.0673  1480   413  -3.1918  1.414e-03     1
KOUC 2012-02-08 2012-02-10  -0.0488  -0.2099  +0.0673  +0.0357   413  1366  +2.1174  3.423e-02     1
KOUG 2024-07-27 2024-07-27  +0.9546  +1.8407  +0.0674  +0.0469   249   514 -10.7998  3.449e-27     1
KOUG 2025-12-26 2025-12-30  +1.8407       NA  +0.0469       NA   514    NA       NA         NA    NA
KOUR 2005-09-28 2005-09-30  -0.5319  -0.8503  +0.0661  +0.1577   349    66  +1.8616  6.267e-02     0
KRGG 2017-06-23 2017-06-24  +0.6862  +0.8155  +0.0494  +0.0310   113   280  -2.2186  2.652e-02     1
KSMV 2002-05-11 2002-05-26  -0.1256  +0.2880  +0.0423  +0.0239   191   839  -8.5104  1.733e-17     1
KSMV 2005-03-11 2005-03-11  +0.2880  +0.4786  +0.0239  +0.0373   839   354  -4.3039  1.678e-05     1
KSMV 2010-02-25 2010-02-26  -0.0012  +0.1877  +0.0209  +0.0256  1181   823  -5.7067  1.152e-08     1
KSMV 2012-10-02 2012-10-08  +0.1877  +0.7777  +0.0256  +0.0556   823   106  -9.6399  5.424e-22     1
KSTU 1997-11-02 1998-03-21  +0.8095  +0.4225  +0.0729  +0.0312    47   215  +4.8782  1.071e-06     1
KSTU 1999-02-13 1999-02-28  +0.8078  +0.4847  +0.0368  +0.0330    49   151  +6.5373  6.264e-11     1
KSTU 2001-02-16 2001-03-26  +0.0153  +0.2802  +0.0299  +0.0282   176   192  -6.4532  1.095e-10     1
KSTU 2002-03-10 2002-03-10  +0.2802  +0.3444  +0.0282  +0.0173   192   539  -1.9451  5.176e-02     0
KUNM 2001-07-05 2001-07-06  +0.3460  +0.8780  +0.0469  +0.0651   222   171  -6.6286  3.390e-11     1
KUNM 2003-03-27 2003-03-28  +0.3957  +1.1272  +0.0613  +0.0677   100   181  -8.0038  1.206e-15     1
KUNM 2003-10-12 2003-12-15  +1.1272  +1.0289  +0.0677  +0.0662   181    78  +1.0372  2.997e-01     0
KUNM 2004-06-11 2004-06-17  +1.5961  +1.0648  +0.0898  +0.0458    91   253  +5.2724  1.346e-07     1
KUNM 2005-03-13 2005-03-18  +1.0648  +1.6344  +0.0458  +0.1272   253    44  -4.2125  2.525e-05     1
KUNM 2005-05-04 2005-05-28  +1.6344  +0.6051  +0.1272  +0.0495    44   241  +7.5406  4.680e-14     1
KUNM 2006-03-17 2006-03-25  +0.6051  +0.2924  +0.0495  +0.0305   241   643  +5.3800  7.448e-08     1
KUNM 2008-01-29 2008-02-13  +0.2924  +0.1482  +0.0305  +0.0449   643   312  +2.6578  7.864e-03     1
KWJ1 1996-07-30 1996-09-12  +0.5045  -0.0621  +0.1266  +0.0485    88   653  +4.1779  2.942e-05     1
LAE1 2002-07-04 2002-07-08  -1.6791  +0.7322  +0.1488  +0.2387   147    67  -8.5713  1.023e-17     1
LAE1 2003-02-08 2003-02-20  -1.1094  -1.3244  +0.1953  +0.1460   104   167  +0.8817  3.780e-01     0
LAE1 2003-08-18 2003-08-21  -1.3244  -0.8106  +0.1460  +0.1058   167   326  -2.8492  4.383e-03     1
LAE1 2004-08-06 2004-08-16  -0.8106  -0.7304  +0.1058  +0.1255   326   226  -0.4887  6.250e-01     0
LAE1 2005-04-27 2005-06-15  -0.7304  -0.1875  +0.1255  +0.0978   226   384  -3.4123  6.441e-04     1
LAE1 2010-11-09 2010-11-15  +1.3548  +0.5251  +0.1971  +0.1149   106   266  +3.6369  2.760e-04     1
LAE1 2023-10-07 2023-10-08  +0.5251       NA  +0.1149       NA   266    NA       NA         NA    NA
LAMA 1997-02-09 1997-02-25  +0.7653  +0.7114  +0.0241  +0.0205   415   530  +1.7025  8.867e-02     0
LAMA 2002-08-18 2002-09-08  -0.1834  -0.2110  +0.0219  +0.0131   462  1169  +1.0819  2.793e-01     0
LAMA 2006-01-04 2006-01-31  -0.2110  -0.0988  +0.0131  +0.0350  1169   151  -3.0036  2.668e-03     1
LAMA 2006-07-05 2006-07-10  -0.0988  -0.4667  +0.0350  +0.0358   151   179  +7.3454  2.052e-13     1
LAMA 2012-04-27 2012-05-01  +0.3276  +0.2201  +0.0114  +0.0177  1511   660  +5.1165  3.113e-07     1
LAMA 2024-02-29 2024-03-08  +0.2209  +0.3387  +0.0156  +0.0223   870   400  -4.3237  1.535e-05     1
LAUT 2019-12-04 2019-12-06  +0.1977  -0.2437  +0.0439  +0.0297   987  2171  +8.3195  8.831e-17     1
LHAS 1996-10-29 1996-12-03  +1.4102  +1.2167  +0.0875  +0.0688    77    86  +1.7375  8.229e-02     0
LHAS 1997-05-11 1997-05-18  +1.2167  +0.5206  +0.0688  +0.0593    86   148  +7.6610  1.844e-14     1
LHAS 1998-05-24 1998-06-26  +0.1832  +0.7262  +0.1090  +0.0488    56   179  -4.5481  5.414e-06     1
LHAS 1999-02-05 1999-03-28  +0.7262  +1.3742  +0.0488  +0.1078   179    63  -5.4765  4.339e-08     1
LHAS 1999-07-20 1999-07-21  +1.3742  +0.3846  +0.1078  +0.0365    63   326  +8.6942  3.493e-18     1
LHAS 2001-01-07 2001-02-16  +0.3846  +0.2750  +0.0365  +0.0767   326    84  +1.2916  1.965e-01     0
LHAS 2002-01-19 2002-02-21  -0.4345  +0.5373  +0.0474  +0.0262   215   718 -17.9466  5.106e-72     1
LHAS 2006-12-06 2007-01-27  +0.1327       NA  +0.0518       NA   200    NA       NA         NA    NA
LHAZ 2002-01-14 2002-02-22  -1.4877  -0.6379  +0.0385  +0.0198   285  1084 -19.6339  7.934e-86     1
LHAZ 2008-02-05 2008-02-13  -0.4242  -0.9457  +0.0334  +0.0534   349   167  +8.2718  1.319e-16     1
LHAZ 2008-10-27 2008-11-11  -0.0710  +0.0967  +0.0741  +0.0400    89   250  -1.9904  4.655e-02     1
LHAZ 2009-10-07 2009-11-01  -1.0431  -0.5424  +0.1067  +0.0405    42   191  -4.3882  1.143e-05     1
LHAZ 2011-12-03 2011-12-31  -0.7176  -0.4660  +0.0290  +0.0221   481   769  -6.9093  4.869e-12     1
LMMF 2010-05-22 2010-05-22  -1.1450  -0.8745  +0.0775  +0.0368   230  1032  -3.1532  1.615e-03     1
LMMF 2013-04-28 2013-04-28  -0.8745  -1.0621  +0.0368  +0.0256  1032  2133  +4.1884  2.809e-05     1
LMMF 2024-01-26 2024-02-10  -1.6043  -1.5136  +0.0364  +0.0452  1048   686  -1.5640  1.178e-01     0
LPAL 2001-12-20 2002-01-02  -0.2594  -0.1611  +0.0358  +0.0188   161   378  -2.4310  1.506e-02     1
LPAL 2003-02-02 2003-02-03  -0.1611  -0.0202  +0.0188  +0.0190   378   372  -5.2676  1.382e-07     1
LPAL 2004-02-19 2004-02-23  -0.0202  +0.1694  +0.0190  +0.0505   372    41  -3.5116  4.455e-04     1
LPAL 2004-04-05 2004-04-06  +0.1694  -0.1273  +0.0505  +0.0191    41   376  +5.4945  3.919e-08     1
LPAL 2005-04-24 2005-04-29  -0.1273  +0.1332  +0.0191  +0.0264   376   242  -7.9962  1.283e-15     1
LPAL 2006-01-04 2006-02-11  +0.1332  +0.1386  +0.0264  +0.0125   242   844  -0.1852  8.531e-01     0
LPAL 2010-12-06 2010-12-22  -0.2617  -0.1857  +0.0134  +0.0175   835   415  -3.4539  5.526e-04     1
LPAL 2018-03-01 2018-03-03  -0.3044  -0.2765  +0.0083  +0.0118  2045  1013  -1.9377  5.266e-02     0
LPAL 2021-01-08 2021-02-06  -0.2765  -0.2333  +0.0118  +0.0329  1013    94  -1.2355  2.167e-01     0
LPAL 2021-05-15 2021-05-22  -0.2333  -0.4524  +0.0329  +0.0227    94   287  +5.4871  4.085e-08     1
LPGS 1996-11-24 1997-03-03  -0.4864  -0.3835  +0.0554  +0.0803   223   144  -1.0555  2.912e-01     0
LPGS 1998-05-09 1998-05-10  -0.3835  -0.5222  +0.0803  +0.0505   144   277  +1.4620  1.437e-01     0
LPGS 1999-06-05 1999-06-16  -0.5222  -0.4894  +0.0505  +0.0413   277   478  -0.5026  6.153e-01     0
LPGS 2001-02-24 2001-03-06  -0.4894  -0.1593  +0.0413  +0.0683   478   137  -4.1347  3.554e-05     1
LPGS 2001-08-09 2001-08-11  -0.1593  +0.2621  +0.0683  +0.0958   137    72  -3.5806  3.429e-04     1
LPGS 2002-04-05 2002-04-05  -0.4827  -0.4228  +0.0965  +0.1219   132    48  -0.3857  6.997e-01     0
LPGS 2003-11-16 2003-11-17  +0.2834  +0.1392  +0.0386  +0.0335   484   727  +2.8229  4.759e-03     1
LPGS 2006-04-01 2006-04-01  +0.1392  +0.3792  +0.0335  +0.0393   727   444  -4.6485  3.343e-06     1
LPGS 2007-09-07 2007-09-15  +0.3792  +0.1691  +0.0393  +0.0219   444  1668  +4.6679  3.044e-06     1
LPGS 2015-05-09 2015-05-21  -0.1016  -0.1486  +0.0325  +0.0290   774   930  +1.0819  2.793e-01     0
LPGS 2018-05-02 2018-05-04  -0.1486  +0.0099  +0.0290  +0.0248   930  1290  -4.1614  3.162e-05     1
M0SE 2021-10-04 2021-10-05  -0.2621  +0.1333  +0.1038  +0.0405    78   156  -3.5498  3.856e-04     1
M0SE 2022-05-26 2022-05-30  +0.4997  -0.1820  +0.0623  +0.1105    75    59  +5.3763  7.603e-08     1
M0SE 2022-08-21 2022-08-30  -0.1820  -0.3397  +0.1105  +0.1161    59    49  +0.9841  3.251e-01     0
MAC1 2000-05-25 2000-05-26  +0.6460  +0.5675  +0.0128  +0.0141  1215   991  +4.1352  3.547e-05     1
MAC1 2009-03-26 2009-04-19  +0.8566  +0.7839  +0.0196  +0.0146   502   900  +2.9696  2.982e-03     1
MAC1 2016-05-01 2016-05-10  +0.5571  +0.7012  +0.0115  +0.0091  1509  2366  -9.8223  9.023e-23     1
MAD2 1998-03-14 1998-03-28  -0.3233  -0.0899  +0.0505  +0.0806    99    58  -2.4548  1.409e-02     1
MAD2 1999-01-21 1999-02-19  +0.2074  +0.4214  +0.0544  +0.0400   142   273  -3.1704  1.523e-03     1
MAD2 2000-11-07 2000-11-12  -0.7951  -1.7996  +0.0434  +0.0755   239    50 +11.5346  8.827e-31     1
MAD2 2001-01-28 2001-03-25  -1.7996  -0.2484  +0.0755  +0.0283    50   546 -19.2413  1.668e-82     1
MAD2 2003-11-01 2003-11-13  -0.3664  +0.2796  +0.0707  +0.0341   137   213  -8.2335  1.819e-16     1
MAD2 2005-03-10 2005-03-10  +0.2796  +0.1919  +0.0341  +0.0642   213    82  +1.2058  2.279e-01     0
MAD2 2005-06-04 2005-06-06  +0.1919  +0.9465  +0.0642  +0.0789    82   113  -7.4180  1.189e-13     1
MAD2 2024-02-17 2024-02-26  -0.6764  -0.0729  +0.0716  +0.0242    47   669  -7.9835  1.423e-15     1
MADR 1996-09-27 2004-04-09       NA  -0.0773       NA  +0.0557    NA   155       NA         NA    NA
MADR 2004-09-23 2023-01-08  -0.0773  +0.2330  +0.0557  +0.0321   155   310  -4.8268  1.387e-06     1
MADR 2023-11-19 2023-11-19  +0.2330  +0.1408  +0.0321  +0.0530   310    78  +1.4882  1.367e-01     0
MADR 2024-02-07 2024-02-29  +0.1408  +0.0479  +0.0530  +0.0305    78   348  +1.5198  1.286e-01     0
MADR 2025-02-15 2025-02-25  +0.0479  +0.0457  +0.0305  +0.0341   348   307  +0.0482  9.616e-01     0
MAG0 1999-10-03 1999-10-10  +0.3181  +0.4348  +0.0165  +0.0078   177   872  -6.3958  1.597e-10     1
MAG0 2006-02-09 2006-03-17  +0.3263  +0.5441  +0.0067  +0.0329  1121    55  -6.4942  8.348e-11     1
MAG0 2012-01-13 2012-01-19  +0.1630  +0.1969  +0.0191  +0.0124   138   335  -1.4894  1.364e-01     0
MAG0 2018-02-16 2018-03-25  +0.2777  -0.1806  +0.0240  +0.0410    48    40  +9.6394  5.452e-22     1
MAG0 2020-11-30 2021-02-02  -0.0467  +0.3899  +0.0238  +0.0230   208    51 -13.1715  1.280e-39     1
MAG0 2021-03-30 2021-04-01  +0.3899  -0.0715  +0.0230  +0.0363    51   101 +10.7378  6.761e-27     1
MAJU 2020-05-24 2020-05-25  -0.0957  -0.2589  +0.0282  +0.0415  1153   504  +3.2541  1.137e-03     1
MAJU 2025-12-06 2025-12-30  +0.8064       NA  +0.1454       NA    49    NA       NA         NA    NA
MAL2 2008-11-17 2008-12-03  -0.5986  +0.3087  +0.1000  +0.1522   111    47  -4.9805  6.341e-07     1
MAL2 2009-01-23 2009-01-25  +0.3087  -0.3128  +0.1522  +0.0475    47   561  +3.8970  9.741e-05     1
MAL2 2011-02-22 2011-03-07  +0.0072  -0.3837  +0.1051  +0.0727   110   235  +3.0597  2.215e-03     1
MAL2 2012-03-20 2012-04-08  +0.3585  -0.0964  +0.0981  +0.0593   134   353  +3.9674  7.267e-05     1
MAL2 2013-04-05 2013-04-09  -0.0964  -0.5692  +0.0593  +0.0448   353   607  +6.3620  1.991e-10     1
MAL2 2017-02-11 2017-02-18  -0.6921  -0.3946  +0.0444  +0.0408   609   744  -4.9332  8.090e-07     1
MAL2 2023-01-04 2023-02-02  -0.9448  -0.9152  +0.0431  +0.0447   687   633  -0.4770  6.333e-01     0
MAL2 2025-10-30 2025-10-31  -0.9981  -1.4257  +0.0754  +0.1504   210    60  +2.5412  1.105e-02     1
MALD 1999-10-22 1999-12-14  -0.4234  -0.7192  +0.1405  +0.0840    63   199  +1.8075  7.068e-02     0
MALD 2000-07-16 2000-07-22  -0.7192  +0.0995  +0.0840  +0.0995   199   134  -6.2878  3.220e-10     1
MALD 2000-12-20 2000-12-23  +0.0995  +0.7528  +0.0995  +0.0708   134   272  -5.3496  8.814e-08     1
MALD 2002-02-06 2002-02-17  +0.7528  +0.6575  +0.0708  +0.1302   272    79  +0.6424  5.206e-01     0
MALD 2002-11-16 2002-11-18  +0.6575  +0.9137  +0.1302  +0.0475    79   625  -1.8477  6.465e-02     0
MALD 2005-10-06 2005-11-12  +0.9137  +0.5197  +0.0475  +0.1332   625    82  +2.7871  5.318e-03     1
MALI 1997-03-14 1997-04-03  -0.4306  +0.3418  +0.1018  +0.2116   186    43  -3.2889  1.006e-03     1
MALI 1997-08-01 1997-08-26  +0.3418  +0.4860  +0.2116  +0.1057    43   187  -0.6097  5.421e-01     0
MALI 2000-01-29 2000-07-03  -0.0851  -0.2070  +0.0915  +0.0653   219   442  +1.0839  2.784e-01     0
MALI 2002-07-13 2002-07-16  -0.2070  -0.2024  +0.0653  +0.0942   442   204  -0.0395  9.685e-01     0
MALI 2004-12-14 2004-12-28  -0.0636  -0.8068  +0.0674  +0.1898   399    53  +3.6903  2.240e-04     1
MALI 2005-02-27 2005-03-05  -0.8068  -0.2347  +0.1898  +0.0784    53   309  -2.7862  5.333e-03     1
MALI 2006-02-05 2006-02-24  -0.2347  -0.6000  +0.0784  +0.0515   309   725  +3.8948  9.829e-05     1
MALI 2008-03-24 2008-04-18  -0.6000  -0.6928  +0.0515  +0.1146   725   135  +0.7387  4.601e-01     0
MANA 2001-04-12 2001-05-19  -0.5315  -1.5885  +0.0734  +0.1884   310    54  +5.2269  1.724e-07     1
MANA 2003-03-15 2003-03-28  -0.7171  -0.0557  +0.0850  +0.0819   229   260  -5.6041  2.093e-08     1
MANA 2004-02-26 2004-02-27  -0.0557  -0.4172  +0.0819  +0.0813   260   256  +3.1322  1.735e-03     1
MANA 2005-03-21 2005-03-21  -0.4172  +0.0533  +0.0813  +0.0443   256   869  -5.0808  3.759e-07     1
MANA 2008-09-09 2008-09-09  +0.0533  -0.0340  +0.0443  +0.0685   869   364  +1.0709  2.842e-01     0
MANA 2016-04-15 2016-04-26  +0.0149  +0.1386  +0.0289  +0.0357  2043  1349  -2.6915  7.112e-03     1
MAS1 2000-07-13 2000-09-13  -0.5938  -0.4982  +0.0497  +0.0461   310   396  -1.4099  1.586e-01     0
MAS1 2001-12-14 2001-12-16  -0.4982  -0.2573  +0.0461  +0.0398   396   470  -3.9560  7.623e-05     1
MAS1 2004-06-06 2004-06-30  +0.3179  -0.3257  +0.0753  +0.0514   123   299  +7.0571  1.700e-12     1
MAS1 2005-05-03 2005-05-05  -0.3257  -0.4551  +0.0514  +0.0464   299   368  +1.8695  6.156e-02     0
MAS1 2009-07-24 2009-08-02  -0.0469  -0.3578  +0.0267  +0.0361  1119   597  +6.9205  4.501e-12     1
MAS1 2014-08-11 2014-09-06  -0.2992  -0.2032  +0.0320  +0.0269   791  1124  -2.2968  2.163e-02     1
MAS1 2023-01-03 2023-02-08  -0.3335  -0.2284  +0.0323  +0.1053   751    58  -0.9539  3.401e-01     0
MAS1 2023-04-08 2023-06-12  -0.2284  -0.0062  +0.1053  +0.0399    58   538  -1.9721  4.859e-02     1
MAS1 2024-12-03 2024-12-04  -0.0062  -0.1688  +0.0399  +0.0447   538   389  +2.7114  6.701e-03     1
MAT1 2006-03-31 2006-03-31  -0.2173  -0.1302  +0.0168  +0.0221  1369   836  -3.1350  1.719e-03     1
MAT1 2023-03-19 2023-03-20  +0.2806  +0.4167  +0.0275  +0.0351   450   336  -3.0529  2.266e-03     1
MAT1 2024-02-25 2024-03-12  +0.4167  +0.5465  +0.0351  +0.0556   336   161  -1.9738  4.840e-02     1
MAT1 2024-08-24 2024-09-02  +0.5465  +0.2943  +0.0556  +0.0298   161   458  +3.9981  6.386e-05     1
MATE 1994-09-02 1994-10-05  +0.2801  +0.1643  +0.0460  +0.0816   194    66  +1.2355  2.166e-01     0
MATE 1998-10-01 1998-10-02  -0.8230  -0.1489  +0.0658  +0.0469   157   141  -8.3361  7.677e-17     1
MATE 2003-05-09 2003-05-09  +0.3954  -0.4018  +0.0561  +0.1036    90    63  +6.7668  1.317e-11     1
MAUI 1999-06-18 1999-06-19  +0.4220  +0.3313  +0.0293  +0.0297   150   165  +2.1756  2.958e-02     1
MAUI 2000-01-14 2000-01-22  +0.3313  +0.2433  +0.0297  +0.0310   165   137  +2.0497  4.039e-02     1
MAUI 2000-07-20 2000-08-01  +0.2433  +0.3430  +0.0310  +0.0451   137    80  -1.8203  6.871e-02     0
MAUI 2000-10-25 2000-11-16  +0.3430  +0.5687  +0.0451  +0.0307    80   121  -4.1359  3.535e-05     1
MAUI 2001-03-24 2001-03-25  +0.5687  +0.3616  +0.0307  +0.0472   121    65  +3.6797  2.335e-04     1
MAUI 2001-06-01 2001-06-09  +0.3616  +0.2855  +0.0472  +0.0191    65   371  +1.4956  1.347e-01     0
MAUI 2003-04-02 2003-04-04  +0.4860  +0.2752  +0.0230  +0.0280   250   190  +5.8184  5.942e-09     1
MAUI 2003-10-23 2003-12-06  +0.2752  +0.4720  +0.0280  +0.0357   190    87  -4.3403  1.423e-05     1
MAUI 2008-01-07 2008-03-16  +0.4339  +0.2688  +0.0112  +0.0279  1092   188  +5.4886  4.051e-08     1
MAUI 2008-12-26 2009-01-02  +0.5878  +0.4064  +0.0428  +0.0112    73  1057  +4.0969  4.187e-05     1
MAW1 1999-02-28 1999-03-09  +0.7679  +0.4608  +0.0276  +0.0177    72   105  +9.3611  7.887e-21     1
MAW1 1999-07-24 1999-08-05  +0.4608  +0.6761  +0.0177  +0.0123   105   264  -9.9846  1.780e-23     1
MAW1 2003-07-27 2003-09-05  +0.8168  +0.7823  +0.0066  +0.0086   855   534  +3.1810  1.468e-03     1
MAW1 2009-10-18 2009-11-18  +0.6815  +0.6240  +0.0071  +0.0072   765   746  +5.6692  1.434e-08     1
MBAR 2001-07-18 2001-09-12       NA  -0.7890       NA  +0.0966    NA   125       NA         NA    NA
MBAR 2002-06-08 2002-08-19  -0.7890  -0.9656  +0.0966  +0.1238   125    64  +1.1244  2.608e-01     0
MBAR 2004-05-20 2004-05-23  -0.9656  +0.3547  +0.1238  +0.0840    64   134  -8.8240  1.104e-18     1
MBAR 2004-10-08 2004-10-11  +0.3547  -0.0966  +0.0840  +0.0381   134   770  +4.8919  9.988e-07     1
MBAR 2009-12-21 2010-01-06  -0.4517  -0.5424  +0.0385  +0.0710   737   215  +1.1218  2.619e-01     0
MBAR 2011-06-07 2011-06-11  -0.5424  -0.9356  +0.0710  +0.1046   215    82  +3.1092  1.876e-03     1
MBAR 2014-02-09 2014-02-20  -0.3839  -0.8234  +0.0443  +0.0486   558   521  +6.6905  2.224e-11     1
MBAR 2016-04-14 2016-05-07  -0.8234  -1.0337  +0.0486  +0.0820   521   142  +2.2063  2.737e-02     1
MCIL 2014-06-05 2014-06-06  -0.3850  -0.3541  +0.0336  +0.0252   633  1197  -0.7355  4.621e-01     0
MCM4 1998-08-30 1998-09-08  -0.0519  -0.1014  +0.0124  +0.0200   223   111  +2.1041  3.537e-02     1
MCM4 2000-09-23 2000-10-01  +0.9103  +0.8859  +0.0103  +0.0105   330   327  +1.6555  9.783e-02     0
MDO1 1994-03-15 1994-03-15  +0.3238  +0.4806  +0.0492  +0.0670    60    58  -1.8870  5.917e-02     0
MDO1 2000-02-21 2000-03-08  +0.2539  +0.6695  +0.0488  +0.0239    58   567  -7.6553  1.929e-14     1
MDO1 2002-10-21 2002-11-10  +0.7976  +0.9616  +0.0468  +0.0165   200   915  -3.3052  9.492e-04     1
MDO1 2006-10-01 2006-10-02  +0.9639  +0.8354  +0.0408  +0.0616   230    63  +1.7404  8.178e-02     0
MDO1 2013-11-18 2013-12-09  +1.0773  +0.2752  +0.0702  +0.0132    79  1615 +11.2285  2.954e-29     1
MDVJ 2005-09-20 2005-10-13  +1.2361  +0.7587  +0.0516  +0.0120   137  1055  +9.0156  1.959e-19     1
MDVJ 2011-01-06 2011-01-29  +0.7264  +0.9031  +0.0386  +0.0266    89   274  -3.7719  1.620e-04     1
MDVJ 2013-05-08 2013-05-18  +0.7207  +0.5413  +0.0178  +0.0118   463  1229  +8.3904  4.844e-17     1
MDVJ 2016-11-14 2016-11-23  +0.5413  +0.4674  +0.0118  +0.0155  1229   663  +3.7900  1.506e-04     1
MDVJ 2021-12-16 2022-03-11  +0.6309  +0.2742  +0.0447  +0.0327    82   219  +6.4403  1.192e-10     1
MDVJ 2022-11-03 2022-11-03  +0.2742  +0.5596  +0.0327  +0.0345   219    86  -5.9997  1.977e-09     1
MDVJ 2024-01-01 2024-01-22  +0.2075  +0.2304  +0.0366  +0.0388   148    66  -0.4294  6.677e-01     0
MDVO 1995-03-07 1995-08-02       NA  +1.4143       NA  +0.0520    NA    85       NA         NA    NA
MDVO 1995-12-09 1995-12-13  +1.4143  +1.1716  +0.0520  +0.0323    85   145  +3.9630  7.401e-05     1
MDVO 1996-08-16 1996-09-05  +0.4808  +0.4503  +0.1116  +0.0498    54    83  +0.2491  8.033e-01     0
MDVO 1996-12-06 1997-02-05  +0.4503  +0.1681  +0.0498  +0.0311    83   262  +4.8081  1.524e-06     1
MDVO 1997-11-02 1997-12-26  +0.1681  +0.1575  +0.0311  +0.0365   262    80  +0.2220  8.243e-01     0
MDVO 1998-03-17 1998-04-01  +0.1575  +0.1546  +0.0365  +0.0486    80   172  +0.0476  9.620e-01     0
MDVO 1999-01-27 1999-03-22  +0.6001  +0.3903  +0.0338  +0.0213   115   510  +5.2516  1.508e-07     1
MDVO 2000-11-02 2000-11-03  +0.3903  +0.3389  +0.0213  +0.0224   510   354  +1.6618  9.655e-02     0
MDVO 2002-10-16 2003-01-15  +0.2407       NA  +0.0381       NA   189    NA       NA         NA    NA
MEDI 2003-06-08 2003-06-26  +0.5804  +0.0835  +0.0362  +0.1014   221    96  +4.6142  3.945e-06     1
MEDI 2009-09-10 2009-10-06  +0.9748  +0.8372  +0.0213  +0.0203   846   854  +4.6833  2.823e-06     1
METS 1997-12-09 1997-12-16  +0.2860  +0.4345  +0.0112  +0.0203  1189   326  -6.4020  1.533e-10     1
METS 1998-12-31 1999-01-03  +0.4345  +0.2686  +0.0203  +0.0174   326   393  +6.2054  5.457e-10     1
METS 2000-04-22 2000-04-25  +0.2686  +0.2483  +0.0174  +0.0191   393   393  +0.7861  4.318e-01     0
METS 2009-04-24 2009-04-28  +0.5463  +0.3490  +0.0257  +0.0198   130   355  +6.0716  1.266e-09     1
METS 2010-05-12 2010-05-22  +0.3490  +0.0500  +0.0198  +0.0214   355   263 +10.2430  1.272e-24     1
METS 2011-04-24 2011-04-26  +0.0500  +0.1350  +0.0214  +0.0126   263   897  -3.4162  6.350e-04     1
METS 2014-02-23 2014-03-07  +0.1350  +0.1709  +0.0126  +0.0133   897   781  -1.9605  4.994e-02     1
METS 2018-05-07 2018-05-16  +0.4220  +0.6311  +0.0143  +0.0363   684   189  -5.3592  8.358e-08     1
METS 2024-03-18 2024-03-18  +0.3570  +0.4563  +0.0113  +0.0402  1068    91  -2.3765  1.748e-02     1
METZ 2005-11-29 2005-12-11  +0.2328  +0.3495  +0.0106  +0.0142  1229   669  -6.5807  4.682e-11     1
METZ 2008-01-01 2008-01-12  +0.3495  +0.5346  +0.0142  +0.0453   669    40  -3.9021  9.537e-05     1
METZ 2008-12-12 2009-02-04  +0.2307  +0.5145  +0.0277  +0.0347   218    73  -6.3891  1.668e-10     1
METZ 2009-04-24 2009-04-28  +0.5145  +0.3938  +0.0347  +0.0209    73   313  +2.9777  2.904e-03     1
METZ 2010-05-12 2010-05-22  +0.3938  +0.3894  +0.0209  +0.0262   313   222  +0.1326  8.945e-01     0
METZ 2011-05-06 2011-05-12  +0.3894  +0.2435  +0.0262  +0.0633   222    83  +2.1299  3.318e-02     1
METZ 2011-10-23 2011-11-20  +0.2435  +0.3018  +0.0633  +0.0256    83   143  -0.8546  3.928e-01     0
MGUE 2014-06-10 2014-06-20  +0.9687  +0.7223  +0.0604  +0.0403   158   258  +3.3924  6.929e-04     1
MGUE 2015-03-18 2015-03-19  +0.7223  +0.8738  +0.0403  +0.0575   258   107  -2.1588  3.087e-02     1
MGUE 2015-07-08 2015-08-04  +0.8738  +0.5257  +0.0575  +0.0371   107   321  +5.0870  3.637e-07     1
MGUE 2016-07-09 2016-07-10  +0.5257  +0.7179  +0.0371  +0.0432   321   242  -3.3726  7.447e-04     1
MGUE 2017-03-22 2017-03-30  +0.7179  +0.6158  +0.0432  +0.0147   242  1847  +2.2371  2.528e-02     1
MGUE 2022-07-24 2022-07-25  +0.6158  +0.3764  +0.0147  +0.0549  1847   111  +4.2085  2.570e-05     1
MGUE 2023-08-20 2023-08-27  +0.9135  +0.6321  +0.0397  +0.0236   267   722  +6.0867  1.153e-09     1
MGUE 2025-09-17 2025-09-17  +0.6321  +0.2839  +0.0236  +0.0774   722    97  +4.3046  1.673e-05     1
MGUE 2025-12-28 2025-12-30  +0.2839       NA  +0.0774       NA    97    NA       NA         NA    NA
MIZU 2005-12-03 2005-12-24  +0.6329  +0.7236  +0.0156  +0.0348  1227   126  -2.3767  1.747e-02     1
MIZU 2010-01-20 2010-01-21  +0.4042  +0.5088  +0.0152  +0.0109  1229  2341  -5.5910  2.258e-08     1
MIZU 2017-01-11 2017-01-25  +0.5088  +0.6335  +0.0109  +0.0146  2341  1332  -6.8298  8.504e-12     1
MIZU 2020-12-12 2021-01-13  +0.6335  +0.7167  +0.0146  +0.0344  1332   247  -2.2245  2.612e-02     1
MKEA 1997-06-25 1997-06-25  +0.3993  +0.4620  +0.0257  +0.0244   198   240  -1.7706  7.662e-02     0
MKEA 1998-08-09 1998-08-28  +0.1267  +0.2188  +0.0341  +0.0204   128   361  -2.3142  2.066e-02     1
MKEA 2000-06-28 2000-06-30  +0.2188  +0.4556  +0.0204  +0.0151   361   626  -9.3136  1.236e-20     1
MKEA 2002-05-01 2002-05-02  +0.4556  +0.3008  +0.0151  +0.0409   626    92  +3.5499  3.853e-04     1
MKEA 2002-08-08 2002-08-26  +0.3008  +0.4984  +0.0409  +0.0141    92   724  -4.5693  4.894e-06     1
MKEA 2004-09-27 2004-09-30  +0.4984  +0.6112  +0.0141  +0.0199   724   370  -4.6253  3.741e-06     1
MKEA 2008-03-21 2008-03-30  +0.3994  +0.4185  +0.0129  +0.0154   830   619  -0.9534  3.404e-01     0
MKEA 2012-03-21 2012-03-24  +0.2626  +0.3340  +0.0140  +0.0211   713   325  -2.8140  4.893e-03     1
MKEA 2013-02-18 2013-02-24  +0.3340  +0.3483  +0.0211  +0.0165   325   547  -0.5318  5.949e-01     0
MKEA 2019-02-20 2019-02-22  -0.6251  -0.8865  +0.0103  +0.0444  1339    67  +5.7396  9.487e-09     1
MKEA 2019-06-01 2019-06-07  -0.8865  -0.9921  +0.0444  +0.0387    67   121  +1.7942  7.279e-02     0
MNLS 2015-07-14 2015-07-16  -0.3813  -0.6701  +0.0183  +0.0986   366    59  +2.8793  3.985e-03     1
MNLS 2015-12-13 2015-12-14  -0.1644  -0.4166  +0.0462  +0.0268    75   128  +4.7221  2.334e-06     1
MNLS 2017-02-10 2017-02-12  -0.2921  -0.1925  +0.0337  +0.0181    74   547  -2.6028  9.246e-03     1
MNLS 2019-04-21 2019-04-23  -0.3355  -0.4383  +0.0239  +0.0185   173   515  +3.4029  6.667e-04     1
MNLS 2024-10-19 2024-11-05  -0.3256  -0.4424  +0.0216  +0.0207   333   307  +3.9046  9.437e-05     1
MOBJ 2007-01-19 2007-06-21  +0.1468  +1.3338  +0.0284  +0.0266   277   267 -30.5523 5.275e-205     1
MOBJ 2013-02-09 2013-02-19  +0.4902  +0.4996  +0.0329  +0.0245   131   335  -0.2291  8.188e-01     0
MOBJ 2014-02-04 2014-02-16  +0.4996  +0.6767  +0.0245  +0.0144   335   975  -6.2273  4.744e-10     1
MOBJ 2017-01-20 2017-03-14  +0.6767  +0.5428  +0.0144  +0.0263   975   299  +4.4720  7.749e-06     1
MOBJ 2018-02-03 2018-03-19  +0.5428  +0.4567  +0.0263  +0.0153   299   899  +2.8318  4.628e-03     1
MOBJ 2021-01-06 2021-01-24  +0.4567  +0.2455  +0.0153  +0.0297   899   262  +6.3293  2.462e-10     1
MOBK 2017-01-20 2017-02-10  +0.6010  +0.6957  +0.0136  +0.0447  1072    74  -2.0280  4.256e-02     1
MOBK 2018-02-03 2018-03-19  +0.4359  +0.5285  +0.0290  +0.0423   268   163  -1.8070  7.075e-02     0
MOBK 2018-09-08 2018-09-13  +0.5285  +0.3224  +0.0423  +0.0357   163   131  +3.7265  1.941e-04     1
MOBK 2019-01-27 2019-01-31  +0.3224  +0.4748  +0.0357  +0.0343   131   198  -3.0786  2.080e-03     1
MOBK 2019-08-31 2019-09-12  +0.4748  +0.3629  +0.0343  +0.0209   198   459  +2.7843  5.364e-03     1
MOBK 2021-01-06 2021-02-26  +0.3629  +0.1578  +0.0209  +0.0368   459   187  +4.8508  1.230e-06     1
MOBS 2007-11-29 2007-11-29  +0.6319  +0.5472  +0.0211  +0.0460   590   176  +1.6719  9.454e-02     0
MOBS 2008-06-01 2008-06-03  +0.5472  +0.5877  +0.0460  +0.0092   176  3249  -0.8635  3.879e-01     0
MONP 1995-08-03 1995-09-10       NA  -0.1991       NA  +0.0564    NA    62       NA         NA    NA
MONP 1996-02-26 1996-03-16  +0.3370  +0.3102  +0.0336  +0.0361   102   157  +0.5438  5.866e-01     0
MONP 1996-09-07 1996-09-12  +0.3102  +0.1786  +0.0361  +0.0213   157   363  +3.1369  1.707e-03     1
MONP 1997-10-01 1997-10-05  +0.1786  +0.3893  +0.0213  +0.0485   363    60  -3.9752  7.033e-05     1
MONP 2001-06-17 2001-06-25  -0.1659  -0.3813  +0.0175  +0.0435   488   137  +4.5941  4.347e-06     1
MONP 2002-06-10 2002-06-14  -0.0627  +0.0262  +0.0252  +0.0154   193   669  -3.0153  2.567e-03     1
MONP 2004-06-14 2004-06-16  +0.0262  -0.2951  +0.0154  +0.0532   669   123  +5.8012  6.584e-09     1
MONP 2007-11-13 2007-11-14  +0.1916  +0.0128  +0.0273  +0.0184   252   441  +5.4314  5.590e-08     1
MONP 2015-06-15 2015-07-05  +0.1400  +0.0920  +0.0087  +0.0190  2102   484  +2.2985  2.153e-02     1
MORP 2014-06-23 2014-07-10  -0.3933  -0.1319  +0.0352  +0.0668   159    88  -3.4605  5.391e-04     1
MORP 2017-06-04 2017-06-06  +0.0165  -0.3969  +0.0321  +0.0565   181   127  +6.3573  2.054e-10     1
MORP 2018-07-08 2018-08-18  -0.0628  -0.0602  +0.0294  +0.0289   251   271  -0.0642  9.488e-01     0
MORP 2019-06-02 2019-07-20  -0.0602  -0.0008  +0.0289  +0.0285   271   289  -1.4623  1.437e-01     0
MORP 2023-01-27 2023-03-05  -0.0022  -0.2939  +0.0186  +0.0462   710   102  +5.8548  4.775e-09     1
MORP 2023-07-07 2023-08-10  -0.2939  +0.0209  +0.0462  +0.0295   102   260  -5.7370  9.639e-09     1
MORP 2025-05-17 2025-06-26  +0.0752  +0.2179  +0.0291  +0.0482   272   145  -2.5335  1.129e-02     1
MQZG 2013-07-11 2013-08-09  +0.1709  +0.4171  +0.0707  +0.0213    72  1011  -3.3320  8.622e-04     1
MQZG 2016-06-09 2016-06-22  +0.4171  +0.5381  +0.0213  +0.0288  1011   502  -3.3837  7.151e-04     1
MQZG 2017-12-05 2017-12-08  +0.5381  +0.6719  +0.0288  +0.0159   502  1735  -4.0748  4.606e-05     1
MRO1 2017-01-30 2017-03-31       NA  -0.0006       NA  +0.0423    NA   169       NA         NA    NA
MRO1 2017-09-20 2017-10-14  -0.0006  -0.0624  +0.0423  +0.0757   169    69  +0.7131  4.758e-01     0
MRO1 2017-12-24 2018-01-01  -0.0624  +0.0393  +0.0757  +0.0331    69   336  -1.2310  2.183e-01     0
MRO1 2021-04-30 2021-05-01  +0.0325  -0.2387  +0.0229  +0.0305   707   388  +7.1053  1.201e-12     1
MRO1 2022-06-08 2022-06-16  -0.2387  -0.2861  +0.0305  +0.0232   388   694  +1.2363  2.164e-01     0
MRO1 2024-06-12 2024-06-17  -0.2861  -0.5826  +0.0232  +0.0544   694    95  +5.0121  5.385e-07     1
MRO1 2024-09-21 2024-09-27  -0.5826  -0.3539  +0.0544  +0.0680    95    71  -2.6268  8.619e-03     1
MRO1 2024-12-12 2024-12-23  -0.3539  -0.3927  +0.0680  +0.0323    71   359  +0.5162  6.057e-01     0
MSKU 2002-07-31 2002-08-01  +1.7115  +1.0445  +0.2250  +0.1683    43    74  +2.3738  1.761e-02     1
MSKU 2003-07-06 2003-07-22  +1.0445  +0.4648  +0.1683  +0.0838    74   320  +3.0834  2.046e-03     1
MSKU 2005-07-12 2005-08-24  +0.4648  +0.2671  +0.0838  +0.1002   320   223  +1.5144  1.299e-01     0
MSKU 2006-08-02 2006-08-14  +0.2671  -0.0035  +0.1002  +0.1884   223    58  +1.2682  2.047e-01     0
MTKA 1998-10-27 1998-12-09       NA  +0.2111       NA  +0.0222    NA  1017       NA         NA    NA
MTKA 2003-11-21 2003-11-21  +0.4916  +0.1918  +0.0612  +0.0246   242   759  +4.5483  5.407e-06     1
MTKA 2008-08-04 2008-08-08  -0.1285  -0.2495  +0.0281  +0.0485   735   184  +2.1573  3.098e-02     1
MTKA 2009-02-14 2009-02-14  -0.2495  +0.1180  +0.0485  +0.0551   184   240  -5.0063  5.549e-07     1
MTKA 2009-12-02 2009-12-03  +0.1180  +0.0142  +0.0551  +0.0313   240   432  +1.6388  1.013e-01     0
MTKA 2011-11-02 2011-11-11  -0.4672  -0.2156  +0.0809  +0.0383   187   257  -2.8101  4.952e-03     1
MTKA 2016-07-29 2016-08-04  +0.0063  -0.1435  +0.0660  +0.0798   139   105  +1.4464  1.481e-01     0
MTKA 2016-12-22 2016-12-22  -0.1435  +0.0798  +0.0798  +0.0169   105  1741  -2.7376  6.189e-03     1
NAIN 2003-01-02 2003-01-20       NA  +0.0494       NA  +0.0336    NA    48       NA         NA    NA
NAIN 2005-03-09 2005-03-10  +0.2849  +0.3858  +0.0132  +0.0128   595   669  -5.4701  4.499e-08     1
NAIN 2007-07-01 2007-07-11  +0.3858  +0.3934  +0.0128  +0.0212   669   199  -0.3075  7.585e-01     0
NAIN 2008-03-20 2008-03-23  +0.3934  +0.3382  +0.0212  +0.0165   199   437  +2.0547  3.991e-02     1
NAIN 2009-12-19 2009-12-19  +0.3382  +0.3062  +0.0165  +0.0225   437   206  +1.1479  2.510e-01     0
NAIN 2010-12-15 2010-12-17  +0.3062  +0.2851  +0.0225  +0.0100   206  1013  +0.8568  3.916e-01     0
NAIN 2017-02-26 2017-03-04  +0.2851  +0.2718  +0.0100  +0.0116  1013   757  +0.8643  3.874e-01     0
NANO 1995-05-16 1995-05-28       NA  +0.3033       NA  +0.0741    NA   123       NA         NA    NA
NANO 2002-10-25 2003-01-04  +0.4607  +0.4166  +0.0175  +0.0325  1227   348  +1.1952  2.320e-01     0
NANO 2005-12-21 2006-01-17  +0.1778  +0.2656  +0.0226  +0.0380   710   263  -1.9832  4.734e-02     1
NANO 2006-10-11 2006-10-14  +0.2656  +0.2325  +0.0380  +0.0140   263  1837  +0.8159  4.145e-01     0
NANO 2011-12-25 2012-01-10  +0.2325  +0.3613  +0.0140  +0.0455  1837   123  -2.7035  6.861e-03     1
NANO 2012-05-15 2012-05-16  +0.3613  +0.2156  +0.0455  +0.0154   123  1585  +3.0312  2.436e-03     1
NANO 2018-07-17 2018-08-23  +0.4777  +0.2698  +0.0241  +0.0243   590   571  +6.0782  1.215e-09     1
NANO 2021-10-15 2021-10-27  +0.4828  +0.4033  +0.0270  +0.0157   553  1469  +2.5450  1.093e-02     1
NANO 2025-12-15 2025-12-30  +0.4033       NA  +0.0157       NA  1469    NA       NA         NA    NA
NAUR 2018-03-07 2018-04-13  +0.1944  +0.8095  +0.0670  +0.0511   353   634  -7.3007  2.862e-13     1
NAUR 2023-07-26 2023-07-26  +0.8095  -0.2114  +0.0511  +0.0690   634   338 +11.8921  1.301e-32     1
NAUR 2024-07-04 2024-07-09  -0.2114  -0.7527  +0.0690  +0.0575   338   512  +6.0266  1.674e-09     1
NAUR 2025-12-05 2025-12-30  -0.7527       NA  +0.0575       NA   512    NA       NA         NA    NA
NICO 1999-01-12 1999-04-17  -0.2711  +0.0048  +0.0817  +0.0405   136   260  -3.0262  2.477e-03     1
NICO 2000-05-23 2000-05-29  +0.0048  -0.2131  +0.0405  +0.0393   260   328  +3.8615  1.127e-04     1
NICO 2008-11-23 2008-11-24  +0.2026  +0.0480  +0.0364  +0.0135   385  2625  +3.9792  6.914e-05     1
NICO 2025-04-27 2025-07-06  +0.8031  +0.5034  +0.0474  +0.0610   144   175  +3.8792  1.048e-04     1
NIST 2014-01-02 2014-02-19       NA  +0.3777       NA  +0.0486    NA    87       NA         NA    NA
NIST 2014-05-26 2014-05-26  +0.3777  -0.0883  +0.0486  +0.0660    87   126  +5.6848  1.310e-08     1
NIST 2014-10-14 2015-02-14  -0.0883  +0.1873  +0.0660  +0.0483   126    79  -3.3690  7.544e-04     1
NIST 2016-01-12 2016-02-21  +0.5493  +0.3870  +0.0439  +0.0388    92   218  +2.7687  5.628e-03     1
NIST 2016-10-10 2016-11-01  +0.3870  +0.7252  +0.0388  +0.0410   218    94  -5.9876  2.129e-09     1
NIST 2017-02-04 2017-03-20  +0.7252  +0.4901  +0.0410  +0.0471    94   178  +3.7627  1.681e-04     1
NIST 2017-10-04 2017-10-06  +0.4901  +0.9532  +0.0471  +0.0379   178   118  -7.6624  1.825e-14     1
NIST 2025-12-06 2025-12-30  +0.6137       NA  +0.0145       NA  1140    NA       NA         NA    NA
NIUM 2020-11-20 2020-11-21  +0.0002  -0.2714  +0.0307  +0.0602  1343   376  +4.0211  5.794e-05     1
NIUM 2023-09-09 2023-09-09  -0.2714  -0.4719  +0.0602  +0.0461   376   603  +2.6461  8.143e-03     1
NKLG 2002-08-11 2002-09-07  +0.8812  +0.8258  +0.0516  +0.0667   665   379  +0.6571  5.111e-01     0
NKLG 2004-08-07 2004-08-12  +1.5868  +1.0480  +0.1159  +0.0393   158  1091  +4.4020  1.073e-05     1
NKLG 2010-09-01 2010-09-20  +1.5187  +0.7813  +0.0444  +0.1002   906   175  +6.7264  1.739e-11     1
NKLG 2011-06-06 2011-06-08  +0.7813  +0.9168  +0.1002  +0.0468   175   770  -1.2251  2.205e-01     0
NKLG 2013-08-10 2013-08-13  +0.9168  +1.0534  +0.0468  +0.0375   770  1196  -2.2771  2.278e-02     1
NLIB 1994-01-06 1994-01-26       NA  +0.4526       NA  +0.0494    NA   179       NA         NA    NA
NLIB 1995-08-22 1995-09-14  -0.1351  -0.0732  +0.0351  +0.0153   243  1216  -1.6168  1.059e-01     0
NLIB 2009-07-27 2009-09-20  +0.1032  -0.2087  +0.0119  +0.0207  2145   652 +13.0763  4.498e-39     1
NLIB 2023-09-29 2023-10-26  -2.9604  -0.9954  +0.0933  +0.0325   127   192 -19.8883  5.138e-88     1
NNOR 2003-06-22 2003-06-23  +0.5080  +0.4395  +0.0345  +0.0272   316   464  +1.5590  1.190e-01     0
NNOR 2004-10-20 2004-10-20  +0.4395  -0.0319  +0.0272  +0.0767   464    60  +5.7921  6.951e-09     1
NNOR 2017-11-11 2017-11-19  -0.0247  +0.1251  +0.0363  +0.0167   250  1351  -3.7485  1.779e-04     1
NNOR 2022-05-17 2022-05-18  -0.2823  +0.0581  +0.0558  +0.0407   169   176  -4.9296  8.239e-07     1
NOT1 2001-01-07 2001-01-19  -0.1260  +0.2183  +0.0775  +0.0472   108   308  -3.7956  1.473e-04     1
NOT1 2001-12-01 2001-12-03  +0.2183  +0.4262  +0.0472  +0.0447   308   328  -3.1984  1.382e-03     1
NOT1 2002-11-14 2002-11-21  +0.4262  +0.4130  +0.0447  +0.0326   328   528  +0.2393  8.109e-01     0
NOT1 2004-05-25 2004-05-29  +0.4130  +0.8057  +0.0326  +0.0786   528   169  -4.6180  3.874e-06     1
NOT1 2004-11-29 2004-12-08  +0.8057  +0.4580  +0.0786  +0.0229   169  1156  +4.2491  2.146e-05     1
NOT1 2008-06-25 2008-06-28  +0.4580  +0.3575  +0.0229  +0.0151  1156  2760  +3.6553  2.569e-04     1
NOT1 2016-06-20 2016-06-26  +0.3575  +0.7170  +0.0151  +0.0641  2760   197  -5.4614  4.723e-08     1
NOT1 2017-01-13 2017-01-28  +0.7170  +0.6978  +0.0641  +0.0487   197   279  +0.2382  8.117e-01     0
NOT1 2021-09-30 2021-11-12  +0.9004  +0.7958  +0.0295  +0.0431   780   339  +2.0036  4.511e-02     1
NOT1 2024-01-23 2024-02-18  +0.7400  +0.6656  +0.0441  +0.0333   338   610  +1.3452  1.786e-01     0
NOTO 1997-01-17 1997-01-26  -0.0454  +0.5053  +0.0954  +0.0566    69   267  -4.9636  6.921e-07     1
NOTO 1998-02-28 1998-03-28  -0.0297  +0.1784  +0.0674  +0.0435   123   417  -2.5952  9.454e-03     1
NOTO 1999-07-09 1999-08-09  +0.1784  +0.2188  +0.0435  +0.0459   417   386  -0.6386  5.231e-01     0
NOUM 1998-12-13 1998-12-13  +1.2696  +0.0329  +0.1729  +0.0715    51   291  +6.6094  3.858e-11     1
NOUM 2004-06-21 2004-06-24  -0.4083  -0.2934  +0.0324  +0.0423  1514   831  -2.1572  3.099e-02     1
NOVM 2014-10-30 2015-01-01  +2.4615  +2.4588  +0.0194  +0.0206   330   301  +0.0945  9.247e-01     0
NOVM 2015-12-02 2015-12-04  +2.4588  +2.3814  +0.0206  +0.0173   301   377  +2.8805  3.971e-03     1
NOVM 2023-01-31 2023-02-02  +2.1651  +2.5264  +0.0127  +0.0331   794   153 -10.2009  1.965e-24     1
NOVM 2023-10-19 2023-11-09  +2.5264  +2.6319  +0.0331  +0.0207   153   322  -2.7055  6.821e-03     1
NOVM 2024-11-20 2024-11-29  +2.6319  +2.6862  +0.0207  +0.0357   322    55  -1.3188  1.872e-01     0
NOVM 2025-02-14 2025-02-24  +2.6862  +2.5815  +0.0357  +0.0276    55   224  +2.3217  2.025e-02     1
NRC1 1995-02-15 1995-04-18  +0.3240  +0.4253  +0.0407  +0.0219   162   486  -2.1908  2.846e-02     1
NRC1 1998-01-07 1998-02-28  +0.4253  +0.2756  +0.0219  +0.0184   486   634  +5.2351  1.649e-07     1
NRC1 2000-04-24 2000-05-22  +0.0308  -0.0073  +0.0422  +0.0619    72   153  +0.5091  6.107e-01     0
NRC1 2000-11-02 2000-11-03  -0.0073  +0.1625  +0.0619  +0.0186   153   486  -2.6262  8.634e-03     1
NRC1 2002-04-13 2002-04-19  +0.1625  +0.3112  +0.0186  +0.0176   486   633  -5.8014  6.576e-09     1
NRC1 2004-03-29 2004-03-30  +0.3112  +0.4543  +0.0176  +0.0123   633  1343  -6.6469  2.993e-11     1
NRC1 2010-02-26 2010-03-19  +0.3319  +0.3362  +0.0301  +0.0150   172   950  -0.1300  8.965e-01     0
NRC1 2013-01-29 2013-01-30  +0.3362  +0.1993  +0.0150  +0.0129   950  1270  +6.9422  3.861e-12     1
NRC1 2016-11-05 2016-11-17  +0.1993  +0.2896  +0.0129  +0.0099  1270  2066  -5.5655  2.614e-08     1
NRIL 2006-11-08 2006-12-11  -0.2270  -0.3112  +0.0091  +0.0274   670    42  +2.9192  3.509e-03     1
NRIL 2007-02-07 2007-02-24  -0.3112  -0.4488  +0.0274  +0.0317    42    41  +3.2849  1.020e-03     1
NRIL 2007-04-07 2007-04-23  -0.4488  -0.3093  +0.0317  +0.0215    41   204  -3.6410  2.716e-04     1
NRIL 2007-12-06 2008-01-28  -0.3093  -0.3722  +0.0215  +0.0162   204   275  +2.3388  1.934e-02     1
NRIL 2008-11-18 2008-12-21  -0.3722  -0.2907  +0.0162  +0.0106   275   481  -4.2164  2.483e-05     1
NRIL 2011-04-28 2011-04-30  -0.4593  -0.2087  +0.0148  +0.0125   194   439 -12.9597  2.071e-38     1
NRIL 2014-03-18 2014-03-19  -0.3641  -0.2309  +0.0098  +0.0106   497   527  -9.2393  2.482e-20     1
NRMD 2011-06-09 2011-06-16  +0.6767  +0.2277  +0.0698  +0.0364   275   891  +5.7011  1.190e-08     1
NRMD 2014-08-02 2014-09-03  +0.2277  +0.2796  +0.0364  +0.0439   891   641  -0.9101  3.628e-01     0
NRMD 2016-08-24 2016-08-27  +0.2796  +0.6746  +0.0439  +0.0539   641   403  -5.6843  1.313e-08     1
NRMD 2017-10-30 2017-10-30  +0.6746  +0.5189  +0.0539  +0.1645   403    60  +0.8990  3.686e-01     0
NRMD 2020-10-16 2020-11-05  +1.4605  +1.0472  +0.0414  +0.1287   701    77  +3.0561  2.242e-03     1
NRMD 2025-12-02 2025-12-27  +1.7008       NA  +0.0532       NA   406    NA       NA         NA    NA
NSSP 1998-01-06 1998-01-19       NA  -0.5645       NA  +0.0511    NA    54       NA         NA    NA
NSSP 1998-11-03 1998-11-08  +0.1839  -0.2047  +0.0518  +0.0380   205   179  +6.0480  1.467e-09     1
NSSP 2004-02-24 2004-03-02  -0.3056  +0.2992  +0.0271  +0.0598   294   108  -9.2068  3.360e-20     1
NSSP 2005-04-07 2005-04-13  -0.3150  +0.1645  +0.0291  +0.0625   284   176  -6.9533  3.569e-12     1
NSSP 2005-11-24 2005-12-01  +0.1645  -0.3073  +0.0625  +0.0895   176    56  +4.3227  1.541e-05     1
NSSP 2006-11-02 2006-12-06  -0.3073  -0.2545  +0.0895  +0.0319    56   253  -0.5555  5.785e-01     0
NSSP 2007-08-31 2007-10-03  -0.2545  -0.0563  +0.0319  +0.0603   253    68  -2.9066  3.653e-03     1
NSSP 2007-12-13 2007-12-22  -0.0563  +0.0053  +0.0603  +0.0359    68   127  -0.8773  3.803e-01     0
NSSP 2008-04-28 2008-05-01  +0.0053  +0.1380  +0.0359  +0.0650   127   166  -1.7877  7.383e-02     0
NSSP 2008-10-29 2008-12-05  +0.1380  -0.1690  +0.0650  +0.0323   166   199  +4.2309  2.328e-05     1
NSSP 2009-09-23 2009-10-22  -1.1696  -0.0245  +0.1098  +0.0295    72   244 -10.0737  7.224e-24     1
NTUS 1997-08-31 1997-09-25       NA  +0.5478       NA  +0.1146    NA    88       NA         NA    NA
NTUS 2003-02-21 2003-02-21  -0.6976  -1.6068  +0.0391  +0.1568   794    57  +5.6261  1.844e-08     1
NTUS 2003-06-10 2003-06-23  -0.0548  -0.8888  +0.1751  +0.0842    47   172  +4.2941  1.754e-05     1
NTUS 2004-05-12 2004-05-15  -1.7088  -1.3201  +0.0942  +0.0423   140   691  -3.7648  1.667e-04     1
NTUS 2009-11-10 2009-12-05  +0.2831  +0.4154  +0.0379  +0.0520   875   450  -2.0564  3.975e-02     1
NTUS 2024-01-01 2024-02-20  +0.0027  +0.1323  +0.0612  +0.0444   334   637  -1.7136  8.659e-02     0
NURK 2010-01-09 2010-02-04  +1.0176  -0.6581  +0.1494  +0.0772    40   144  +9.9635  2.201e-23     1
NURK 2011-06-07 2011-08-09  +0.0191  -0.1082  +0.0657  +0.0804   225   140  +1.2256  2.203e-01     0
NURK 2012-01-04 2012-01-08  -0.1082  +0.1754  +0.0804  +0.0829   140   135  -2.4552  1.408e-02     1
NURK 2012-06-12 2012-07-02  +0.1754  -0.1098  +0.0829  +0.0498   135   346  +2.9489  3.189e-03     1
NURK 2013-06-23 2013-07-16  -0.1098  -0.4248  +0.0498  +0.0646   346   211  +3.8613  1.128e-04     1
NURK 2014-02-15 2014-02-16  -0.4248  -0.6063  +0.0646  +0.0877   211   117  +1.6671  9.550e-02     0
NURK 2014-06-15 2014-07-01  -0.6063  -0.4553  +0.0877  +0.0542   117   302  -1.4655  1.428e-01     0
NVSK 2000-12-16 2000-12-30  -0.9807  -0.4995  +0.0481  +0.0142    87   682  -9.5939  8.482e-22     1
NVSK 2004-02-14 2004-03-06  -0.4995  -0.5075  +0.0142  +0.0266   682   279  +0.2649  7.911e-01     0
NVSK 2005-01-07 2005-02-07  -0.5075  -0.4264  +0.0266  +0.0213   279   347  -2.3819  1.722e-02     1
NVSK 2006-02-11 2006-03-11  -0.4264  -0.3064  +0.0213  +0.0370   347   183  -2.8086  4.976e-03     1
NVSK 2006-12-31 2007-01-27  +0.5206  +0.1618  +0.0445  +0.0271    58   272  +6.8877  5.670e-12     1
NVSK 2008-11-23 2008-12-09  +0.0754  -2.1667  +0.0316  +0.0364   254    59 +46.4851  0.000e+00     1
NVSK 2009-11-23 2009-11-30  -0.3206  -0.3292  +0.0279  +0.0213   275   345  +0.2427  8.082e-01     0
NVSK 2025-11-25 2025-12-30  -1.9889       NA  +0.0334       NA   232    NA       NA         NA    NA
NYA1 1998-12-12 1999-03-12  +0.3792  +0.1957  +0.0216  +0.0083   147   901  +7.9471  1.909e-15     1
NYA1 2002-03-29 2002-03-31  +0.1957  +0.1809  +0.0083  +0.0114   901   521  +1.0477  2.948e-01     0
NYA1 2005-03-22 2005-03-27  +0.1914  +0.4988  +0.0131  +0.0274   355    67 -10.1367  3.799e-24     1
NYA1 2009-04-06 2009-05-08  +0.4765  -0.0296  +0.0220  +0.0171    93   252 +18.1564  1.143e-73     1
NYA1 2010-02-06 2010-03-05  -0.0296  +0.0087  +0.0171  +0.0139   252   331  -1.7407  8.174e-02     0
NYAL 1994-04-21 1994-04-24  +0.5721  +0.3698  +0.0228  +0.0061    86  1792  +8.5743  9.970e-18     1
NYAL 2005-03-22 2005-03-27  +0.4095  +0.5393  +0.0130  +0.0154   365   292  -6.4327  1.254e-10     1
NYAL 2010-02-08 2010-02-21  +0.3901  +0.3032  +0.0173  +0.0135   205   352  +3.9568  7.598e-05     1
NYAL 2013-02-11 2013-02-26  +0.4372  +0.3270  +0.0135  +0.0118   352   487  +6.1485  7.821e-10     1
OHI2 2004-08-25 2004-10-06  +0.4589  +0.3113  +0.0167  +0.0309   503   160  +4.2017  2.649e-05     1
OHI2 2005-10-02 2005-11-11  +0.8922  +0.6722  +0.0313  +0.0232   126   255  +5.6461  1.641e-08     1
OHI2 2006-09-23 2006-10-16  +0.6722  +0.2963  +0.0232  +0.0180   255   456 +12.8105  1.432e-37     1
OHI2 2013-08-13 2013-08-23  +0.3510  +0.1644  +0.0197  +0.0082   349  2034  +8.7262  2.634e-18     1
OHI2 2019-06-27 2019-09-11  +0.1644  +0.2402  +0.0082  +0.0213  2034   311  -3.3256  8.822e-04     1
OHI2 2020-07-26 2020-09-06  +0.2402  +0.0362  +0.0213  +0.0146   311   632  +7.9121  2.532e-15     1
OHI2 2023-06-14 2023-07-08  -0.1670       NA  +0.0228       NA   276    NA       NA         NA    NA
OHI3 2004-08-23 2004-08-28  -0.2744  -0.1733  +0.0208  +0.0259   310   212  -3.0487  2.298e-03     1
OHI3 2005-11-03 2005-11-04  +0.2032  +0.1270  +0.0280  +0.0238   154   232  +2.0706  3.840e-02     1
OHI3 2006-10-07 2006-10-09  +0.1270  -0.2324  +0.0238  +0.0256   232   222 +10.2652  1.012e-24     1
OHI3 2007-06-21 2007-07-16  -0.2324  -0.3177  +0.0256  +0.0364   222   124  +1.9155  5.543e-02     0
OHI3 2009-07-25 2009-08-23  -0.2904  -0.3504  +0.0195  +0.0328   347   122  +1.5730  1.157e-01     0
OHI3 2013-08-13 2013-08-26  +0.1994  +0.1232  +0.0115  +0.0123  1037   899  +4.5230  6.096e-06     1
OHI3 2016-05-03 2016-05-07  +0.1232  +0.1529  +0.0123  +0.0353   899    94  -0.7931  4.277e-01     0
OHI3 2016-08-17 2016-08-26  +0.1529  +0.1902  +0.0353  +0.0116    94  1003  -1.0051  3.148e-01     0
OHI3 2019-06-27 2019-07-05  +0.1902  +0.2472  +0.0116  +0.0289  1003   142  -1.8296  6.731e-02     0
OHI3 2019-12-07 2019-12-11  +0.2472  +0.2144  +0.0289  +0.0254   142   224  +0.8543  3.930e-01     0
OHI3 2020-07-26 2020-09-05  +0.2144  +0.0150  +0.0254  +0.0168   224   467  +6.5469  5.873e-11     1
ONSA 2011-11-26 2011-12-11  +0.5235  +0.4786  +0.0112  +0.0096  1667  2134  +3.0448  2.328e-03     1
ONSA 2022-01-28 2022-01-29  +0.5982  +0.3556  +0.0119  +0.0399  1414    84  +5.8279  5.612e-09     1
ONSA 2022-04-24 2022-05-06  +0.3556  +0.6446  +0.0399  +0.0161    84   839  -6.7182  1.840e-11     1
ONSA 2024-09-15 2024-09-16  +0.6446  +0.6803  +0.0161  +0.0208   839   463  -1.3557  1.752e-01     0
OPMT 2017-03-10 2017-03-28  +0.4313  +0.3671  +0.0452  +0.0187    96   852  +1.3136  1.890e-01     0
OS0G 2001-12-06 2001-12-08  +0.3994  +0.1930  +0.0265  +0.0225   315   388  +5.9399  2.852e-09     1
OS0G 2003-02-09 2003-03-29  +0.1930  +0.3606  +0.0225  +0.0489   388   118  -3.1114  1.862e-03     1
OSN1 2000-06-15 2000-06-21  +0.5091  +0.8962  +0.0268  +0.0880   266   109  -4.2058  2.601e-05     1
OSN1 2003-02-20 2003-02-25  +0.1654  +0.3920  +0.0222  +0.0456   406   234  -4.4654  7.991e-06     1
OUS2 2003-02-25 2003-02-27  +0.3997  +0.7258  +0.0255  +0.0524   626   141  -5.5945  2.213e-08     1
OUS2 2003-07-26 2003-07-28  +0.7258  +0.4995  +0.0524  +0.0214   141   915  +3.9961  6.441e-05     1
OUS2 2006-05-07 2006-05-09  +0.4995  +0.7112  +0.0214  +0.0254   915   659  -6.3656  1.945e-10     1
OUS2 2008-05-18 2008-05-20  +0.7112  +0.5969  +0.0254  +0.0187   659  1161  +3.6189  2.959e-04     1
OUS2 2011-12-09 2011-12-14  +0.5969  +0.6123  +0.0187  +0.0331  1161   397  -0.4047  6.857e-01     0
OUS2 2013-01-26 2013-02-02  +0.6123  +0.4930  +0.0331  +0.0369   397   276  +2.4072  1.607e-02     1
OUS2 2013-11-13 2013-11-14  +0.4930  +0.7767  +0.0369  +0.0361   276   305  -5.4939  3.931e-08     1
OUS2 2017-10-19 2017-10-20  +0.7767  +0.8956  +0.0361  +0.0342   305   357  -2.3896  1.687e-02     1
OUS2 2018-10-18 2018-10-23  +0.8956  +1.0304  +0.0342  +0.0655   357   141  -1.8265  6.777e-02     0
OUS2 2019-03-20 2019-03-25  +1.0304  +0.8613  +0.0655  +0.0248   141   674  +2.4165  1.567e-02     1
OUS2 2024-09-30 2024-10-01  +0.1926  +0.3631  +0.0630  +0.0308    77   450  -2.4311  1.505e-02     1
PADO 2014-09-05 2014-09-06  +0.3053  +0.5462  +0.0419  +0.0319   242   437  -4.5738  4.790e-06     1
PADO 2015-12-07 2016-01-29  +0.5462  +0.2774  +0.0319  +0.0510   437   120  +4.4705  7.803e-06     1
PADO 2018-08-16 2018-08-31  +0.5111  +0.8663  +0.0392  +0.0297   234   480  -7.2242  5.041e-13     1
PADO 2023-01-25 2023-02-23  +0.6178  +0.6955  +0.0238  +0.0231   713   773  -2.3415  1.921e-02     1
PALM 1998-01-20 1998-07-10       NA  +0.2942       NA  +0.0352    NA    83       NA         NA    NA
PALM 1998-10-18 1998-10-19  +0.2942  +0.1474  +0.0352  +0.0167    83   413  +3.7672  1.651e-04     1
PALM 2000-03-18 2000-03-18  +0.1474  -0.0616  +0.0167  +0.0447   413    66  +4.3792  1.191e-05     1
PALM 2000-05-29 2000-07-31  -0.0616  +0.0449  +0.0447  +0.0288    66   129  -2.0007  4.542e-02     1
PALM 2001-06-28 2001-06-28  +0.2823  +0.3894  +0.0260  +0.0176   181   361  -3.4112  6.468e-04     1
PALM 2002-07-23 2002-07-31  +0.3894  +0.4646  +0.0176  +0.0157   361   452  -3.1835  1.455e-03     1
PALM 2003-11-01 2003-11-05  +0.4646  +0.2873  +0.0157  +0.0151   452   505  +8.1225  4.568e-16     1
PALM 2008-10-02 2008-10-05  +0.5262  +0.3388  +0.0246  +0.0159   175   437  +6.3879  1.681e-10     1
PALV 2009-12-13 2009-12-26       NA  +0.1258       NA  +0.0141    NA   542       NA         NA    NA
PALV 2011-07-05 2011-08-10  +0.1258  +0.1301  +0.0141  +0.0272   542   128  -0.1391  8.893e-01     0
PALV 2017-01-13 2017-01-15  +0.2451  +0.5179  +0.0182  +0.0462   309    58  -5.4944  3.921e-08     1
PALV 2017-03-15 2017-03-15  +0.5179  +0.3396  +0.0462  +0.0245    58   179  +3.4105  6.485e-04     1
PARC 2000-08-19 2000-08-23  +0.8946  +1.0349  +0.0273  +0.0347   364   233  -3.1792  1.477e-03     1
PARC 2001-05-05 2001-06-14  +1.0349  +1.2647  +0.0347  +0.0216   233   573  -5.6284  1.819e-08     1
PARC 2004-05-17 2004-06-20  +0.8859  +1.3541  +0.0622  +0.0657    85    58  -5.1721  2.315e-07     1
PARC 2005-03-23 2005-04-29  +0.9173  +0.9349  +0.0448  +0.0590   138    74  -0.2382  8.117e-01     0
PARC 2005-07-13 2005-07-24  +0.9349  +1.2331  +0.0590  +0.0368    74   195  -4.2866  1.814e-05     1
PARC 2006-08-02 2006-08-04  +1.2331  +1.4302  +0.0368  +0.0771   195    40  -2.3086  2.096e-02     1
PARC 2006-09-17 2006-10-12  +1.4302  +1.0666  +0.0771  +0.0338    40   252  +4.3225  1.543e-05     1
PARC 2009-05-25 2009-06-14  +0.9929  +0.8560  +0.0213  +0.0103   603  2550  +5.7939  6.877e-09     1
PARK 2009-09-16 2009-09-17  +0.7195  +0.6218  +0.0200  +0.0138  1077  2437  +4.0215  5.783e-05     1
PARK 2017-12-16 2017-12-17  +0.3268  +0.5827  +0.0470  +0.0166   165  1598  -5.1311  2.880e-07     1
PARK 2022-08-08 2022-08-21  +0.5827  +0.6989  +0.0166  +0.0325  1598   429  -3.1868  1.438e-03     1
PARK 2023-11-24 2023-12-14  +0.6989  +0.5762  +0.0325  +0.0251   429   699  +2.9913  2.778e-03     1
PBRI 2014-08-27 2014-10-20  -0.6292  -0.9655  +0.0378  +0.0518  1105   591  +5.2416  1.592e-07     1
PBRI 2016-12-03 2017-02-23  -0.9655  -0.6279  +0.0518  +0.0743   591   293  -3.7264  1.942e-04     1
PBRI 2018-04-06 2018-05-12  -0.6279  -0.1890  +0.0743  +0.0748   293   286  -4.1637  3.131e-05     1
PDEL 2009-04-11 2009-04-13  -0.0947  +0.0911  +0.0385  +0.0151   410  2818  -4.4882  7.184e-06     1
PDEL 2017-07-19 2017-08-22  +0.0911  +0.2189  +0.0151  +0.0218  2818  1364  -4.8121  1.493e-06     1
PENC 1997-01-03 1997-01-25  +0.6349  +0.7157  +0.0369  +0.0157   231   948  -2.0140  4.400e-02     1
PENC 2000-05-16 2000-05-18  +0.3606  +0.4455  +0.0294  +0.0202   182   578  -2.3813  1.725e-02     1
PENC 2008-05-10 2008-05-12  +0.3902  +0.4609  +0.0267  +0.0367   273   208  -1.5571  1.194e-01     0
PENC 2009-01-13 2009-01-13  +0.4609  +0.2897  +0.0367  +0.0206   208   483  +4.0669  4.764e-05     1
PENC 2016-04-18 2016-04-19  +0.0941  +0.2213  +0.0189  +0.0183   550   678  -4.8404  1.295e-06     1
PENC 2023-11-05 2023-12-13  +3.0306  +2.7387  +0.0664  +0.0174    88   719  +4.2547  2.093e-05     1
PERT 1996-12-19 1996-12-19  +0.4623  +0.9928  +0.0278  +0.0414   468   220 -10.6376  1.992e-26     1
PERT 1998-08-26 1998-08-27  +1.2745  +1.5055  +0.0687  +0.0685    70    63  -2.3808  1.727e-02     1
PERT 2000-07-01 2000-07-27  +0.4790  +0.5697  +0.0407  +0.0529   228   111  -1.3608  1.736e-01     0
PERT 2000-12-08 2000-12-17  +0.5697  +0.4094  +0.0529  +0.0317   111   373  +2.6002  9.318e-03     1
PERT 2002-06-02 2002-06-16  +0.4094  +0.6310  +0.0317  +0.0387   373   243  -4.4326  9.311e-06     1
PERT 2007-12-06 2007-12-12  +0.9492  +1.1646  +0.0362  +0.0528   257   156  -3.3634  7.700e-04     1
PERT 2008-05-28 2008-06-02  +1.1646  +0.8836  +0.0528  +0.0412   156   192  +4.1954  2.724e-05     1
PERT 2015-04-06 2015-04-10  +0.4217  +0.5073  +0.0210  +0.0178   856  1146  -3.1089  1.878e-03     1
PETP 1999-12-26 2000-01-05  +0.3505  +0.3255  +0.0334  +0.0247    65   132  +0.6004  5.482e-01     0
PETP 2000-05-19 2000-05-24  +0.3255  +0.3083  +0.0247  +0.0148   132   517  +0.5994  5.489e-01     0
PETP 2002-02-09 2002-02-16  +0.3083  +0.4213  +0.0148  +0.0145   517   584  -5.4629  4.684e-08     1
PETP 2005-01-27 2005-02-01  +0.4924  +0.5827  +0.0215  +0.0131   285   636  -3.5887  3.323e-04     1
PETP 2007-01-21 2007-03-24  +0.5827  +0.4734  +0.0131  +0.0220   636   278  +4.2729  1.930e-05     1
PETP 2008-01-16 2008-03-28  +0.4734  +0.5410  +0.0220  +0.0497   278    58  -1.2448  2.132e-01     0
PETP 2008-06-01 2008-06-05  +0.5410  +0.1502  +0.0497  +0.0280    58   187  +6.8540  7.183e-12     1
PETP 2008-12-27 2009-01-06  +0.1502  +0.3229  +0.0280  +0.0276   187   111  -4.3965  1.100e-05     1
PETP 2009-05-30 2009-06-04  +0.3229  +0.4132  +0.0276  +0.0351   111   153  -2.0202  4.336e-02     1
PETP 2009-12-13 2010-01-06  +0.4132  +0.3550  +0.0351  +0.0256   153   148  +1.3375  1.811e-01     0
PFA2 2014-01-02 2014-02-05       NA  -0.5184       NA  +0.0386    NA   195       NA         NA    NA
PFA2 2014-09-06 2014-09-18  -0.5184  -0.4165  +0.0386  +0.0193   195   720  -2.3614  1.821e-02     1
PFA2 2018-05-27 2018-05-27  -0.3330  +0.0060  +0.0241  +0.0408   429   215  -7.1577  8.205e-13     1
PFA2 2019-01-05 2019-01-18  +0.0060  -0.0566  +0.0408  +0.0574   215    48  +0.8885  3.742e-01     0
PFA2 2019-03-08 2019-03-15  -0.0566  -0.0296  +0.0574  +0.0558    48    79  -0.3369  7.362e-01     0
PFA2 2019-06-03 2019-06-17  -0.0296  -0.2336  +0.0558  +0.0449    79   178  +2.8494  4.381e-03     1
PFA2 2019-12-26 2020-01-14  -0.2336  -0.2776  +0.0449  +0.0415   178   109  +0.7193  4.719e-01     0
PFA2 2020-05-08 2020-05-09  -0.2776  -0.0824  +0.0415  +0.0400   109   224  -3.3867  7.075e-04     1
PIE1 1995-02-16 1995-02-16  +0.0712  -0.1709  +0.0338  +0.0155    86   630  +6.5023  7.909e-11     1
PIE1 1997-01-01 1997-01-05  -0.1709  +0.0321  +0.0155  +0.0171   630   424  -8.7941  1.442e-18     1
PIE1 1998-03-26 1998-04-02  +0.0321  +0.0449  +0.0171  +0.0184   424   488  -0.5137  6.075e-01     0
PIE1 2000-02-13 2000-03-05  -0.0031  +0.1807  +0.0320  +0.0249    81   280  -4.5347  5.770e-06     1
PIE1 2002-01-29 2002-01-31  -0.2081  +0.0183  +0.0366  +0.0445    66    43  -3.9307  8.472e-05     1
PIE1 2002-04-07 2002-04-28  +0.0183  +0.1639  +0.0445  +0.0402    43   184  -2.4254  1.529e-02     1
PIE1 2002-11-08 2002-11-11  +0.1639  -0.0057  +0.0402  +0.0121   184   851  +4.0363  5.430e-05     1
PIMO 1999-03-23 1999-03-27       NA  -0.5116       NA  +0.1557    NA    83       NA         NA    NA
PIMO 1999-07-03 1999-07-05  -0.5116  +0.1256  +0.1557  +0.1362    83    86  -3.0801  2.069e-03     1
PIMO 2000-01-31 2000-01-31  +0.1256  -0.2480  +0.1362  +0.1161    86   129  +2.0872  3.687e-02     1
PIMO 2000-12-27 2001-07-11  -0.2480  +0.8826  +0.1161  +0.1419   129    99  -6.1666  6.978e-10     1
PIMO 2002-05-10 2002-05-16  +0.8826  +0.1972  +0.1419  +0.0453    99   899  +4.6007  4.211e-06     1
PIMO 2006-01-21 2006-02-04  +0.1972  +0.1771  +0.0453  +0.0271   899  2472  +0.3816  7.027e-01     0
PIMO 2023-06-30 2023-07-16  +0.4801  -0.2931  +0.0502  +0.1499   759    63  +4.8903  1.007e-06     1
POHN 2019-03-30 2019-05-13  -0.2908  -0.7606  +0.0735  +0.0522   297   531  +5.2087  1.901e-07     1
POL2 2002-09-20 2002-10-12  +0.8037  +0.8357  +0.0600  +0.0182   199  1161  -0.5102  6.099e-01     0
POL2 2013-09-22 2013-10-09  +0.5859  +0.6739  +0.0337  +0.0365   380   241  -1.7682  7.703e-02     0
POL2 2014-06-16 2014-07-08  +0.6739  +0.5978  +0.0365  +0.0344   241   314  +1.5164  1.294e-01     0
POL2 2015-07-04 2015-08-02  -0.9449  +0.4694  +0.1632  +0.0259    40   671  -8.5609  1.120e-17     1
POL2 2021-09-05 2021-09-23  +0.7135  +0.5818  +0.0180  +0.0600  1284    87  +2.1030  3.546e-02     1
POLV 2005-01-01 2005-01-01  +0.3185  +0.3051  +0.0141  +0.0329  1172   143  +0.3742  7.082e-01     0
POLV 2005-11-06 2005-11-08  +0.7375  +0.2272  +0.0533  +0.0202   155   469  +8.9554  3.385e-19     1
POLV 2012-11-11 2012-11-29  +0.2544  +0.1230  +0.0128  +0.0119  1360  1485  +7.5236  5.330e-14     1
POLV 2017-03-07 2017-03-15  +0.1230  +0.0311  +0.0119  +0.0227  1485   441  +3.5858  3.361e-04     1
POLV 2018-10-31 2018-11-01  +0.5220  +0.1993  +0.0627  +0.0280   120   208  +4.6954  2.661e-06     1
POLV 2019-05-31 2019-07-06  +0.1993  +0.4194  +0.0280  +0.0339   208   208  -5.0016  5.685e-07     1
POLV 2020-08-22 2020-09-07  +1.0635  +0.5873  +0.1038  +0.0672    60    64  +3.8511  1.176e-04     1
POTS 1996-04-20 1996-04-22  +1.1259  +1.0623  +0.0293  +0.0136   142  1002  +1.9686  4.900e-02     1
POTS 1999-04-03 1999-04-30  +1.0623  +1.1545  +0.0136  +0.0584  1002   101  -1.5387  1.239e-01     0
POTS 2002-08-15 2002-08-29  +0.5990  +0.5608  +0.0133  +0.0119  1025  1245  +2.1374  3.257e-02     1
POTS 2008-05-03 2008-05-13  +0.4759  +0.6348  +0.0454  +0.0224    62   387  -3.1376  1.704e-03     1
POTS 2009-06-30 2009-07-04  +0.6348  +0.3099  +0.0224  +0.0195   387   488 +10.9539  6.364e-28     1
POTS 2017-10-17 2017-10-21  +0.5967  +0.5170  +0.0190  +0.0400   555    92  +1.7997  7.191e-02     0
POVE 2008-07-02 2008-07-20       NA  +0.7284       NA  +0.1313    NA    79       NA         NA    NA
POVE 2010-05-10 2010-05-14  -0.3671  +0.9297  +0.0862  +0.1325   173    67  -8.2054  2.299e-16     1
POVE 2010-09-12 2010-10-18  -0.5736  -0.0809  +0.1606  +0.0781    48   214  -2.7582  5.812e-03     1
POVE 2011-08-11 2011-08-12  +1.1125  +0.1317  +0.1450  +0.0602    53   353  +6.2475  4.172e-10     1
POVE 2012-08-22 2012-08-27  +0.1317  -0.1175  +0.0602  +0.0486   353   546  +3.2204  1.280e-03     1
POVE 2014-08-15 2014-08-22  +1.1372  -0.0799  +0.1472  +0.0763    53   227  +7.3428  2.091e-13     1
POVE 2016-07-24 2016-08-03  +0.7417  +0.3712  +0.0555  +0.0977   419   144  +3.2965  9.789e-04     1
POVE 2020-07-26 2020-09-16  -0.1628  -0.5960  +0.0349  +0.0790  1058   213  +5.0161  5.274e-07     1
POVE 2021-08-06 2021-08-31  -0.5960  -0.7536  +0.0790  +0.0347   213  1065  +1.8267  6.774e-02     0
POVE 2024-09-01 2024-09-28  -0.7536  -0.6056  +0.0347  +0.0607  1065   351  -2.1173  3.424e-02     1
PRDS 2018-04-09 2018-05-02  +0.0495  -0.0579  +0.0162  +0.0317   420   202  +3.0190  2.536e-03     1
PRDS 2019-02-07 2019-03-26  +0.2956  +0.0323  +0.0368  +0.0147    58   637  +6.6345  3.256e-11     1
PRDS 2021-01-05 2021-02-27  +0.0323  +0.1116  +0.0147  +0.0162   637   465  -3.6141  3.014e-04     1
PRDS 2022-10-03 2022-10-09  -0.3530  +0.0578  +0.0601  +0.0393    95    72  -5.7220  1.053e-08     1
PRDS 2022-12-23 2022-12-25  +0.0578  +0.3960  +0.0393  +0.0389    72    49  -6.1158  9.606e-10     1
PRDS 2023-02-13 2023-05-04  +0.3960  -0.2851  +0.0389  +0.0505    49   125 +10.6907  1.125e-26     1
PRDS 2024-01-28 2024-02-01  +0.1372  +0.1923  +0.0286  +0.0421   135    53  -1.0833  2.787e-01     0
PRDS 2025-11-29 2025-12-30  +0.1923       NA  +0.0421       NA    53    NA       NA         NA    NA
PRE1 2000-06-20 2000-07-28  +0.3080  +0.9068  +0.0477  +0.0852   290    43  -6.1315  8.704e-10     1
PRE1 2001-04-10 2001-05-23  +0.1683  +0.5048  +0.0676  +0.0517   194    84  -3.9562  7.614e-05     1
PRE1 2001-08-16 2001-09-04  +0.5048  +0.1616  +0.0517  +0.0249    84   718  +5.9826  2.196e-09     1
PRE1 2003-11-25 2003-11-29  -0.7044  -0.8287  +0.1130  +0.0859    54   144  +0.8755  3.813e-01     0
PRE1 2005-03-26 2005-04-05  +0.3791  +0.8580  +0.0372  +0.0417   325   168  -8.5709  1.027e-17     1
PRE1 2008-09-11 2008-10-07  +0.3398  +0.2966  +0.0352  +0.0551   370   237  +0.6605  5.089e-01     0
PRE1 2009-06-10 2009-06-18  +0.2966  +0.0142  +0.0551  +0.0280   237   528  +4.5675  4.937e-06     1
PTAG 2011-06-25 2011-06-28  -0.1562  +0.0743  +0.0987  +0.0431   150   780  -2.1392  3.242e-02     1
PTAG 2018-06-19 2018-07-04  -0.0101  +0.4912  +0.0589  +0.0596   428   396  -5.9806  2.224e-09     1
PTAG 2023-06-30 2023-07-16  -0.6838  -1.0051  +0.1453  +0.1261    75    76  +1.6699  9.494e-02     0
PTBB 2022-04-13 2022-04-14  +0.3533  +0.3116  +0.0133  +0.0123  1072  1319  +2.2963  2.166e-02     1
PTVL 2017-07-15 2017-07-17  -0.8926  -0.5508  +0.1303  +0.0566    99   521  -2.4055  1.615e-02     1
PTVL 2020-02-03 2020-02-14  -0.5508  -1.1543  +0.0566  +0.0900   521   188  +5.6773  1.368e-08     1
PTVL 2023-03-27 2023-04-16  -0.0938  -1.0505  +0.0864  +0.1219   254   104  +6.4016  1.537e-10     1
PTVL 2023-08-03 2023-08-04  -1.0505  -0.5865  +0.1219  +0.0441   104   840  -3.5789  3.451e-04     1
PVEP 1998-04-17 1998-04-22  +0.0479  -0.3245  +0.0794  +0.0532    91   237  +3.8947  9.834e-05     1
PVEP 1998-12-26 1999-01-14  -0.3245  +0.1481  +0.0532  +0.0622   237   148  -5.7727  7.802e-09     1
PVEP 1999-06-13 1999-06-30  +0.1481  -0.1716  +0.0622  +0.0517   148   231  +3.9533  7.707e-05     1
PVEP 2000-03-12 2000-03-23  -0.1716  +0.1848  +0.0517  +0.0949   231    61  -3.2992  9.696e-04     1
PVEP 2000-05-24 2000-08-05  +0.1848       NA  +0.0949       NA    61    NA       NA         NA    NA
QAQ1 2001-12-15 2001-12-24  +0.0481  +0.2306  +0.0438  +0.0133    55   656  -3.9824  6.822e-05     1
QAQ1 2004-01-26 2004-01-28  +0.2306  -0.0092  +0.0133  +0.0090   656  1420 +14.9093  2.866e-50     1
QAQ1 2008-04-14 2008-04-22  -0.0092  -0.1106  +0.0090  +0.0233  1420   262  +4.0523  5.071e-05     1
QAQ1 2009-01-21 2009-02-14  -0.1106  -0.0346  +0.0233  +0.0204   262   310  -2.4520  1.421e-02     1
QAQ1 2009-12-30 2010-01-11  -0.0346  -0.1568  +0.0204  +0.0257   310   122  +3.7290  1.922e-04     1
QAQ1 2010-05-16 2010-05-19  -0.1568  -0.0405  +0.0257  +0.0233   122   255  -3.3535  7.981e-04     1
QAQ1 2012-03-25 2012-05-05  -0.2110  -0.1564  +0.0166  +0.0106   390  1026  -2.7719  5.573e-03     1
QAQ1 2015-05-14 2015-06-16  -0.1564  -0.1287  +0.0106  +0.0263  1026   201  -0.9771  3.285e-01     0
QAQ1 2016-01-18 2016-01-23  -0.1287  -0.0410  +0.0263  +0.0249   201   173  -2.4214  1.546e-02     1
QAQ1 2016-07-24 2016-08-28  -0.0410  -0.0564  +0.0249  +0.0269   173   151  +0.4199  6.746e-01     0
QAQ1 2018-12-12 2019-01-07  +0.1720  +0.1429  +0.0136  +0.0117   639   864  +1.6255  1.041e-01     0
QAQ1 2021-10-01 2021-10-23  +0.1429  +0.0800  +0.0117  +0.0100   864  1148  +4.1063  4.021e-05     1
QUI2 2006-11-10 2006-11-29  -0.3398  -0.7101  +0.0392  +0.1061   380    60  +3.2737  1.062e-03     1
QUI2 2007-01-29 2007-03-05  -0.7101  -0.4399  +0.1061  +0.0261    60   844  -2.4733  1.339e-02     1
QUI2 2009-07-11 2009-08-01  -0.4399       NA  +0.0261       NA   844    NA       NA         NA    NA
QUIN 1998-04-12 1998-04-16  -0.9232  -0.8510  +0.0412  +0.0748   166    93  -0.8456  3.978e-01     0
QUIN 2000-02-11 2000-04-21  -1.1513  -1.4191  +0.0480  +0.0531   152    84  +3.7419  1.826e-04     1
QUIN 2002-04-22 2002-04-25  -1.2751  -0.5513  +0.0793  +0.0192    42   875  -8.8717  7.207e-19     1
QUIN 2004-12-31 2005-01-14  -0.5513  -0.5364  +0.0192  +0.0223   875   633  -0.5057  6.131e-01     0
QUIN 2007-01-11 2007-02-07  -0.5364  -0.5493  +0.0223  +0.0322   633   312  +0.3298  7.416e-01     0
QUIN 2008-01-14 2008-02-15  -0.5493  -0.5867  +0.0322  +0.0193   312   875  +0.9958  3.193e-01     0
RABT 2000-05-18 2000-06-01       NA  +0.4672       NA  +0.0290    NA   810       NA         NA    NA
RABT 2004-02-09 2004-02-11  +0.3527  +0.7171  +0.0662  +0.0670   117   135  -3.8699  1.089e-04     1
RABT 2005-04-26 2005-06-01  +0.5007  -0.6888  +0.0549  +0.1211   154    71  +8.9457  3.697e-19     1
RABT 2005-08-14 2005-08-16  -0.6888  -0.6660  +0.1211  +0.1281    71    69  -0.1291  8.973e-01     0
RABT 2009-02-15 2009-02-17  +0.7479  +0.6900  +0.0635  +0.0292   141   735  +0.8293  4.070e-01     0
RABT 2011-03-21 2011-03-22  +0.6900  +0.6025  +0.0292  +0.0225   735  1235  +2.3767  1.747e-02     1
RABT 2015-04-10 2015-04-22  +0.6025  +0.8564  +0.0225  +0.0620  1235   225  -3.8497  1.183e-04     1
RABT 2015-12-08 2015-12-10  +0.8564  +0.9059  +0.0620  +0.0204   225  1495  -0.7584  4.482e-01     0
RABT 2024-11-01 2024-11-06  +1.2471  +1.2170  +0.0330  +0.0553   623   152  +0.4683  6.395e-01     0
RAMO 1998-06-12 1998-06-18       NA  -0.2901       NA  +0.0587    NA   176       NA         NA    NA
RAMO 1999-08-05 1999-08-08  +0.9159  +0.5327  +0.0748  +0.0431   101   186  +4.4382  9.073e-06     1
RAMO 2000-03-20 2000-03-20  +0.5327  +0.5078  +0.0431  +0.0647   186    99  +0.3203  7.488e-01     0
RAMO 2000-06-28 2000-07-28  +0.5078  +1.1622  +0.0647  +0.1596    99    40  -3.8003  1.445e-04     1
RAMO 2000-09-22 2000-10-16  +1.1622  +0.4561  +0.1596  +0.0366    40   254  +4.3126  1.614e-05     1
RAMO 2001-07-02 2001-07-08  +0.4561  +0.1920  +0.0366  +0.0356   254   330  +5.1672  2.377e-07     1
RAMO 2008-06-24 2008-06-27  +0.7143  +0.4239  +0.0272  +0.0188   507  1194  +8.7792  1.646e-18     1
RBAY 2000-10-11 2000-11-03       NA  +1.0318       NA  +0.1545    NA    67       NA         NA    NA
RBAY 2003-09-24 2003-09-30  +0.1175  -0.3217  +0.0489  +0.0952   388   174  +4.1045  4.052e-05     1
RBAY 2005-06-02 2005-07-17  +0.5530  +0.4730  +0.1205  +0.0629    69   274  +0.5885  5.562e-01     0
RBAY 2006-08-20 2006-08-23  +0.4730  +0.4903  +0.0629  +0.0867   274   181  -0.1620  8.713e-01     0
RBAY 2019-06-01 2019-06-01  -0.5142  -0.5859  +0.0274  +0.0418  1220   521  +1.4346  1.514e-01     0
RCMN 2008-01-06 2008-01-12  -0.5859  -0.4272  +0.0548  +0.0421   277   496  -2.2967  2.164e-02     1
RCMN 2009-08-14 2009-08-30  -0.4272  -0.2660  +0.0421  +0.0631   496   231  -2.1256  3.354e-02     1
RCMN 2010-07-16 2010-07-17  -0.2660  -0.4265  +0.0631  +0.0396   231   532  +2.1543  3.122e-02     1
RCMN 2013-07-14 2013-07-17  +0.2241  +0.3378  +0.0800  +0.1183   161    40  -0.7961  4.260e-01     0
RESO 2014-01-02 2014-03-16       NA  +0.4515       NA  +0.0099    NA   295       NA         NA    NA
RESO 2015-05-01 2015-05-21  +0.2646  +0.3102  +0.0138  +0.0243    79   131  -1.6280  1.035e-01     0
RESO 2017-11-22 2023-10-18  +0.5516  +0.3738  +0.0091  +0.0182   307    60  +8.7256  2.647e-18     1
RESO 2024-01-15 2024-01-18  +0.3738  +0.3990  +0.0182  +0.0205    60    71  -0.9170  3.591e-01     0
REUN 2001-09-06 2001-10-11  -0.3872  -0.4906  +0.0630  +0.0795   274   190  +1.0190  3.082e-01     0
REUN 2002-07-02 2002-07-14  -0.4906  -0.4452  +0.0795  +0.0695   190   181  -0.4294  6.676e-01     0
REUN 2004-07-27 2004-08-12  -0.0070  +0.0043  +0.0513  +0.0254   358  1480  -0.1987  8.425e-01     0
REUN 2009-09-30 2009-10-04  +0.0043  -0.4615  +0.0254  +0.0465  1480   480  +8.7952  1.428e-18     1
REUN 2011-06-09 2011-07-10  -0.4615  -0.3008  +0.0465  +0.0244   480  1591  -3.0591  2.220e-03     1
REUN 2015-12-24 2016-01-17  -0.3008  -0.0380  +0.0244  +0.0483  1591   460  -4.8555  1.201e-06     1
REUN 2020-06-19 2020-06-20  +0.6986  +0.4654  +0.0914  +0.0968   165    69  +1.7512  7.991e-02     0
REUN 2024-03-26 2024-05-03  +0.4838  -0.1016  +0.0830  +0.0391   176   586  +6.3809  1.761e-10     1
REYK 1997-12-06 1997-12-06  +0.6292  +0.9292  +0.0190  +0.0170   422   536 -11.7575  6.464e-32     1
REYK 2000-06-18 2000-07-07  +0.7076  -0.0753  +0.0242  +0.0770   230    41  +9.7037  2.908e-22     1
REYK 2010-05-11 2010-05-12  +0.5557  +0.5955  +0.0141  +0.0119   758  1088  -2.1600  3.077e-02     1
REYK 2019-08-02 2019-08-06  +1.0660  +0.8884  +0.0523  +0.0401    77   112  +2.6975  6.987e-03     1
REYZ 2000-06-20 2000-07-02  +0.2637  +0.1007  +0.0199  +0.0399   381   129  +3.6514  2.608e-04     1
REYZ 2001-02-27 2001-03-03  +0.5657  +0.3575  +0.0396  +0.0148    88   705  +4.9277  8.320e-07     1
REYZ 2005-02-18 2005-02-23  +0.3561  +0.3462  +0.0267  +0.0134   251   895  +0.3324  7.396e-01     0
RGDG 2020-06-25 2020-07-09  +0.5719  +0.5912  +0.0133  +0.0295  1135   249  -0.5975  5.502e-01     0
RGDG 2021-05-22 2021-06-30  +0.5912  +0.5105  +0.0295  +0.0168   249   702  +2.3782  1.740e-02     1
RIGA 1999-11-06 1999-11-08  +0.5119  +0.4464  +0.0350  +0.0249   232   315  +1.5244  1.274e-01     0
RIGA 2000-10-06 2000-10-06  +0.4464  +0.7070  +0.0249  +0.0391   315   106  -5.6167  1.947e-08     1
RIGA 2005-11-23 2005-11-23  +0.2784  +0.4962  +0.0256  +0.0092   317  2353  -8.0069  1.176e-15     1
RIGA 2022-12-04 2022-12-21  +0.3133  +0.1891  +0.0212  +0.0183   443   558  +4.4308  9.389e-06     1
RIGA 2024-07-19 2024-08-19  +0.1891  +0.3251  +0.0183  +0.0329   558   171  -3.6102  3.060e-04     1
RIGA 2025-02-08 2025-02-12  +0.3251  +0.1784  +0.0329  +0.0272   171   314  +3.4346  5.934e-04     1
RIO2 2007-08-17 2007-08-17  +0.7812  +0.7651  +0.0395  +0.0163   121   760  +0.3755  7.073e-01     0
RIO2 2016-11-25 2016-11-29  +0.4227  +0.3109  +0.0355  +0.0375   140   168  +2.1643  3.044e-02     1
RIOG 1999-06-15 1999-06-18  +0.3796  +0.3839  +0.0568  +0.0239    88   430  -0.0687  9.452e-01     0
RIOG 2000-10-03 2000-10-05  +0.3839  +0.4985  +0.0239  +0.0351   430   231  -2.6995  6.944e-03     1
RIOG 2001-06-16 2001-06-21  +0.4985  +0.7957  +0.0351  +0.0166   231   922  -7.6485  2.033e-14     1
RIOG 2004-05-16 2004-06-12  +0.7957  +0.8089  +0.0166  +0.0340   922   211  -0.3481  7.278e-01     0
RIOG 2005-02-11 2005-02-14  +0.8089  +0.9836  +0.0340  +0.0216   211   550  -4.3421  1.411e-05     1
RIOG 2006-09-15 2006-09-25  +0.9836  +0.8676  +0.0216  +0.0449   550   134  +2.3282  1.990e-02     1
RIOP 1998-05-16 1998-05-23  +0.5508  -0.0269  +0.0951  +0.0783    55    77  +4.6891  2.743e-06     1
RIOP 1998-09-01 1999-02-10  -0.0269  -0.9644  +0.0783  +0.0874    77    64  +7.9858  1.397e-15     1
RIOP 1999-07-24 2000-06-27  -0.9644  +1.0523  +0.0874  +0.0950    64    55 -15.6219  5.164e-55     1
RIOP 2000-12-16 2000-12-18  +1.0523  -0.3956  +0.0950  +0.0227    55  1082 +14.8291  9.493e-50     1
RIOP 2011-05-17 2011-05-20  -0.3956  -0.4413  +0.0227  +0.0194  1082  1457  +1.5323  1.255e-01     0
RIOP 2015-11-10 2015-11-29  -0.4413  -0.5772  +0.0194  +0.0388  1457   373  +3.1374  1.705e-03     1
RIOP 2016-12-09 2016-12-13  -0.5772  -0.7832  +0.0388  +0.0414   373   314  +3.6318  2.815e-04     1
RIOP 2017-10-26 2017-11-09  -0.7832  -0.7640  +0.0414  +0.0670   314   147  -0.2429  8.081e-01     0
RIOP 2018-04-12 2018-04-14  -0.7640  -0.5538  +0.0670  +0.0217   147  1179  -2.9859  2.827e-03     1
RIOP 2022-01-01 2022-01-07  -0.5538  -0.4280  +0.0217  +0.0335  1179   501  -3.1510  1.627e-03     1
RIOP 2025-12-01 2025-12-30  -0.8475       NA  +0.0546       NA   176    NA       NA         NA    NA
ROSA 2008-10-28 2008-11-11  +0.2395  +0.5108  +0.0530  +0.0555   455   516  -3.5350  4.078e-04     1
ROSA 2010-06-08 2010-06-09  +0.5108  +0.9447  +0.0555  +0.0834   516   162  -4.3293  1.496e-05     1
ROSA 2010-12-08 2010-12-17  +0.9447  +0.0874  +0.0834  +0.1356   162   122  +5.3847  7.257e-08     1
ROSA 2011-05-03 2011-05-11  +0.0874  +0.6135  +0.1356  +0.0432   122   712  -3.6963  2.188e-04     1
ROTH 2012-09-25 2012-09-30  +0.1826  +0.2151  +0.0159  +0.0121   352   618  -1.6273  1.037e-01     0
ROTH 2014-07-28 2014-08-23  +0.2151  +0.2618  +0.0121  +0.0208   618   199  -1.9373  5.271e-02     0
ROTH 2016-09-29 2016-09-30  +0.4882  +0.2747  +0.0216  +0.0184   201   272  +7.5317  5.009e-14     1
ROTH 2017-08-06 2017-10-22  +0.2747  +0.3751  +0.0184  +0.0305   272    94  -2.8172  4.845e-03     1
ROTH 2018-01-27 2018-02-01  +0.3751  +0.3066  +0.0305  +0.0127    94   554  +2.0710  3.836e-02     1
ROTH 2019-09-04 2019-09-08  +0.3066  +0.1900  +0.0127  +0.0188   554   267  +5.1406  2.738e-07     1
ROTH 2020-06-13 2020-06-18  +0.1900  +0.3469  +0.0188  +0.0216   267   164  -5.4866  4.096e-08     1
ROTH 2025-06-25 2025-07-13  -0.1729  +0.3430  +0.0431  +0.0223    45   166 -10.6331  2.089e-26     1
SALU 2021-05-25 2021-06-14  -0.5162  -0.9303  +0.0285  +0.0765  1448   173  +5.0710  3.957e-07     1
SAMO 2017-05-11 2017-05-11  +0.2853  +0.3590  +0.1535  +0.0754    97   369  -0.4308  6.666e-01     0
SAMO 2019-07-30 2019-08-23  +0.0482  +1.4364  +0.0879  +0.2012   281    48  -6.3215  2.590e-10     1
SAMO 2021-12-14 2022-01-03  +0.8716  +0.2201  +0.1998  +0.0542    55   716  +3.1461  1.654e-03     1
SAMO 2024-01-31 2024-02-26  +0.2201  +0.4365  +0.0542  +0.0604   716   564  -2.6655  7.686e-03     1
SAMO 2025-10-07 2025-11-10  +0.4365  +0.1452  +0.0604  +0.2232   564    43  +1.2598  2.078e-01     0
SAMO 2025-12-24 2025-12-30  +0.1452       NA  +0.2232       NA    43    NA       NA         NA    NA
SANT 1996-07-19 1996-10-03       NA  +0.2401       NA  +0.0753    NA   276       NA         NA    NA
SANT 2005-02-02 2005-02-12  +1.3924  +1.0033  +0.0418  +0.0824   828   188  +4.2123  2.528e-05     1
SANT 2007-01-14 2007-02-23  +1.4400  +1.4128  +0.0586  +0.0648   424   325  +0.3105  7.561e-01     0
SANT 2011-05-29 2011-07-14  +1.0877  +0.9974  +0.0353  +0.0392  1138   955  +1.7135  8.662e-02     0
SANT 2016-05-30 2016-06-22  +0.9974  +1.5646  +0.0392  +0.1098   955    91  -4.8657  1.140e-06     1
SAVO 2008-02-25 2008-02-26  -0.6418  -0.4625  +0.1248  +0.0405    93   864  -1.3663  1.719e-01     0
SAVO 2010-10-16 2010-11-02  -0.4625  -0.5183  +0.0405  +0.0704   864   297  +0.6868  4.922e-01     0
SAVO 2011-12-22 2011-12-23  -0.5183  -0.7879  +0.0704  +0.0529   297   544  +3.0610  2.206e-03     1
SAVO 2018-02-02 2018-02-06  -0.3409  -0.2222  +0.0325  +0.0391  1357   929  -2.3327  1.966e-02     1
SCH2 1999-03-04 1999-03-14  +0.0710  -0.1719  +0.0127  +0.0228   378   230  +9.3173  1.194e-20     1
SCH2 2001-12-02 2002-01-13  -0.1521  -0.6149  +0.0241  +0.0208   246    99 +14.5319  7.605e-48     1
SCH2 2006-11-09 2006-12-12  +0.1444  +0.0391  +0.0138  +0.0119   539   584  +5.7885  7.100e-09     1
SCH2 2008-10-29 2008-11-17  +0.0391  +0.3853  +0.0119  +0.0212   584    87 -14.2315  5.839e-46     1
SCH2 2009-12-21 2010-02-21  +0.0378  +0.2231  +0.0190  +0.0110   256   618  -8.4275  3.530e-17     1
SCH2 2021-12-21 2022-01-25  -0.1234  +0.1000  +0.0071  +0.0077  1523  1321 -21.2739 1.980e-100     1
SCH2 2025-12-04 2025-12-30  +0.1000       NA  +0.0077       NA  1321    NA       NA         NA    NA
SCOR 2006-08-09 2006-09-12  +0.3832  +0.4458  +0.0119  +0.0151   519   321  -3.2565  1.128e-03     1
SCOR 2007-08-07 2007-08-20  +0.4458  +0.3685  +0.0151  +0.0196   321   186  +3.1281  1.760e-03     1
SCOR 2011-08-07 2011-08-13  +0.2514  +0.3895  +0.0341  +0.0087   107   971  -3.9296  8.507e-05     1
SCOR 2022-11-03 2022-12-07  +0.3702  +0.2926  +0.0148  +0.0115   352   526  +4.1416  3.449e-05     1
SCRZ 2017-05-27 2017-05-30  +0.2096  +0.2686  +0.1358  +0.0495    87   631  -0.4081  6.832e-01     0
SCRZ 2019-06-03 2019-07-08  +0.2686  +0.4944  +0.0495  +0.0833   631   230  -2.3302  1.980e-02     1
SCRZ 2021-08-14 2021-08-22  -0.4271  -0.5788  +0.0539  +0.0534   516   561  +1.9993  4.558e-02     1
SCRZ 2023-07-17 2023-08-14  -1.5330  -1.7349  +0.1240  +0.1818    90    42  +0.9175  3.589e-01     0
SCRZ 2024-05-28 2024-05-30  -0.4307  -0.8755  +0.0843  +0.0558   239   499  +4.3977  1.094e-05     1
SCTB 2017-04-20 2017-05-23  -0.2546  +0.0407  +0.0136  +0.0198   198    72 -12.2777  1.193e-34     1
SCTB 2017-08-13 2017-08-19  +0.0407  +0.0046  +0.0198  +0.0247    72    41  +1.1381  2.551e-01     0
SCTB 2017-10-03 2017-10-03  +0.0046  -0.1467  +0.0247  +0.0113    41   265  +5.5659  2.608e-08     1
SCTB 2019-07-11 2019-07-30  -0.2380  -0.2015  +0.0108  +0.0127   281   216  -2.1843  2.894e-02     1
SCTB 2020-03-21 2020-03-29  -0.2015  -0.1965  +0.0127  +0.0179   216    78  -0.2261  8.211e-01     0
SCTB 2020-06-16 2020-07-12  -0.1965  -0.1788  +0.0179  +0.0254    78    45  -0.5686  5.696e-01     0
SCTB 2020-08-27 2020-10-04  -0.1788  -0.2187  +0.0254  +0.0122    45   212  +1.4180  1.562e-01     0
SCTB 2021-06-22 2021-06-26  -0.2187  -0.2339  +0.0122  +0.0092   212   372  +0.9940  3.202e-01     0
SCTB 2022-09-21 2022-11-26  -0.3825  -0.3966  +0.0214  +0.0111    59   274  +0.5872  5.571e-01     0
SCUB 2000-06-06 2000-06-08  -1.1996  -1.9892  +0.0844  +0.1421   291   119  +4.7787  1.764e-06     1
SCUB 2000-10-14 2000-10-20  -1.9892  -0.9787  +0.1421  +0.0759   119   375  -6.2728  3.547e-10     1
SCUB 2002-03-10 2002-03-11  -0.9787  -0.7762  +0.0759  +0.0499   375   881  -2.2291  2.581e-02     1
SCUB 2006-05-07 2006-05-09  -0.2137  -0.3265  +0.0911  +0.0361   249  1686  +1.1518  2.494e-01     0
SELE 1997-08-30 1997-09-05  +0.2926  +2.0846  +0.1172  +0.1645   101    44  -8.8715  7.218e-19     1
SELE 1998-08-25 1998-09-02  +0.2603  +1.9332  +0.0439  +0.1196   264    63 -13.1342  2.096e-39     1
SELE 2004-09-30 2004-10-06  -0.9178  +0.0739  +0.1680  +0.0303    65   525  -5.8092  6.277e-09     1
SELE 2009-02-10 2009-02-26  -0.3041  -0.2776  +0.0542  +0.0598   175   234  -0.3281  7.428e-01     0
SELE 2011-11-18 2011-12-22  -0.7165  -0.4995  +0.0516  +0.0521   264   136  -2.9577  3.099e-03     1
SELE 2013-01-28 2013-02-19  -0.3748       NA  +0.0569       NA   182    NA       NA         NA    NA
SEY1 1995-10-21 1997-02-03       NA  -0.9473       NA  +0.0367    NA  1460       NA         NA    NA
SEY1 2014-04-13 2014-05-22  -0.6775  -1.5033  +0.1333  +0.0581   104   586  +5.6792  1.353e-08     1
SEYG 2017-09-28 2017-10-05  +0.7136  -0.0440  +0.0994  +0.1251   154   120  +4.7396  2.141e-06     1
SEYG 2018-03-13 2018-04-19  -0.0440  +0.7187  +0.1251  +0.2002   120    50  -3.2304  1.236e-03     1
SEYG 2018-06-13 2018-07-18  +0.7187  +0.3268  +0.2002  +0.0729    50   313  +1.8390  6.591e-02     0
SEYG 2019-08-30 2019-09-02  +1.3676  +0.7712  +0.1232  +0.1062    94   152  +3.6672  2.452e-04     1
SEYG 2020-02-12 2020-02-21  +0.7712  +0.3618  +0.1062  +0.0714   152   331  +3.1992  1.378e-03     1
SFER 1997-10-27 1997-10-31  -0.8722  -0.1520  +0.0800  +0.0608   112   187  -7.1700  7.501e-13     1
SFER 1998-09-26 1998-11-17  -0.1520  +0.3527  +0.0608  +0.0459   187   240  -6.6278  3.406e-11     1
SFER 1999-08-30 1999-09-06  +0.3527  -0.0147  +0.0459  +0.0668   240   128  +4.5339  5.790e-06     1
SFER 2000-01-18 2000-02-20  -0.0147  +0.2570  +0.0668  +0.0709   128    88  -2.7897  5.276e-03     1
SFER 2005-02-13 2005-02-13  +0.0074  +0.6720  +0.0467  +0.0754   281    74  -7.4934  6.711e-14     1
SFER 2005-05-01 2005-05-02  +0.6720  +0.1228  +0.0754  +0.1162    74    45  +3.9638  7.375e-05     1
SFER 2005-06-17 2005-08-02  +0.1228  +0.2594  +0.1162  +0.0130    45  3377  -1.1676  2.430e-01     0
SFER 2015-03-01 2015-03-05  +0.2594  +0.0469  +0.0130  +0.0971  3377    44  +2.1676  3.019e-02     1
SHAO 1997-02-22 1997-03-15  +0.5479  +0.5298  +0.0301  +0.0849   516   169  +0.2005  8.411e-01     0
SHAO 1997-10-02 1997-10-14  +0.5298  +0.5160  +0.0849  +0.0444   169   156  +0.1438  8.856e-01     0
SHAO 2000-01-04 2000-01-04  +0.7426  +0.5734  +0.0518  +0.0656   172    54  +2.0244  4.293e-02     1
SHAO 2000-10-05 2000-10-11  +1.3373  +0.8101  +0.1139  +0.0357   119   374  +4.4169  1.001e-05     1
SHAO 2001-12-30 2002-01-16  +0.8101  +0.4320  +0.0357  +0.0633   374    78  +5.2019  1.973e-07     1
SHAO 2002-04-11 2002-05-13  +0.4320  +0.7960  +0.0633  +0.0815    78   163  -3.5282  4.183e-04     1
SHAO 2002-12-20 2003-01-23  +0.7960  +0.1932  +0.0815  +0.0299   163   532  +6.9460  3.757e-12     1
SHAO 2006-03-15 2006-07-12  +0.1932  -0.1467  +0.0299  +0.0228   532   968  +9.0318  1.689e-19     1
SHAO 2018-10-05 2018-10-05  +0.1219  -0.0183  +0.0190  +0.0445  1400   162  +2.8973  3.764e-03     1
SIMO 2002-01-19 2002-02-26  +0.0100  -0.1967  +0.0877  +0.0294    83   728  +2.2332  2.554e-02     1
SIMO 2007-07-19 2007-07-28  -0.1594  +0.1575  +0.1030  +0.0424    41   282  -2.8450  4.442e-03     1
SIMO 2008-11-14 2008-12-30  +0.1575       NA  +0.0424       NA   282    NA       NA         NA    NA
SIO3 1994-05-22 1994-05-25  +1.3443  +0.9973  +0.0567  +0.0406   125   390  +4.9765  6.473e-07     1
SIO3 1995-10-08 1995-10-12  +0.9973  +0.8035  +0.0406  +0.0411   390   268  +3.3560  7.909e-04     1
SIO3 1996-07-09 1996-07-15  +0.8035  +0.7913  +0.0411  +0.0401   268   349  +0.2128  8.315e-01     0
SIO3 1997-08-09 1997-10-08  +0.7913  +0.5087  +0.0401  +0.0427   349   309  +4.8256  1.396e-06     1
SIO3 1999-04-14 1999-04-18  +0.6213  +1.1536  +0.0692  +0.0603    86   182  -5.8008  6.600e-09     1
SIO3 2001-05-09 2001-07-02  -0.0044  -0.0846  +0.0595  +0.1507   114    58  +0.4948  6.207e-01     0
SIO3 2001-09-03 2001-09-05  -0.0846  +0.8473  +0.1507  +0.1219    58    52  -4.8084  1.522e-06     1
SIO3 2001-10-28 2001-11-13  +0.8473  +0.3098  +0.1219  +0.0314    52   493  +4.2709  1.947e-05     1
SIO3 2003-05-10 2003-05-22  +0.3098  +0.3281  +0.0314  +0.0265   493   780  -0.4443  6.568e-01     0
SIO3 2005-08-05 2005-09-08  +0.3281  +0.2135  +0.0265  +0.0293   780   576  +2.9024  3.704e-03     1
SMST 2010-12-11 2010-12-12  +0.4290  +1.1300  +0.0613  +0.0764   233    43  -7.1564  8.283e-13     1
SMST 2015-12-02 2015-12-02  -1.0235  -0.9591  +0.0234  +0.0367  1254   341  -1.4809  1.386e-01     0
SMST 2022-03-17 2022-03-29  +0.5464  +0.4612  +0.0330  +0.0470   582   361  +1.4830  1.381e-01     0
SOFI 1997-09-18 1997-09-19  +0.4597  +0.1329  +0.0744  +0.0692    97    53  +3.2160  1.300e-03     1
SOFI 2001-12-07 2002-01-06  -0.2939  -0.0776  +0.0165  +0.0464   874    50  -4.3910  1.128e-05     1
SOFI 2015-03-06 2015-03-10  -0.6628  -0.7169  +0.0347  +0.0195    99   612  +1.3576  1.746e-01     0
SOFI 2016-11-25 2016-11-26  -0.7169  -0.5785  +0.0195  +0.0248   612   332  -4.3825  1.173e-05     1
SOFI 2020-03-07 2020-04-06  -0.5378  -0.4226  +0.0172  +0.0347   700   246  -2.9774  2.907e-03     1
SOFI 2020-12-31 2021-01-20  -0.4226  -0.7465  +0.0347  +0.0183   246   651  +8.2686  1.355e-16     1
SOFI 2025-01-11 2025-01-17  -0.4549  -0.3901  +0.0206  +0.0287   482   261  -1.8347  6.655e-02     0
SOL1 1997-12-22 1998-01-27  +0.2337  -0.0284  +0.0297  +0.0294   618   617  +6.2793  3.401e-10     1
SOL1 1999-12-13 1999-12-14  -0.0284  -0.0347  +0.0294  +0.0560   617    93  +0.1005  9.199e-01     0
SOL1 2000-04-04 2000-04-04  -0.0347  -0.7718  +0.0560  +0.0669    93   195  +8.4488  2.942e-17     1
SOLA 2004-03-07 2004-03-31       NA  +1.4612       NA  +0.0898    NA    61       NA         NA    NA
SOLA 2004-06-10 2004-07-24  +1.4612  +0.7105  +0.0898  +0.0678    61    92  +6.6750  2.473e-11     1
SOLA 2007-05-31 2007-06-04  +0.7105  +0.4652  +0.0678  +0.0475    92   116  +2.9622  3.055e-03     1
SOLA 2011-01-05 2011-01-07  +0.4652  +0.1653  +0.0475  +0.0549   116   110  +4.1323  3.591e-05     1
SOLA 2011-12-16 2011-12-16  +0.1653  +0.3188  +0.0549  +0.0574   110    96  -1.9336  5.316e-02     0
SOLA 2012-03-26 2012-04-22  +0.3188  +0.0418  +0.0574  +0.0579    96    87  +3.3971  6.811e-04     1
SOLA 2012-07-21 2012-07-24  +0.0418  +0.0390  +0.0579  +0.0233    87   512  +0.0446  9.644e-01     0
SPT0 2014-04-25 2014-04-27  +0.1015  +0.0404  +0.0315  +0.0402   113   193  +1.1967  2.314e-01     0
SPT0 2014-11-12 2014-12-23  +0.0404  +0.1797  +0.0402  +0.0171   193   573  -3.1878  1.434e-03     1
SPT0 2018-05-20 2018-05-30  +0.8208  +0.8454  +0.0162  +0.0152   624   829  -1.1084  2.677e-01     0
SPT0 2024-11-05 2024-11-10  +0.4138  +0.4188  +0.0179  +0.0204   604   406  -0.1867  8.519e-01     0
SSIA 2000-09-29 2000-11-08       NA  -0.0144       NA  +0.0612    NA   322       NA         NA    NA
SSIA 2001-12-07 2001-12-13  -0.0144  +0.0414  +0.0612  +0.0247   322  1942  -0.8459  3.976e-01     0
SSIA 2024-06-18 2024-06-24  -0.7451  -0.4135  +0.0505  +0.0470   449   546  -4.8100  1.510e-06     1
STHL 2012-07-25 2012-08-10  -0.2925  +0.0316  +0.0312  +0.0440   303   129  -6.0094  1.862e-09     1
STHL 2015-09-15 2015-09-18  -0.3140  -0.6549  +0.0176  +0.0689   957    50  +4.7918  1.653e-06     1
STHL 2016-06-17 2016-06-19  -0.2218  -0.5712  +0.0404  +0.0528   215    82  +5.2547  1.482e-07     1
STHL 2016-09-14 2016-10-04  -0.5712  -0.1193  +0.0528  +0.0266    82   404  -7.6436  2.113e-14     1
STHL 2018-08-28 2018-08-30  +0.0304  -0.1688  +0.0719  +0.0263    44   399  +2.6018  9.274e-03     1
STHL 2020-07-21 2020-08-07  -0.4366  +0.1004  +0.0506  +0.0574   122    69  -7.0216  2.193e-12     1
STHL 2023-05-30 2023-06-04  -0.5979  -0.3934  +0.0197  +0.0195   754   763  -7.3714  1.688e-13     1
STHL 2025-07-13 2025-07-13  -0.3934  -0.4430  +0.0195  +0.0386   763   168  +1.1458  2.519e-01     0
STJO 1997-05-06 1997-05-08  +0.2065  +0.0288  +0.0311  +0.0332   243   263  +3.9081  9.303e-05     1
STJO 1998-02-28 1998-03-04  +0.0288  +0.0907  +0.0332  +0.0324   263   283  -1.3329  1.826e-01     0
STJO 1999-04-16 1999-05-28  -0.3097  -0.1768  +0.0474  +0.0336    79   253  -2.2875  2.217e-02     1
STJO 2000-03-01 2000-03-30  -0.1768  -0.0322  +0.0336  +0.0219   253   605  -3.6019  3.159e-04     1
STK2 2015-04-25 2015-05-04  +0.0359  +0.1024  +0.0150  +0.0111   438  1063  -3.5608  3.697e-04     1
STK2 2022-07-06 2022-07-10  +0.3194  -0.1626  +0.0640  +0.0138    81   676  +7.3657  1.762e-13     1
STR1 1999-05-21 1999-06-24  +2.0107  -0.0906  +0.0553  +0.0403   162   198 +30.7040 5.034e-207     1
STR1 2005-02-24 2005-02-28  +0.5890  +0.7829  +0.0276  +0.0610   529   100  -2.8946  3.796e-03     1
STR1 2005-06-10 2005-07-08  +0.7829  +0.7044  +0.0610  +0.0109   100  2866  +1.2653  2.058e-01     0
STR1 2024-05-12 2024-05-12  +0.2845  +0.4012  +0.0275  +0.0242   510   544  -3.1862  1.442e-03     1
STR2 2002-04-22 2002-04-24  -0.3035  -0.1057  +0.0364  +0.0417   260   142  -3.5720  3.543e-04     1
STR2 2005-06-10 2005-07-08  +0.3533  +0.4033  +0.0266  +0.0160   540  1322  -1.6120  1.070e-01     0
STR2 2010-01-28 2010-02-25  +0.4033  +0.3600  +0.0160  +0.0217  1322   733  +1.6068  1.081e-01     0
STR2 2014-03-07 2014-03-10  +0.5266  +0.6286  +0.0236  +0.0181   613  1056  -3.4260  6.126e-04     1
STR2 2024-05-12 2024-05-12  +0.1711  +0.1229  +0.0172  +0.0311  1213   358  +1.3573  1.747e-01     0
STR2 2025-05-13 2025-05-24  +0.1229  +0.1586  +0.0311  +0.0364   358   219  -0.7456  4.559e-01     0
STR2 2025-12-30 2025-12-30  +0.1586       NA  +0.0364       NA   219    NA       NA         NA    NA
SUNM 1999-01-15 1999-05-26       NA  +0.6987       NA  +0.0478    NA   327       NA         NA    NA
SUNM 2002-01-19 2002-01-25  +2.1801  +1.7487  +0.0676  +0.1188   161    86  +3.1562  1.599e-03     1
SUNM 2005-11-05 2005-11-24  +1.6399  +1.7386  +0.0799  +0.0807   104   164  -0.8691  3.848e-01     0
SUNM 2008-09-20 2008-09-21  +1.4294  +1.1914  +0.0401  +0.0447   489   407  +3.9643  7.361e-05     1
SUTH 1998-09-20 1998-09-20  +0.1469  -0.0640  +0.0359  +0.0354   118   214  +4.1803  2.911e-05     1
SUTH 1999-07-13 1999-07-26  -0.0640  +0.0822  +0.0354  +0.0435   214    91  -2.6080  9.107e-03     1
SUTH 2000-01-26 2000-04-25  -0.6072  +0.0195  +0.0933  +0.0346    56   117  -6.2993  2.990e-10     1
SUTH 2000-08-24 2000-08-24  +0.0195  +0.1513  +0.0346  +0.0415   117   182  -2.4406  1.466e-02     1
SUTH 2001-05-03 2001-05-04  +0.1513  +0.0114  +0.0415  +0.0414   182   143  +2.3857  1.705e-02     1
SUTH 2002-08-12 2002-08-23  +0.6203  +0.6334  +0.0337  +0.0473   160    99  -0.2255  8.216e-01     0
SUTH 2002-12-03 2002-12-06  +0.6334  +0.9926  +0.0473  +0.0621    99   130  -4.6024  4.176e-06     1
SUTH 2005-04-11 2005-04-14  +0.5403  +0.5807  +0.0185  +0.0301   660   291  -1.1439  2.527e-01     0
SUTH 2007-06-17 2007-07-05  +0.3645  +0.2782  +0.0232  +0.0123   412  1450  +3.2924  9.932e-04     1
SUTM 2002-08-12 2002-08-23  +0.4611  +0.3378  +0.0331  +0.0468   146    88  +2.1507  3.150e-02     1
SUTM 2002-12-03 2002-12-06  +0.3378  +0.8200  +0.0468  +0.0660    88   111  -5.9590  2.538e-09     1
SUTM 2005-04-11 2005-04-14  +0.6262  +0.7222  +0.0238  +0.0260   380   320  -2.7187  6.553e-03     1
SUTM 2009-10-24 2009-11-20  +0.4248  +0.5032  +0.0125  +0.0222  1219   482  -3.0747  2.107e-03     1
SUTM 2011-04-10 2011-04-19  +0.5032  +0.4573  +0.0222  +0.0234   482   366  +1.4219  1.551e-01     0
SUTM 2013-05-23 2013-05-23  +0.5121  +0.6221  +0.0281  +0.0522   288    47  -1.8552  6.357e-02     0
SUTM 2015-04-10 2015-04-12  +0.3496  +0.5990  +0.0184  +0.0348   616   113  -6.3363  2.354e-10     1
SUTM 2016-08-17 2016-08-18  +0.3983  +0.4498  +0.0241  +0.0174   345   682  -1.7326  8.317e-02     0
SUTM 2018-08-01 2018-08-06  +0.4498  +0.5060  +0.0174  +0.0142   682  1022  -2.4990  1.246e-02     1
SUTM 2021-11-18 2021-11-28  +0.2930  +0.2576  +0.0332  +0.0118   130  1446  +1.0019  3.164e-01     0
SUTM 2025-12-26 2025-12-29  +0.2576       NA  +0.0118       NA  1446    NA       NA         NA    NA
SUTV 2012-07-05 2012-07-14  +0.4728  +0.3657  +0.0369  +0.0246   193   349  +2.4132  1.581e-02     1
SUTV 2015-04-10 2015-04-12  +0.0872  +0.2196  +0.0186  +0.0200   605   455  -4.8595  1.177e-06     1
SUTV 2016-08-17 2016-08-18  +0.2196  +0.2459  +0.0200  +0.0216   455   417  -0.8939  3.714e-01     0
SUWN 2003-03-31 2003-04-03  -0.2376  +0.0438  +0.0201  +0.0466   459   218  -5.5460  2.923e-08     1
SUWN 2009-07-21 2009-08-21  -0.2728  -0.4868  +0.0124  +0.0263  1494   271  +7.3595  1.847e-13     1
SUWN 2016-02-13 2016-02-13  -0.5238  -0.3004  +0.0200  +0.0474   491   152  -4.3388  1.432e-05     1
SVTL 2005-10-12 2005-10-14  +0.0741  +0.1918  +0.0225  +0.0123   285   886  -4.5909  4.413e-06     1
SVTL 2008-04-27 2008-05-05  +0.1918  +0.2463  +0.0123  +0.0368   886   201  -1.4046  1.601e-01     0
SVTL 2008-12-14 2008-12-15  +0.2463  +0.5400  +0.0368  +0.0325   201    78  -5.9811  2.217e-09     1
SVTL 2009-03-05 2009-03-08  +0.5400  +0.4710  +0.0325  +0.0199    78   350  +1.8099  7.032e-02     0
SVTL 2010-04-07 2010-05-22  +0.4710  +0.4561  +0.0199  +0.0214   350   306  +0.5100  6.100e-01     0
SVTL 2011-04-24 2011-04-26  +0.4561  +0.1853  +0.0214  +0.0470   306   165  +5.2451  1.562e-07     1
SVTL 2011-10-24 2011-11-14  +0.1853  +0.3281  +0.0470  +0.0295   165   105  -2.5744  1.004e-02     1
SVTL 2013-02-13 2013-02-15  +0.3913  +0.5303  +0.0255  +0.0344   275    92  -3.2413  1.190e-03     1
SVTL 2013-05-26 2013-06-02  +0.5303  +0.2481  +0.0344  +0.0349    92   197  +5.7535  8.741e-09     1
SVTL 2022-11-29 2022-12-03  +0.2481  +0.1332  +0.0349  +0.0245   197   155  +2.6956  7.026e-03     1
SVTL 2023-05-10 2023-05-17  +0.1332  +0.2252  +0.0245  +0.0195   155   485  -2.9400  3.282e-03     1
SYDN 2008-08-30 2008-09-03  -0.3783  -0.2358  +0.0177  +0.0185  1496  1391  -5.5572  2.741e-08     1
SYDN 2012-09-27 2012-09-30  -0.2358  -0.4173  +0.0185  +0.0274  1391   670  +5.4928  3.955e-08     1
SYDN 2014-08-15 2014-08-26  -0.4173  -0.2973  +0.0274  +0.0499   670   235  -2.1080  3.503e-02     1
SYDN 2015-04-29 2015-04-30  -0.2973  +0.0757  +0.0499  +0.0507   235   134  -5.2428  1.581e-07     1
SYOG 2000-12-31 2001-02-02  +1.7780  +1.6015  +0.0181  +0.0132   138   250  +7.8815  3.234e-15     1
SYOG 2001-11-26 2002-03-19  +1.6015  +1.7194  +0.0132  +0.0110   250   412  -6.8639  6.699e-12     1
TABL 1995-10-21 1995-11-01       NA  -0.0233       NA  +0.0327    NA   100       NA         NA    NA
TABL 1996-02-19 1996-03-18  -0.0233  -0.3390  +0.0327  +0.0242   100   244  +7.7657  8.120e-15     1
TABL 1997-05-10 1997-05-20  +0.0150  -0.2136  +0.0274  +0.0138   137   701  +7.4557  8.942e-14     1
TABL 1999-05-27 1999-05-28  -0.2136  -0.2036  +0.0138  +0.0186   701   416  -0.4330  6.651e-01     0
TABL 2000-08-25 2000-10-05  -0.2036  -0.1944  +0.0186  +0.0217   416   227  -0.3201  7.489e-01     0
TABL 2001-05-23 2001-05-23  -0.1944  -0.1430  +0.0217  +0.0185   227   435  -1.8016  7.160e-02     0
TABL 2005-05-12 2005-05-16  +0.1456  -0.1325  +0.0259  +0.0248   155   246  +7.7565  8.732e-15     1
TABL 2013-11-12 2013-11-18  -0.0472  -0.3760  +0.0151  +0.0230   593   221 +11.9633  5.531e-33     1
TABV 2013-11-12 2013-11-18  -0.1035  -0.3480  +0.0124  +0.0261   668   161  +8.4445  3.055e-17     1
TABV 2014-07-29 2014-08-04  -0.3480  -0.5370  +0.0261  +0.0181   161   306  +5.9483  2.710e-09     1
TABV 2015-06-27 2015-06-27  -0.5370  -0.2902  +0.0181  +0.0614   306    59  -3.8572  1.147e-04     1
TABV 2015-10-05 2015-10-14  -0.2902  -0.4461  +0.0614  +0.0158    59   422  +2.4595  1.391e-02     1
TABV 2017-01-14 2017-01-15  -0.4461  -0.2233  +0.0158  +0.0124   422   708 -11.1111  1.108e-28     1
TABV 2019-02-02 2019-02-05  -0.2233  -0.2761  +0.0124  +0.0158   708   390  +2.6279  8.591e-03     1
TABV 2020-04-27 2020-06-02  -0.2761  -0.1693  +0.0158  +0.0085   390  1542  -5.9386  2.875e-09     1
TAH1 2001-04-23 2001-04-23  -0.7686  -0.0557  +0.0885  +0.0712   220   362  -6.2770  3.451e-10     1
TAH1 2003-09-02 2003-11-06  +0.3860  -0.2002  +0.0629  +0.0450   454   880  +7.5809  3.432e-14     1
TAH1 2013-12-03 2013-12-16  +0.0860       NA  +0.0809       NA   280    NA       NA         NA    NA
TASH 2002-03-07 2002-11-03       NA  +0.7790       NA  +0.0589    NA    97       NA         NA    NA
TASH 2004-09-29 2004-10-02  +1.7292  +0.7194  +0.0936  +0.0409   105   173  +9.8821  4.977e-23     1
TASH 2005-04-19 2005-05-07  +0.7194  +1.3027  +0.0409  +0.0808   173   137  -6.4421  1.179e-10     1
TASH 2005-11-19 2005-11-21  +0.4774  +0.6298  +0.1035  +0.0418    40   195  -1.3643  1.725e-01     0
TASH 2009-12-14 2009-12-15  +0.8288  +0.7107  +0.0302  +0.0362   474   241  +2.5056  1.223e-02     1
TASH 2011-01-06 2011-01-15  +0.7107  +0.3111  +0.0362  +0.0574   241    95  +5.8897  3.870e-09     1
TASH 2012-04-14 2012-04-21  +0.3313  +0.3727  +0.0385  +0.0152   217  1885  -0.9991  3.177e-01     0
TASH 2017-10-25 2017-11-05  +0.3727  +0.6121  +0.0152  +0.0208  1885   933  -9.2913  1.524e-20     1
TCMS 2003-01-21 2003-02-10  -1.1160  -0.5173  +0.1246  +0.0725    95   333  -4.1531  3.280e-05     1
TCMS 2004-02-11 2004-02-11  -0.5173  +0.0470  +0.0725  +0.1215   333   119  -3.9898  6.612e-05     1
TCMS 2005-08-20 2005-08-24  -0.6212  +0.1464  +0.0759  +0.2141   287    53  -3.3798  7.254e-04     1
TCMS 2005-10-20 2005-11-06  +0.1464  -0.6118  +0.2141  +0.0906    53   171  +3.2620  1.106e-03     1
TCMS 2006-06-11 2006-06-11  -0.6118  -1.1325  +0.0906  +0.1037   171   180  +3.7808  1.563e-04     1
TCMS 2007-01-16 2007-02-25  -1.1325  -1.0365  +0.1037  +0.0659   180   404  -0.7809  4.348e-01     0
TCMS 2008-08-24 2008-09-05  -1.0365  -0.5624  +0.0659  +0.0475   404   751  -5.8356  5.361e-09     1
TCMS 2013-01-10 2013-02-25  -1.5622  -1.4298  +0.1411  +0.1492    63    87  -0.6447  5.191e-01     0
TCMS 2013-12-06 2013-12-30  -0.0099       NA  +0.1250       NA   144    NA       NA         NA    NA
TEHN 2017-07-15 2017-08-26  -0.1711  -0.6942  +0.1242  +0.0867    41    57  +3.4526  5.552e-04     1
TEHN 2017-11-16 2018-02-15  -0.6942  -0.9795  +0.0867  +0.0676    57    96  +2.5962  9.425e-03     1
TEHN 2018-07-26 2018-08-01  -0.9795  -0.3538  +0.0676  +0.0981    96    44  -5.2540  1.489e-07     1
TEHN 2018-12-03 2018-12-21  -0.3538  +0.1032  +0.0981  +0.1054    44    40  -3.1735  1.506e-03     1
TEHN 2019-10-20 2019-11-12  +0.1032  -0.6569  +0.1054  +0.0390    40   198  +6.7610  1.370e-11     1
TEHN 2021-03-11 2021-03-13  -0.6569  -0.6092  +0.0390  +0.0945   198    69  -0.4666  6.408e-01     0
TEHN 2021-12-06 2022-03-25  -1.2180       NA  +0.1033       NA    44    NA       NA         NA    NA
THTG 2017-11-18 2017-12-26  +1.0609  +2.6379  +0.0688  +0.0990   274   138 -13.0774  4.436e-39     1
THTG 2019-08-04 2019-08-06  +1.6723  +2.2949  +0.0553  +0.0450   436   644  -8.7291  2.566e-18     1
THTG 2021-05-14 2021-05-15  +2.2949  +1.7261  +0.0450  +0.0370   644   958  +9.7566  1.728e-22     1
THTG 2025-03-11 2025-04-01  +1.8519  +1.7395  +0.1047  +0.0698   126   272  +0.8925  3.721e-01     0
THTI 2000-07-21 2000-08-25  -0.8681  -0.8496  +0.0678  +0.0935   371   189  -0.1608  8.723e-01     0
THTI 2001-04-23 2001-04-23  -0.8496  +0.3356  +0.0935  +0.0460   189   800 -11.3768  5.457e-30     1
THTI 2003-09-02 2003-11-06  +0.3356  -0.1731  +0.0460  +0.0448   800   844  +7.9242  2.296e-15     1
THTI 2009-02-20 2009-02-25  +0.5012  +0.7416  +0.0440  +0.0558   862   541  -3.3845  7.131e-04     1
THTI 2016-06-16 2016-06-18  +1.7590  +1.1018  +0.1398  +0.0577    95   500  +4.3455  1.389e-05     1
THTI 2017-11-18 2017-11-20  +1.1018  +1.7801  +0.0577  +0.1411   500    85  -4.4512  8.540e-06     1
THTI 2019-08-04 2019-08-06  +1.7168  +2.2870  +0.0622  +0.0486   440   716  -7.2272  4.930e-13     1
THU1 1997-06-05 1997-06-18  -0.3196  -0.4360  +0.0178  +0.0323   224   124  +3.1557  1.601e-03     1
THU1 1997-12-23 1998-01-10  -0.4360  -0.2718  +0.0323  +0.0246   124    62  -4.0412  5.317e-05     1
THU1 1998-03-25 1998-06-09  -0.2718  -0.2198  +0.0246  +0.0246    62   202  -1.4929  1.355e-01     0
THU1 2000-04-01 2000-04-02  -0.2575  -0.3628  +0.0178  +0.0240   202   204  +3.5217  4.288e-04     1
THU1 2002-02-24 2002-04-05  -0.0689  -0.0758  +0.0158  +0.0445   207    73  +0.1459  8.840e-01     0
THU1 2002-10-13 2003-01-12  -0.0758       NA  +0.0445       NA    73    NA       NA         NA    NA
THU2 2000-04-01 2000-04-02  +0.2643  +0.2085  +0.0106  +0.0067   378  1063  +4.4566  8.328e-06     1
THU2 2004-04-21 2004-04-29  +0.2085  +0.2633  +0.0067  +0.0112  1063   497  -4.1947  2.732e-05     1
THU2 2005-12-09 2006-01-04  +0.2633  +0.3738  +0.0112  +0.0240   497    51  -4.1647  3.118e-05     1
THU2 2010-02-02 2010-02-06  +0.1665  +0.0635  +0.0175  +0.0118   148   345  +4.8684  1.125e-06     1
THU2 2011-02-10 2011-02-14  +0.0635  +0.1715  +0.0118  +0.0095   345   593  -7.1250  1.041e-12     1
THU2 2012-11-14 2012-12-06  +0.1715  +0.1203  +0.0095  +0.0060   593  1281  +4.5791  4.671e-06     1
THU2 2021-03-21 2021-04-20  +0.1134  +0.0963  +0.0120  +0.0103   342   561  +1.0798  2.802e-01     0
THU2 2022-12-03 2022-12-20  +0.0963  +0.0237  +0.0103  +0.0090   561   606  +5.3287  9.892e-08     1
THU2 2024-09-17 2024-10-11  +0.0237  +0.0174  +0.0090  +0.0218   606    88  +0.2649  7.911e-01     0
THU3 2004-04-24 2004-04-29  +0.2251  +0.4230  +0.0070  +0.0197   905   207  -9.4617  3.030e-21     1
THU3 2005-03-12 2005-03-13  +0.2551  +0.3463  +0.0185  +0.0122    87   324  -4.1209  3.774e-05     1
THU3 2010-02-02 2010-02-06  +0.2420  +0.1379  +0.0173  +0.0249   146    43  +3.4301  6.034e-04     1
THU3 2010-03-22 2010-04-04  +0.1379  +0.2024  +0.0249  +0.0155    43   261  -2.1968  2.803e-02     1
THU3 2011-01-04 2011-02-14  +0.2024  +0.2089  +0.0155  +0.0069   261  1010  -0.3830  7.017e-01     0
THU3 2014-01-10 2014-01-14  +0.2089  +0.0324  +0.0069  +0.0252  1010    46  +6.7482  1.497e-11     1
THU3 2014-03-02 2014-03-11  +0.0324  +0.1933  +0.0252  +0.0144    46   279  -5.5357  3.100e-08     1
THU3 2015-03-18 2015-03-19  +0.0243  +0.1552  +0.0189  +0.0074    80   934  -6.4554  1.080e-10     1
THU3 2017-11-24 2017-12-10  +0.1552  +0.0407  +0.0074  +0.0115   934   358  +8.3650  6.013e-17     1
THU3 2019-01-05 2019-01-24  +0.0407       NA  +0.0115       NA   358    NA       NA         NA    NA
TID1 1999-05-21 1999-05-24  +0.2534  +0.1434  +0.0319  +0.0559   387    83  +1.7090  8.745e-02     0
TID1 1999-09-10 2000-04-03  +0.1434  +0.4532  +0.0559  +0.0231    83   729  -5.1215  3.032e-07     1
TID1 2002-04-22 2002-04-22  +0.4532  +0.6781  +0.0231  +0.0126   729  2436  -8.5338  1.416e-17     1
TID1 2009-06-18 2009-08-03  +0.6781  +0.3116  +0.0126  +0.0172  2436  1331 +17.1474  6.568e-66     1
TID1 2013-06-24 2013-06-26  +0.3116  +0.3087  +0.0172  +0.0283  1331   440  +0.0874  9.304e-01     0
TID1 2019-07-07 2019-08-01  +0.8438  +0.7356  +0.0183  +0.0161  1142  1485  +4.4369  9.124e-06     1
TIDB 1999-05-21 1999-05-24  +0.2274  -0.0376  +0.0321  +0.0561   396    83  +4.1024  4.089e-05     1
TIDB 2002-04-22 2002-04-22  +0.4313  +0.6817  +0.0261  +0.0128   614  2420  -8.6054  7.605e-18     1
TIDB 2009-06-18 2009-08-05  +0.6817  +0.5707  +0.0128  +0.0135  2420  2238  +5.9672  2.414e-09     1
TIDB 2019-07-07 2019-08-01  +0.8841  +0.7753  +0.0183  +0.0163  1207  1496  +4.4326  9.312e-06     1
TITZ 2007-04-14 2007-04-16  +0.3310  +0.4467  +0.0131  +0.0287  1296   305  -3.6693  2.432e-04     1
TITZ 2012-03-18 2012-03-28  +0.3248  +0.2000  +0.0239  +0.0203   383   619  +3.9795  6.905e-05     1
TIXG 2010-12-21 2010-12-31  +0.3122  +0.5953  +0.0220  +0.0153    60    91 -10.5627  4.437e-26     1
TIXG 2011-12-27 2012-01-01  +0.4089  +0.5216  +0.0155  +0.0077   238   645  -6.5187  7.090e-11     1
TIXG 2015-01-20 2015-02-13  +0.6920  +0.5531  +0.0221  +0.0190    45   130  +4.7638  1.900e-06     1
TIXG 2015-11-19 2016-01-13  +0.3035  +0.4302  +0.0247  +0.0108   106   321  -4.6997  2.605e-06     1
TIXG 2017-01-16 2017-02-24  +0.4302  +0.4898  +0.0108  +0.0094   321   493  -4.1687  3.064e-05     1
TIXG 2018-09-16 2018-11-15  +0.4898  +0.6766  +0.0094  +0.0130   493   132 -11.6230  3.147e-31     1
TIXI 2005-04-07 2005-04-19  +0.2668  +0.2648  +0.0067  +0.0105   973   483  +0.1587  8.739e-01     0
TIXI 2007-12-07 2008-03-03  +0.2274  +0.1625  +0.0191  +0.0235   195    85  +2.1393  3.241e-02     1
TIXI 2008-11-21 2008-12-17  -0.1307  -0.0864  +0.0237  +0.0127   162   279  -1.6460  9.976e-02     0
TIXI 2010-01-21 2010-02-23  +0.2211  +0.0849  +0.0250  +0.0243    43    56  +3.9050  9.421e-05     1
TIXI 2015-11-19 2015-11-28  +0.4570  +0.3808  +0.0055  +0.0097  1544   405  +6.8300  8.492e-12     1
TIXI 2017-02-08 2017-02-24  +0.3808  +0.4460  +0.0097  +0.0100   405   431  -4.6614  3.141e-06     1
TIXI 2021-05-26 2021-05-30  +0.0913  +0.3542  +0.0144  +0.0490   150    83  -5.1452  2.673e-07     1
TIXJ 2006-09-04 2006-09-27  +0.3998  +0.1970  +0.0247  +0.0240   139    75  +5.8935  3.781e-09     1
TIXJ 2007-04-04 2007-04-14  +0.4995  +0.2608  +0.0186  +0.0171   110   241  +9.4502  3.383e-21     1
TIXJ 2008-05-04 2008-05-30  +0.3089  +0.6315  +0.0265  +0.0246    58   144  -8.9131  4.962e-19     1
TIXJ 2008-11-21 2009-02-06  +0.6315  +0.7492  +0.0246  +0.0204   144    83  -3.6843  2.293e-04     1
TIXJ 2009-12-01 2010-01-20  +0.7492  +0.9076  +0.0204  +0.0207    83    83  -5.4575  4.828e-08     1
TIXJ 2010-04-14 2010-05-17  +0.9076  +0.6840  +0.0207  +0.0308    83   140  +6.0356  1.583e-09     1
TLSE 2001-05-23 2001-05-27  +0.4913  +0.2981  +0.0507  +0.0317   113   490  +3.2310  1.233e-03     1
TLSE 2003-03-13 2003-03-14  +0.2981  +0.4096  +0.0317  +0.0321   490   407  -2.4714  1.346e-02     1
TLSE 2004-11-04 2004-12-16  -0.1779  +0.4308  +0.0809  +0.0562   133    81  -6.1826  6.306e-10     1
TLSE 2005-03-12 2005-04-24  +0.4308  +0.1103  +0.0562  +0.0649    81   179  +3.7327  1.895e-04     1
TLSE 2005-11-01 2005-11-03  +0.1103  +0.6320  +0.0649  +0.0345   179   362  -7.0929  1.314e-12     1
TLSE 2006-11-08 2006-11-08  +0.6320  +0.7820  +0.0345  +0.0420   362   165  -2.7586  5.804e-03     1
TLSE 2007-04-24 2007-05-01  +0.7820  +0.6669  +0.0420  +0.0246   165   685  +2.3639  1.808e-02     1
TLSE 2009-05-18 2009-05-22  +0.6669  +0.4031  +0.0246  +0.0250   685   687  +7.5124  5.807e-14     1
TLSE 2011-05-09 2011-05-10  +0.4031  +0.3338  +0.0250  +0.0125   687  2759  +2.4768  1.325e-02     1
TLSE 2023-09-06 2023-09-12  +1.3458  +0.5769  +0.1357  +0.0231    55   817  +5.5854  2.332e-08     1
TN22 2009-06-09 2009-06-22  +0.3084  +0.0589  +0.0339  +0.1129   449   106  +2.1159  3.435e-02     1
TN22 2009-10-08 2009-10-11  +0.0589  +0.5183  +0.1129  +0.0692   106    79  -3.4698  5.208e-04     1
TN22 2012-09-05 2012-09-08  +0.2551  +0.5105  +0.0411  +0.0238   292   763  -5.3701  7.871e-08     1
TN22 2015-06-11 2015-06-27  -0.2905  +0.2529  +0.1121  +0.1018    63   104  -3.5876  3.337e-04     1
TN22 2015-10-31 2015-11-06  +0.2529  +0.6725  +0.1018  +0.0184   104  1406  -4.0563  4.986e-05     1
TN22 2023-09-09 2023-09-11  +0.7166  +0.5421  +0.0283  +0.1051   691    54  +1.6037  1.088e-01     0
TN22 2023-11-10 2023-11-12  +0.5421  +0.4847  +0.1051  +0.0408    54   318  +0.5092  6.106e-01     0
TN22 2024-11-09 2024-11-10  +0.4847  +0.4415  +0.0408  +0.0382   318   329  +0.7730  4.395e-01     0
TN22 2025-12-21 2025-12-30  +0.4415       NA  +0.0382       NA   329    NA       NA         NA    NA
TNML 2003-01-21 2003-02-10  -1.0435  -0.3899  +0.1179  +0.0747   120   321  -4.6837  2.818e-06     1
TNML 2004-02-11 2004-02-11  -0.3899  +0.2334  +0.0747  +0.1335   321    90  -4.0747  4.608e-05     1
TNML 2005-07-21 2005-11-06  -0.6556  -0.6641  +0.0707  +0.0698   363   342  +0.0864  9.312e-01     0
TNML 2007-01-16 2007-02-25  -0.6641  -0.8744  +0.0698  +0.0652   342   432  +2.2024  2.764e-02     1
TNML 2008-11-02 2008-11-05  -0.8744  -0.4936  +0.0652  +0.0450   432   827  -4.8102  1.508e-06     1
TNML 2012-07-02 2012-07-04  -0.4936  -1.2039  +0.0450  +0.1344   827   110  +5.0112  5.408e-07     1
TNML 2013-01-10 2013-02-11  -1.2039  -1.4538  +0.1344  +0.1640   110    69  +1.1779  2.388e-01     0
TNML 2013-11-09 2013-11-14  +0.5546  -0.1828  +0.1536  +0.0990   101   160  +4.0359  5.439e-05     1
TNML 2018-03-11 2018-03-12  -0.1828  -0.6930  +0.0990  +0.1575   160    92  +2.7426  6.096e-03     1
TNML 2018-09-13 2018-09-22  -0.6930  -0.5365  +0.1575  +0.0713    92   306  -0.9053  3.653e-01     0
TONG 2017-10-12 2017-10-12  -0.2526  -0.2452  +0.0819  +0.0701   201   292  -0.0689  9.451e-01     0
TONG 2018-10-16 2018-10-17  -0.2452  -0.6035  +0.0701  +0.0819   292   266  +3.3244  8.861e-04     1
TONG 2019-07-29 2019-08-11  -0.6035  -0.2178  +0.0819  +0.0530   266   511  -3.9554  7.640e-05     1
TOUL 1997-05-28 1997-05-29  +0.2056  +0.2402  +0.0649  +0.0306    81   510  -0.4819  6.299e-01     0
TOUL 1998-12-13 1998-12-14  +0.2402  +0.1127  +0.0306  +0.0268   510   578  +3.1311  1.741e-03     1
TOW2 1996-07-04 1996-07-12  -0.6604  -0.4459  +0.0671  +0.0384   233   688  -2.7740  5.537e-03     1
TOW2 2016-07-16 2016-08-01  -0.5714  -0.3554  +0.0412  +0.0383   649   695  -3.8376  1.242e-04     1
TRAB 2001-02-09 2001-04-18  +1.5560  +0.8229  +0.0564  +0.1383   297   102  +4.9087  9.168e-07     1
TRAB 2001-10-04 2001-10-05  +0.8229  +0.9471  +0.1383  +0.0539   102   274  -0.8370  4.026e-01     0
TRAB 2003-12-28 2004-03-26  +0.7861  +1.3037  +0.0453  +0.1064   384   164  -4.4756  7.621e-06     1
TRAB 2004-09-20 2004-10-27  +1.3037  +0.3293  +0.1064  +0.1116   164    53  +6.3195  2.625e-10     1
TRAB 2006-02-13 2006-02-19  +1.0091  +2.0028  +0.0600  +0.0867   225   114  -9.4255  4.280e-21     1
TRAB 2007-05-17 2007-05-27  +1.0962  +0.7278  +0.0588  +0.1208   230   106  +2.7420  6.107e-03     1
TRO1 2002-05-25 2002-06-12  +0.5142  -0.1266  +0.0226  +0.0747   178    52  +8.2105  2.203e-16     1
TRO1 2004-04-21 2004-05-07  +0.4190  +0.0184  +0.0141  +0.0565   581    52  +6.8725  6.310e-12     1
TRO1 2007-02-21 2007-03-28  +0.3883  +0.4636  +0.0185  +0.0178   353   374  -2.9314  3.374e-03     1
TRO1 2009-01-28 2009-02-01  +0.4858  +0.5099  +0.0349  +0.0295    81    99  -0.5261  5.988e-01     0
TRO1 2013-05-09 2013-05-31  +0.4625  +0.4235  +0.0097  +0.0186  1242   345  +1.8535  6.381e-02     0
TRO1 2014-05-27 2014-06-16  +0.4235  +0.1339  +0.0186  +0.0639   345    72  +4.3514  1.353e-05     1
TRO1 2023-11-05 2023-12-07  +0.4288  +0.4802  +0.0137  +0.0130   661   714  -2.7284  6.364e-03     1
TROM 1994-04-27 1994-04-28  +0.3719  +0.5111  +0.0348  +0.0372    73   163  -2.7353  6.233e-03     1
TROM 1994-11-02 1994-12-01  +0.5111  +0.3362  +0.0372  +0.0154   163   555  +4.3476  1.376e-05     1
TROM 1996-08-28 1996-09-07  +0.3362  +0.1590  +0.0154  +0.0297   555   141  +5.2982  1.170e-07     1
TROM 1998-06-10 1998-07-09  +0.1590  +0.2299  +0.0297  +0.0147   141   732  -2.1438  3.205e-02     1
TROM 2002-01-04 2002-01-05  +0.2299  +0.2932  +0.0147  +0.0267   732   130  -2.0767  3.782e-02     1
TROM 2002-05-25 2002-06-12  +0.2932  -0.2717  +0.0267  +0.0822   130    44  +6.5332  6.438e-11     1
TROM 2003-02-15 2003-02-20  +0.2040  +0.2031  +0.0289  +0.0182   185   384  +0.0268  9.786e-01     0
TROM 2004-04-05 2004-05-07  +0.2031  -0.2066  +0.0182  +0.0585   384    52  +6.6843  2.320e-11     1
TROM 2006-01-09 2006-02-19  +0.2291  +0.1490  +0.0169  +0.0199   520   343  +3.0710  2.134e-03     1
TROM 2007-02-15 2007-03-28  +0.1490  +0.1822  +0.0199  +0.0155   343   617  -1.3193  1.871e-01     0
TSEA 2002-06-15 2002-06-18  +0.1462  +0.3759  +0.0147  +0.0889   600    41  -2.5488  1.081e-02     1
TSEA 2002-07-31 2002-08-05  +0.3759  +0.3236  +0.0889  +0.0410    41    89  +0.5342  5.932e-01     0
TSEA 2002-12-24 2003-01-16  +0.3236  +0.2348  +0.0410  +0.0224    89   277  +1.9016  5.723e-02     0
TSEA 2006-05-22 2006-05-30  +0.1394  +0.2354  +0.0212  +0.0326   292   163  -2.4703  1.350e-02     1
TSEA 2006-12-16 2007-01-23  +0.2354  +0.0770  +0.0326  +0.0146   163   625  +4.4415  8.932e-06     1
TSEA 2010-09-10 2010-09-24  -0.0089  +0.1463  +0.0246  +0.0107   224  1110  -5.7795  7.490e-09     1
TSKB 1995-07-24 1995-08-21  +0.5186  +0.7162  +0.0482  +0.1038   142    69  -1.7269  8.419e-02     0
TSKB 1995-11-19 1996-01-12  +0.7162  +0.4031  +0.1038  +0.0577    69    85  +2.6362  8.385e-03     1
TSKB 1998-10-13 1998-10-24  +0.4224  +0.7515  +0.0418  +0.0421   256   129  -5.5442  2.954e-08     1
TSKB 2010-02-25 2010-02-26  +0.5811  +0.5250  +0.0145  +0.0166  1834  1486  +2.5537  1.066e-02     1
TSKB 2016-07-30 2016-08-05  +0.3175  +0.3644  +0.0239  +0.0200   718   938  -1.5067  1.319e-01     0
TWTF 2003-12-09 2003-12-29  -1.0933  -0.7131  +0.0433  +0.0950   701   100  -3.6395  2.732e-04     1
TWTF 2004-05-22 2004-05-23  -0.7131  -1.0881  +0.0950  +0.0552   100   464  +3.4120  6.449e-04     1
TWTF 2005-11-01 2005-11-06  -1.0881  -1.1351  +0.0552  +0.0712   464   209  +0.5220  6.017e-01     0
TWTF 2006-06-09 2006-06-11  -1.1351  -1.4806  +0.0712  +0.0412   209   810  +4.1993  2.678e-05     1
TWTF 2008-11-02 2008-11-05  -1.4806  -1.1580  +0.0412  +0.0764   810   165  -3.7170  2.016e-04     1
TWTF 2009-04-27 2009-05-13  -1.1580  -0.9389  +0.0764  +0.0783   165   239  -2.0022  4.526e-02     1
TWTF 2012-07-02 2012-07-05  -0.9741  -1.3877  +0.1330  +0.0631    94   320  +2.8092  4.967e-03     1
TWTF 2014-07-04 2014-07-06  -1.1696  -0.9483  +0.0702  +0.0260   222  1877  -2.9591  3.085e-03     1
TWTF 2022-05-27 2022-06-22  -1.2294  -0.0631  +0.0444  +0.1864   638    57  -6.0853  1.163e-09     1
TWTF 2024-03-23 2024-07-02  -1.0752  -0.8266  +0.0464  +0.0506   564   534  -3.6202  2.944e-04     1
TXES 2009-10-31 2009-11-05  -0.9373  -0.2582  +0.1063  +0.0509   100   168  -5.7619  8.319e-09     1
TXES 2010-05-27 2010-05-31  -0.2582  -0.6206  +0.0509  +0.0535   168   235  +4.9079  9.203e-07     1
TXES 2011-05-24 2011-08-24  -0.6206  -0.3421  +0.0535  +0.0389   235   395  -4.2090  2.565e-05     1
TXES 2013-09-10 2013-09-16  -1.7158  -0.7146  +0.1457  +0.0922    68    67  -5.8061  6.395e-09     1
TXES 2015-02-24 2015-02-24  +0.0931  -0.5545  +0.0603  +0.0702    87   171  +6.9986  2.585e-12     1
TXES 2015-08-30 2015-09-11  -0.5545  -0.8680  +0.0702  +0.1399   171    41  +2.0020  4.529e-02     1
TXES 2023-10-01 2023-10-03  +0.0507  +0.3238  +0.0368  +0.0273   460   731  -5.9616  2.497e-09     1
UFPR 2007-09-06 2007-09-08       NA  -0.2112       NA  +0.0486    NA   277       NA         NA    NA
UFPR 2008-10-23 2008-11-05  -0.2112  -0.1271  +0.0486  +0.0587   277   225  -1.1036  2.698e-01     0
UFPR 2009-06-30 2009-07-02  -0.1271  -0.2597  +0.0587  +0.0703   225    94  +1.4477  1.477e-01     0
UFPR 2009-10-06 2009-10-06  -0.2597  +0.4712  +0.0703  +0.1445    94    41  -4.5482  5.411e-06     1
UFPR 2009-11-19 2009-12-03  +0.4712  -0.7382  +0.1445  +0.1367    41    55  +6.0800  1.201e-09     1
UFPR 2012-02-03 2012-02-11  -0.2248  -0.1744  +0.0319  +0.0746   623   125  -0.6221  5.339e-01     0
UFPR 2012-06-19 2012-06-19  -0.1744  -0.1147  +0.0746  +0.0137   125  3473  -0.7869  4.313e-01     0
UFPR 2023-08-21 2023-08-27  -0.3975  -0.3107  +0.0429  +0.0287   349   828  -1.6842  9.215e-02     0
ULAB 2003-11-12 2003-12-06  +0.1608  -0.0755  +0.0210  +0.0193   158    53  +8.2824  1.207e-16     1
ULAB 2004-02-17 2004-02-18  -0.0755  -0.0012  +0.0193  +0.0081    53   748  -3.5373  4.042e-04     1
ULAB 2007-02-27 2007-02-27  +0.1215  +0.0042  +0.0166  +0.0125    72   305  +5.6408  1.693e-08     1
ULAB 2020-02-09 2020-03-31  +0.1064  +0.3160  +0.0156  +0.0223    90   227  -7.7115  1.244e-14     1
ULAB 2020-11-24 2020-12-25  +0.3160  -0.1156  +0.0223  +0.0169   227    75 +15.4568  6.792e-54     1
ULAB 2022-12-26 2023-01-08  +0.1630  +0.0530  +0.0094  +0.0129   601   310  +6.9073  4.940e-12     1
UNB3 2014-01-02 2014-01-12       NA  +0.1050       NA  +0.0147    NA   925       NA         NA    NA
UNB3 2017-08-26 2017-10-19  +0.1050  +0.2563  +0.0147  +0.0107   925  1688  -8.2971  1.067e-16     1
UNB3 2022-12-07 2022-12-07  +0.2563  +0.1713  +0.0107  +0.0136  1688  1015  +4.9024  9.468e-07     1
UNBJ 2013-01-31 2013-01-31  +0.3030  +0.1081  +0.0095  +0.0124  2226  1318 +12.4944  8.014e-36     1
UNBJ 2022-12-07 2022-12-07  +0.2758  +0.1621  +0.0101  +0.0142  1980   983  +6.5187  7.092e-11     1
UNBN 2014-01-02 2014-01-12       NA  +0.1699       NA  +0.0287    NA   238       NA         NA    NA
UNBN 2017-09-14 2017-09-19  +0.1699  +0.3029  +0.0287  +0.0120   238  1289  -4.2818  1.854e-05     1
UNSA 2005-04-05 2005-04-19  +3.4462  +2.9229  +0.1123  +0.0836   173   262  +3.7378  1.856e-04     1
UNSA 2006-03-07 2006-03-08  +2.9229  +2.7410  +0.0836  +0.0666   262   411  +1.7029  8.860e-02     0
UNSA 2007-07-04 2007-07-07  +2.7410  +2.8621  +0.0666  +0.1388   411    79  -0.7868  4.314e-01     0
UNSA 2007-09-28 2007-10-03  +2.8621  +2.4401  +0.1388  +0.0425    79  1039  +2.9076  3.642e-03     1
UNSA 2013-09-01 2013-09-13  +1.7916  +1.9167  +0.0491  +0.0693   767   390  -1.4744  1.404e-01     0
UNSA 2014-10-20 2014-11-11  +1.9167  +1.5566  +0.0693  +0.1568   390    84  +2.1015  3.560e-02     1
UNSA 2016-07-07 2016-08-05  +2.1783  +1.8379  +0.1612  +0.1771    58    53  +1.4217  1.551e-01     0
UNTR 2015-06-08 2015-06-11  -0.0455  +0.4600  +0.0354  +0.1124   370    82  -4.2898  1.788e-05     1
UNTR 2015-09-25 2015-09-29  +0.4600  -0.0536  +0.1124  +0.0470    82   159  +4.2154  2.494e-05     1
UNTR 2016-04-01 2016-04-03  -0.0536  +0.3260  +0.0470  +0.0423   159   281  -6.0016  1.954e-09     1
UNTR 2018-05-12 2018-05-28  +0.3260  +0.4069  +0.0423  +0.0275   281   719  -1.6044  1.086e-01     0
URUM 1998-11-02 1998-11-12       NA  +0.4193       NA  +0.0317    NA   131       NA         NA    NA
URUM 2001-01-01 2001-01-02  -0.0963  +0.0964  +0.0392  +0.0321    93   140  -3.8040  1.424e-04     1
URUM 2009-12-31 2010-01-24  -0.4120  -0.6016  +0.0213  +0.0398   383    89  +4.1958  2.719e-05     1
URUM 2020-11-30 2021-01-02  +0.8762  +0.2071  +0.0381  +0.0177   229   650 +15.9251  4.245e-57     1
URUS 2014-03-15 2014-03-15  +0.6351  +0.1259  +0.1087  +0.0262    62   629  +4.5536  5.274e-06     1
URUS 2016-03-01 2016-04-11  +0.1259  -0.1445  +0.0262  +0.0651   629    68  +3.8537  1.164e-04     1
URUS 2016-07-27 2016-08-08  -0.1445  +0.2556  +0.0651  +0.0346    68   359  -5.4286  5.681e-08     1
URUS 2017-09-19 2017-09-20  +0.2556  +0.2951  +0.0346  +0.0817   359   119  -0.4451  6.562e-01     0
URUS 2018-03-03 2018-04-16  +0.2951  +0.2293  +0.0817  +0.0957   119    48  +0.5234  6.007e-01     0
USN3 2005-07-08 2005-07-20  +0.3393  +0.4387  +0.0330  +0.0222   353   813  -2.4987  1.247e-02     1
USN3 2007-11-26 2007-11-26  +0.4387  +0.3290  +0.0222  +0.0352   813   308  +2.6330  8.464e-03     1
USN3 2012-03-19 2012-05-31  +0.3306  +0.1453  +0.0460  +0.0274   106   556  +3.4591  5.419e-04     1
USNA 1998-01-06 1998-01-08  +0.4692  +0.2736  +0.0241  +0.0326   790   373  +4.8187  1.445e-06     1
USNA 1999-02-08 1999-03-02  +0.2736  +0.0303  +0.0326  +0.0307   373   543  +5.4305  5.619e-08     1
USNA 2002-01-29 2002-02-01  +0.3642  +0.5240  +0.0305  +0.0619   387    86  -2.3170  2.050e-02     1
USNO 1998-01-06 1998-01-08  +0.4855  +0.2614  +0.0478  +0.0424   242   255  +3.5085  4.506e-04     1
USNO 1998-09-30 1998-10-01  +0.2614  -0.0889  +0.0424  +0.0356   255   326  +6.3275  2.491e-10     1
USNO 2000-09-01 2000-09-02  -0.3723  -0.1562  +0.0410  +0.0255   247   565  -4.4804  7.450e-06     1
USNO 2005-07-08 2005-07-20  +0.0177  +0.0330  +0.0203  +0.0204  1013  1028  -0.5321  5.947e-01     0
USNO 2009-01-28 2009-01-28  -0.4508  -0.0405  +0.0569  +0.0256    86   627  -6.5738  4.906e-11     1
USNO 2014-07-31 2014-08-03  -0.5966  -0.0475  +0.0618  +0.0417    93   189  -7.3635  1.792e-13     1
USUD 1998-01-13 1998-02-14  -0.2114  +0.3014  +0.0190  +0.0260   795   417 -15.9102  5.383e-57     1
USUD 2000-01-18 2000-04-23  +0.2698  +1.8315  +0.0492  +0.0779    82   146 -16.9505  1.908e-64     1
USUD 2012-01-30 2012-02-07  -0.1817  -0.1843  +0.0101  +0.0227  2993   631  +0.1053  9.161e-01     0
USUD 2014-02-04 2014-03-12  +0.5636  -0.2220  +0.0584  +0.0423    41   236 +10.8990  1.165e-27     1
USUD 2014-12-21 2015-02-20  -0.2220  +0.0720  +0.0423  +0.0155   236  1343  -6.5333  6.434e-11     1
USUD 2022-02-18 2022-03-01  -0.2295  -0.3224  +0.0164  +0.0182  1096   996  +3.7884  1.516e-04     1
USUD 2024-12-28 2025-01-10  -0.3224  -0.6622  +0.0182  +0.0505   996    55  +6.3299  2.453e-10     1
USUD 2025-03-07 2025-03-22  -0.6622  -0.2194  +0.0505  +0.0405    55   267  -6.8394  7.951e-12     1
VACO 2007-10-14 2007-11-20  +0.8002  +0.8533  +0.0254  +0.0372   292    94  -1.1801  2.380e-01     0
VACO 2014-10-05 2014-10-13  -0.0431  +0.5107  +0.0710  +0.0265    86   225  -7.3033  2.807e-13     1
VACO 2015-06-26 2015-07-05  +0.5107  +0.3475  +0.0265  +0.0205   225   442  +4.8663  1.137e-06     1
VALD 2003-05-16 2003-05-24  -0.1992  -0.3633  +0.0443  +0.0227    72   279  +3.2976  9.751e-04     1
VALD 2004-04-01 2004-04-02  -0.3633  -0.4015  +0.0227  +0.0215   279   313  +1.2205  2.223e-01     0
VALD 2006-01-04 2006-02-06  -0.1782  -0.0419  +0.0283  +0.0236   257   306  -3.6993  2.162e-04     1
VALD 2007-01-02 2007-01-05  -0.0419  +0.0114  +0.0236  +0.0231   306   297  -1.6147  1.064e-01     0
VALD 2007-11-20 2007-12-03  +0.0114  -0.1136  +0.0231  +0.0156   297   607  +4.4819  7.399e-06     1
VALD 2017-01-18 2017-01-24  +0.0961  +0.1929  +0.0110  +0.0079  1241  2308  -7.1544  8.405e-13     1
VALD 2025-12-27 2025-12-30  +0.1807       NA  +0.0180       NA   519    NA       NA         NA    NA
VENE 1997-01-31 1997-03-03  -4.1887  -5.7654  +0.0788  +0.0735    41    56 +14.6262  1.911e-48     1
VENE 1997-04-29 1997-05-06  -5.7654  -5.6216  +0.0735  +0.0957    56   120  -1.1917  2.334e-01     0
VENE 2000-01-01 2000-03-26  -6.5014  -7.2382  +0.0749  +0.0561    66   211  +7.8738  3.441e-15     1
VENE 2000-12-04 2001-01-25  -7.2382  +0.6491  +0.0561  +0.0182   211  1335 -133.7770  0.000e+00     1
VENE 2004-11-29 2004-12-16  +0.6491  +0.5947  +0.0182  +0.0228  1335   726  +1.8618  6.264e-02     0
VESL 1998-01-16 1998-09-01       NA  +0.3021       NA  +0.0178    NA   117       NA         NA    NA
VESL 1999-01-28 1999-02-22  +0.3021  +0.3220  +0.0178  +0.0210   117    82  -0.7222  4.702e-01     0
VESL 1999-06-05 1999-06-17  +0.3220  +0.1309  +0.0210  +0.0272    82    44  +5.5527  2.813e-08     1
VESL 1999-08-21 1999-10-24  +0.1309  +0.2085  +0.0272  +0.0111    44   295  -2.6372  8.360e-03     1
VESL 2001-06-14 2001-06-23  +0.2230  +0.4498  +0.0202  +0.0101   107   401 -10.0400  1.017e-23     1
VESL 2003-05-26 2003-05-30  +0.4498  +0.5115  +0.0101  +0.0151   401   137  -3.3954  6.853e-04     1
VIL0 1999-03-14 1999-03-14  +0.1693  +0.0816  +0.0141  +0.0086   458  1410  +5.2926  1.206e-07     1
VIL0 2003-04-18 2003-04-21  +0.0816  +0.0883  +0.0086  +0.0071  1410  2139  -0.6000  5.485e-01     0
VIL0 2009-06-24 2009-06-26  +0.0883  +0.0798  +0.0071  +0.0160  2139   462  +0.4875  6.259e-01     0
VIL0 2010-11-14 2010-12-03  +0.0798  +0.1988  +0.0160  +0.0183   462   317  -4.8917  9.998e-07     1
VIL0 2011-11-01 2011-11-06  +0.1988  +0.1441  +0.0183  +0.0119   317   747  +2.5030  1.232e-02     1
VIL0 2023-11-10 2023-11-20  -0.1638  -0.1596  +0.0171  +0.0255   356   103  -0.1381  8.902e-01     0
VIL0 2024-03-04 2024-03-19  -0.1596  -0.2556  +0.0255  +0.0210   103   288  +2.9072  3.646e-03     1
VIL0 2025-01-12 2025-01-15  -0.2556  -0.2901  +0.0210  +0.0180   288   339  +1.2459  2.128e-01     0
VILL 1994-11-24 1994-12-21       NA  +0.1318       NA  +0.0370    NA   256       NA         NA    NA
VILL 1997-04-21 1997-04-22  +0.0759  -0.4668  +0.0267  +0.0415   427   255 +10.9944  4.066e-28     1
VILL 1998-01-09 1998-02-01  -0.4668  -0.0161  +0.0415  +0.0231   255   641  -9.4851  2.422e-21     1
VILL 2001-03-02 2001-03-25  -0.3196  -0.0958  +0.0406  +0.0172   206  1194  -5.0726  3.925e-07     1
VILL 2004-11-06 2004-11-06  -0.0958  -0.0394  +0.0172  +0.0372  1194   181  -1.3747  1.692e-01     0
VILL 2005-06-04 2005-06-06  -0.0394  +0.1968  +0.0372  +0.1080   181    62  -2.0680  3.864e-02     1
VILL 2005-08-24 2005-09-05  +0.1968  -0.0160  +0.1080  +0.0330    62   262  +1.8845  5.950e-02     0
VILL 2012-03-13 2012-04-07  +0.1977  +0.0762  +0.0133  +0.0152  1869  1464  +6.0169  1.778e-09     1
VIS0 2000-04-20 2000-04-26  +0.1891  +0.1313  +0.0209  +0.0094   376  1957  +2.5201  1.173e-02     1
VIS0 2005-11-22 2005-11-23  +0.1313  +0.3595  +0.0094  +0.0341  1957    94  -6.4543  1.088e-10     1
VIS0 2008-01-06 2008-02-13  +0.4345  +0.2431  +0.0300  +0.0377   242    81  +3.9731  7.094e-05     1
VIS0 2008-05-05 2008-06-09  +0.2431  +0.2366  +0.0377  +0.0181    81   558  +0.1562  8.759e-01     0
VIS0 2010-01-09 2010-01-24  +0.2366  +0.1994  +0.0181  +0.0165   558   629  +1.5158  1.296e-01     0
VIS0 2011-11-04 2011-11-25  +0.1994  +0.1631  +0.0165  +0.0133   629   871  +1.7103  8.722e-02     0
VIS0 2024-12-29 2025-02-05  +0.4309  +0.5091  +0.0180  +0.0237   576   318  -2.6300  8.539e-03     1
VNDP 2024-09-08 2024-10-12  +0.5486  -0.0431  +0.1000  +0.0314    80   443  +5.6467  1.636e-08     1
VOIM 2017-10-02 2017-10-11  +0.2083  -0.0440  +0.0603  +0.0732   238   236  +2.6612  7.787e-03     1
VOIM 2018-07-07 2018-07-14  -0.0440  +0.3182  +0.0732  +0.0484   236   395  -4.1287  3.648e-05     1
VOIM 2019-08-20 2019-08-22  +0.3182  +0.4011  +0.0484  +0.0464   395   486  -1.2353  2.167e-01     0
VOIM 2021-01-09 2021-01-15  +0.4011  +0.8614  +0.0464  +0.1646   486    68  -2.6917  7.109e-03     1
VOIM 2021-03-25 2021-04-07  +0.8614  +0.1822  +0.1646  +0.0452    68   462  +3.9796  6.904e-05     1
VOIM 2022-07-21 2022-08-26  +0.1822  +0.1764  +0.0452  +0.0772   462   223  +0.0646  9.485e-01     0
VTSP 2008-04-07 2008-04-23  +0.2153  -0.0612  +0.0332  +0.0353   116   237  +5.7008  1.193e-08     1
VTSP 2011-05-19 2011-05-21  +0.1395  -0.0026  +0.0164  +0.0136   795  1242  +6.6628  2.687e-11     1
VTSP 2018-12-22 2018-12-22  +0.2036  +0.1160  +0.0143  +0.0177  1099   751  +3.8477  1.192e-04     1
WARK 2017-08-24 2017-08-28  +0.1087  -0.0599  +0.0452  +0.0233   186   705  +3.3155  9.148e-04     1
WARK 2022-11-03 2022-11-03  +0.2348  +0.0178  +0.0186  +0.0188  1124  1118  +8.2144  2.132e-16     1
WDC1 1999-10-18 1999-10-18  +0.7158  +0.4735  +0.0571  +0.0340   194   302  +3.6484  2.639e-04     1
WDC1 2000-09-01 2000-09-02  +0.4735  +0.7574  +0.0340  +0.0240   302   570  -6.8296  8.515e-12     1
WDC1 2002-10-10 2002-10-11  +1.3816  +0.7060  +0.0719  +0.0379   150   172  +8.3151  9.169e-17     1
WDC1 2003-04-02 2003-04-05  +0.7060  +0.8923  +0.0379  +0.0184   172  1132  -4.4216  9.799e-06     1
WDC3 2008-01-11 2008-01-11  +0.5905  +0.3703  +0.0286  +0.0206   492   835  +6.2449  4.241e-10     1
WES2 1994-12-10 1995-02-07  -0.1170  -0.1676  +0.0344  +0.0393   285   241  +0.9682  3.329e-01     0
WES2 1996-01-02 1996-01-28  -0.1676  -0.4492  +0.0393  +0.0312   241   330  +5.6121  1.999e-08     1
WES2 2001-02-10 2001-02-10  -1.2661  -1.5819  +0.0414  +0.0519   152   101  +4.7530  2.004e-06     1
WES2 2008-01-07 2008-01-11  -0.6243  -0.4643  +0.0128  +0.0114  1949  2411  -9.3384  9.776e-21     1
WGTN 2012-07-26 2012-07-29  +0.0187  -0.0962  +0.0129  +0.0161  2238  1441  +5.5832  2.361e-08     1
WGTN 2020-02-15 2020-02-26  +0.3686  +0.7099  +0.0177  +0.0440  1178   169  -7.2018  5.944e-13     1
WHIT 1997-01-12 1997-01-12  +0.4626  +0.6866  +0.0198  +0.0280   182    52  -6.5356  6.336e-11     1
WHIT 1998-11-15 1998-12-21  +0.1885  +0.0332  +0.0236  +0.0168   179   180  +5.3709  7.834e-08     1
WHIT 2008-05-25 2008-05-27  +0.5631  +0.3472  +0.0367  +0.0249    46   156  +4.8625  1.159e-06     1
WHIT 2025-12-04 2025-12-30  +0.1124       NA  +0.0091       NA   743    NA       NA         NA    NA
WILL 1994-06-20 1994-06-25  -0.2341  +0.3777  +0.0292  +0.0173   139   502 -18.0125  1.553e-72     1
WILL 1997-01-10 1997-01-11  +0.2148  +0.3743  +0.0304  +0.0083   170  2017  -5.0506  4.404e-07     1
WILL 2002-10-17 2002-11-07  +0.3743  +0.4547  +0.0083  +0.0190  2017   372  -3.8772  1.057e-04     1
WILL 2004-06-21 2004-06-21  +0.4547  +0.1737  +0.0190  +0.0206   372   303 +10.0249  1.185e-23     1
WILL 2020-09-29 2020-10-04  +0.3980  +0.3622  +0.0131  +0.0194   816   361  +1.5268  1.268e-01     0
WILL 2022-10-12 2022-10-19  +0.1038  -0.0263  +0.0237  +0.0224   269   192  +3.9875  6.678e-05     1
WIND 2003-06-25 2003-08-26       NA  +0.6672       NA  +0.0590    NA   123       NA         NA    NA
WIND 2009-09-21 2009-09-25  +0.1401  -0.0118  +0.0195  +0.0579   749   215  +2.4858  1.293e-02     1
WIND 2010-05-07 2010-05-08  -0.0118  +0.2140  +0.0579  +0.0305   215   322  -3.4498  5.611e-04     1
WIND 2011-04-09 2011-05-05  +0.2140  +0.2115  +0.0305  +0.0270   322   270  +0.0624  9.502e-01     0
WIND 2012-09-17 2012-09-24  +0.2115  +0.2774  +0.0270  +0.0404   270   264  -1.3565  1.749e-01     0
WIND 2013-07-04 2013-07-09  +0.2774  -0.2020  +0.0404  +0.0380   264   185  +8.6415  5.550e-18     1
WIND 2015-07-19 2015-08-24  -0.0089  +0.0548  +0.0540  +0.0227    53   686  -1.0870  2.771e-01     0
WIND 2018-06-04 2018-06-04  +0.0548  +0.4034  +0.0227  +0.0201   686   719 -11.4961  1.379e-30     1
WIND 2022-07-17 2022-07-25  -0.0117  -0.1846  +0.0209  +0.0211   592   657  +5.8285  5.594e-09     1
WIND 2024-09-27 2024-09-27  -0.1846  -0.4077  +0.0211  +0.0287   657   397  +6.2661  3.702e-10     1
WROC 2002-02-17 2002-02-17  -0.1763  -0.4229  +0.0217  +0.0372   355   144  +5.7236  1.043e-08     1
WROC 2002-08-22 2002-08-27  -0.4229  -0.1869  +0.0372  +0.0254   144   223  -5.2391  1.614e-07     1
WROC 2003-05-17 2003-06-14  -0.1869  -0.3250  +0.0254  +0.0198   223   506  +4.2884  1.800e-05     1
WROC 2004-12-07 2004-12-14  -0.3250  -0.3603  +0.0198  +0.0268   506   222  +1.0602  2.891e-01     0
WROC 2012-04-27 2012-05-01  +0.4404  +0.3802  +0.0166  +0.0319   614   238  +1.6735  9.424e-02     0
WROC 2023-02-11 2023-02-16  +0.4212  +0.5527  +0.0325  +0.0364   122   118  -2.6927  7.088e-03     1
WSRT 2009-06-25 2009-07-08  +0.2012  +0.2243  +0.0177  +0.0292   699   256  -0.6757  4.992e-01     0
WSRT 2012-01-03 2012-01-03  +0.2434  +0.0922  +0.0221  +0.0111   445  1778  +6.1071  1.015e-09     1
WSRT 2022-09-03 2022-09-04  +0.8032  +0.6153  +0.0233  +0.0139   456  1145  +6.9282  4.262e-12     1
WTZA 2001-11-23 2001-12-02  +0.5056  +0.4643  +0.0134  +0.0134  1027   993  +2.1764  2.952e-02     1
WTZA 2004-12-07 2004-12-09  +0.4643  +0.5079  +0.0134  +0.0164   993   660  -2.0571  3.968e-02     1
WTZA 2006-11-25 2006-12-03  +0.5079  +0.6600  +0.0164  +0.0138   660   881  -7.1021  1.229e-12     1
WTZA 2009-07-27 2009-08-08  +0.6600  +0.4967  +0.0138  +0.0125   881  1176  +8.7899  1.497e-18     1
WTZL 2016-06-18 2016-07-26       NA  +0.7249       NA  +0.0155    NA   667       NA         NA    NA
WTZL 2023-11-03 2023-12-10  +0.5456  +0.7590  +0.0136  +0.0228   895   290  -8.0290  9.827e-16     1
WTZR 1996-02-12 1996-02-26  +0.4736  +0.4010  +0.0495  +0.0286    57   269  +1.2705  2.039e-01     0
WTZR 1996-12-02 1996-12-02  +0.4010  +0.5224  +0.0286  +0.0319   269    96  -2.8342  4.594e-03     1
WTZR 1998-12-23 1999-01-26  +0.1961  +0.3435  +0.0479  +0.0134    61   981  -2.9644  3.033e-03     1
WTZR 2001-11-23 2001-12-02  +0.3435  +0.3086  +0.0134  +0.0127   981  1038  +1.8908  5.865e-02     0
WTZR 2004-12-07 2004-12-09  +0.3086  +0.2841  +0.0127  +0.0160  1038   666  +1.1977  2.310e-01     0
WTZR 2008-03-11 2008-03-29  +0.4904  +0.4642  +0.0176  +0.0261   476   298  +0.8326  4.051e-01     0
WTZR 2016-12-11 2016-12-11  +0.1482  +0.2914  +0.0149  +0.0179   769   448  -6.1455  7.973e-10     1
WTZR 2018-08-16 2018-08-19  +0.7138  +0.4102  +0.0544  +0.0143   104   845  +5.4005  6.644e-08     1
WTZR 2025-02-24 2025-03-29  +0.5326  +0.4784  +0.0187  +0.0294   426   267  +1.5581  1.192e-01     0
WTZZ 2003-11-07 2003-12-12  +0.1387  +0.3073  +0.0108  +0.0224  1544   350  -6.7726  1.265e-11     1
WTZZ 2004-12-07 2004-12-09  +0.3073  +0.3981  +0.0224  +0.0160   350   686  -3.2908  9.989e-04     1
WTZZ 2006-11-25 2006-12-03  +0.3981  +0.5466  +0.0160  +0.0134   686   942  -7.1042  1.210e-12     1
WTZZ 2010-12-25 2011-01-08  +0.3640  +0.5016  +0.0199  +0.0316   450   129  -3.6865  2.274e-04     1
WTZZ 2014-10-05 2014-10-13  -0.2401  +0.2644  +0.0671  +0.0189    92   453  -7.2397  4.496e-13     1
WTZZ 2016-01-27 2016-02-05  +0.2644  +0.3205  +0.0189  +0.0162   453   670  -2.2515  2.436e-02     1
WTZZ 2025-02-24 2025-03-29  +0.5721  +0.5389  +0.0162  +0.0310   645   247  +0.9482  3.430e-01     0
WUHN 1998-11-25 1998-12-23  +2.8950  +1.5661  +0.0931  +0.0459   128   317 +12.8096  1.448e-37     1
WUHN 1999-12-27 2000-01-04  +1.5661  +0.6518  +0.0459  +0.0751   317    67 +10.3856  2.883e-25     1
WUHN 2000-04-30 2000-05-15  +0.6518  +1.0172  +0.0751  +0.0364    67   556  -4.3749  1.215e-05     1
WUHN 2002-01-02 2002-01-14  +1.0172  +0.4492  +0.0364  +0.0935   556    43  +5.6604  1.511e-08     1
WUHN 2007-12-30 2008-01-11  -0.8848  -0.6057  +0.0635  +0.0435   229   325  -3.6254  2.885e-04     1
WUHN 2024-12-04 2025-01-04  +1.5633  +2.1331  +0.0848  +0.0451   147   343  -5.9363  2.916e-09     1
XIAN 1997-11-11 1998-02-15  +1.8008  +0.0064  +0.0949  +0.1043   157    49 +12.7290  4.081e-37     1
XIAN 1998-12-01 1998-12-21  +2.5232  +0.8417  +0.0860  +0.0721   137    51 +14.9820  9.626e-51     1
XIAN 1999-02-27 1999-04-07  +0.8417  +0.8539  +0.0721  +0.1616    51    45  -0.0691  9.449e-01     0
XIAN 2007-03-03 2007-03-18  +0.2637  -0.0382  +0.0529  +0.0716   241   157  +3.3917  6.946e-04     1
XIAN 2008-01-02 2008-02-15  -0.0382  -0.3409  +0.0716  +0.0309   157   603  +3.8837  1.029e-04     1
XIAN 2011-06-28 2011-07-09  -0.7334  -1.1715  +0.0535  +0.1511   176    80  +2.7329  6.277e-03     1
XMIS 2009-11-22 2009-11-28  -0.1538  -0.0462  +0.0299  +0.0297  1351  1456  -2.5538  1.065e-02     1
XMIS 2014-07-23 2014-07-25  -0.0462  -0.3168  +0.0297  +0.0471  1456   510  +4.8600  1.174e-06     1
XMIS 2016-12-04 2016-12-11  +0.3355  +0.2875  +0.0626  +0.1307   308   102  +0.3316  7.402e-01     0
XMIS 2019-04-28 2019-04-29  -0.1098  -0.4552  +0.0470  +0.0333   586  1127  +5.9980  1.998e-09     1
XMIS 2022-08-14 2022-08-16  -0.4552  -0.7208  +0.0333  +0.0332  1127  1092  +5.6542  1.566e-08     1
YAKT 2004-11-07 2004-11-26  -0.4011  -0.2216  +0.0115  +0.0138   525   298  -9.9977  1.559e-23     1
YAKT 2007-01-17 2007-02-05  +0.0424  +0.0993  +0.0245  +0.0138    44   312  -2.0272  4.264e-02     1
YAKT 2016-01-23 2016-03-25  -1.4092  -0.6250  +0.0181  +0.0147    83   304 -33.5426 1.154e-246     1
YAKT 2018-03-20 2018-04-01  -0.4852  -0.1731  +0.0124  +0.0225   333   229 -12.1554  5.372e-34     1
YAKZ 1999-08-30 1999-09-13  +0.4278  +0.1863  +0.0297  +0.0424   141    49  +4.6649  3.088e-06     1
YAKZ 2000-01-02 2000-03-28  -0.0962  +0.4527  +0.0196  +0.0325    61   153 -14.4756  1.729e-47     1
YAKZ 2000-10-02 2000-10-03  +0.4527  +0.4217  +0.0325  +0.0124   153   159  +0.8903  3.733e-01     0
YAKZ 2001-03-12 2001-03-30  +0.4217  +0.1920  +0.0124  +0.0424   159    70  +5.2034  1.957e-07     1
YAR1 1996-06-09 1996-06-14  +0.1400  -0.2792  +0.0933  +0.0609   120   141  +3.7622  1.684e-04     1
YAR1 1999-05-01 1999-05-29  -0.7977  -1.0673  +0.0384  +0.0295   493   780  +5.5661  2.605e-08     1
YAR2 2004-11-22 2004-12-05  -1.1220  -0.7243  +0.0738  +0.0256    67   678  -5.0879  3.620e-07     1
YAR2 2011-02-12 2011-02-15  -0.2893  -0.4659  +0.0177  +0.0369  1451   316  +4.3142  1.602e-05     1
YAR2 2012-01-17 2012-01-21  -0.4659  -0.1828  +0.0369  +0.0213   316   972  -6.6461  3.009e-11     1
YAR2 2017-12-08 2017-12-10  +0.0969  +0.2215  +0.0209  +0.0217  1008   956  -4.1299  3.629e-05     1
YAR3 2011-02-12 2011-02-15  +0.1301  +0.0684  +0.0188  +0.0353  1142   320  +1.5433  1.228e-01     0
YAR3 2012-01-17 2012-01-21  +0.0684  +0.2313  +0.0353  +0.0356   320   310  -3.2518  1.147e-03     1
YAR3 2012-12-04 2012-12-05  +0.2313  +0.0518  +0.0356  +0.0233   310   781  +4.2163  2.484e-05     1
YAR3 2015-02-15 2015-02-17  +0.0518  +0.1638  +0.0233  +0.0240   781   714  -3.3435  8.272e-04     1
YAR3 2024-12-20 2025-01-01  -0.0804  -0.1775  +0.0241  +0.0339   705   360  +2.3363  1.948e-02     1
YARR 1999-05-02 1999-05-20  -0.3867  -0.6330  +0.0829  +0.0336    93   382  +2.7527  5.910e-03     1
YARR 2000-10-18 2000-10-30  -0.6330  -0.5531  +0.0336  +0.0272   382   604  -1.8468  6.477e-02     0
YARR 2004-12-26 2004-12-26  -0.9143  -0.4714  +0.0681  +0.0266    92   646  -6.0573  1.384e-09     1
YARR 2011-02-12 2011-02-15  -0.0391  -0.2194  +0.0305  +0.0379   534   309  +3.7033  2.128e-04     1
YARR 2012-01-18 2012-01-21  -0.2194  -0.2419  +0.0379  +0.0209   309  1047  +0.5213  6.022e-01     0
YARR 2015-02-15 2015-02-17  -0.2419  +0.0034  +0.0209  +0.0213  1047   984  -8.2105  2.203e-16     1
YARR 2017-12-08 2017-12-10  +0.0034  +0.1757  +0.0213  +0.0196   984  1245  -5.9547  2.606e-09     1
YARR 2021-06-20 2021-06-22  +0.1757  -0.0949  +0.0196  +0.0205  1245  1090  +9.5504  1.293e-21     1
YCBA 2011-05-26 2011-07-02       NA  +0.9199       NA  +0.0732    NA   322       NA         NA    NA
YCBA 2012-05-27 2012-06-04  +0.9199  +1.9112  +0.0732  +0.1166   322    77  -7.1987  6.081e-13     1
YCBA 2013-12-16 2014-01-18  +0.9232  +0.2076  +0.0599  +0.1284   473   116  +5.0503  4.411e-07     1
YCBA 2014-05-15 2014-05-19  +0.2076  +0.8292  +0.1284  +0.0833   116   220  -4.0619  4.867e-05     1
YCBA 2015-05-19 2015-05-20  +0.4065  +1.5445  +0.1667  +0.1269    54    66  -5.4322  5.566e-08     1
YCBA 2015-08-01 2015-08-04  +1.5445  +1.3011  +0.1269  +0.1019    66   190  +1.4956  1.348e-01     0
YCBA 2016-03-22 2016-04-15  +1.3011  +1.8328  +0.1019  +0.1056   190   104  -3.6224  2.919e-04     1
YCBA 2016-07-30 2016-08-01  +1.8328  +0.5546  +0.1056  +0.0896   104   247  +9.2267  2.790e-20     1
YCBA 2017-04-11 2017-04-12  +0.5546  +0.4704  +0.0896  +0.0735   247   283  +0.7263  4.676e-01     0
YCBA 2018-06-01 2018-07-15  +0.4704  +0.1651  +0.0735  +0.1338   283    67  +1.9992  4.559e-02     1
YCBA 2018-09-22 2018-09-27  +0.1651  +0.2713  +0.1338  +0.1051    67   173  -0.6240  5.326e-01     0
YCBA 2019-06-08 2019-06-29  +0.2713       NA  +0.1051       NA   173    NA       NA         NA    NA
YEBE 2000-10-01 2000-10-06       NA  -0.2163       NA  +0.0408    NA   125       NA         NA    NA
YEBE 2001-02-12 2001-03-26  -0.2163  +0.0800  +0.0408  +0.0146   125  1276  -6.8418  7.822e-12     1
YEBE 2004-12-08 2004-12-09  +0.0800  +0.2560  +0.0146  +0.0434  1276    90  -3.8423  1.219e-04     1
YEBE 2005-03-10 2005-03-10  +0.2560  -0.1495  +0.0434  +0.0681    90    44  +5.0226  5.098e-07     1
YEBE 2005-08-24 2005-09-05  +0.5582  +0.0789  +0.0615  +0.0703   115    70  +5.1301  2.896e-07     1
YEBE 2005-11-18 2005-11-21  +0.0789  +0.3731  +0.0703  +0.0339    70   167  -3.7698  1.634e-04     1
YEBE 2008-02-20 2008-02-21  +0.2579  +0.0950  +0.0218  +0.0136   557  1429  +6.3438  2.241e-10     1
YEBE 2012-03-26 2012-04-07  +0.0950  +0.0040  +0.0136  +0.0207  1429   652  +3.6718  2.409e-04     1
YELL 1998-01-31 1998-01-31  -0.2100  +0.0071  +0.0215  +0.0117   235   676  -8.8621  7.852e-19     1
YELL 2000-02-04 2000-02-29  +0.0071  +0.1039  +0.0117  +0.0299   676   141  -3.0119  2.596e-03     1
YELL 2010-01-25 2010-03-16  -0.5025  +0.0851  +0.0262  +0.0146    80   534 -19.6044  1.418e-85     1
YIBL 2003-07-14 2003-09-09       NA  -0.3334       NA  +0.0987    NA   103       NA         NA    NA
YIBL 2006-03-21 2006-03-21  +0.6903  +0.9129  +0.0616  +0.0870   299   171  -2.0879  3.681e-02     1
YIBL 2007-01-12 2007-03-25  +0.9129  +0.8587  +0.0870  +0.0388   171   783  +0.5689  5.694e-01     0
YIBL 2010-05-19 2010-05-22  +0.8587  +0.7210  +0.0388  +0.0638   783   297  +1.8436  6.524e-02     0
YIBL 2012-07-07 2012-08-13  +0.7210  +0.5506  +0.0638  +0.0476   297   545  +2.1412  3.226e-02     1
YKRO 1999-07-19 1999-09-06       NA  +1.9977       NA  +0.1278    NA   102       NA         NA    NA
YKRO 2004-07-20 2004-07-23  +1.9977  +2.3379  +0.1278  +0.1108   102   135  -2.0109  4.434e-02     1
YKRO 2009-01-05 2009-01-28  +2.3379  +2.0306  +0.1108  +0.0967   135   201  +2.0889  3.672e-02     1
YKRO 2014-12-12 2015-01-17  +1.8224  +2.3027  +0.0498  +0.0932   745   227  -4.5442  5.515e-06     1
YKRO 2016-12-14 2017-01-24  +1.6212  +2.5565  +0.0915  +0.1747   227    93  -4.7430  2.105e-06     1
YKRO 2017-05-26 2017-08-17  +2.5565  +1.7730  +0.1747  +0.1238    93   101  +3.6593  2.529e-04     1
YSSK 2002-12-20 2002-12-22  +0.0886  +0.2607  +0.0100  +0.0189   817    90  -8.0665  7.237e-16     1
YSSK 2003-03-23 2003-03-27  +0.2607  +0.1904  +0.0189  +0.0115    90   623  +3.1802  1.472e-03     1
YSSK 2005-01-30 2005-02-06  +0.1904  +0.2071  +0.0115  +0.0094   623   921  -1.1175  2.638e-01     0
YSSK 2007-11-11 2007-11-11  +0.2071  +0.1489  +0.0094  +0.0088   921   833  +4.5167  6.280e-06     1
YSSK 2011-01-14 2011-02-22  +0.4533  +0.2224  +0.0223  +0.0129   198   566  +8.9557  3.377e-19     1
YSSK 2012-11-04 2012-11-12  +0.2224  +0.3238  +0.0129  +0.0179   566   103  -4.5850  4.539e-06     1
YSSK 2014-11-12 2014-12-08  +0.2480  +0.1451  +0.0142  +0.0153   403   334  +4.9302  8.214e-07     1
YSSK 2015-12-07 2016-01-16  +0.1451  +0.5999  +0.0153  +0.0234   334    52 -16.2878  1.205e-59     1
ZAMB 2002-08-14 2002-08-23  +1.4774  +0.9518  +0.0741  +0.0600    65   244  +5.5146  3.495e-08     1
ZAMB 2003-06-01 2003-06-02  +0.9518  +1.2041  +0.0600  +0.0711   244    71  -2.7123  6.682e-03     1
ZAMB 2003-08-23 2003-08-31  +1.2041  +1.5080  +0.0711  +0.1030    71    59  -2.4277  1.519e-02     1
ZAMB 2004-10-22 2004-12-03  +1.4785  +0.5658  +0.0636  +0.1687   110    43  +5.0623  4.143e-07     1
ZAMB 2008-05-05 2008-05-06  +1.1425  +0.5538  +0.0328  +0.0974   611   110  +5.7268  1.023e-08     1
ZAMB 2017-06-03 2017-07-03  +0.5359  +0.8179  +0.0558  +0.0341   281   542  -4.3139  1.604e-05     1
ZAMB 2019-05-13 2019-05-17  +0.8179  +1.0149  +0.0341  +0.0528   542   165  -3.1333  1.729e-03     1
ZECK 1999-06-08 1999-06-25  +0.7395  +0.5697  +0.0324  +0.0213   204   669  +4.3784  1.195e-05     1
ZECK 2001-08-06 2001-08-08  +0.5697  +0.4580  +0.0213  +0.0161   669  1219  +4.1845  2.858e-05     1
ZECK 2008-04-24 2008-04-24  +0.7744  +1.1160  +0.0314  +0.0510   236   216  -5.6990  1.205e-08     1
ZECK 2013-11-03 2013-11-10  +0.1473  +0.5994  +0.0631  +0.0228   181   484  -6.7411  1.572e-11     1
ZECK 2015-03-27 2015-03-28  +0.5994  +0.4979  +0.0228  +0.0202   484   790  +3.3330  8.592e-04     1
ZECK 2017-08-08 2017-09-22  +0.4979  +0.6522  +0.0202  +0.0297   790   346  -4.2948  1.749e-05     1
ZECK 2019-11-07 2019-11-19  +0.8581  +0.7868  +0.0289  +0.0167   382  1079  +2.1355  3.272e-02     1
ZECK 2022-12-04 2022-12-05  +0.7868  +0.8343  +0.0167  +0.0229  1079   452  -1.6725  9.442e-02     0
ZECK 2024-04-17 2024-04-28  +0.8343  +0.6454  +0.0229  +0.0243   452   590  +5.6487  1.616e-08     1
ZIM2 2007-12-21 2008-01-01  -0.4796  -0.3567  +0.0721  +0.0410    41    97  -1.4817  1.384e-01     0
ZIM2 2011-09-30 2011-10-03  -0.0241  +0.0589  +0.0184  +0.0348   831   161  -2.1057  3.523e-02     1
ZIM2 2014-04-22 2014-04-24  -0.1596  -0.3345  +0.0186  +0.0506   738   175  +3.2433  1.181e-03     1
ZIM2 2015-04-19 2015-04-19  -0.0221  -0.0190  +0.0331  +0.0459   172   197  -0.0541  9.568e-01     0
ZIM2 2017-12-07 2018-01-09  +0.1048  -0.1026  +0.0214  +0.0399   623   107  +4.5810  4.628e-06     1
ZIM2 2018-04-27 2018-05-06  -0.1026  +0.0192  +0.0399  +0.0185   107   787  -2.7696  5.613e-03     1
ZIM2 2020-08-09 2020-08-20  +0.0192  -0.1420  +0.0185  +0.0193   787   670  +6.0252  1.689e-09     1
ZIM2 2023-09-05 2023-09-10  -0.0845  +0.0072  +0.0270  +0.0179   352   810  -2.8273  4.694e-03     1
ZIM3 2017-12-07 2018-01-09  +0.0869  -0.0760  +0.0306  +0.0400   305   105  +3.2348  1.217e-03     1
ZIM3 2018-04-27 2018-05-06  -0.0760  +0.0255  +0.0400  +0.0185   105   786  -2.3045  2.120e-02     1
ZIM3 2020-08-09 2020-08-18  +0.0255  -0.1097  +0.0185  +0.0214   786   555  +4.7841  1.718e-06     1
ZIM3 2023-09-05 2023-09-10  -0.0461  -0.0259  +0.0294  +0.0181   279   809  -0.5839  5.593e-01     0
ZIMJ 2005-05-26 2005-05-29  -0.0642  -0.0593  +0.0149  +0.0589  1190   148  -0.0807  9.357e-01     0
ZIMJ 2005-11-06 2005-11-07  -0.0593  +0.1670  +0.0589  +0.0452   148    92  -3.0473  2.309e-03     1
ZIMJ 2006-06-08 2006-07-30  -0.2061  +0.0515  +0.0465  +0.0276   109   400  -4.7633  1.905e-06     1
ZIMJ 2007-10-05 2007-12-26  +0.0515  -0.0562  +0.0276  +0.0198   400   700  +3.1700  1.524e-03     1
ZIMJ 2015-04-19 2015-04-19  -0.1558  +0.1206  +0.0203  +0.0458   668   202  -5.5096  3.596e-08     1
ZIMJ 2018-01-07 2018-01-09  -0.2234  +0.0078  +0.0647  +0.0445    46    90  -2.9433  3.248e-03     1
ZIMJ 2018-04-10 2018-05-14  +0.0078  +0.2538  +0.0445  +0.0617    90   141  -3.2358  1.213e-03     1
ZIMJ 2018-10-08 2018-11-10  +0.2538  +0.0500  +0.0617  +0.0360   141   141  +2.8534  4.326e-03     1
ZIMM 1995-12-29 1996-01-02  -0.5882  -0.5272  +0.0240  +0.0270   463   354  -1.6872  9.156e-02     0
ZIMM 1997-01-01 1997-01-23  -0.5272  -0.3710  +0.0270  +0.0107   354  2186  -5.3665  8.026e-08     1
ZIMM 2003-05-01 2003-05-06  -0.3710  -0.3430  +0.0107  +0.0181  2186   842  -1.3340  1.822e-01     0
ZIMM 2005-10-17 2005-10-19  -0.3430  -0.0721  +0.0181  +0.0401   842   115  -6.1547  7.523e-10     1
ZIMM 2006-07-11 2006-07-30  -0.5587  -0.1309  +0.0420  +0.0310   143   242  -8.2009  2.385e-16     1
ZIMM 2007-04-20 2007-04-30  -0.1309  -0.2299  +0.0310  +0.0396   242   231  +1.9689  4.897e-02     1
ZIMM 2007-12-21 2008-01-01  -0.2299  -0.2033  +0.0396  +0.0139   231  1329  -0.6344  5.258e-01     0
ZIMM 2011-10-04 2011-11-01  -0.2033  -0.2539  +0.0139  +0.0142  1329  1212  +2.5466  1.088e-02     1
ZIMM 2015-04-19 2015-04-19  -0.2539  -0.0531  +0.0142  +0.0455  1212   198  -4.2099  2.554e-05     1
ZIMM 2018-04-10 2018-05-14  -0.1554  +0.0209  +0.0324  +0.0183   175   802  -4.7315  2.229e-06     1
ZWE2 2005-09-03 2005-10-13  +0.9976  +0.7124  +0.0469  +0.0397   145    77  +4.6382  3.515e-06     1
ZWE2 2006-01-08 2006-01-26  +0.7124  +0.1626  +0.0397  +0.0441    77    45  +9.2598  2.049e-20     1
ZWE2 2006-12-09 2007-01-18  +0.6703  +0.2508  +0.0303  +0.0452   238    40  +7.7032  1.327e-14     1
ZWE2 2007-05-24 2007-06-19  +0.7252  +0.5139  +0.0436  +0.0153    79   676  +4.5762  4.735e-06     1
ZWE2 2010-04-07 2010-04-12  +0.3829  +0.4087  +0.0228  +0.0135   269   921  -0.9732  3.305e-01     0
ZWE2 2013-01-28 2013-02-27  +0.4087  +0.2889  +0.0135  +0.0451   921    65  +2.5449  1.093e-02     1
ZWE2 2014-11-10 2014-12-17  +0.0010  +0.3078  +0.0442  +0.0200   170   369  -6.3254  2.525e-10     1
ZWE2 2016-01-12 2016-01-29  +0.3078  +0.2925  +0.0200  +0.0221   369   268  +0.5134  6.077e-01     0
ZWE2 2017-01-29 2017-01-30  +0.2925  +0.3743  +0.0221  +0.0428   268    78  -1.6972  8.965e-02     0
ZWEN 1995-03-17 1995-06-20       NA  +0.8124       NA  +0.0359    NA   176       NA         NA    NA
ZWEN 1996-01-08 1996-01-15  +0.8124  +0.8609  +0.0359  +0.0297   176   249  -1.0418  2.975e-01     0
ZWEN 1996-10-30 1996-12-14  +0.8609  +0.8870  +0.0297  +0.0327   249   176  -0.5921  5.538e-01     0
ZWEN 1997-08-27 1997-08-29  +0.8870  +0.5427  +0.0327  +0.0640   176    68  +4.7900  1.668e-06     1
ZWEN 1998-03-17 1998-04-01  +0.9555  +0.7939  +0.0474  +0.0319    44   237  +2.8284  4.678e-03     1
ZWEN 1998-12-29 1999-01-26  +0.7939  +0.7943  +0.0319  +0.0348   237   124  -0.0077  9.939e-01     0
ZWEN 1999-06-07 1999-07-17  +0.7943  +0.4793  +0.0348  +0.0783   124    65  +3.6762  2.367e-04     1
ZWEN 1999-11-01 1999-11-01  +0.4793  +0.5176  +0.0783  +0.0171    65   496  -0.4778  6.328e-01     0
ZWEN 2004-03-08 2004-03-15  +0.7680  +0.9834  +0.0334  +0.0586    89    50  -3.1938  1.404e-03     1
ZWEN 2004-05-09 2004-05-28  +0.9834  +0.5852  +0.0586  +0.0554    50   138  +4.9357  7.987e-07     1
